aor_nam,Apprehension Date,arrests,week_rolling_avg,Administration
Atlanta,2015-10-01,35,,Trump 1.0
Atlanta,2015-10-02,35,,Trump 1.0
Atlanta,2015-10-03,2,,Trump 1.0
Atlanta,2015-10-04,1,,Trump 1.0
Atlanta,2015-10-05,28,,Trump 1.0
Atlanta,2015-10-06,37,,Trump 1.0
Atlanta,2015-10-07,28,24.0,Trump 1.0
Atlanta,2015-10-08,29,23.0,Trump 1.0
Atlanta,2015-10-09,32,22.0,Trump 1.0
Atlanta,2015-10-10,6,23.0,Trump 1.0
Atlanta,2015-10-11,4,23.0,Trump 1.0
Atlanta,2015-10-12,9,21.0,Trump 1.0
Atlanta,2015-10-13,32,20.0,Trump 1.0
Atlanta,2015-10-14,34,21.0,Trump 1.0
Atlanta,2015-10-15,40,22.0,Trump 1.0
Atlanta,2015-10-16,34,23.0,Trump 1.0
Atlanta,2015-10-17,3,22.0,Trump 1.0
Atlanta,2015-10-18,2,22.0,Trump 1.0
Atlanta,2015-10-19,29,25.0,Trump 1.0
Atlanta,2015-10-20,38,26.0,Trump 1.0
Atlanta,2015-10-21,47,28.0,Trump 1.0
Atlanta,2015-10-22,38,27.0,Trump 1.0
Atlanta,2015-10-23,35,27.0,Trump 1.0
Atlanta,2015-10-24,3,27.0,Trump 1.0
Atlanta,2015-10-25,25,31.0,Trump 1.0
Atlanta,2015-10-26,36,32.0,Trump 1.0
Atlanta,2015-10-27,41,32.0,Trump 1.0
Atlanta,2015-10-28,45,32.0,Trump 1.0
Atlanta,2015-10-29,37,32.0,Trump 1.0
Atlanta,2015-10-30,122,44.0,Trump 1.0
Atlanta,2015-10-31,2,44.0,Trump 1.0
Atlanta,2015-11-01,3,41.0,Trump 1.0
Atlanta,2015-11-02,84,48.0,Trump 1.0
Atlanta,2015-11-03,43,48.0,Trump 1.0
Atlanta,2015-11-04,35,47.0,Trump 1.0
Atlanta,2015-11-05,31,46.0,Trump 1.0
Atlanta,2015-11-06,29,32.0,Trump 1.0
Atlanta,2015-11-07,1,32.0,Trump 1.0
Atlanta,2015-11-08,2,32.0,Trump 1.0
Atlanta,2015-11-09,51,27.0,Trump 1.0
Atlanta,2015-11-10,37,27.0,Trump 1.0
Atlanta,2015-11-11,2,22.0,Trump 1.0
Atlanta,2015-11-12,36,23.0,Trump 1.0
Atlanta,2015-11-13,43,25.0,Trump 1.0
Atlanta,2015-11-14,9,26.0,Trump 1.0
Atlanta,2015-11-15,19,28.0,Trump 1.0
Atlanta,2015-11-16,30,25.0,Trump 1.0
Atlanta,2015-11-17,37,25.0,Trump 1.0
Atlanta,2015-11-18,42,31.0,Trump 1.0
Atlanta,2015-11-19,39,31.0,Trump 1.0
Atlanta,2015-11-20,30,29.0,Trump 1.0
Atlanta,2015-11-21,5,29.0,Trump 1.0
Atlanta,2015-11-22,6,27.0,Trump 1.0
Atlanta,2015-11-23,27,27.0,Trump 1.0
Atlanta,2015-11-24,34,26.0,Trump 1.0
Atlanta,2015-11-25,18,23.0,Trump 1.0
Atlanta,2015-11-27,23,20.0,Trump 1.0
Atlanta,2015-11-28,1,16.0,Trump 1.0
Atlanta,2015-11-29,1,16.0,Trump 1.0
Atlanta,2015-11-30,30,19.0,Trump 1.0
Atlanta,2015-12-01,36,20.0,Trump 1.0
Atlanta,2015-12-02,43,22.0,Trump 1.0
Atlanta,2015-12-03,25,23.0,Trump 1.0
Atlanta,2015-12-04,30,24.0,Trump 1.0
Atlanta,2015-12-05,6,24.0,Trump 1.0
Atlanta,2015-12-06,4,25.0,Trump 1.0
Atlanta,2015-12-07,27,24.0,Trump 1.0
Atlanta,2015-12-08,29,23.0,Trump 1.0
Atlanta,2015-12-09,25,21.0,Trump 1.0
Atlanta,2015-12-10,28,21.0,Trump 1.0
Atlanta,2015-12-11,36,22.0,Trump 1.0
Atlanta,2015-12-12,27,25.0,Trump 1.0
Atlanta,2015-12-13,19,27.0,Trump 1.0
Atlanta,2015-12-14,34,28.0,Trump 1.0
Atlanta,2015-12-15,41,30.0,Trump 1.0
Atlanta,2015-12-16,34,31.0,Trump 1.0
Atlanta,2015-12-17,38,33.0,Trump 1.0
Atlanta,2015-12-18,38,33.0,Trump 1.0
Atlanta,2015-12-19,3,30.0,Trump 1.0
Atlanta,2015-12-20,1,27.0,Trump 1.0
Atlanta,2015-12-21,23,25.0,Trump 1.0
Atlanta,2015-12-22,29,24.0,Trump 1.0
Atlanta,2015-12-23,22,22.0,Trump 1.0
Atlanta,2015-12-24,19,19.0,Trump 1.0
Atlanta,2015-12-25,1,14.0,Trump 1.0
Atlanta,2015-12-26,9,15.0,Trump 1.0
Atlanta,2015-12-27,3,15.0,Trump 1.0
Atlanta,2015-12-28,23,15.0,Trump 1.0
Atlanta,2015-12-29,18,14.0,Trump 1.0
Atlanta,2015-12-30,24,14.0,Trump 1.0
Atlanta,2015-12-31,22,14.0,Trump 1.0
Atlanta,2016-01-01,1,14.0,Trump 1.0
Atlanta,2016-01-02,58,21.0,Trump 1.0
Atlanta,2016-01-03,21,24.0,Trump 1.0
Atlanta,2016-01-04,19,23.0,Trump 1.0
Atlanta,2016-01-05,25,24.0,Trump 1.0
Atlanta,2016-01-06,32,25.0,Trump 1.0
Atlanta,2016-01-07,27,26.0,Trump 1.0
Atlanta,2016-01-08,32,31.0,Trump 1.0
Atlanta,2016-01-09,5,23.0,Trump 1.0
Atlanta,2016-01-10,2,20.0,Trump 1.0
Atlanta,2016-01-11,27,21.0,Trump 1.0
Atlanta,2016-01-12,33,23.0,Trump 1.0
Atlanta,2016-01-13,17,20.0,Trump 1.0
Atlanta,2016-01-14,34,21.0,Trump 1.0
Atlanta,2016-01-15,33,22.0,Trump 1.0
Atlanta,2016-01-16,1,21.0,Trump 1.0
Atlanta,2016-01-17,5,21.0,Trump 1.0
Atlanta,2016-01-18,6,18.0,Trump 1.0
Atlanta,2016-01-19,26,17.0,Trump 1.0
Atlanta,2016-01-20,33,20.0,Trump 1.0
Atlanta,2016-01-21,30,19.0,Trump 1.0
Atlanta,2016-01-22,19,17.0,Trump 1.0
Atlanta,2016-01-23,5,18.0,Trump 1.0
Atlanta,2016-01-24,8,18.0,Trump 1.0
Atlanta,2016-01-25,24,21.0,Trump 1.0
Atlanta,2016-01-26,39,23.0,Trump 1.0
Atlanta,2016-01-27,40,24.0,Trump 1.0
Atlanta,2016-01-28,32,24.0,Trump 1.0
Atlanta,2016-01-29,34,26.0,Trump 1.0
Atlanta,2016-01-30,4,26.0,Trump 1.0
Atlanta,2016-01-31,4,25.0,Trump 1.0
Atlanta,2016-02-01,42,28.0,Trump 1.0
Atlanta,2016-02-02,29,26.0,Trump 1.0
Atlanta,2016-02-03,34,26.0,Trump 1.0
Atlanta,2016-02-04,29,25.0,Trump 1.0
Atlanta,2016-02-05,23,24.0,Trump 1.0
Atlanta,2016-02-06,26,27.0,Trump 1.0
Atlanta,2016-02-07,8,27.0,Trump 1.0
Atlanta,2016-02-08,33,26.0,Trump 1.0
Atlanta,2016-02-09,38,27.0,Trump 1.0
Atlanta,2016-02-10,37,28.0,Trump 1.0
Atlanta,2016-02-11,37,29.0,Trump 1.0
Atlanta,2016-02-12,29,30.0,Trump 1.0
Atlanta,2016-02-13,7,27.0,Trump 1.0
Atlanta,2016-02-14,2,26.0,Trump 1.0
Atlanta,2016-02-15,4,22.0,Trump 1.0
Atlanta,2016-02-16,24,20.0,Trump 1.0
Atlanta,2016-02-17,35,20.0,Trump 1.0
Atlanta,2016-02-18,34,19.0,Trump 1.0
Atlanta,2016-02-19,40,21.0,Trump 1.0
Atlanta,2016-02-20,11,21.0,Trump 1.0
Atlanta,2016-02-21,3,22.0,Trump 1.0
Atlanta,2016-02-22,29,25.0,Trump 1.0
Atlanta,2016-02-23,36,27.0,Trump 1.0
Atlanta,2016-02-24,24,25.0,Trump 1.0
Atlanta,2016-02-25,30,25.0,Trump 1.0
Atlanta,2016-02-26,37,24.0,Trump 1.0
Atlanta,2016-02-27,2,23.0,Trump 1.0
Atlanta,2016-02-28,5,23.0,Trump 1.0
Atlanta,2016-02-29,29,23.0,Trump 1.0
Atlanta,2016-03-01,28,22.0,Trump 1.0
Atlanta,2016-03-02,37,24.0,Trump 1.0
Atlanta,2016-03-03,38,25.0,Trump 1.0
Atlanta,2016-03-04,21,23.0,Trump 1.0
Atlanta,2016-03-05,4,23.0,Trump 1.0
Atlanta,2016-03-06,3,23.0,Trump 1.0
Atlanta,2016-03-07,21,22.0,Trump 1.0
Atlanta,2016-03-08,42,24.0,Trump 1.0
Atlanta,2016-03-09,33,23.0,Trump 1.0
Atlanta,2016-03-10,30,22.0,Trump 1.0
Atlanta,2016-03-11,35,24.0,Trump 1.0
Atlanta,2016-03-12,5,24.0,Trump 1.0
Atlanta,2016-03-13,2,24.0,Trump 1.0
Atlanta,2016-03-14,31,25.0,Trump 1.0
Atlanta,2016-03-15,39,25.0,Trump 1.0
Atlanta,2016-03-16,32,25.0,Trump 1.0
Atlanta,2016-03-17,20,23.0,Trump 1.0
Atlanta,2016-03-18,38,24.0,Trump 1.0
Atlanta,2016-03-19,2,23.0,Trump 1.0
Atlanta,2016-03-20,2,23.0,Trump 1.0
Atlanta,2016-03-21,30,23.0,Trump 1.0
Atlanta,2016-03-22,23,21.0,Trump 1.0
Atlanta,2016-03-23,41,22.0,Trump 1.0
Atlanta,2016-03-24,32,24.0,Trump 1.0
Atlanta,2016-03-25,30,23.0,Trump 1.0
Atlanta,2016-03-26,9,24.0,Trump 1.0
Atlanta,2016-03-27,6,24.0,Trump 1.0
Atlanta,2016-03-28,23,23.0,Trump 1.0
Atlanta,2016-03-29,27,24.0,Trump 1.0
Atlanta,2016-03-30,23,21.0,Trump 1.0
Atlanta,2016-03-31,28,21.0,Trump 1.0
Atlanta,2016-04-01,16,19.0,Trump 1.0
Atlanta,2016-04-02,3,18.0,Trump 1.0
Atlanta,2016-04-03,2,17.0,Trump 1.0
Atlanta,2016-04-04,25,18.0,Trump 1.0
Atlanta,2016-04-05,24,17.0,Trump 1.0
Atlanta,2016-04-06,29,18.0,Trump 1.0
Atlanta,2016-04-07,32,19.0,Trump 1.0
Atlanta,2016-04-08,29,21.0,Trump 1.0
Atlanta,2016-04-09,5,21.0,Trump 1.0
Atlanta,2016-04-10,3,21.0,Trump 1.0
Atlanta,2016-04-11,31,22.0,Trump 1.0
Atlanta,2016-04-12,40,24.0,Trump 1.0
Atlanta,2016-04-13,32,25.0,Trump 1.0
Atlanta,2016-04-14,34,25.0,Trump 1.0
Atlanta,2016-04-15,24,24.0,Trump 1.0
Atlanta,2016-04-16,8,25.0,Trump 1.0
Atlanta,2016-04-17,2,24.0,Trump 1.0
Atlanta,2016-04-18,18,23.0,Trump 1.0
Atlanta,2016-04-19,28,21.0,Trump 1.0
Atlanta,2016-04-20,24,20.0,Trump 1.0
Atlanta,2016-04-21,32,19.0,Trump 1.0
Atlanta,2016-04-22,23,19.0,Trump 1.0
Atlanta,2016-04-23,13,20.0,Trump 1.0
Atlanta,2016-04-25,35,25.0,Trump 1.0
Atlanta,2016-04-26,28,26.0,Trump 1.0
Atlanta,2016-04-27,36,27.0,Trump 1.0
Atlanta,2016-04-28,27,28.0,Trump 1.0
Atlanta,2016-04-29,27,27.0,Trump 1.0
Atlanta,2016-04-30,6,25.0,Trump 1.0
Atlanta,2016-05-01,4,23.0,Trump 1.0
Atlanta,2016-05-02,17,21.0,Trump 1.0
Atlanta,2016-05-03,19,19.0,Trump 1.0
Atlanta,2016-05-04,35,19.0,Trump 1.0
Atlanta,2016-05-05,28,19.0,Trump 1.0
Atlanta,2016-05-06,20,18.0,Trump 1.0
Atlanta,2016-05-07,5,18.0,Trump 1.0
Atlanta,2016-05-08,6,19.0,Trump 1.0
Atlanta,2016-05-09,27,20.0,Trump 1.0
Atlanta,2016-05-10,30,22.0,Trump 1.0
Atlanta,2016-05-11,33,21.0,Trump 1.0
Atlanta,2016-05-12,27,21.0,Trump 1.0
Atlanta,2016-05-13,22,21.0,Trump 1.0
Atlanta,2016-05-14,5,21.0,Trump 1.0
Atlanta,2016-05-15,1,21.0,Trump 1.0
Atlanta,2016-05-16,21,20.0,Trump 1.0
Atlanta,2016-05-17,36,21.0,Trump 1.0
Atlanta,2016-05-18,30,20.0,Trump 1.0
Atlanta,2016-05-19,21,19.0,Trump 1.0
Atlanta,2016-05-20,26,20.0,Trump 1.0
Atlanta,2016-05-21,2,20.0,Trump 1.0
Atlanta,2016-05-22,5,20.0,Trump 1.0
Atlanta,2016-05-23,24,21.0,Trump 1.0
Atlanta,2016-05-24,28,19.0,Trump 1.0
Atlanta,2016-05-25,23,18.0,Trump 1.0
Atlanta,2016-05-26,27,19.0,Trump 1.0
Atlanta,2016-05-27,38,21.0,Trump 1.0
Atlanta,2016-05-28,5,21.0,Trump 1.0
Atlanta,2016-05-29,2,21.0,Trump 1.0
Atlanta,2016-05-31,27,21.0,Trump 1.0
Atlanta,2016-06-01,30,22.0,Trump 1.0
Atlanta,2016-06-02,19,21.0,Trump 1.0
Atlanta,2016-06-03,24,21.0,Trump 1.0
Atlanta,2016-06-04,7,16.0,Trump 1.0
Atlanta,2016-06-05,2,16.0,Trump 1.0
Atlanta,2016-06-06,28,20.0,Trump 1.0
Atlanta,2016-06-07,36,21.0,Trump 1.0
Atlanta,2016-06-08,28,21.0,Trump 1.0
Atlanta,2016-06-09,27,22.0,Trump 1.0
Atlanta,2016-06-10,45,25.0,Trump 1.0
Atlanta,2016-06-11,22,27.0,Trump 1.0
Atlanta,2016-06-12,16,29.0,Trump 1.0
Atlanta,2016-06-13,43,31.0,Trump 1.0
Atlanta,2016-06-14,33,31.0,Trump 1.0
Atlanta,2016-06-15,52,34.0,Trump 1.0
Atlanta,2016-06-16,35,35.0,Trump 1.0
Atlanta,2016-06-17,26,32.0,Trump 1.0
Atlanta,2016-06-18,5,30.0,Trump 1.0
Atlanta,2016-06-19,5,28.0,Trump 1.0
Atlanta,2016-06-20,24,26.0,Trump 1.0
Atlanta,2016-06-21,28,25.0,Trump 1.0
Atlanta,2016-06-22,27,21.0,Trump 1.0
Atlanta,2016-06-23,28,20.0,Trump 1.0
Atlanta,2016-06-24,23,20.0,Trump 1.0
Atlanta,2016-06-25,4,20.0,Trump 1.0
Atlanta,2016-06-26,4,20.0,Trump 1.0
Atlanta,2016-06-27,27,20.0,Trump 1.0
Atlanta,2016-06-28,35,21.0,Trump 1.0
Atlanta,2016-06-29,36,22.0,Trump 1.0
Atlanta,2016-06-30,16,21.0,Trump 1.0
Atlanta,2016-07-01,20,20.0,Trump 1.0
Atlanta,2016-07-02,5,20.0,Trump 1.0
Atlanta,2016-07-03,5,21.0,Trump 1.0
Atlanta,2016-07-04,1,17.0,Trump 1.0
Atlanta,2016-07-05,18,14.0,Trump 1.0
Atlanta,2016-07-06,24,13.0,Trump 1.0
Atlanta,2016-07-07,24,14.0,Trump 1.0
Atlanta,2016-07-08,35,16.0,Trump 1.0
Atlanta,2016-07-09,3,16.0,Trump 1.0
Atlanta,2016-07-11,26,19.0,Trump 1.0
Atlanta,2016-07-12,35,24.0,Trump 1.0
Atlanta,2016-07-13,29,25.0,Trump 1.0
Atlanta,2016-07-14,24,25.0,Trump 1.0
Atlanta,2016-07-15,37,27.0,Trump 1.0
Atlanta,2016-07-16,4,23.0,Trump 1.0
Atlanta,2016-07-17,3,23.0,Trump 1.0
Atlanta,2016-07-18,28,23.0,Trump 1.0
Atlanta,2016-07-19,30,22.0,Trump 1.0
Atlanta,2016-07-20,29,22.0,Trump 1.0
Atlanta,2016-07-21,20,22.0,Trump 1.0
Atlanta,2016-07-22,27,20.0,Trump 1.0
Atlanta,2016-07-24,3,20.0,Trump 1.0
Atlanta,2016-07-25,18,22.0,Trump 1.0
Atlanta,2016-07-26,32,23.0,Trump 1.0
Atlanta,2016-07-27,29,23.0,Trump 1.0
Atlanta,2016-07-28,35,23.0,Trump 1.0
Atlanta,2016-07-29,34,25.0,Trump 1.0
Atlanta,2016-07-30,3,22.0,Trump 1.0
Atlanta,2016-07-31,4,22.0,Trump 1.0
Atlanta,2016-08-01,25,23.0,Trump 1.0
Atlanta,2016-08-02,31,23.0,Trump 1.0
Atlanta,2016-08-03,28,23.0,Trump 1.0
Atlanta,2016-08-04,22,21.0,Trump 1.0
Atlanta,2016-08-05,25,20.0,Trump 1.0
Atlanta,2016-08-06,3,20.0,Trump 1.0
Atlanta,2016-08-08,33,24.0,Trump 1.0
Atlanta,2016-08-09,26,24.0,Trump 1.0
Atlanta,2016-08-10,33,24.0,Trump 1.0
Atlanta,2016-08-11,26,24.0,Trump 1.0
Atlanta,2016-08-12,36,26.0,Trump 1.0
Atlanta,2016-08-13,1,23.0,Trump 1.0
Atlanta,2016-08-14,3,23.0,Trump 1.0
Atlanta,2016-08-15,22,21.0,Trump 1.0
Atlanta,2016-08-16,37,23.0,Trump 1.0
Atlanta,2016-08-17,35,23.0,Trump 1.0
Atlanta,2016-08-18,24,23.0,Trump 1.0
Atlanta,2016-08-19,28,21.0,Trump 1.0
Atlanta,2016-08-20,7,22.0,Trump 1.0
Atlanta,2016-08-21,6,23.0,Trump 1.0
Atlanta,2016-08-22,20,22.0,Trump 1.0
Atlanta,2016-08-23,30,21.0,Trump 1.0
Atlanta,2016-08-24,34,21.0,Trump 1.0
Atlanta,2016-08-25,32,22.0,Trump 1.0
Atlanta,2016-08-26,29,23.0,Trump 1.0
Atlanta,2016-08-27,4,22.0,Trump 1.0
Atlanta,2016-08-28,7,22.0,Trump 1.0
Atlanta,2016-08-29,27,23.0,Trump 1.0
Atlanta,2016-08-30,31,23.0,Trump 1.0
Atlanta,2016-08-31,36,24.0,Trump 1.0
Atlanta,2016-09-01,41,25.0,Trump 1.0
Atlanta,2016-09-02,26,25.0,Trump 1.0
Atlanta,2016-09-03,7,25.0,Trump 1.0
Atlanta,2016-09-04,7,25.0,Trump 1.0
Atlanta,2016-09-05,2,21.0,Trump 1.0
Atlanta,2016-09-06,34,22.0,Trump 1.0
Atlanta,2016-09-07,33,21.0,Trump 1.0
Atlanta,2016-09-08,35,21.0,Trump 1.0
Atlanta,2016-09-09,31,21.0,Trump 1.0
Atlanta,2016-09-10,2,21.0,Trump 1.0
Atlanta,2016-09-11,4,20.0,Trump 1.0
Atlanta,2016-09-12,32,24.0,Trump 1.0
Atlanta,2016-09-13,26,23.0,Trump 1.0
Atlanta,2016-09-14,38,24.0,Trump 1.0
Atlanta,2016-09-15,30,23.0,Trump 1.0
Atlanta,2016-09-16,27,23.0,Trump 1.0
Atlanta,2016-09-17,20,25.0,Trump 1.0
Atlanta,2016-09-18,24,28.0,Trump 1.0
Atlanta,2016-09-19,49,31.0,Trump 1.0
Atlanta,2016-09-20,51,34.0,Trump 1.0
Atlanta,2016-09-21,49,36.0,Trump 1.0
Atlanta,2016-09-22,41,37.0,Trump 1.0
Atlanta,2016-09-23,23,37.0,Trump 1.0
Atlanta,2016-09-24,6,35.0,Trump 1.0
Atlanta,2016-09-25,2,32.0,Trump 1.0
Atlanta,2016-09-26,35,30.0,Trump 1.0
Atlanta,2016-09-27,51,30.0,Trump 1.0
Atlanta,2016-09-28,32,27.0,Trump 1.0
Atlanta,2016-09-29,38,27.0,Trump 1.0
Atlanta,2016-09-30,31,28.0,Trump 1.0
Atlanta,2016-10-01,3,27.0,Trump 1.0
Atlanta,2016-10-02,3,28.0,Trump 1.0
Atlanta,2016-10-03,24,26.0,Trump 1.0
Atlanta,2016-10-04,34,24.0,Trump 1.0
Atlanta,2016-10-05,18,22.0,Trump 1.0
Atlanta,2016-10-06,9,17.0,Trump 1.0
Atlanta,2016-10-07,14,15.0,Trump 1.0
Atlanta,2016-10-08,6,15.0,Trump 1.0
Atlanta,2016-10-09,2,15.0,Trump 1.0
Atlanta,2016-10-10,10,13.0,Trump 1.0
Atlanta,2016-10-11,27,12.0,Trump 1.0
Atlanta,2016-10-12,26,13.0,Trump 1.0
Atlanta,2016-10-13,37,17.0,Trump 1.0
Atlanta,2016-10-14,34,20.0,Trump 1.0
Atlanta,2016-10-15,5,20.0,Trump 1.0
Atlanta,2016-10-16,4,20.0,Trump 1.0
Atlanta,2016-10-17,30,23.0,Trump 1.0
Atlanta,2016-10-18,33,24.0,Trump 1.0
Atlanta,2016-10-19,32,25.0,Trump 1.0
Atlanta,2016-10-20,33,24.0,Trump 1.0
Atlanta,2016-10-21,30,24.0,Trump 1.0
Atlanta,2016-10-22,4,24.0,Trump 1.0
Atlanta,2016-10-23,5,24.0,Trump 1.0
Atlanta,2016-10-24,27,23.0,Trump 1.0
Atlanta,2016-10-25,32,23.0,Trump 1.0
Atlanta,2016-10-26,33,23.0,Trump 1.0
Atlanta,2016-10-27,15,21.0,Trump 1.0
Atlanta,2016-10-28,11,18.0,Trump 1.0
Atlanta,2016-10-29,2,18.0,Trump 1.0
Atlanta,2016-10-30,6,18.0,Trump 1.0
Atlanta,2016-10-31,24,18.0,Trump 1.0
Atlanta,2016-11-01,24,16.0,Trump 1.0
Atlanta,2016-11-02,35,17.0,Trump 1.0
Atlanta,2016-11-03,31,19.0,Trump 1.0
Atlanta,2016-11-04,21,20.0,Trump 1.0
Atlanta,2016-11-05,7,21.0,Trump 1.0
Atlanta,2016-11-06,2,21.0,Trump 1.0
Atlanta,2016-11-07,26,21.0,Trump 1.0
Atlanta,2016-11-08,35,22.0,Trump 1.0
Atlanta,2016-11-09,36,23.0,Trump 1.0
Atlanta,2016-11-10,21,21.0,Trump 1.0
Atlanta,2016-11-11,3,19.0,Trump 1.0
Atlanta,2016-11-12,10,19.0,Trump 1.0
Atlanta,2016-11-13,3,19.0,Trump 1.0
Atlanta,2016-11-14,38,21.0,Trump 1.0
Atlanta,2016-11-15,25,19.0,Trump 1.0
Atlanta,2016-11-16,28,18.0,Trump 1.0
Atlanta,2016-11-17,29,19.0,Trump 1.0
Atlanta,2016-11-18,13,21.0,Trump 1.0
Atlanta,2016-11-19,2,20.0,Trump 1.0
Atlanta,2016-11-20,5,20.0,Trump 1.0
Atlanta,2016-11-21,30,19.0,Trump 1.0
Atlanta,2016-11-22,32,20.0,Trump 1.0
Atlanta,2016-11-23,16,18.0,Trump 1.0
Atlanta,2016-11-25,11,16.0,Trump 1.0
Atlanta,2016-11-27,2,14.0,Trump 1.0
Atlanta,2016-11-28,35,19.0,Trump 1.0
Atlanta,2016-11-29,32,23.0,Trump 1.0
Atlanta,2016-11-30,18,21.0,Trump 1.0
Atlanta,2016-12-01,18,19.0,Trump 1.0
Atlanta,2016-12-02,16,19.0,Trump 1.0
Atlanta,2016-12-03,6,18.0,Trump 1.0
Atlanta,2016-12-04,12,20.0,Trump 1.0
Atlanta,2016-12-05,20,17.0,Trump 1.0
Atlanta,2016-12-06,29,17.0,Trump 1.0
Atlanta,2016-12-07,62,23.0,Trump 1.0
Atlanta,2016-12-08,35,26.0,Trump 1.0
Atlanta,2016-12-09,24,27.0,Trump 1.0
Atlanta,2016-12-10,11,28.0,Trump 1.0
Atlanta,2016-12-11,4,26.0,Trump 1.0
Atlanta,2016-12-12,22,27.0,Trump 1.0
Atlanta,2016-12-13,29,27.0,Trump 1.0
Atlanta,2016-12-14,30,22.0,Trump 1.0
Atlanta,2016-12-15,31,22.0,Trump 1.0
Atlanta,2016-12-16,21,21.0,Trump 1.0
Atlanta,2016-12-17,4,20.0,Trump 1.0
Atlanta,2016-12-18,6,20.0,Trump 1.0
Atlanta,2016-12-19,23,21.0,Trump 1.0
Atlanta,2016-12-20,33,21.0,Trump 1.0
Atlanta,2016-12-21,32,21.0,Trump 1.0
Atlanta,2016-12-22,27,21.0,Trump 1.0
Atlanta,2016-12-23,15,20.0,Trump 1.0
Atlanta,2016-12-24,5,20.0,Trump 1.0
Atlanta,2016-12-25,1,19.0,Trump 1.0
Atlanta,2016-12-26,1,16.0,Trump 1.0
Atlanta,2016-12-27,26,15.0,Trump 1.0
Atlanta,2016-12-28,23,14.0,Trump 1.0
Atlanta,2016-12-29,24,14.0,Trump 1.0
Atlanta,2016-12-30,19,14.0,Trump 1.0
Atlanta,2016-12-31,3,14.0,Trump 1.0
Atlanta,2017-01-01,5,14.0,Trump 1.0
Atlanta,2017-01-02,5,15.0,Trump 1.0
Atlanta,2017-01-03,21,14.0,Trump 1.0
Atlanta,2017-01-04,32,16.0,Trump 1.0
Atlanta,2017-01-05,27,16.0,Trump 1.0
Atlanta,2017-01-06,21,16.0,Trump 1.0
Atlanta,2017-01-07,3,16.0,Trump 1.0
Atlanta,2017-01-08,3,16.0,Trump 1.0
Atlanta,2017-01-09,28,19.0,Trump 1.0
Atlanta,2017-01-10,30,21.0,Trump 1.0
Atlanta,2017-01-11,29,20.0,Trump 1.0
Atlanta,2017-01-12,27,20.0,Trump 1.0
Atlanta,2017-01-13,30,21.0,Trump 1.0
Atlanta,2017-01-14,6,22.0,Trump 1.0
Atlanta,2017-01-15,4,22.0,Trump 1.0
Atlanta,2017-01-16,11,20.0,Trump 1.0
Atlanta,2017-01-17,37,21.0,Trump 1.0
Atlanta,2017-01-18,27,20.0,Trump 1.0
Atlanta,2017-01-19,26,20.0,Trump 1.0
Atlanta,2017-01-20,29,20.0,Trump 1.0
Atlanta,2017-01-21,8,20.0,Trump 1.0
Atlanta,2017-01-22,10,21.0,Trump 1.0
Atlanta,2017-01-23,19,22.0,Trump 1.0
Atlanta,2017-01-24,37,22.0,Trump 1.0
Atlanta,2017-01-25,38,24.0,Trump 1.0
Atlanta,2017-01-26,44,26.0,Trump 1.0
Atlanta,2017-01-27,29,26.0,Trump 1.0
Atlanta,2017-01-28,9,27.0,Trump 1.0
Atlanta,2017-01-29,13,27.0,Trump 1.0
Atlanta,2017-01-30,29,28.0,Trump 1.0
Atlanta,2017-01-31,62,32.0,Trump 1.0
Atlanta,2017-02-01,50,34.0,Trump 1.0
Atlanta,2017-02-02,41,33.0,Trump 1.0
Atlanta,2017-02-03,38,35.0,Trump 1.0
Atlanta,2017-02-04,10,35.0,Trump 1.0
Atlanta,2017-02-05,13,35.0,Trump 1.0
Atlanta,2017-02-06,53,38.0,Trump 1.0
Atlanta,2017-02-07,93,43.0,Trump 1.0
Atlanta,2017-02-08,90,48.0,Trump 1.0
Atlanta,2017-02-09,98,56.0,Trump 1.0
Atlanta,2017-02-10,55,59.0,Trump 1.0
Atlanta,2017-02-11,13,59.0,Trump 1.0
Atlanta,2017-02-12,13,59.0,Trump 1.0
Atlanta,2017-02-13,41,58.0,Trump 1.0
Atlanta,2017-02-14,59,53.0,Trump 1.0
Atlanta,2017-02-15,40,46.0,Trump 1.0
Atlanta,2017-02-16,68,41.0,Trump 1.0
Atlanta,2017-02-17,33,38.0,Trump 1.0
Atlanta,2017-02-18,10,38.0,Trump 1.0
Atlanta,2017-02-19,7,37.0,Trump 1.0
Atlanta,2017-02-20,24,34.0,Trump 1.0
Atlanta,2017-02-21,53,34.0,Trump 1.0
Atlanta,2017-02-22,52,35.0,Trump 1.0
Atlanta,2017-02-23,47,32.0,Trump 1.0
Atlanta,2017-02-24,41,33.0,Trump 1.0
Atlanta,2017-02-25,11,34.0,Trump 1.0
Atlanta,2017-02-26,10,34.0,Trump 1.0
Atlanta,2017-02-27,50,38.0,Trump 1.0
Atlanta,2017-02-28,69,40.0,Trump 1.0
Atlanta,2017-03-01,55,40.0,Trump 1.0
Atlanta,2017-03-02,48,41.0,Trump 1.0
Atlanta,2017-03-03,40,40.0,Trump 1.0
Atlanta,2017-03-04,8,40.0,Trump 1.0
Atlanta,2017-03-05,12,40.0,Trump 1.0
Atlanta,2017-03-06,45,40.0,Trump 1.0
Atlanta,2017-03-07,88,42.0,Trump 1.0
Atlanta,2017-03-08,63,43.0,Trump 1.0
Atlanta,2017-03-09,65,46.0,Trump 1.0
Atlanta,2017-03-10,47,47.0,Trump 1.0
Atlanta,2017-03-11,35,51.0,Trump 1.0
Atlanta,2017-03-12,24,52.0,Trump 1.0
Atlanta,2017-03-13,59,54.0,Trump 1.0
Atlanta,2017-03-14,75,53.0,Trump 1.0
Atlanta,2017-03-15,63,53.0,Trump 1.0
Atlanta,2017-03-16,70,53.0,Trump 1.0
Atlanta,2017-03-17,40,52.0,Trump 1.0
Atlanta,2017-03-18,11,49.0,Trump 1.0
Atlanta,2017-03-19,18,48.0,Trump 1.0
Atlanta,2017-03-20,55,47.0,Trump 1.0
Atlanta,2017-03-21,42,43.0,Trump 1.0
Atlanta,2017-03-22,69,44.0,Trump 1.0
Atlanta,2017-03-23,43,40.0,Trump 1.0
Atlanta,2017-03-24,42,40.0,Trump 1.0
Atlanta,2017-03-25,11,40.0,Trump 1.0
Atlanta,2017-03-26,34,42.0,Trump 1.0
Atlanta,2017-03-27,52,42.0,Trump 1.0
Atlanta,2017-03-28,67,45.0,Trump 1.0
Atlanta,2017-03-29,55,43.0,Trump 1.0
Atlanta,2017-03-30,59,46.0,Trump 1.0
Atlanta,2017-03-31,41,46.0,Trump 1.0
Atlanta,2017-04-01,9,45.0,Trump 1.0
Atlanta,2017-04-02,22,44.0,Trump 1.0
Atlanta,2017-04-03,39,42.0,Trump 1.0
Atlanta,2017-04-04,54,40.0,Trump 1.0
Atlanta,2017-04-05,54,40.0,Trump 1.0
Atlanta,2017-04-06,52,39.0,Trump 1.0
Atlanta,2017-04-07,41,39.0,Trump 1.0
Atlanta,2017-04-08,14,39.0,Trump 1.0
Atlanta,2017-04-09,12,38.0,Trump 1.0
Atlanta,2017-04-10,53,40.0,Trump 1.0
Atlanta,2017-04-11,53,40.0,Trump 1.0
Atlanta,2017-04-12,69,42.0,Trump 1.0
Atlanta,2017-04-13,57,43.0,Trump 1.0
Atlanta,2017-04-14,27,41.0,Trump 1.0
Atlanta,2017-04-15,16,41.0,Trump 1.0
Atlanta,2017-04-16,13,41.0,Trump 1.0
Atlanta,2017-04-17,45,40.0,Trump 1.0
Atlanta,2017-04-18,53,40.0,Trump 1.0
Atlanta,2017-04-19,64,39.0,Trump 1.0
Atlanta,2017-04-20,62,40.0,Trump 1.0
Atlanta,2017-04-21,45,43.0,Trump 1.0
Atlanta,2017-04-22,11,42.0,Trump 1.0
Atlanta,2017-04-23,8,41.0,Trump 1.0
Atlanta,2017-04-24,42,41.0,Trump 1.0
Atlanta,2017-04-25,57,41.0,Trump 1.0
Atlanta,2017-04-26,58,40.0,Trump 1.0
Atlanta,2017-04-27,50,39.0,Trump 1.0
Atlanta,2017-04-28,41,38.0,Trump 1.0
Atlanta,2017-04-29,12,38.0,Trump 1.0
Atlanta,2017-04-30,19,40.0,Trump 1.0
Atlanta,2017-05-01,56,42.0,Trump 1.0
Atlanta,2017-05-02,48,41.0,Trump 1.0
Atlanta,2017-05-03,54,40.0,Trump 1.0
Atlanta,2017-05-04,53,40.0,Trump 1.0
Atlanta,2017-05-05,50,42.0,Trump 1.0
Atlanta,2017-05-06,1,40.0,Trump 1.0
Atlanta,2017-05-07,10,39.0,Trump 1.0
Atlanta,2017-05-08,63,40.0,Trump 1.0
Atlanta,2017-05-09,53,41.0,Trump 1.0
Atlanta,2017-05-10,57,41.0,Trump 1.0
Atlanta,2017-05-11,53,41.0,Trump 1.0
Atlanta,2017-05-12,41,40.0,Trump 1.0
Atlanta,2017-05-13,14,42.0,Trump 1.0
Atlanta,2017-05-14,6,41.0,Trump 1.0
Atlanta,2017-05-15,65,41.0,Trump 1.0
Atlanta,2017-05-16,70,44.0,Trump 1.0
Atlanta,2017-05-17,57,44.0,Trump 1.0
Atlanta,2017-05-18,76,47.0,Trump 1.0
Atlanta,2017-05-19,54,49.0,Trump 1.0
Atlanta,2017-05-20,4,47.0,Trump 1.0
Atlanta,2017-05-21,20,49.0,Trump 1.0
Atlanta,2017-05-22,61,49.0,Trump 1.0
Atlanta,2017-05-23,47,46.0,Trump 1.0
Atlanta,2017-05-24,61,46.0,Trump 1.0
Atlanta,2017-05-25,61,44.0,Trump 1.0
Atlanta,2017-05-26,55,44.0,Trump 1.0
Atlanta,2017-05-27,9,45.0,Trump 1.0
Atlanta,2017-05-28,13,44.0,Trump 1.0
Atlanta,2017-05-29,29,39.0,Trump 1.0
Atlanta,2017-05-30,65,42.0,Trump 1.0
Atlanta,2017-05-31,60,42.0,Trump 1.0
Atlanta,2017-06-01,67,43.0,Trump 1.0
Atlanta,2017-06-02,39,40.0,Trump 1.0
Atlanta,2017-06-03,7,40.0,Trump 1.0
Atlanta,2017-06-04,9,39.0,Trump 1.0
Atlanta,2017-06-05,58,44.0,Trump 1.0
Atlanta,2017-06-06,45,41.0,Trump 1.0
Atlanta,2017-06-07,68,42.0,Trump 1.0
Atlanta,2017-06-08,40,38.0,Trump 1.0
Atlanta,2017-06-09,39,38.0,Trump 1.0
Atlanta,2017-06-10,50,44.0,Trump 1.0
Atlanta,2017-06-11,11,44.0,Trump 1.0
Atlanta,2017-06-12,69,46.0,Trump 1.0
Atlanta,2017-06-13,58,48.0,Trump 1.0
Atlanta,2017-06-14,63,47.0,Trump 1.0
Atlanta,2017-06-15,71,52.0,Trump 1.0
Atlanta,2017-06-16,65,55.0,Trump 1.0
Atlanta,2017-06-17,7,49.0,Trump 1.0
Atlanta,2017-06-18,12,49.0,Trump 1.0
Atlanta,2017-06-19,67,49.0,Trump 1.0
Atlanta,2017-06-20,41,47.0,Trump 1.0
Atlanta,2017-06-21,58,46.0,Trump 1.0
Atlanta,2017-06-22,68,45.0,Trump 1.0
Atlanta,2017-06-23,41,42.0,Trump 1.0
Atlanta,2017-06-24,3,41.0,Trump 1.0
Atlanta,2017-06-25,10,41.0,Trump 1.0
Atlanta,2017-06-26,63,41.0,Trump 1.0
Atlanta,2017-06-27,72,45.0,Trump 1.0
Atlanta,2017-06-28,76,48.0,Trump 1.0
Atlanta,2017-06-29,92,51.0,Trump 1.0
Atlanta,2017-06-30,50,52.0,Trump 1.0
Atlanta,2017-07-01,17,54.0,Trump 1.0
Atlanta,2017-07-02,7,54.0,Trump 1.0
Atlanta,2017-07-03,45,51.0,Trump 1.0
Atlanta,2017-07-04,16,43.0,Trump 1.0
Atlanta,2017-07-05,53,40.0,Trump 1.0
Atlanta,2017-07-06,55,35.0,Trump 1.0
Atlanta,2017-07-07,41,33.0,Trump 1.0
Atlanta,2017-07-08,9,32.0,Trump 1.0
Atlanta,2017-07-09,14,33.0,Trump 1.0
Atlanta,2017-07-10,55,35.0,Trump 1.0
Atlanta,2017-07-11,66,42.0,Trump 1.0
Atlanta,2017-07-12,66,44.0,Trump 1.0
Atlanta,2017-07-13,65,45.0,Trump 1.0
Atlanta,2017-07-14,50,46.0,Trump 1.0
Atlanta,2017-07-15,6,46.0,Trump 1.0
Atlanta,2017-07-16,15,46.0,Trump 1.0
Atlanta,2017-07-17,58,47.0,Trump 1.0
Atlanta,2017-07-18,58,45.0,Trump 1.0
Atlanta,2017-07-19,68,46.0,Trump 1.0
Atlanta,2017-07-20,56,44.0,Trump 1.0
Atlanta,2017-07-21,41,43.0,Trump 1.0
Atlanta,2017-07-22,12,44.0,Trump 1.0
Atlanta,2017-07-23,41,48.0,Trump 1.0
Atlanta,2017-07-24,70,49.0,Trump 1.0
Atlanta,2017-07-25,82,53.0,Trump 1.0
Atlanta,2017-07-26,67,53.0,Trump 1.0
Atlanta,2017-07-27,41,51.0,Trump 1.0
Atlanta,2017-07-28,43,51.0,Trump 1.0
Atlanta,2017-07-29,14,51.0,Trump 1.0
Atlanta,2017-07-30,12,47.0,Trump 1.0
Atlanta,2017-07-31,67,47.0,Trump 1.0
Atlanta,2017-08-01,48,42.0,Trump 1.0
Atlanta,2017-08-02,87,45.0,Trump 1.0
Atlanta,2017-08-03,54,46.0,Trump 1.0
Atlanta,2017-08-04,42,46.0,Trump 1.0
Atlanta,2017-08-05,11,46.0,Trump 1.0
Atlanta,2017-08-06,23,47.0,Trump 1.0
Atlanta,2017-08-07,43,44.0,Trump 1.0
Atlanta,2017-08-08,53,45.0,Trump 1.0
Atlanta,2017-08-09,54,40.0,Trump 1.0
Atlanta,2017-08-10,62,41.0,Trump 1.0
Atlanta,2017-08-11,60,44.0,Trump 1.0
Atlanta,2017-08-12,10,44.0,Trump 1.0
Atlanta,2017-08-13,21,43.0,Trump 1.0
Atlanta,2017-08-14,48,44.0,Trump 1.0
Atlanta,2017-08-15,48,43.0,Trump 1.0
Atlanta,2017-08-16,58,44.0,Trump 1.0
Atlanta,2017-08-17,48,42.0,Trump 1.0
Atlanta,2017-08-18,44,40.0,Trump 1.0
Atlanta,2017-08-19,22,41.0,Trump 1.0
Atlanta,2017-08-20,21,41.0,Trump 1.0
Atlanta,2017-08-21,54,42.0,Trump 1.0
Atlanta,2017-08-22,54,43.0,Trump 1.0
Atlanta,2017-08-23,76,46.0,Trump 1.0
Atlanta,2017-08-24,51,46.0,Trump 1.0
Atlanta,2017-08-25,53,47.0,Trump 1.0
Atlanta,2017-08-26,5,45.0,Trump 1.0
Atlanta,2017-08-27,28,46.0,Trump 1.0
Atlanta,2017-08-28,66,48.0,Trump 1.0
Atlanta,2017-08-29,51,47.0,Trump 1.0
Atlanta,2017-08-30,75,47.0,Trump 1.0
Atlanta,2017-08-31,50,47.0,Trump 1.0
Atlanta,2017-09-01,44,46.0,Trump 1.0
Atlanta,2017-09-02,11,46.0,Trump 1.0
Atlanta,2017-09-03,20,45.0,Trump 1.0
Atlanta,2017-09-04,28,40.0,Trump 1.0
Atlanta,2017-09-05,59,41.0,Trump 1.0
Atlanta,2017-09-06,57,38.0,Trump 1.0
Atlanta,2017-09-07,51,39.0,Trump 1.0
Atlanta,2017-09-08,65,42.0,Trump 1.0
Atlanta,2017-09-09,7,41.0,Trump 1.0
Atlanta,2017-09-10,12,40.0,Trump 1.0
Atlanta,2017-09-11,29,40.0,Trump 1.0
Atlanta,2017-09-12,39,37.0,Trump 1.0
Atlanta,2017-09-13,64,38.0,Trump 1.0
Atlanta,2017-09-14,55,39.0,Trump 1.0
Atlanta,2017-09-15,37,35.0,Trump 1.0
Atlanta,2017-09-16,9,35.0,Trump 1.0
Atlanta,2017-09-17,18,36.0,Trump 1.0
Atlanta,2017-09-18,68,41.0,Trump 1.0
Atlanta,2017-09-19,63,45.0,Trump 1.0
Atlanta,2017-09-20,67,45.0,Trump 1.0
Atlanta,2017-09-21,69,47.0,Trump 1.0
Atlanta,2017-09-22,49,49.0,Trump 1.0
Atlanta,2017-09-23,12,49.0,Trump 1.0
Atlanta,2017-09-24,33,52.0,Trump 1.0
Atlanta,2017-09-25,57,50.0,Trump 1.0
Atlanta,2017-09-26,48,48.0,Trump 1.0
Atlanta,2017-09-27,89,51.0,Trump 1.0
Atlanta,2017-09-28,46,48.0,Trump 1.0
Atlanta,2017-09-29,46,47.0,Trump 1.0
Atlanta,2017-09-30,9,47.0,Trump 1.0
Atlanta,2017-10-01,26,46.0,Trump 1.0
Atlanta,2017-10-02,45,44.0,Trump 1.0
Atlanta,2017-10-03,49,44.0,Trump 1.0
Atlanta,2017-10-04,60,40.0,Trump 1.0
Atlanta,2017-10-05,64,43.0,Trump 1.0
Atlanta,2017-10-06,42,42.0,Trump 1.0
Atlanta,2017-10-07,12,43.0,Trump 1.0
Atlanta,2017-10-08,23,42.0,Trump 1.0
Atlanta,2017-10-09,40,41.0,Trump 1.0
Atlanta,2017-10-10,73,45.0,Trump 1.0
Atlanta,2017-10-11,61,45.0,Trump 1.0
Atlanta,2017-10-12,50,43.0,Trump 1.0
Atlanta,2017-10-13,60,46.0,Trump 1.0
Atlanta,2017-10-14,8,45.0,Trump 1.0
Atlanta,2017-10-15,25,45.0,Trump 1.0
Atlanta,2017-10-16,53,47.0,Trump 1.0
Atlanta,2017-10-17,63,46.0,Trump 1.0
Atlanta,2017-10-18,59,45.0,Trump 1.0
Atlanta,2017-10-19,63,47.0,Trump 1.0
Atlanta,2017-10-20,53,46.0,Trump 1.0
Atlanta,2017-10-21,13,47.0,Trump 1.0
Atlanta,2017-10-22,23,47.0,Trump 1.0
Atlanta,2017-10-23,42,45.0,Trump 1.0
Atlanta,2017-10-24,54,44.0,Trump 1.0
Atlanta,2017-10-25,51,43.0,Trump 1.0
Atlanta,2017-10-26,56,42.0,Trump 1.0
Atlanta,2017-10-27,46,41.0,Trump 1.0
Atlanta,2017-10-28,11,40.0,Trump 1.0
Atlanta,2017-10-29,20,40.0,Trump 1.0
Atlanta,2017-10-30,55,42.0,Trump 1.0
Atlanta,2017-10-31,56,42.0,Trump 1.0
Atlanta,2017-11-01,49,42.0,Trump 1.0
Atlanta,2017-11-02,80,45.0,Trump 1.0
Atlanta,2017-11-03,52,46.0,Trump 1.0
Atlanta,2017-11-04,16,47.0,Trump 1.0
Atlanta,2017-11-05,33,49.0,Trump 1.0
Atlanta,2017-11-06,50,48.0,Trump 1.0
Atlanta,2017-11-07,77,51.0,Trump 1.0
Atlanta,2017-11-08,68,54.0,Trump 1.0
Atlanta,2017-11-09,42,48.0,Trump 1.0
Atlanta,2017-11-10,10,42.0,Trump 1.0
Atlanta,2017-11-11,15,42.0,Trump 1.0
Atlanta,2017-11-12,19,40.0,Trump 1.0
Atlanta,2017-11-13,40,39.0,Trump 1.0
Atlanta,2017-11-14,56,36.0,Trump 1.0
Atlanta,2017-11-15,77,37.0,Trump 1.0
Atlanta,2017-11-16,53,39.0,Trump 1.0
Atlanta,2017-11-17,62,46.0,Trump 1.0
Atlanta,2017-11-18,19,47.0,Trump 1.0
Atlanta,2017-11-19,33,49.0,Trump 1.0
Atlanta,2017-11-20,53,50.0,Trump 1.0
Atlanta,2017-11-21,52,50.0,Trump 1.0
Atlanta,2017-11-22,44,45.0,Trump 1.0
Atlanta,2017-11-23,6,38.0,Trump 1.0
Atlanta,2017-11-24,29,34.0,Trump 1.0
Atlanta,2017-11-25,8,32.0,Trump 1.0
Atlanta,2017-11-26,14,29.0,Trump 1.0
Atlanta,2017-11-27,56,30.0,Trump 1.0
Atlanta,2017-11-28,55,30.0,Trump 1.0
Atlanta,2017-11-29,54,32.0,Trump 1.0
Atlanta,2017-11-30,68,41.0,Trump 1.0
Atlanta,2017-12-01,37,42.0,Trump 1.0
Atlanta,2017-12-02,36,46.0,Trump 1.0
Atlanta,2017-12-03,21,47.0,Trump 1.0
Atlanta,2017-12-04,74,49.0,Trump 1.0
Atlanta,2017-12-05,75,52.0,Trump 1.0
Atlanta,2017-12-06,61,53.0,Trump 1.0
Atlanta,2017-12-07,47,50.0,Trump 1.0
Atlanta,2017-12-08,26,49.0,Trump 1.0
Atlanta,2017-12-09,5,44.0,Trump 1.0
Atlanta,2017-12-10,18,44.0,Trump 1.0
Atlanta,2017-12-11,50,40.0,Trump 1.0
Atlanta,2017-12-12,66,39.0,Trump 1.0
Atlanta,2017-12-13,49,37.0,Trump 1.0
Atlanta,2017-12-14,70,41.0,Trump 1.0
Atlanta,2017-12-15,42,43.0,Trump 1.0
Atlanta,2017-12-16,6,43.0,Trump 1.0
Atlanta,2017-12-17,29,45.0,Trump 1.0
Atlanta,2017-12-18,43,44.0,Trump 1.0
Atlanta,2017-12-19,70,44.0,Trump 1.0
Atlanta,2017-12-20,50,44.0,Trump 1.0
Atlanta,2017-12-21,39,40.0,Trump 1.0
Atlanta,2017-12-22,40,40.0,Trump 1.0
Atlanta,2017-12-23,9,40.0,Trump 1.0
Atlanta,2017-12-24,27,40.0,Trump 1.0
Atlanta,2017-12-25,7,35.0,Trump 1.0
Atlanta,2017-12-26,33,29.0,Trump 1.0
Atlanta,2017-12-27,34,27.0,Trump 1.0
Atlanta,2017-12-28,28,25.0,Trump 1.0
Atlanta,2017-12-29,21,23.0,Trump 1.0
Atlanta,2017-12-30,8,23.0,Trump 1.0
Atlanta,2017-12-31,12,20.0,Trump 1.0
Atlanta,2018-01-01,13,21.0,Trump 1.0
Atlanta,2018-01-02,48,23.0,Trump 1.0
Atlanta,2018-01-03,51,26.0,Trump 1.0
Atlanta,2018-01-04,27,26.0,Trump 1.0
Atlanta,2018-01-05,44,29.0,Trump 1.0
Atlanta,2018-01-06,11,29.0,Trump 1.0
Atlanta,2018-01-07,23,31.0,Trump 1.0
Atlanta,2018-01-08,32,34.0,Trump 1.0
Atlanta,2018-01-09,43,33.0,Trump 1.0
Atlanta,2018-01-10,51,33.0,Trump 1.0
Atlanta,2018-01-11,75,40.0,Trump 1.0
Atlanta,2018-01-12,36,39.0,Trump 1.0
Atlanta,2018-01-13,11,39.0,Trump 1.0
Atlanta,2018-01-14,13,37.0,Trump 1.0
Atlanta,2018-01-15,21,36.0,Trump 1.0
Atlanta,2018-01-16,71,40.0,Trump 1.0
Atlanta,2018-01-17,19,35.0,Trump 1.0
Atlanta,2018-01-18,22,28.0,Trump 1.0
Atlanta,2018-01-19,63,31.0,Trump 1.0
Atlanta,2018-01-20,4,30.0,Trump 1.0
Atlanta,2018-01-21,35,34.0,Trump 1.0
Atlanta,2018-01-22,54,38.0,Trump 1.0
Atlanta,2018-01-23,49,35.0,Trump 1.0
Atlanta,2018-01-24,54,40.0,Trump 1.0
Atlanta,2018-01-25,58,45.0,Trump 1.0
Atlanta,2018-01-26,49,43.0,Trump 1.0
Atlanta,2018-01-27,17,45.0,Trump 1.0
Atlanta,2018-01-28,14,42.0,Trump 1.0
Atlanta,2018-01-29,53,42.0,Trump 1.0
Atlanta,2018-01-30,59,43.0,Trump 1.0
Atlanta,2018-01-31,59,44.0,Trump 1.0
Atlanta,2018-02-01,58,44.0,Trump 1.0
Atlanta,2018-02-02,44,43.0,Trump 1.0
Atlanta,2018-02-03,8,42.0,Trump 1.0
Atlanta,2018-02-04,24,44.0,Trump 1.0
Atlanta,2018-02-05,63,45.0,Trump 1.0
Atlanta,2018-02-06,59,45.0,Trump 1.0
Atlanta,2018-02-07,57,45.0,Trump 1.0
Atlanta,2018-02-08,48,43.0,Trump 1.0
Atlanta,2018-02-09,54,45.0,Trump 1.0
Atlanta,2018-02-10,12,45.0,Trump 1.0
Atlanta,2018-02-11,31,46.0,Trump 1.0
Atlanta,2018-02-12,58,46.0,Trump 1.0
Atlanta,2018-02-13,61,46.0,Trump 1.0
Atlanta,2018-02-14,69,48.0,Trump 1.0
Atlanta,2018-02-15,56,49.0,Trump 1.0
Atlanta,2018-02-16,44,47.0,Trump 1.0
Atlanta,2018-02-17,33,50.0,Trump 1.0
Atlanta,2018-02-18,13,48.0,Trump 1.0
Atlanta,2018-02-19,20,42.0,Trump 1.0
Atlanta,2018-02-20,56,42.0,Trump 1.0
Atlanta,2018-02-21,70,42.0,Trump 1.0
Atlanta,2018-02-22,69,44.0,Trump 1.0
Atlanta,2018-02-23,64,46.0,Trump 1.0
Atlanta,2018-02-24,25,45.0,Trump 1.0
Atlanta,2018-02-25,46,50.0,Trump 1.0
Atlanta,2018-02-26,58,55.0,Trump 1.0
Atlanta,2018-02-27,57,56.0,Trump 1.0
Atlanta,2018-02-28,53,53.0,Trump 1.0
Atlanta,2018-03-01,48,50.0,Trump 1.0
Atlanta,2018-03-02,41,47.0,Trump 1.0
Atlanta,2018-03-03,17,46.0,Trump 1.0
Atlanta,2018-03-04,21,42.0,Trump 1.0
Atlanta,2018-03-05,45,40.0,Trump 1.0
Atlanta,2018-03-06,50,39.0,Trump 1.0
Atlanta,2018-03-07,43,38.0,Trump 1.0
Atlanta,2018-03-08,55,39.0,Trump 1.0
Atlanta,2018-03-09,32,38.0,Trump 1.0
Atlanta,2018-03-10,17,38.0,Trump 1.0
Atlanta,2018-03-11,27,38.0,Trump 1.0
Atlanta,2018-03-12,31,36.0,Trump 1.0
Atlanta,2018-03-13,59,38.0,Trump 1.0
Atlanta,2018-03-14,59,40.0,Trump 1.0
Atlanta,2018-03-15,46,39.0,Trump 1.0
Atlanta,2018-03-16,42,40.0,Trump 1.0
Atlanta,2018-03-17,14,40.0,Trump 1.0
Atlanta,2018-03-18,35,41.0,Trump 1.0
Atlanta,2018-03-19,53,44.0,Trump 1.0
Atlanta,2018-03-20,41,41.0,Trump 1.0
Atlanta,2018-03-21,57,41.0,Trump 1.0
Atlanta,2018-03-22,41,40.0,Trump 1.0
Atlanta,2018-03-23,37,40.0,Trump 1.0
Atlanta,2018-03-24,13,40.0,Trump 1.0
Atlanta,2018-03-25,16,37.0,Trump 1.0
Atlanta,2018-03-26,41,35.0,Trump 1.0
Atlanta,2018-03-27,60,38.0,Trump 1.0
Atlanta,2018-03-28,51,37.0,Trump 1.0
Atlanta,2018-03-29,62,40.0,Trump 1.0
Atlanta,2018-03-30,34,40.0,Trump 1.0
Atlanta,2018-03-31,11,39.0,Trump 1.0
Atlanta,2018-04-01,19,40.0,Trump 1.0
Atlanta,2018-04-02,47,41.0,Trump 1.0
Atlanta,2018-04-03,34,37.0,Trump 1.0
Atlanta,2018-04-04,53,37.0,Trump 1.0
Atlanta,2018-04-05,63,37.0,Trump 1.0
Atlanta,2018-04-06,42,38.0,Trump 1.0
Atlanta,2018-04-07,12,39.0,Trump 1.0
Atlanta,2018-04-08,18,38.0,Trump 1.0
Atlanta,2018-04-09,77,43.0,Trump 1.0
Atlanta,2018-04-10,69,48.0,Trump 1.0
Atlanta,2018-04-11,52,48.0,Trump 1.0
Atlanta,2018-04-12,58,47.0,Trump 1.0
Atlanta,2018-04-13,51,48.0,Trump 1.0
Atlanta,2018-04-14,24,50.0,Trump 1.0
Atlanta,2018-04-15,33,52.0,Trump 1.0
Atlanta,2018-04-16,56,49.0,Trump 1.0
Atlanta,2018-04-17,66,49.0,Trump 1.0
Atlanta,2018-04-18,51,48.0,Trump 1.0
Atlanta,2018-04-19,46,47.0,Trump 1.0
Atlanta,2018-04-20,45,46.0,Trump 1.0
Atlanta,2018-04-21,8,44.0,Trump 1.0
Atlanta,2018-04-22,14,41.0,Trump 1.0
Atlanta,2018-04-23,44,39.0,Trump 1.0
Atlanta,2018-04-24,49,37.0,Trump 1.0
Atlanta,2018-04-25,59,38.0,Trump 1.0
Atlanta,2018-04-26,39,37.0,Trump 1.0
Atlanta,2018-04-27,42,36.0,Trump 1.0
Atlanta,2018-04-28,7,36.0,Trump 1.0
Atlanta,2018-04-29,29,38.0,Trump 1.0
Atlanta,2018-04-30,49,39.0,Trump 1.0
Atlanta,2018-05-01,60,41.0,Trump 1.0
Atlanta,2018-05-02,60,41.0,Trump 1.0
Atlanta,2018-05-03,49,42.0,Trump 1.0
Atlanta,2018-05-04,45,43.0,Trump 1.0
Atlanta,2018-05-05,9,43.0,Trump 1.0
Atlanta,2018-05-06,33,44.0,Trump 1.0
Atlanta,2018-05-07,35,42.0,Trump 1.0
Atlanta,2018-05-08,52,40.0,Trump 1.0
Atlanta,2018-05-09,57,40.0,Trump 1.0
Atlanta,2018-05-10,49,40.0,Trump 1.0
Atlanta,2018-05-11,42,40.0,Trump 1.0
Atlanta,2018-05-12,12,40.0,Trump 1.0
Atlanta,2018-05-13,12,37.0,Trump 1.0
Atlanta,2018-05-14,47,39.0,Trump 1.0
Atlanta,2018-05-15,58,40.0,Trump 1.0
Atlanta,2018-05-16,41,37.0,Trump 1.0
Atlanta,2018-05-17,41,36.0,Trump 1.0
Atlanta,2018-05-18,40,36.0,Trump 1.0
Atlanta,2018-05-19,11,36.0,Trump 1.0
Atlanta,2018-05-20,21,37.0,Trump 1.0
Atlanta,2018-05-21,62,39.0,Trump 1.0
Atlanta,2018-05-22,42,37.0,Trump 1.0
Atlanta,2018-05-23,55,39.0,Trump 1.0
Atlanta,2018-05-24,45,39.0,Trump 1.0
Atlanta,2018-05-25,37,39.0,Trump 1.0
Atlanta,2018-05-26,13,39.0,Trump 1.0
Atlanta,2018-05-27,23,40.0,Trump 1.0
Atlanta,2018-05-28,20,34.0,Trump 1.0
Atlanta,2018-05-29,50,35.0,Trump 1.0
Atlanta,2018-05-30,60,35.0,Trump 1.0
Atlanta,2018-05-31,47,36.0,Trump 1.0
Atlanta,2018-06-01,42,36.0,Trump 1.0
Atlanta,2018-06-02,10,36.0,Trump 1.0
Atlanta,2018-06-03,24,36.0,Trump 1.0
Atlanta,2018-06-04,52,41.0,Trump 1.0
Atlanta,2018-06-05,47,40.0,Trump 1.0
Atlanta,2018-06-06,68,41.0,Trump 1.0
Atlanta,2018-06-07,46,41.0,Trump 1.0
Atlanta,2018-06-08,34,40.0,Trump 1.0
Atlanta,2018-06-09,13,41.0,Trump 1.0
Atlanta,2018-06-10,17,40.0,Trump 1.0
Atlanta,2018-06-11,51,39.0,Trump 1.0
Atlanta,2018-06-12,40,38.0,Trump 1.0
Atlanta,2018-06-13,55,37.0,Trump 1.0
Atlanta,2018-06-14,57,38.0,Trump 1.0
Atlanta,2018-06-15,28,37.0,Trump 1.0
Atlanta,2018-06-16,11,37.0,Trump 1.0
Atlanta,2018-06-17,15,37.0,Trump 1.0
Atlanta,2018-06-18,49,36.0,Trump 1.0
Atlanta,2018-06-19,47,37.0,Trump 1.0
Atlanta,2018-06-20,49,37.0,Trump 1.0
Atlanta,2018-06-21,46,35.0,Trump 1.0
Atlanta,2018-06-22,34,36.0,Trump 1.0
Atlanta,2018-06-23,14,36.0,Trump 1.0
Atlanta,2018-06-24,14,36.0,Trump 1.0
Atlanta,2018-06-25,42,35.0,Trump 1.0
Atlanta,2018-06-26,52,36.0,Trump 1.0
Atlanta,2018-06-27,47,36.0,Trump 1.0
Atlanta,2018-06-28,55,37.0,Trump 1.0
Atlanta,2018-06-29,39,38.0,Trump 1.0
Atlanta,2018-06-30,6,36.0,Trump 1.0
Atlanta,2018-07-01,25,38.0,Trump 1.0
Atlanta,2018-07-02,36,37.0,Trump 1.0
Atlanta,2018-07-03,32,34.0,Trump 1.0
Atlanta,2018-07-04,11,29.0,Trump 1.0
Atlanta,2018-07-05,47,28.0,Trump 1.0
Atlanta,2018-07-06,40,28.0,Trump 1.0
Atlanta,2018-07-07,9,29.0,Trump 1.0
Atlanta,2018-07-08,15,27.0,Trump 1.0
Atlanta,2018-07-09,71,32.0,Trump 1.0
Atlanta,2018-07-10,49,35.0,Trump 1.0
Atlanta,2018-07-11,49,40.0,Trump 1.0
Atlanta,2018-07-12,59,42.0,Trump 1.0
Atlanta,2018-07-13,43,42.0,Trump 1.0
Atlanta,2018-07-14,10,42.0,Trump 1.0
Atlanta,2018-07-15,30,44.0,Trump 1.0
Atlanta,2018-07-16,48,41.0,Trump 1.0
Atlanta,2018-07-17,70,44.0,Trump 1.0
Atlanta,2018-07-18,44,43.0,Trump 1.0
Atlanta,2018-07-19,50,42.0,Trump 1.0
Atlanta,2018-07-20,42,42.0,Trump 1.0
Atlanta,2018-07-21,4,41.0,Trump 1.0
Atlanta,2018-07-22,9,38.0,Trump 1.0
Atlanta,2018-07-23,56,39.0,Trump 1.0
Atlanta,2018-07-24,36,34.0,Trump 1.0
Atlanta,2018-07-25,42,34.0,Trump 1.0
Atlanta,2018-07-26,39,33.0,Trump 1.0
Atlanta,2018-07-27,45,33.0,Trump 1.0
Atlanta,2018-07-28,8,34.0,Trump 1.0
Atlanta,2018-07-29,9,34.0,Trump 1.0
Atlanta,2018-07-30,54,33.0,Trump 1.0
Atlanta,2018-07-31,47,35.0,Trump 1.0
Atlanta,2018-08-01,40,35.0,Trump 1.0
Atlanta,2018-08-02,44,35.0,Trump 1.0
Atlanta,2018-08-03,37,34.0,Trump 1.0
Atlanta,2018-08-04,12,35.0,Trump 1.0
Atlanta,2018-08-05,18,36.0,Trump 1.0
Atlanta,2018-08-06,52,36.0,Trump 1.0
Atlanta,2018-08-07,54,37.0,Trump 1.0
Atlanta,2018-08-08,53,39.0,Trump 1.0
Atlanta,2018-08-09,69,42.0,Trump 1.0
Atlanta,2018-08-10,48,44.0,Trump 1.0
Atlanta,2018-08-11,14,44.0,Trump 1.0
Atlanta,2018-08-12,14,43.0,Trump 1.0
Atlanta,2018-08-13,65,45.0,Trump 1.0
Atlanta,2018-08-14,65,47.0,Trump 1.0
Atlanta,2018-08-15,61,48.0,Trump 1.0
Atlanta,2018-08-16,45,45.0,Trump 1.0
Atlanta,2018-08-17,48,45.0,Trump 1.0
Atlanta,2018-08-18,15,45.0,Trump 1.0
Atlanta,2018-08-19,17,45.0,Trump 1.0
Atlanta,2018-08-20,63,45.0,Trump 1.0
Atlanta,2018-08-21,46,42.0,Trump 1.0
Atlanta,2018-08-22,49,40.0,Trump 1.0
Atlanta,2018-08-23,54,42.0,Trump 1.0
Atlanta,2018-08-24,36,40.0,Trump 1.0
Atlanta,2018-08-25,21,41.0,Trump 1.0
Atlanta,2018-08-26,28,42.0,Trump 1.0
Atlanta,2018-08-27,54,41.0,Trump 1.0
Atlanta,2018-08-28,59,43.0,Trump 1.0
Atlanta,2018-08-29,48,43.0,Trump 1.0
Atlanta,2018-08-30,40,41.0,Trump 1.0
Atlanta,2018-08-31,46,42.0,Trump 1.0
Atlanta,2018-09-01,23,43.0,Trump 1.0
Atlanta,2018-09-02,18,41.0,Trump 1.0
Atlanta,2018-09-03,14,35.0,Trump 1.0
Atlanta,2018-09-04,51,34.0,Trump 1.0
Atlanta,2018-09-05,55,35.0,Trump 1.0
Atlanta,2018-09-06,57,38.0,Trump 1.0
Atlanta,2018-09-07,37,36.0,Trump 1.0
Atlanta,2018-09-08,11,35.0,Trump 1.0
Atlanta,2018-09-09,24,36.0,Trump 1.0
Atlanta,2018-09-10,55,41.0,Trump 1.0
Atlanta,2018-09-11,42,40.0,Trump 1.0
Atlanta,2018-09-12,53,40.0,Trump 1.0
Atlanta,2018-09-13,31,36.0,Trump 1.0
Atlanta,2018-09-14,18,33.0,Trump 1.0
Atlanta,2018-09-15,8,33.0,Trump 1.0
Atlanta,2018-09-16,17,32.0,Trump 1.0
Atlanta,2018-09-17,41,30.0,Trump 1.0
Atlanta,2018-09-18,44,30.0,Trump 1.0
Atlanta,2018-09-19,54,30.0,Trump 1.0
Atlanta,2018-09-20,51,33.0,Trump 1.0
Atlanta,2018-09-21,58,39.0,Trump 1.0
Atlanta,2018-09-22,5,39.0,Trump 1.0
Atlanta,2018-09-23,17,39.0,Trump 1.0
Atlanta,2018-09-24,51,40.0,Trump 1.0
Atlanta,2018-09-25,48,41.0,Trump 1.0
Atlanta,2018-09-26,50,40.0,Trump 1.0
Atlanta,2018-09-27,36,38.0,Trump 1.0
Atlanta,2018-09-28,42,36.0,Trump 1.0
Atlanta,2018-09-29,18,37.0,Trump 1.0
Atlanta,2018-09-30,22,38.0,Trump 1.0
Baltimore,2015-10-01,4,31.0,Trump 1.0
Baltimore,2015-10-02,4,25.0,Trump 1.0
Baltimore,2015-10-05,4,19.0,Trump 1.0
Baltimore,2015-10-06,4,14.0,Trump 1.0
Baltimore,2015-10-07,7,9.0,Trump 1.0
Baltimore,2015-10-08,2,7.0,Trump 1.0
Baltimore,2015-10-09,3,4.0,Trump 1.0
Baltimore,2015-10-13,3,4.0,Trump 1.0
Baltimore,2015-10-14,3,4.0,Trump 1.0
Baltimore,2015-10-15,4,4.0,Trump 1.0
Baltimore,2015-10-16,2,3.0,Trump 1.0
Baltimore,2015-10-19,1,3.0,Trump 1.0
Baltimore,2015-10-20,3,3.0,Trump 1.0
Baltimore,2015-10-21,3,3.0,Trump 1.0
Baltimore,2015-10-22,7,3.0,Trump 1.0
Baltimore,2015-10-23,3,3.0,Trump 1.0
Baltimore,2015-10-24,2,3.0,Trump 1.0
Baltimore,2015-10-26,3,3.0,Trump 1.0
Baltimore,2015-10-27,7,4.0,Trump 1.0
Baltimore,2015-10-28,3,4.0,Trump 1.0
Baltimore,2015-10-29,4,4.0,Trump 1.0
Baltimore,2015-10-30,4,4.0,Trump 1.0
Baltimore,2015-11-02,6,4.0,Trump 1.0
Baltimore,2015-11-03,4,4.0,Trump 1.0
Baltimore,2015-11-04,8,5.0,Trump 1.0
Baltimore,2015-11-05,6,5.0,Trump 1.0
Baltimore,2015-11-06,3,5.0,Trump 1.0
Baltimore,2015-11-09,4,5.0,Trump 1.0
Baltimore,2015-11-10,11,6.0,Trump 1.0
Baltimore,2015-11-11,5,6.0,Trump 1.0
Baltimore,2015-11-12,5,6.0,Trump 1.0
Baltimore,2015-11-13,4,5.0,Trump 1.0
Baltimore,2015-11-16,4,5.0,Trump 1.0
Baltimore,2015-11-17,4,5.0,Trump 1.0
Baltimore,2015-11-18,10,6.0,Trump 1.0
Baltimore,2015-11-19,8,6.0,Trump 1.0
Baltimore,2015-11-20,2,5.0,Trump 1.0
Baltimore,2015-11-23,1,5.0,Trump 1.0
Baltimore,2015-11-24,6,5.0,Trump 1.0
Baltimore,2015-11-25,1,5.0,Trump 1.0
Baltimore,2015-11-27,2,4.0,Trump 1.0
Baltimore,2015-11-30,4,3.0,Trump 1.0
Baltimore,2015-12-01,3,3.0,Trump 1.0
Baltimore,2015-12-02,7,3.0,Trump 1.0
Baltimore,2015-12-03,7,4.0,Trump 1.0
Baltimore,2015-12-04,3,4.0,Trump 1.0
Baltimore,2015-12-07,4,4.0,Trump 1.0
Baltimore,2015-12-08,5,5.0,Trump 1.0
Baltimore,2015-12-09,3,5.0,Trump 1.0
Baltimore,2015-12-10,5,5.0,Trump 1.0
Baltimore,2015-12-11,4,4.0,Trump 1.0
Baltimore,2015-12-14,6,4.0,Trump 1.0
Baltimore,2015-12-15,7,5.0,Trump 1.0
Baltimore,2015-12-16,2,5.0,Trump 1.0
Baltimore,2015-12-17,6,5.0,Trump 1.0
Baltimore,2015-12-18,1,4.0,Trump 1.0
Baltimore,2015-12-21,7,5.0,Trump 1.0
Baltimore,2015-12-22,1,4.0,Trump 1.0
Baltimore,2015-12-23,1,4.0,Trump 1.0
Baltimore,2015-12-28,2,3.0,Trump 1.0
Baltimore,2015-12-29,4,3.0,Trump 1.0
Baltimore,2015-12-30,6,3.0,Trump 1.0
Baltimore,2015-12-31,1,3.0,Trump 1.0
Baltimore,2016-01-02,2,2.0,Trump 1.0
Baltimore,2016-01-04,1,2.0,Trump 1.0
Baltimore,2016-01-05,8,3.0,Trump 1.0
Baltimore,2016-01-06,6,4.0,Trump 1.0
Baltimore,2016-01-07,7,4.0,Trump 1.0
Baltimore,2016-01-08,3,4.0,Trump 1.0
Baltimore,2016-01-10,1,4.0,Trump 1.0
Baltimore,2016-01-11,4,4.0,Trump 1.0
Baltimore,2016-01-12,2,4.0,Trump 1.0
Baltimore,2016-01-13,6,4.0,Trump 1.0
Baltimore,2016-01-14,4,4.0,Trump 1.0
Baltimore,2016-01-15,6,4.0,Trump 1.0
Baltimore,2016-01-16,1,3.0,Trump 1.0
Baltimore,2016-01-19,5,4.0,Trump 1.0
Baltimore,2016-01-20,2,4.0,Trump 1.0
Baltimore,2016-01-21,4,4.0,Trump 1.0
Baltimore,2016-01-22,4,4.0,Trump 1.0
Baltimore,2016-01-26,1,3.0,Trump 1.0
Baltimore,2016-01-27,2,3.0,Trump 1.0
Baltimore,2016-01-28,2,3.0,Trump 1.0
Baltimore,2016-01-29,2,2.0,Trump 1.0
Baltimore,2016-02-01,3,3.0,Trump 1.0
Baltimore,2016-02-02,3,2.0,Trump 1.0
Baltimore,2016-02-03,2,2.0,Trump 1.0
Baltimore,2016-02-04,8,3.0,Trump 1.0
Baltimore,2016-02-05,3,3.0,Trump 1.0
Baltimore,2016-02-08,1,3.0,Trump 1.0
Baltimore,2016-02-09,4,3.0,Trump 1.0
Baltimore,2016-02-10,1,3.0,Trump 1.0
Baltimore,2016-02-11,1,3.0,Trump 1.0
Baltimore,2016-02-12,5,3.0,Trump 1.0
Baltimore,2016-02-16,2,2.0,Trump 1.0
Baltimore,2016-02-17,4,3.0,Trump 1.0
Baltimore,2016-02-18,5,3.0,Trump 1.0
Baltimore,2016-02-19,3,3.0,Trump 1.0
Baltimore,2016-02-22,5,4.0,Trump 1.0
Baltimore,2016-02-23,4,4.0,Trump 1.0
Baltimore,2016-02-24,3,4.0,Trump 1.0
Baltimore,2016-02-25,6,4.0,Trump 1.0
Baltimore,2016-02-26,6,5.0,Trump 1.0
Baltimore,2016-02-28,6,5.0,Trump 1.0
Baltimore,2016-02-29,4,5.0,Trump 1.0
Baltimore,2016-03-01,5,5.0,Trump 1.0
Baltimore,2016-03-02,9,6.0,Trump 1.0
Baltimore,2016-03-03,6,6.0,Trump 1.0
Baltimore,2016-03-04,8,6.0,Trump 1.0
Baltimore,2016-03-05,1,6.0,Trump 1.0
Baltimore,2016-03-07,4,5.0,Trump 1.0
Baltimore,2016-03-08,7,6.0,Trump 1.0
Baltimore,2016-03-09,7,6.0,Trump 1.0
Baltimore,2016-03-10,6,6.0,Trump 1.0
Baltimore,2016-03-11,3,5.0,Trump 1.0
Baltimore,2016-03-12,10,5.0,Trump 1.0
Baltimore,2016-03-13,1,5.0,Trump 1.0
Baltimore,2016-03-14,4,5.0,Trump 1.0
Baltimore,2016-03-15,11,6.0,Trump 1.0
Baltimore,2016-03-16,5,6.0,Trump 1.0
Baltimore,2016-03-17,6,6.0,Trump 1.0
Baltimore,2016-03-18,7,6.0,Trump 1.0
Baltimore,2016-03-21,3,5.0,Trump 1.0
Baltimore,2016-03-22,5,6.0,Trump 1.0
Baltimore,2016-03-23,6,6.0,Trump 1.0
Baltimore,2016-03-24,7,6.0,Trump 1.0
Baltimore,2016-03-25,4,5.0,Trump 1.0
Baltimore,2016-03-26,1,5.0,Trump 1.0
Baltimore,2016-03-28,1,4.0,Trump 1.0
Baltimore,2016-03-29,4,4.0,Trump 1.0
Baltimore,2016-03-30,5,4.0,Trump 1.0
Baltimore,2016-03-31,2,3.0,Trump 1.0
Baltimore,2016-04-01,1,3.0,Trump 1.0
Baltimore,2016-04-04,7,3.0,Trump 1.0
Baltimore,2016-04-05,7,4.0,Trump 1.0
Baltimore,2016-04-06,3,4.0,Trump 1.0
Baltimore,2016-04-07,3,4.0,Trump 1.0
Baltimore,2016-04-08,11,5.0,Trump 1.0
Baltimore,2016-04-09,1,5.0,Trump 1.0
Baltimore,2016-04-10,1,5.0,Trump 1.0
Baltimore,2016-04-11,2,4.0,Trump 1.0
Baltimore,2016-04-12,10,4.0,Trump 1.0
Baltimore,2016-04-13,2,4.0,Trump 1.0
Baltimore,2016-04-14,12,6.0,Trump 1.0
Baltimore,2016-04-15,6,5.0,Trump 1.0
Baltimore,2016-04-17,1,5.0,Trump 1.0
Baltimore,2016-04-18,6,6.0,Trump 1.0
Baltimore,2016-04-19,6,6.0,Trump 1.0
Baltimore,2016-04-20,2,5.0,Trump 1.0
Baltimore,2016-04-21,9,6.0,Trump 1.0
Baltimore,2016-04-22,3,5.0,Trump 1.0
Baltimore,2016-04-24,1,4.0,Trump 1.0
Baltimore,2016-04-25,4,4.0,Trump 1.0
Baltimore,2016-04-26,6,4.0,Trump 1.0
Baltimore,2016-04-27,5,4.0,Trump 1.0
Baltimore,2016-04-28,2,4.0,Trump 1.0
Baltimore,2016-04-29,4,4.0,Trump 1.0
Baltimore,2016-05-02,3,4.0,Trump 1.0
Baltimore,2016-05-03,3,4.0,Trump 1.0
Baltimore,2016-05-04,6,4.0,Trump 1.0
Baltimore,2016-05-05,5,4.0,Trump 1.0
Baltimore,2016-05-06,2,4.0,Trump 1.0
Baltimore,2016-05-07,1,3.0,Trump 1.0
Baltimore,2016-05-09,8,4.0,Trump 1.0
Baltimore,2016-05-10,3,4.0,Trump 1.0
Baltimore,2016-05-11,3,4.0,Trump 1.0
Baltimore,2016-05-12,5,4.0,Trump 1.0
Baltimore,2016-05-13,4,4.0,Trump 1.0
Baltimore,2016-05-16,3,4.0,Trump 1.0
Baltimore,2016-05-17,3,4.0,Trump 1.0
Baltimore,2016-05-18,5,4.0,Trump 1.0
Baltimore,2016-05-19,7,4.0,Trump 1.0
Baltimore,2016-05-20,3,4.0,Trump 1.0
Baltimore,2016-05-23,5,4.0,Trump 1.0
Baltimore,2016-05-24,3,4.0,Trump 1.0
Baltimore,2016-05-25,3,4.0,Trump 1.0
Baltimore,2016-05-26,8,5.0,Trump 1.0
Baltimore,2016-05-29,1,4.0,Trump 1.0
Baltimore,2016-05-30,1,3.0,Trump 1.0
Baltimore,2016-05-31,8,4.0,Trump 1.0
Baltimore,2016-06-01,3,4.0,Trump 1.0
Baltimore,2016-06-02,3,4.0,Trump 1.0
Baltimore,2016-06-03,8,5.0,Trump 1.0
Baltimore,2016-06-06,6,4.0,Trump 1.0
Baltimore,2016-06-07,7,5.0,Trump 1.0
Baltimore,2016-06-08,4,6.0,Trump 1.0
Baltimore,2016-06-09,5,5.0,Trump 1.0
Baltimore,2016-06-10,6,6.0,Trump 1.0
Baltimore,2016-06-13,5,6.0,Trump 1.0
Baltimore,2016-06-14,3,5.0,Trump 1.0
Baltimore,2016-06-15,1,4.0,Trump 1.0
Baltimore,2016-06-16,3,4.0,Trump 1.0
Baltimore,2016-06-17,3,4.0,Trump 1.0
Baltimore,2016-06-20,3,3.0,Trump 1.0
Baltimore,2016-06-21,2,3.0,Trump 1.0
Baltimore,2016-06-22,3,3.0,Trump 1.0
Baltimore,2016-06-23,3,3.0,Trump 1.0
Baltimore,2016-06-24,2,3.0,Trump 1.0
Baltimore,2016-06-27,4,3.0,Trump 1.0
Baltimore,2016-06-28,5,3.0,Trump 1.0
Baltimore,2016-06-29,3,3.0,Trump 1.0
Baltimore,2016-06-30,4,3.0,Trump 1.0
Baltimore,2016-07-01,6,4.0,Trump 1.0
Baltimore,2016-07-04,1,4.0,Trump 1.0
Baltimore,2016-07-05,5,4.0,Trump 1.0
Baltimore,2016-07-06,6,4.0,Trump 1.0
Baltimore,2016-07-07,4,4.0,Trump 1.0
Baltimore,2016-07-08,1,4.0,Trump 1.0
Baltimore,2016-07-11,6,4.0,Trump 1.0
Baltimore,2016-07-12,5,4.0,Trump 1.0
Baltimore,2016-07-13,1,4.0,Trump 1.0
Baltimore,2016-07-14,2,4.0,Trump 1.0
Baltimore,2016-07-15,7,4.0,Trump 1.0
Baltimore,2016-07-18,4,4.0,Trump 1.0
Baltimore,2016-07-19,2,4.0,Trump 1.0
Baltimore,2016-07-20,7,4.0,Trump 1.0
Baltimore,2016-07-21,5,4.0,Trump 1.0
Baltimore,2016-07-22,3,4.0,Trump 1.0
Baltimore,2016-07-25,2,4.0,Trump 1.0
Baltimore,2016-07-26,7,4.0,Trump 1.0
Baltimore,2016-07-27,4,4.0,Trump 1.0
Baltimore,2016-07-28,8,5.0,Trump 1.0
Baltimore,2016-07-29,3,5.0,Trump 1.0
Baltimore,2016-08-01,5,5.0,Trump 1.0
Baltimore,2016-08-02,7,5.0,Trump 1.0
Baltimore,2016-08-03,5,6.0,Trump 1.0
Baltimore,2016-08-04,2,5.0,Trump 1.0
Baltimore,2016-08-05,4,5.0,Trump 1.0
Baltimore,2016-08-08,9,5.0,Trump 1.0
Baltimore,2016-08-09,2,5.0,Trump 1.0
Baltimore,2016-08-10,2,4.0,Trump 1.0
Baltimore,2016-08-11,4,4.0,Trump 1.0
Baltimore,2016-08-12,9,5.0,Trump 1.0
Baltimore,2016-08-13,2,5.0,Trump 1.0
Baltimore,2016-08-15,7,5.0,Trump 1.0
Baltimore,2016-08-16,8,5.0,Trump 1.0
Baltimore,2016-08-17,14,7.0,Trump 1.0
Baltimore,2016-08-18,10,8.0,Trump 1.0
Baltimore,2016-08-19,4,8.0,Trump 1.0
Baltimore,2016-08-22,3,7.0,Trump 1.0
Baltimore,2016-08-23,9,8.0,Trump 1.0
Baltimore,2016-08-24,7,8.0,Trump 1.0
Baltimore,2016-08-25,6,8.0,Trump 1.0
Baltimore,2016-08-26,4,6.0,Trump 1.0
Baltimore,2016-08-28,1,5.0,Trump 1.0
Baltimore,2016-08-29,4,5.0,Trump 1.0
Baltimore,2016-08-30,5,5.0,Trump 1.0
Baltimore,2016-08-31,6,5.0,Trump 1.0
Baltimore,2016-09-01,8,5.0,Trump 1.0
Baltimore,2016-09-02,3,4.0,Trump 1.0
Baltimore,2016-09-06,2,4.0,Trump 1.0
Baltimore,2016-09-07,6,5.0,Trump 1.0
Baltimore,2016-09-08,7,5.0,Trump 1.0
Baltimore,2016-09-09,4,5.0,Trump 1.0
Baltimore,2016-09-12,3,5.0,Trump 1.0
Baltimore,2016-09-13,2,4.0,Trump 1.0
Baltimore,2016-09-14,2,4.0,Trump 1.0
Baltimore,2016-09-15,6,4.0,Trump 1.0
Baltimore,2016-09-16,2,4.0,Trump 1.0
Baltimore,2016-09-19,6,4.0,Trump 1.0
Baltimore,2016-09-20,5,4.0,Trump 1.0
Baltimore,2016-09-21,5,4.0,Trump 1.0
Baltimore,2016-09-22,5,4.0,Trump 1.0
Baltimore,2016-09-23,1,4.0,Trump 1.0
Baltimore,2016-09-26,6,4.0,Trump 1.0
Baltimore,2016-09-27,2,4.0,Trump 1.0
Baltimore,2016-09-28,4,4.0,Trump 1.0
Baltimore,2016-09-29,4,4.0,Trump 1.0
Baltimore,2016-09-30,3,4.0,Trump 1.0
Baltimore,2016-10-01,1,3.0,Trump 1.0
Baltimore,2016-10-02,2,3.0,Trump 1.0
Baltimore,2016-10-03,4,3.0,Trump 1.0
Baltimore,2016-10-04,10,4.0,Trump 1.0
Baltimore,2016-10-05,3,4.0,Trump 1.0
Baltimore,2016-10-06,3,4.0,Trump 1.0
Baltimore,2016-10-07,8,4.0,Trump 1.0
Baltimore,2016-10-11,4,5.0,Trump 1.0
Baltimore,2016-10-12,4,5.0,Trump 1.0
Baltimore,2016-10-13,6,5.0,Trump 1.0
Baltimore,2016-10-14,1,4.0,Trump 1.0
Baltimore,2016-10-17,7,5.0,Trump 1.0
Baltimore,2016-10-18,8,5.0,Trump 1.0
Baltimore,2016-10-19,5,5.0,Trump 1.0
Baltimore,2016-10-20,8,6.0,Trump 1.0
Baltimore,2016-10-21,5,6.0,Trump 1.0
Baltimore,2016-10-24,11,6.0,Trump 1.0
Baltimore,2016-10-25,3,7.0,Trump 1.0
Baltimore,2016-10-26,2,6.0,Trump 1.0
Baltimore,2016-10-27,4,5.0,Trump 1.0
Baltimore,2016-10-28,4,5.0,Trump 1.0
Baltimore,2016-10-29,1,4.0,Trump 1.0
Baltimore,2016-10-31,8,5.0,Trump 1.0
Baltimore,2016-11-01,6,4.0,Trump 1.0
Baltimore,2016-11-02,1,4.0,Trump 1.0
Baltimore,2016-11-03,5,4.0,Trump 1.0
Baltimore,2016-11-04,1,4.0,Trump 1.0
Baltimore,2016-11-05,1,3.0,Trump 1.0
Baltimore,2016-11-07,6,4.0,Trump 1.0
Baltimore,2016-11-08,3,3.0,Trump 1.0
Baltimore,2016-11-09,3,3.0,Trump 1.0
Baltimore,2016-11-10,10,4.0,Trump 1.0
Baltimore,2016-11-14,5,4.0,Trump 1.0
Baltimore,2016-11-15,8,5.0,Trump 1.0
Baltimore,2016-11-16,7,6.0,Trump 1.0
Baltimore,2016-11-17,3,6.0,Trump 1.0
Baltimore,2016-11-18,9,6.0,Trump 1.0
Baltimore,2016-11-21,3,6.0,Trump 1.0
Baltimore,2016-11-22,8,6.0,Trump 1.0
Baltimore,2016-11-23,3,6.0,Trump 1.0
Baltimore,2016-11-28,9,6.0,Trump 1.0
Baltimore,2016-11-29,6,6.0,Trump 1.0
Baltimore,2016-11-30,1,6.0,Trump 1.0
Baltimore,2016-12-01,4,5.0,Trump 1.0
Baltimore,2016-12-02,4,5.0,Trump 1.0
Baltimore,2016-12-05,7,5.0,Trump 1.0
Baltimore,2016-12-06,5,5.0,Trump 1.0
Baltimore,2016-12-07,4,4.0,Trump 1.0
Baltimore,2016-12-08,3,4.0,Trump 1.0
Baltimore,2016-12-09,3,4.0,Trump 1.0
Baltimore,2016-12-12,6,5.0,Trump 1.0
Baltimore,2016-12-13,4,5.0,Trump 1.0
Baltimore,2016-12-14,8,5.0,Trump 1.0
Baltimore,2016-12-15,9,5.0,Trump 1.0
Baltimore,2016-12-16,11,6.0,Trump 1.0
Baltimore,2016-12-19,4,6.0,Trump 1.0
Baltimore,2016-12-20,6,7.0,Trump 1.0
Baltimore,2016-12-21,5,7.0,Trump 1.0
Baltimore,2016-12-22,8,7.0,Trump 1.0
Baltimore,2016-12-23,3,7.0,Trump 1.0
Baltimore,2016-12-27,3,6.0,Trump 1.0
Baltimore,2016-12-28,2,4.0,Trump 1.0
Baltimore,2016-12-29,3,4.0,Trump 1.0
Baltimore,2016-12-30,3,4.0,Trump 1.0
Baltimore,2017-01-03,2,3.0,Trump 1.0
Baltimore,2017-01-04,3,3.0,Trump 1.0
Baltimore,2017-01-05,7,3.0,Trump 1.0
Baltimore,2017-01-06,6,4.0,Trump 1.0
Baltimore,2017-01-09,8,5.0,Trump 1.0
Baltimore,2017-01-10,9,5.0,Trump 1.0
Baltimore,2017-01-11,6,6.0,Trump 1.0
Baltimore,2017-01-12,9,7.0,Trump 1.0
Baltimore,2017-01-13,8,8.0,Trump 1.0
Baltimore,2017-01-17,3,7.0,Trump 1.0
Baltimore,2017-01-18,5,7.0,Trump 1.0
Baltimore,2017-01-19,4,6.0,Trump 1.0
Baltimore,2017-01-20,5,6.0,Trump 1.0
Baltimore,2017-01-21,1,5.0,Trump 1.0
Baltimore,2017-01-23,4,4.0,Trump 1.0
Baltimore,2017-01-24,7,4.0,Trump 1.0
Baltimore,2017-01-25,10,5.0,Trump 1.0
Baltimore,2017-01-26,11,6.0,Trump 1.0
Baltimore,2017-01-27,5,6.0,Trump 1.0
Baltimore,2017-01-30,8,7.0,Trump 1.0
Baltimore,2017-01-31,13,8.0,Trump 1.0
Baltimore,2017-02-01,11,9.0,Trump 1.0
Baltimore,2017-02-02,9,10.0,Trump 1.0
Baltimore,2017-02-03,6,9.0,Trump 1.0
Baltimore,2017-02-04,1,8.0,Trump 1.0
Baltimore,2017-02-06,7,8.0,Trump 1.0
Baltimore,2017-02-07,6,8.0,Trump 1.0
Baltimore,2017-02-08,13,8.0,Trump 1.0
Baltimore,2017-02-09,7,7.0,Trump 1.0
Baltimore,2017-02-10,6,7.0,Trump 1.0
Baltimore,2017-02-13,4,6.0,Trump 1.0
Baltimore,2017-02-14,4,7.0,Trump 1.0
Baltimore,2017-02-15,12,7.0,Trump 1.0
Baltimore,2017-02-16,4,7.0,Trump 1.0
Baltimore,2017-02-17,4,6.0,Trump 1.0
Baltimore,2017-02-18,1,5.0,Trump 1.0
Baltimore,2017-02-21,10,6.0,Trump 1.0
Baltimore,2017-02-22,6,6.0,Trump 1.0
Baltimore,2017-02-23,6,6.0,Trump 1.0
Baltimore,2017-02-24,11,6.0,Trump 1.0
Baltimore,2017-02-25,1,6.0,Trump 1.0
Baltimore,2017-02-27,6,6.0,Trump 1.0
Baltimore,2017-02-28,7,7.0,Trump 1.0
Baltimore,2017-03-01,11,7.0,Trump 1.0
Baltimore,2017-03-02,3,6.0,Trump 1.0
Baltimore,2017-03-06,9,7.0,Trump 1.0
Baltimore,2017-03-07,9,7.0,Trump 1.0
Baltimore,2017-03-08,5,7.0,Trump 1.0
Baltimore,2017-03-09,7,7.0,Trump 1.0
Baltimore,2017-03-10,8,7.0,Trump 1.0
Baltimore,2017-03-13,6,7.0,Trump 1.0
Baltimore,2017-03-15,6,7.0,Trump 1.0
Baltimore,2017-03-16,2,6.0,Trump 1.0
Baltimore,2017-03-17,8,6.0,Trump 1.0
Baltimore,2017-03-20,8,6.0,Trump 1.0
Baltimore,2017-03-21,9,7.0,Trump 1.0
Baltimore,2017-03-22,6,6.0,Trump 1.0
Baltimore,2017-03-23,6,6.0,Trump 1.0
Baltimore,2017-03-24,6,6.0,Trump 1.0
Baltimore,2017-03-26,14,8.0,Trump 1.0
Baltimore,2017-03-27,6,8.0,Trump 1.0
Baltimore,2017-03-28,6,8.0,Trump 1.0
Baltimore,2017-03-29,4,7.0,Trump 1.0
Baltimore,2017-03-30,4,7.0,Trump 1.0
Baltimore,2017-03-31,5,6.0,Trump 1.0
Baltimore,2017-04-02,1,6.0,Trump 1.0
Baltimore,2017-04-03,4,4.0,Trump 1.0
Baltimore,2017-04-04,3,4.0,Trump 1.0
Baltimore,2017-04-05,2,3.0,Trump 1.0
Baltimore,2017-04-06,10,4.0,Trump 1.0
Baltimore,2017-04-07,5,4.0,Trump 1.0
Baltimore,2017-04-10,6,4.0,Trump 1.0
Baltimore,2017-04-11,4,5.0,Trump 1.0
Baltimore,2017-04-12,8,5.0,Trump 1.0
Baltimore,2017-04-13,2,5.0,Trump 1.0
Baltimore,2017-04-14,4,6.0,Trump 1.0
Baltimore,2017-04-17,5,5.0,Trump 1.0
Baltimore,2017-04-18,5,5.0,Trump 1.0
Baltimore,2017-04-19,6,5.0,Trump 1.0
Baltimore,2017-04-20,5,5.0,Trump 1.0
Baltimore,2017-04-21,2,4.0,Trump 1.0
Baltimore,2017-04-24,4,4.0,Trump 1.0
Baltimore,2017-04-25,8,5.0,Trump 1.0
Baltimore,2017-04-26,3,5.0,Trump 1.0
Baltimore,2017-04-27,10,5.0,Trump 1.0
Baltimore,2017-04-28,5,5.0,Trump 1.0
Baltimore,2017-04-29,1,5.0,Trump 1.0
Baltimore,2017-05-01,6,5.0,Trump 1.0
Baltimore,2017-05-02,5,5.0,Trump 1.0
Baltimore,2017-05-03,11,6.0,Trump 1.0
Baltimore,2017-05-04,2,6.0,Trump 1.0
Baltimore,2017-05-05,3,5.0,Trump 1.0
Baltimore,2017-05-08,5,5.0,Trump 1.0
Baltimore,2017-05-09,8,6.0,Trump 1.0
Baltimore,2017-05-10,8,6.0,Trump 1.0
Baltimore,2017-05-11,5,6.0,Trump 1.0
Baltimore,2017-05-12,2,5.0,Trump 1.0
Baltimore,2017-05-15,3,5.0,Trump 1.0
Baltimore,2017-05-16,3,5.0,Trump 1.0
Baltimore,2017-05-17,12,6.0,Trump 1.0
Baltimore,2017-05-18,7,6.0,Trump 1.0
Baltimore,2017-05-19,6,5.0,Trump 1.0
Baltimore,2017-05-21,10,6.0,Trump 1.0
Baltimore,2017-05-22,13,8.0,Trump 1.0
Baltimore,2017-05-23,10,9.0,Trump 1.0
Baltimore,2017-05-24,19,11.0,Trump 1.0
Baltimore,2017-05-25,11,11.0,Trump 1.0
Baltimore,2017-05-26,2,10.0,Trump 1.0
Baltimore,2017-05-30,7,10.0,Trump 1.0
Baltimore,2017-05-31,7,10.0,Trump 1.0
Baltimore,2017-06-01,11,10.0,Trump 1.0
Baltimore,2017-06-02,8,9.0,Trump 1.0
Baltimore,2017-06-05,4,7.0,Trump 1.0
Baltimore,2017-06-06,6,6.0,Trump 1.0
Baltimore,2017-06-07,9,7.0,Trump 1.0
Baltimore,2017-06-08,9,8.0,Trump 1.0
Baltimore,2017-06-09,6,8.0,Trump 1.0
Baltimore,2017-06-11,1,6.0,Trump 1.0
Baltimore,2017-06-12,7,6.0,Trump 1.0
Baltimore,2017-06-13,6,6.0,Trump 1.0
Baltimore,2017-06-14,4,6.0,Trump 1.0
Baltimore,2017-06-15,5,5.0,Trump 1.0
Baltimore,2017-06-16,8,5.0,Trump 1.0
Baltimore,2017-06-18,1,5.0,Trump 1.0
Baltimore,2017-06-19,7,5.0,Trump 1.0
Baltimore,2017-06-20,6,5.0,Trump 1.0
Baltimore,2017-06-21,4,5.0,Trump 1.0
Baltimore,2017-06-22,5,5.0,Trump 1.0
Baltimore,2017-06-23,3,5.0,Trump 1.0
Baltimore,2017-06-24,1,4.0,Trump 1.0
Baltimore,2017-06-26,4,4.0,Trump 1.0
Baltimore,2017-06-27,13,5.0,Trump 1.0
Baltimore,2017-06-28,6,5.0,Trump 1.0
Baltimore,2017-06-29,3,5.0,Trump 1.0
Baltimore,2017-06-30,9,6.0,Trump 1.0
Baltimore,2017-07-03,2,5.0,Trump 1.0
Baltimore,2017-07-05,8,6.0,Trump 1.0
Baltimore,2017-07-06,4,6.0,Trump 1.0
Baltimore,2017-07-07,5,5.0,Trump 1.0
Baltimore,2017-07-10,6,5.0,Trump 1.0
Baltimore,2017-07-11,6,6.0,Trump 1.0
Baltimore,2017-07-12,3,5.0,Trump 1.0
Baltimore,2017-07-13,7,6.0,Trump 1.0
Baltimore,2017-07-14,4,5.0,Trump 1.0
Baltimore,2017-07-17,8,6.0,Trump 1.0
Baltimore,2017-07-18,5,6.0,Trump 1.0
Baltimore,2017-07-19,9,6.0,Trump 1.0
Baltimore,2017-07-20,7,6.0,Trump 1.0
Baltimore,2017-07-21,4,6.0,Trump 1.0
Baltimore,2017-07-23,8,6.0,Trump 1.0
Baltimore,2017-07-24,9,7.0,Trump 1.0
Baltimore,2017-07-25,17,8.0,Trump 1.0
Baltimore,2017-07-26,4,8.0,Trump 1.0
Baltimore,2017-07-27,8,8.0,Trump 1.0
Baltimore,2017-07-28,8,8.0,Trump 1.0
Baltimore,2017-07-29,2,8.0,Trump 1.0
Baltimore,2017-07-31,4,7.0,Trump 1.0
Baltimore,2017-08-01,4,7.0,Trump 1.0
Baltimore,2017-08-02,3,5.0,Trump 1.0
Baltimore,2017-08-03,13,6.0,Trump 1.0
Baltimore,2017-08-04,13,7.0,Trump 1.0
Baltimore,2017-08-07,7,7.0,Trump 1.0
Baltimore,2017-08-08,8,7.0,Trump 1.0
Baltimore,2017-08-09,9,8.0,Trump 1.0
Baltimore,2017-08-10,7,9.0,Trump 1.0
Baltimore,2017-08-11,6,9.0,Trump 1.0
Baltimore,2017-08-14,4,8.0,Trump 1.0
Baltimore,2017-08-15,2,6.0,Trump 1.0
Baltimore,2017-08-16,6,6.0,Trump 1.0
Baltimore,2017-08-17,4,5.0,Trump 1.0
Baltimore,2017-08-18,4,5.0,Trump 1.0
Baltimore,2017-08-20,3,4.0,Trump 1.0
Baltimore,2017-08-21,5,4.0,Trump 1.0
Baltimore,2017-08-22,11,5.0,Trump 1.0
Baltimore,2017-08-23,12,6.0,Trump 1.0
Baltimore,2017-08-24,5,6.0,Trump 1.0
Baltimore,2017-08-25,7,7.0,Trump 1.0
Baltimore,2017-08-28,6,7.0,Trump 1.0
Baltimore,2017-08-29,3,7.0,Trump 1.0
Baltimore,2017-08-30,4,7.0,Trump 1.0
Baltimore,2017-08-31,5,6.0,Trump 1.0
Baltimore,2017-09-01,12,6.0,Trump 1.0
Baltimore,2017-09-03,1,5.0,Trump 1.0
Baltimore,2017-09-04,1,5.0,Trump 1.0
Baltimore,2017-09-05,7,5.0,Trump 1.0
Baltimore,2017-09-06,5,5.0,Trump 1.0
Baltimore,2017-09-07,9,6.0,Trump 1.0
Baltimore,2017-09-08,4,6.0,Trump 1.0
Baltimore,2017-09-09,1,4.0,Trump 1.0
Baltimore,2017-09-11,8,5.0,Trump 1.0
Baltimore,2017-09-12,9,6.0,Trump 1.0
Baltimore,2017-09-13,7,6.0,Trump 1.0
Baltimore,2017-09-14,9,7.0,Trump 1.0
Baltimore,2017-09-15,6,6.0,Trump 1.0
Baltimore,2017-09-17,1,6.0,Trump 1.0
Baltimore,2017-09-18,2,6.0,Trump 1.0
Baltimore,2017-09-19,4,5.0,Trump 1.0
Baltimore,2017-09-20,6,5.0,Trump 1.0
Baltimore,2017-09-21,5,5.0,Trump 1.0
Baltimore,2017-09-22,3,4.0,Trump 1.0
Baltimore,2017-09-24,8,4.0,Trump 1.0
Baltimore,2017-09-25,9,5.0,Trump 1.0
Baltimore,2017-09-26,6,6.0,Trump 1.0
Baltimore,2017-09-27,11,7.0,Trump 1.0
Baltimore,2017-09-28,9,7.0,Trump 1.0
Baltimore,2017-09-29,5,7.0,Trump 1.0
Baltimore,2017-10-02,7,8.0,Trump 1.0
Baltimore,2017-10-03,3,7.0,Trump 1.0
Baltimore,2017-10-04,8,7.0,Trump 1.0
Baltimore,2017-10-05,4,7.0,Trump 1.0
Baltimore,2017-10-06,12,7.0,Trump 1.0
Baltimore,2017-10-07,1,6.0,Trump 1.0
Baltimore,2017-10-08,1,5.0,Trump 1.0
Baltimore,2017-10-09,1,4.0,Trump 1.0
Baltimore,2017-10-10,9,5.0,Trump 1.0
Baltimore,2017-10-11,9,5.0,Trump 1.0
Baltimore,2017-10-12,6,6.0,Trump 1.0
Baltimore,2017-10-13,5,5.0,Trump 1.0
Baltimore,2017-10-14,1,5.0,Trump 1.0
Baltimore,2017-10-16,7,5.0,Trump 1.0
Baltimore,2017-10-17,4,6.0,Trump 1.0
Baltimore,2017-10-18,4,5.0,Trump 1.0
Baltimore,2017-10-19,5,5.0,Trump 1.0
Baltimore,2017-10-20,7,5.0,Trump 1.0
Baltimore,2017-10-23,4,5.0,Trump 1.0
Baltimore,2017-10-24,6,5.0,Trump 1.0
Baltimore,2017-10-25,7,5.0,Trump 1.0
Baltimore,2017-10-26,9,6.0,Trump 1.0
Baltimore,2017-10-27,2,6.0,Trump 1.0
Baltimore,2017-10-28,1,5.0,Trump 1.0
Baltimore,2017-10-30,13,6.0,Trump 1.0
Baltimore,2017-10-31,9,7.0,Trump 1.0
Baltimore,2017-11-01,10,7.0,Trump 1.0
Baltimore,2017-11-02,14,8.0,Trump 1.0
Baltimore,2017-11-03,9,8.0,Trump 1.0
Baltimore,2017-11-06,4,9.0,Trump 1.0
Baltimore,2017-11-07,9,10.0,Trump 1.0
Baltimore,2017-11-08,5,9.0,Trump 1.0
Baltimore,2017-11-09,6,8.0,Trump 1.0
Baltimore,2017-11-13,5,7.0,Trump 1.0
Baltimore,2017-11-14,8,7.0,Trump 1.0
Baltimore,2017-11-15,4,6.0,Trump 1.0
Baltimore,2017-11-16,8,6.0,Trump 1.0
Baltimore,2017-11-17,3,6.0,Trump 1.0
Baltimore,2017-11-20,7,6.0,Trump 1.0
Baltimore,2017-11-21,7,6.0,Trump 1.0
Baltimore,2017-11-22,6,6.0,Trump 1.0
Baltimore,2017-11-24,2,5.0,Trump 1.0
Baltimore,2017-11-25,1,5.0,Trump 1.0
Baltimore,2017-11-27,2,4.0,Trump 1.0
Baltimore,2017-11-28,6,4.0,Trump 1.0
Baltimore,2017-11-29,4,4.0,Trump 1.0
Baltimore,2017-11-30,8,4.0,Trump 1.0
Baltimore,2017-12-01,7,4.0,Trump 1.0
Baltimore,2017-12-04,8,5.0,Trump 1.0
Baltimore,2017-12-05,9,6.0,Trump 1.0
Baltimore,2017-12-06,5,7.0,Trump 1.0
Baltimore,2017-12-07,7,7.0,Trump 1.0
Baltimore,2017-12-08,5,7.0,Trump 1.0
Baltimore,2017-12-11,9,7.0,Trump 1.0
Baltimore,2017-12-12,12,8.0,Trump 1.0
Baltimore,2017-12-13,5,7.0,Trump 1.0
Baltimore,2017-12-14,4,7.0,Trump 1.0
Baltimore,2017-12-15,6,7.0,Trump 1.0
Baltimore,2017-12-17,1,6.0,Trump 1.0
Baltimore,2017-12-18,5,6.0,Trump 1.0
Baltimore,2017-12-19,8,6.0,Trump 1.0
Baltimore,2017-12-20,10,6.0,Trump 1.0
Baltimore,2017-12-21,2,5.0,Trump 1.0
Baltimore,2017-12-22,4,5.0,Trump 1.0
Baltimore,2017-12-26,5,5.0,Trump 1.0
Baltimore,2017-12-27,3,5.0,Trump 1.0
Baltimore,2017-12-28,4,5.0,Trump 1.0
Baltimore,2017-12-29,5,5.0,Trump 1.0
Baltimore,2017-12-30,2,4.0,Trump 1.0
Baltimore,2018-01-02,11,5.0,Trump 1.0
Baltimore,2018-01-03,7,5.0,Trump 1.0
Baltimore,2018-01-04,6,5.0,Trump 1.0
Baltimore,2018-01-05,2,5.0,Trump 1.0
Baltimore,2018-01-08,6,6.0,Trump 1.0
Baltimore,2018-01-09,2,5.0,Trump 1.0
Baltimore,2018-01-10,3,5.0,Trump 1.0
Baltimore,2018-01-11,9,5.0,Trump 1.0
Baltimore,2018-01-12,5,5.0,Trump 1.0
Baltimore,2018-01-16,5,5.0,Trump 1.0
Baltimore,2018-01-17,11,6.0,Trump 1.0
Baltimore,2018-01-18,3,5.0,Trump 1.0
Baltimore,2018-01-19,6,6.0,Trump 1.0
Baltimore,2018-01-22,10,7.0,Trump 1.0
Baltimore,2018-01-23,6,7.0,Trump 1.0
Baltimore,2018-01-24,11,7.0,Trump 1.0
Baltimore,2018-01-25,12,8.0,Trump 1.0
Baltimore,2018-01-26,3,7.0,Trump 1.0
Baltimore,2018-01-29,8,8.0,Trump 1.0
Baltimore,2018-01-30,7,8.0,Trump 1.0
Baltimore,2018-01-31,7,8.0,Trump 1.0
Baltimore,2018-02-01,7,8.0,Trump 1.0
Baltimore,2018-02-02,2,7.0,Trump 1.0
Baltimore,2018-02-05,7,6.0,Trump 1.0
Baltimore,2018-02-06,2,6.0,Trump 1.0
Baltimore,2018-02-07,5,5.0,Trump 1.0
Baltimore,2018-02-08,7,5.0,Trump 1.0
Baltimore,2018-02-09,8,5.0,Trump 1.0
Baltimore,2018-02-12,12,6.0,Trump 1.0
Baltimore,2018-02-13,6,7.0,Trump 1.0
Baltimore,2018-02-14,5,6.0,Trump 1.0
Baltimore,2018-02-15,7,7.0,Trump 1.0
Baltimore,2018-02-16,10,8.0,Trump 1.0
Baltimore,2018-02-18,1,7.0,Trump 1.0
Baltimore,2018-02-20,6,7.0,Trump 1.0
Baltimore,2018-02-21,4,6.0,Trump 1.0
Baltimore,2018-02-22,4,5.0,Trump 1.0
Baltimore,2018-02-23,7,6.0,Trump 1.0
Baltimore,2018-02-26,10,6.0,Trump 1.0
Baltimore,2018-02-27,12,6.0,Trump 1.0
Baltimore,2018-02-28,6,7.0,Trump 1.0
Baltimore,2018-03-01,9,7.0,Trump 1.0
Baltimore,2018-03-02,3,7.0,Trump 1.0
Baltimore,2018-03-05,10,8.0,Trump 1.0
Baltimore,2018-03-06,16,9.0,Trump 1.0
Baltimore,2018-03-07,4,9.0,Trump 1.0
Baltimore,2018-03-08,2,7.0,Trump 1.0
Baltimore,2018-03-09,20,9.0,Trump 1.0
Baltimore,2018-03-12,7,9.0,Trump 1.0
Baltimore,2018-03-13,5,9.0,Trump 1.0
Baltimore,2018-03-14,4,8.0,Trump 1.0
Baltimore,2018-03-15,6,7.0,Trump 1.0
Baltimore,2018-03-16,5,7.0,Trump 1.0
Baltimore,2018-03-19,4,7.0,Trump 1.0
Baltimore,2018-03-20,3,5.0,Trump 1.0
Baltimore,2018-03-21,1,4.0,Trump 1.0
Baltimore,2018-03-22,3,4.0,Trump 1.0
Baltimore,2018-03-23,12,5.0,Trump 1.0
Baltimore,2018-03-25,2,4.0,Trump 1.0
Baltimore,2018-03-26,4,4.0,Trump 1.0
Baltimore,2018-03-27,4,4.0,Trump 1.0
Baltimore,2018-03-28,1,4.0,Trump 1.0
Baltimore,2018-03-29,7,5.0,Trump 1.0
Baltimore,2018-03-30,8,5.0,Trump 1.0
Baltimore,2018-03-31,1,4.0,Trump 1.0
Baltimore,2018-04-02,8,5.0,Trump 1.0
Baltimore,2018-04-03,2,4.0,Trump 1.0
Baltimore,2018-04-04,5,5.0,Trump 1.0
Baltimore,2018-04-05,9,6.0,Trump 1.0
Baltimore,2018-04-06,8,6.0,Trump 1.0
Baltimore,2018-04-09,6,6.0,Trump 1.0
Baltimore,2018-04-10,7,6.0,Trump 1.0
Baltimore,2018-04-11,9,7.0,Trump 1.0
Baltimore,2018-04-12,3,7.0,Trump 1.0
Baltimore,2018-04-13,10,7.0,Trump 1.0
Baltimore,2018-04-16,7,7.0,Trump 1.0
Baltimore,2018-04-17,3,6.0,Trump 1.0
Baltimore,2018-04-18,3,6.0,Trump 1.0
Baltimore,2018-04-19,5,6.0,Trump 1.0
Baltimore,2018-04-20,4,5.0,Trump 1.0
Baltimore,2018-04-23,7,6.0,Trump 1.0
Baltimore,2018-04-24,5,5.0,Trump 1.0
Baltimore,2018-04-25,12,6.0,Trump 1.0
Baltimore,2018-04-26,5,6.0,Trump 1.0
Baltimore,2018-04-27,6,6.0,Trump 1.0
Baltimore,2018-04-30,3,6.0,Trump 1.0
Baltimore,2018-05-01,7,6.0,Trump 1.0
Baltimore,2018-05-02,13,7.0,Trump 1.0
Baltimore,2018-05-03,9,8.0,Trump 1.0
Baltimore,2018-05-04,5,7.0,Trump 1.0
Baltimore,2018-05-05,3,7.0,Trump 1.0
Baltimore,2018-05-07,4,6.0,Trump 1.0
Baltimore,2018-05-08,8,7.0,Trump 1.0
Baltimore,2018-05-09,7,7.0,Trump 1.0
Baltimore,2018-05-10,11,7.0,Trump 1.0
Baltimore,2018-05-11,4,6.0,Trump 1.0
Baltimore,2018-05-14,5,6.0,Trump 1.0
Baltimore,2018-05-15,7,7.0,Trump 1.0
Baltimore,2018-05-16,11,8.0,Trump 1.0
Baltimore,2018-05-17,10,8.0,Trump 1.0
Baltimore,2018-05-18,4,7.0,Trump 1.0
Baltimore,2018-05-19,1,6.0,Trump 1.0
Baltimore,2018-05-21,6,6.0,Trump 1.0
Baltimore,2018-05-22,10,7.0,Trump 1.0
Baltimore,2018-05-23,8,7.0,Trump 1.0
Baltimore,2018-05-24,7,7.0,Trump 1.0
Baltimore,2018-05-25,7,6.0,Trump 1.0
Baltimore,2018-05-29,9,7.0,Trump 1.0
Baltimore,2018-05-30,7,8.0,Trump 1.0
Baltimore,2018-05-31,7,8.0,Trump 1.0
Baltimore,2018-06-01,2,7.0,Trump 1.0
Baltimore,2018-06-04,8,7.0,Trump 1.0
Baltimore,2018-06-05,7,7.0,Trump 1.0
Baltimore,2018-06-06,1,6.0,Trump 1.0
Baltimore,2018-06-07,9,6.0,Trump 1.0
Baltimore,2018-06-08,4,5.0,Trump 1.0
Baltimore,2018-06-10,1,5.0,Trump 1.0
Baltimore,2018-06-11,6,5.0,Trump 1.0
Baltimore,2018-06-12,4,5.0,Trump 1.0
Baltimore,2018-06-13,15,6.0,Trump 1.0
Baltimore,2018-06-14,2,6.0,Trump 1.0
Baltimore,2018-06-15,4,5.0,Trump 1.0
Baltimore,2018-06-18,3,5.0,Trump 1.0
Baltimore,2018-06-19,7,6.0,Trump 1.0
Baltimore,2018-06-20,4,6.0,Trump 1.0
Baltimore,2018-06-21,1,5.0,Trump 1.0
Baltimore,2018-06-22,7,4.0,Trump 1.0
Baltimore,2018-06-24,1,4.0,Trump 1.0
Baltimore,2018-06-25,7,4.0,Trump 1.0
Baltimore,2018-06-26,4,4.0,Trump 1.0
Baltimore,2018-06-27,11,5.0,Trump 1.0
Baltimore,2018-06-28,9,6.0,Trump 1.0
Baltimore,2018-06-29,3,6.0,Trump 1.0
Baltimore,2018-07-02,8,6.0,Trump 1.0
Baltimore,2018-07-03,9,7.0,Trump 1.0
Baltimore,2018-07-05,6,7.0,Trump 1.0
Baltimore,2018-07-06,2,7.0,Trump 1.0
Baltimore,2018-07-09,5,6.0,Trump 1.0
Baltimore,2018-07-10,7,6.0,Trump 1.0
Baltimore,2018-07-11,6,6.0,Trump 1.0
Baltimore,2018-07-12,11,7.0,Trump 1.0
Baltimore,2018-07-13,3,6.0,Trump 1.0
Baltimore,2018-07-16,8,6.0,Trump 1.0
Baltimore,2018-07-17,9,7.0,Trump 1.0
Baltimore,2018-07-18,4,7.0,Trump 1.0
Baltimore,2018-07-19,7,7.0,Trump 1.0
Baltimore,2018-07-20,4,7.0,Trump 1.0
Baltimore,2018-07-21,2,5.0,Trump 1.0
Baltimore,2018-07-23,12,7.0,Trump 1.0
Baltimore,2018-07-24,6,6.0,Trump 1.0
Baltimore,2018-07-25,5,6.0,Trump 1.0
Baltimore,2018-07-26,10,7.0,Trump 1.0
Baltimore,2018-07-27,10,7.0,Trump 1.0
Baltimore,2018-07-30,10,8.0,Trump 1.0
Baltimore,2018-07-31,7,9.0,Trump 1.0
Baltimore,2018-08-01,2,7.0,Trump 1.0
Baltimore,2018-08-02,6,7.0,Trump 1.0
Baltimore,2018-08-03,2,7.0,Trump 1.0
Baltimore,2018-08-06,3,6.0,Trump 1.0
Baltimore,2018-08-07,9,6.0,Trump 1.0
Baltimore,2018-08-08,4,5.0,Trump 1.0
Baltimore,2018-08-09,10,5.0,Trump 1.0
Baltimore,2018-08-10,4,5.0,Trump 1.0
Baltimore,2018-08-13,12,6.0,Trump 1.0
Baltimore,2018-08-14,3,6.0,Trump 1.0
Baltimore,2018-08-15,8,7.0,Trump 1.0
Baltimore,2018-08-16,9,7.0,Trump 1.0
Baltimore,2018-08-17,6,7.0,Trump 1.0
Baltimore,2018-08-20,3,6.0,Trump 1.0
Baltimore,2018-08-21,8,7.0,Trump 1.0
Baltimore,2018-08-22,5,6.0,Trump 1.0
Baltimore,2018-08-23,3,6.0,Trump 1.0
Baltimore,2018-08-24,7,6.0,Trump 1.0
Baltimore,2018-08-27,5,5.0,Trump 1.0
Baltimore,2018-08-28,11,6.0,Trump 1.0
Baltimore,2018-08-29,3,6.0,Trump 1.0
Baltimore,2018-08-30,4,5.0,Trump 1.0
Baltimore,2018-08-31,4,5.0,Trump 1.0
Baltimore,2018-09-01,2,5.0,Trump 1.0
Baltimore,2018-09-04,11,6.0,Trump 1.0
Baltimore,2018-09-05,11,7.0,Trump 1.0
Baltimore,2018-09-06,6,6.0,Trump 1.0
Baltimore,2018-09-07,8,7.0,Trump 1.0
Baltimore,2018-09-10,5,7.0,Trump 1.0
Baltimore,2018-09-11,3,7.0,Trump 1.0
Baltimore,2018-09-12,9,8.0,Trump 1.0
Baltimore,2018-09-13,8,7.0,Trump 1.0
Baltimore,2018-09-14,3,6.0,Trump 1.0
Baltimore,2018-09-17,7,6.0,Trump 1.0
Baltimore,2018-09-18,9,6.0,Trump 1.0
Baltimore,2018-09-19,4,6.0,Trump 1.0
Baltimore,2018-09-20,5,6.0,Trump 1.0
Baltimore,2018-09-21,3,6.0,Trump 1.0
Baltimore,2018-09-24,5,5.0,Trump 1.0
Baltimore,2018-09-25,6,6.0,Trump 1.0
Baltimore,2018-09-26,5,5.0,Trump 1.0
Baltimore,2018-09-27,2,4.0,Trump 1.0
Baltimore,2018-09-28,4,4.0,Trump 1.0
Boston,2015-10-01,4,4.0,Trump 1.0
Boston,2015-10-02,3,4.0,Trump 1.0
Boston,2015-10-05,4,4.0,Trump 1.0
Boston,2015-10-06,6,4.0,Trump 1.0
Boston,2015-10-07,2,4.0,Trump 1.0
Boston,2015-10-08,4,4.0,Trump 1.0
Boston,2015-10-09,6,4.0,Trump 1.0
Boston,2015-10-13,3,4.0,Trump 1.0
Boston,2015-10-14,4,4.0,Trump 1.0
Boston,2015-10-15,6,4.0,Trump 1.0
Boston,2015-10-16,5,4.0,Trump 1.0
Boston,2015-10-19,6,5.0,Trump 1.0
Boston,2015-10-20,6,5.0,Trump 1.0
Boston,2015-10-21,5,5.0,Trump 1.0
Boston,2015-10-22,6,5.0,Trump 1.0
Boston,2015-10-23,6,6.0,Trump 1.0
Boston,2015-10-26,2,5.0,Trump 1.0
Boston,2015-10-27,6,5.0,Trump 1.0
Boston,2015-10-28,3,5.0,Trump 1.0
Boston,2015-10-29,4,5.0,Trump 1.0
Boston,2015-10-30,10,5.0,Trump 1.0
Boston,2015-10-31,1,5.0,Trump 1.0
Boston,2015-11-01,1,4.0,Trump 1.0
Boston,2015-11-02,4,4.0,Trump 1.0
Boston,2015-11-03,7,4.0,Trump 1.0
Boston,2015-11-04,2,4.0,Trump 1.0
Boston,2015-11-05,15,6.0,Trump 1.0
Boston,2015-11-06,9,6.0,Trump 1.0
Boston,2015-11-07,1,6.0,Trump 1.0
Boston,2015-11-08,1,6.0,Trump 1.0
Boston,2015-11-09,8,6.0,Trump 1.0
Boston,2015-11-10,7,6.0,Trump 1.0
Boston,2015-11-11,5,7.0,Trump 1.0
Boston,2015-11-12,8,6.0,Trump 1.0
Boston,2015-11-13,8,5.0,Trump 1.0
Boston,2015-11-14,1,5.0,Trump 1.0
Boston,2015-11-15,2,6.0,Trump 1.0
Boston,2015-11-16,10,6.0,Trump 1.0
Boston,2015-11-17,8,6.0,Trump 1.0
Boston,2015-11-18,7,6.0,Trump 1.0
Boston,2015-11-19,7,6.0,Trump 1.0
Boston,2015-11-20,10,6.0,Trump 1.0
Boston,2015-11-22,1,6.0,Trump 1.0
Boston,2015-11-23,11,8.0,Trump 1.0
Boston,2015-11-24,9,8.0,Trump 1.0
Boston,2015-11-25,2,7.0,Trump 1.0
Boston,2015-11-27,3,6.0,Trump 1.0
Boston,2015-11-29,1,5.0,Trump 1.0
Boston,2015-11-30,7,5.0,Trump 1.0
Boston,2015-12-01,13,7.0,Trump 1.0
Boston,2015-12-02,3,5.0,Trump 1.0
Boston,2015-12-03,7,5.0,Trump 1.0
Boston,2015-12-04,7,6.0,Trump 1.0
Boston,2015-12-06,1,6.0,Trump 1.0
Boston,2015-12-07,13,7.0,Trump 1.0
Boston,2015-12-08,6,7.0,Trump 1.0
Boston,2015-12-09,5,6.0,Trump 1.0
Boston,2015-12-10,5,6.0,Trump 1.0
Boston,2015-12-11,4,6.0,Trump 1.0
Boston,2015-12-13,3,5.0,Trump 1.0
Boston,2015-12-14,9,6.0,Trump 1.0
Boston,2015-12-15,7,6.0,Trump 1.0
Boston,2015-12-16,11,6.0,Trump 1.0
Boston,2015-12-17,3,6.0,Trump 1.0
Boston,2015-12-18,7,6.0,Trump 1.0
Boston,2015-12-21,5,6.0,Trump 1.0
Boston,2015-12-22,6,7.0,Trump 1.0
Boston,2015-12-23,5,6.0,Trump 1.0
Boston,2015-12-24,6,6.0,Trump 1.0
Boston,2015-12-29,6,5.0,Trump 1.0
Boston,2015-12-30,3,5.0,Trump 1.0
Boston,2015-12-31,8,6.0,Trump 1.0
Boston,2016-01-04,9,6.0,Trump 1.0
Boston,2016-01-05,4,6.0,Trump 1.0
Boston,2016-01-06,6,6.0,Trump 1.0
Boston,2016-01-07,5,6.0,Trump 1.0
Boston,2016-01-08,5,6.0,Trump 1.0
Boston,2016-01-10,1,5.0,Trump 1.0
Boston,2016-01-11,3,5.0,Trump 1.0
Boston,2016-01-12,10,5.0,Trump 1.0
Boston,2016-01-13,3,5.0,Trump 1.0
Boston,2016-01-14,7,5.0,Trump 1.0
Boston,2016-01-15,6,5.0,Trump 1.0
Boston,2016-01-19,7,5.0,Trump 1.0
Boston,2016-01-20,8,6.0,Trump 1.0
Boston,2016-01-21,4,6.0,Trump 1.0
Boston,2016-01-22,6,6.0,Trump 1.0
Boston,2016-01-24,1,6.0,Trump 1.0
Boston,2016-01-25,5,5.0,Trump 1.0
Boston,2016-01-26,5,5.0,Trump 1.0
Boston,2016-01-27,7,5.0,Trump 1.0
Boston,2016-01-28,7,5.0,Trump 1.0
Boston,2016-01-29,8,6.0,Trump 1.0
Boston,2016-01-31,1,5.0,Trump 1.0
Boston,2016-02-01,6,6.0,Trump 1.0
Boston,2016-02-02,19,8.0,Trump 1.0
Boston,2016-02-03,7,8.0,Trump 1.0
Boston,2016-02-04,5,8.0,Trump 1.0
Boston,2016-02-05,3,7.0,Trump 1.0
Boston,2016-02-07,1,6.0,Trump 1.0
Boston,2016-02-09,9,7.0,Trump 1.0
Boston,2016-02-10,7,7.0,Trump 1.0
Boston,2016-02-11,6,5.0,Trump 1.0
Boston,2016-02-12,9,6.0,Trump 1.0
Boston,2016-02-15,2,5.0,Trump 1.0
Boston,2016-02-16,6,6.0,Trump 1.0
Boston,2016-02-17,5,6.0,Trump 1.0
Boston,2016-02-18,4,6.0,Trump 1.0
Boston,2016-02-19,6,5.0,Trump 1.0
Boston,2016-02-20,1,5.0,Trump 1.0
Boston,2016-02-21,3,4.0,Trump 1.0
Boston,2016-02-22,4,4.0,Trump 1.0
Boston,2016-02-23,7,4.0,Trump 1.0
Boston,2016-02-24,4,4.0,Trump 1.0
Boston,2016-02-25,3,4.0,Trump 1.0
Boston,2016-02-26,5,4.0,Trump 1.0
Boston,2016-02-27,1,4.0,Trump 1.0
Boston,2016-02-28,5,4.0,Trump 1.0
Boston,2016-02-29,6,4.0,Trump 1.0
Boston,2016-03-01,10,5.0,Trump 1.0
Boston,2016-03-02,5,5.0,Trump 1.0
Boston,2016-03-03,5,5.0,Trump 1.0
Boston,2016-03-04,4,5.0,Trump 1.0
Boston,2016-03-07,6,6.0,Trump 1.0
Boston,2016-03-08,8,6.0,Trump 1.0
Boston,2016-03-09,5,6.0,Trump 1.0
Boston,2016-03-10,4,5.0,Trump 1.0
Boston,2016-03-11,4,5.0,Trump 1.0
Boston,2016-03-14,2,5.0,Trump 1.0
Boston,2016-03-15,6,5.0,Trump 1.0
Boston,2016-03-16,11,6.0,Trump 1.0
Boston,2016-03-17,6,5.0,Trump 1.0
Boston,2016-03-18,9,6.0,Trump 1.0
Boston,2016-03-20,1,6.0,Trump 1.0
Boston,2016-03-21,2,5.0,Trump 1.0
Boston,2016-03-22,7,6.0,Trump 1.0
Boston,2016-03-23,8,6.0,Trump 1.0
Boston,2016-03-24,8,6.0,Trump 1.0
Boston,2016-03-25,11,7.0,Trump 1.0
Boston,2016-03-28,9,7.0,Trump 1.0
Boston,2016-03-29,7,7.0,Trump 1.0
Boston,2016-03-30,10,9.0,Trump 1.0
Boston,2016-03-31,7,9.0,Trump 1.0
Boston,2016-04-01,9,9.0,Trump 1.0
Boston,2016-04-04,3,8.0,Trump 1.0
Boston,2016-04-05,11,8.0,Trump 1.0
Boston,2016-04-06,5,7.0,Trump 1.0
Boston,2016-04-07,4,7.0,Trump 1.0
Boston,2016-04-08,14,8.0,Trump 1.0
Boston,2016-04-10,16,9.0,Trump 1.0
Boston,2016-04-11,26,11.0,Trump 1.0
Boston,2016-04-12,14,13.0,Trump 1.0
Boston,2016-04-13,15,13.0,Trump 1.0
Boston,2016-04-14,9,14.0,Trump 1.0
Boston,2016-04-15,3,14.0,Trump 1.0
Boston,2016-04-18,4,12.0,Trump 1.0
Boston,2016-04-19,2,10.0,Trump 1.0
Boston,2016-04-20,5,7.0,Trump 1.0
Boston,2016-04-21,11,7.0,Trump 1.0
Boston,2016-04-22,10,6.0,Trump 1.0
Boston,2016-04-23,3,5.0,Trump 1.0
Boston,2016-04-25,10,6.0,Trump 1.0
Boston,2016-04-26,7,7.0,Trump 1.0
Boston,2016-04-27,8,8.0,Trump 1.0
Boston,2016-04-28,10,8.0,Trump 1.0
Boston,2016-04-29,11,8.0,Trump 1.0
Boston,2016-05-02,5,8.0,Trump 1.0
Boston,2016-05-03,4,8.0,Trump 1.0
Boston,2016-05-04,8,8.0,Trump 1.0
Boston,2016-05-05,10,8.0,Trump 1.0
Boston,2016-05-06,5,8.0,Trump 1.0
Boston,2016-05-08,1,6.0,Trump 1.0
Boston,2016-05-09,6,6.0,Trump 1.0
Boston,2016-05-10,7,6.0,Trump 1.0
Boston,2016-05-11,6,6.0,Trump 1.0
Boston,2016-05-12,9,6.0,Trump 1.0
Boston,2016-05-13,7,6.0,Trump 1.0
Boston,2016-05-16,10,7.0,Trump 1.0
Boston,2016-05-17,5,7.0,Trump 1.0
Boston,2016-05-18,7,7.0,Trump 1.0
Boston,2016-05-19,13,8.0,Trump 1.0
Boston,2016-05-20,7,8.0,Trump 1.0
Boston,2016-05-22,1,7.0,Trump 1.0
Boston,2016-05-23,8,7.0,Trump 1.0
Boston,2016-05-24,1,6.0,Trump 1.0
Boston,2016-05-25,9,7.0,Trump 1.0
Boston,2016-05-26,11,7.0,Trump 1.0
Boston,2016-05-27,6,6.0,Trump 1.0
Boston,2016-05-29,1,5.0,Trump 1.0
Boston,2016-05-30,1,5.0,Trump 1.0
Boston,2016-05-31,6,5.0,Trump 1.0
Boston,2016-06-01,5,6.0,Trump 1.0
Boston,2016-06-02,9,6.0,Trump 1.0
Boston,2016-06-03,5,5.0,Trump 1.0
Boston,2016-06-05,2,4.0,Trump 1.0
Boston,2016-06-06,9,5.0,Trump 1.0
Boston,2016-06-07,9,6.0,Trump 1.0
Boston,2016-06-08,7,7.0,Trump 1.0
Boston,2016-06-09,6,7.0,Trump 1.0
Boston,2016-06-10,7,6.0,Trump 1.0
Boston,2016-06-13,8,7.0,Trump 1.0
Boston,2016-06-14,9,8.0,Trump 1.0
Boston,2016-06-15,7,8.0,Trump 1.0
Boston,2016-06-16,7,7.0,Trump 1.0
Boston,2016-06-17,5,7.0,Trump 1.0
Boston,2016-06-20,2,6.0,Trump 1.0
Boston,2016-06-21,5,6.0,Trump 1.0
Boston,2016-06-22,5,6.0,Trump 1.0
Boston,2016-06-23,4,5.0,Trump 1.0
Boston,2016-06-24,9,5.0,Trump 1.0
Boston,2016-06-27,6,5.0,Trump 1.0
Boston,2016-06-28,11,6.0,Trump 1.0
Boston,2016-06-29,8,7.0,Trump 1.0
Boston,2016-06-30,10,8.0,Trump 1.0
Boston,2016-07-01,8,8.0,Trump 1.0
Boston,2016-07-05,3,8.0,Trump 1.0
Boston,2016-07-06,7,8.0,Trump 1.0
Boston,2016-07-07,6,8.0,Trump 1.0
Boston,2016-07-08,7,7.0,Trump 1.0
Boston,2016-07-11,10,7.0,Trump 1.0
Boston,2016-07-12,8,7.0,Trump 1.0
Boston,2016-07-13,12,8.0,Trump 1.0
Boston,2016-07-14,6,8.0,Trump 1.0
Boston,2016-07-15,12,9.0,Trump 1.0
Boston,2016-07-17,3,8.0,Trump 1.0
Boston,2016-07-18,6,8.0,Trump 1.0
Boston,2016-07-19,6,8.0,Trump 1.0
Boston,2016-07-20,1,7.0,Trump 1.0
Boston,2016-07-21,4,5.0,Trump 1.0
Boston,2016-07-22,7,6.0,Trump 1.0
Boston,2016-07-24,1,4.0,Trump 1.0
Boston,2016-07-25,4,4.0,Trump 1.0
Boston,2016-07-26,4,4.0,Trump 1.0
Boston,2016-07-27,8,4.0,Trump 1.0
Boston,2016-07-28,4,5.0,Trump 1.0
Boston,2016-07-29,11,6.0,Trump 1.0
Boston,2016-07-31,1,5.0,Trump 1.0
Boston,2016-08-01,7,6.0,Trump 1.0
Boston,2016-08-02,7,6.0,Trump 1.0
Boston,2016-08-03,3,6.0,Trump 1.0
Boston,2016-08-04,5,5.0,Trump 1.0
Boston,2016-08-05,4,5.0,Trump 1.0
Boston,2016-08-07,8,5.0,Trump 1.0
Boston,2016-08-08,19,8.0,Trump 1.0
Boston,2016-08-09,21,10.0,Trump 1.0
Boston,2016-08-10,18,11.0,Trump 1.0
Boston,2016-08-11,14,13.0,Trump 1.0
Boston,2016-08-12,10,13.0,Trump 1.0
Boston,2016-08-15,2,13.0,Trump 1.0
Boston,2016-08-16,3,12.0,Trump 1.0
Boston,2016-08-17,6,11.0,Trump 1.0
Boston,2016-08-18,8,9.0,Trump 1.0
Boston,2016-08-19,7,7.0,Trump 1.0
Boston,2016-08-22,9,6.0,Trump 1.0
Boston,2016-08-23,9,6.0,Trump 1.0
Boston,2016-08-24,9,7.0,Trump 1.0
Boston,2016-08-25,9,8.0,Trump 1.0
Boston,2016-08-26,5,8.0,Trump 1.0
Boston,2016-08-29,6,8.0,Trump 1.0
Boston,2016-08-30,7,8.0,Trump 1.0
Boston,2016-08-31,3,7.0,Trump 1.0
Boston,2016-09-01,7,7.0,Trump 1.0
Boston,2016-09-02,7,6.0,Trump 1.0
Boston,2016-09-06,12,7.0,Trump 1.0
Boston,2016-09-07,3,6.0,Trump 1.0
Boston,2016-09-08,10,7.0,Trump 1.0
Boston,2016-09-09,8,7.0,Trump 1.0
Boston,2016-09-12,4,7.0,Trump 1.0
Boston,2016-09-13,10,8.0,Trump 1.0
Boston,2016-09-14,5,7.0,Trump 1.0
Boston,2016-09-16,8,7.0,Trump 1.0
Boston,2016-09-18,1,7.0,Trump 1.0
Boston,2016-09-19,6,6.0,Trump 1.0
Boston,2016-09-20,6,6.0,Trump 1.0
Boston,2016-09-21,5,6.0,Trump 1.0
Boston,2016-09-22,4,5.0,Trump 1.0
Boston,2016-09-23,10,6.0,Trump 1.0
Boston,2016-09-24,1,5.0,Trump 1.0
Boston,2016-09-26,7,6.0,Trump 1.0
Boston,2016-09-27,7,6.0,Trump 1.0
Boston,2016-09-28,5,6.0,Trump 1.0
Boston,2016-09-29,6,6.0,Trump 1.0
Boston,2016-09-30,11,7.0,Trump 1.0
Boston,2016-10-01,1,5.0,Trump 1.0
Boston,2016-10-03,3,6.0,Trump 1.0
Boston,2016-10-04,7,6.0,Trump 1.0
Boston,2016-10-05,10,6.0,Trump 1.0
Boston,2016-10-06,7,6.0,Trump 1.0
Boston,2016-10-07,8,7.0,Trump 1.0
Boston,2016-10-09,1,5.0,Trump 1.0
Boston,2016-10-11,6,6.0,Trump 1.0
Boston,2016-10-12,7,7.0,Trump 1.0
Boston,2016-10-13,7,7.0,Trump 1.0
Boston,2016-10-14,9,6.0,Trump 1.0
Boston,2016-10-16,3,6.0,Trump 1.0
Boston,2016-10-17,5,5.0,Trump 1.0
Boston,2016-10-18,10,7.0,Trump 1.0
Boston,2016-10-19,7,7.0,Trump 1.0
Boston,2016-10-20,10,7.0,Trump 1.0
Boston,2016-10-21,6,7.0,Trump 1.0
Boston,2016-10-24,8,7.0,Trump 1.0
Boston,2016-10-25,5,7.0,Trump 1.0
Boston,2016-10-26,5,7.0,Trump 1.0
Boston,2016-10-27,3,6.0,Trump 1.0
Boston,2016-10-28,10,7.0,Trump 1.0
Boston,2016-10-30,1,5.0,Trump 1.0
Boston,2016-10-31,4,5.0,Trump 1.0
Boston,2016-11-01,12,6.0,Trump 1.0
Boston,2016-11-02,7,6.0,Trump 1.0
Boston,2016-11-03,7,6.0,Trump 1.0
Boston,2016-11-04,7,7.0,Trump 1.0
Boston,2016-11-05,1,6.0,Trump 1.0
Boston,2016-11-07,4,6.0,Trump 1.0
Boston,2016-11-08,7,6.0,Trump 1.0
Boston,2016-11-09,11,6.0,Trump 1.0
Boston,2016-11-10,12,7.0,Trump 1.0
Boston,2016-11-11,1,6.0,Trump 1.0
Boston,2016-11-14,9,6.0,Trump 1.0
Boston,2016-11-15,7,7.0,Trump 1.0
Boston,2016-11-16,7,8.0,Trump 1.0
Boston,2016-11-17,7,8.0,Trump 1.0
Boston,2016-11-18,13,8.0,Trump 1.0
Boston,2016-11-21,4,7.0,Trump 1.0
Boston,2016-11-22,11,8.0,Trump 1.0
Boston,2016-11-23,8,8.0,Trump 1.0
Boston,2016-11-24,1,7.0,Trump 1.0
Boston,2016-11-25,4,7.0,Trump 1.0
Boston,2016-11-28,9,7.0,Trump 1.0
Boston,2016-11-29,11,7.0,Trump 1.0
Boston,2016-11-30,7,7.0,Trump 1.0
Boston,2016-12-01,11,7.0,Trump 1.0
Boston,2016-12-02,3,7.0,Trump 1.0
Boston,2016-12-05,6,7.0,Trump 1.0
Boston,2016-12-06,10,8.0,Trump 1.0
Boston,2016-12-07,8,8.0,Trump 1.0
Boston,2016-12-08,4,7.0,Trump 1.0
Boston,2016-12-09,7,7.0,Trump 1.0
Boston,2016-12-10,1,6.0,Trump 1.0
Boston,2016-12-11,1,5.0,Trump 1.0
Boston,2016-12-12,7,5.0,Trump 1.0
Boston,2016-12-13,6,5.0,Trump 1.0
Boston,2016-12-14,7,5.0,Trump 1.0
Boston,2016-12-15,10,6.0,Trump 1.0
Boston,2016-12-16,9,6.0,Trump 1.0
Boston,2016-12-18,1,6.0,Trump 1.0
Boston,2016-12-19,9,7.0,Trump 1.0
Boston,2016-12-20,6,7.0,Trump 1.0
Boston,2016-12-21,8,7.0,Trump 1.0
Boston,2016-12-22,11,8.0,Trump 1.0
Boston,2016-12-23,4,7.0,Trump 1.0
Boston,2016-12-27,3,6.0,Trump 1.0
Boston,2016-12-28,3,6.0,Trump 1.0
Boston,2016-12-29,2,5.0,Trump 1.0
Boston,2016-12-30,11,6.0,Trump 1.0
Boston,2017-01-03,8,6.0,Trump 1.0
Boston,2017-01-04,7,5.0,Trump 1.0
Boston,2017-01-05,6,6.0,Trump 1.0
Boston,2017-01-06,10,7.0,Trump 1.0
Boston,2017-01-09,7,7.0,Trump 1.0
Boston,2017-01-10,16,9.0,Trump 1.0
Boston,2017-01-11,13,10.0,Trump 1.0
Boston,2017-01-12,12,10.0,Trump 1.0
Boston,2017-01-13,6,10.0,Trump 1.0
Boston,2017-01-15,1,9.0,Trump 1.0
Boston,2017-01-17,13,10.0,Trump 1.0
Boston,2017-01-18,6,10.0,Trump 1.0
Boston,2017-01-19,11,9.0,Trump 1.0
Boston,2017-01-20,3,7.0,Trump 1.0
Boston,2017-01-22,1,6.0,Trump 1.0
Boston,2017-01-23,6,6.0,Trump 1.0
Boston,2017-01-24,6,7.0,Trump 1.0
Boston,2017-01-25,7,6.0,Trump 1.0
Boston,2017-01-26,13,7.0,Trump 1.0
Boston,2017-01-27,12,7.0,Trump 1.0
Boston,2017-01-29,2,7.0,Trump 1.0
Boston,2017-01-30,11,8.0,Trump 1.0
Boston,2017-01-31,16,10.0,Trump 1.0
Boston,2017-02-01,15,11.0,Trump 1.0
Boston,2017-02-02,14,12.0,Trump 1.0
Boston,2017-02-03,10,11.0,Trump 1.0
Boston,2017-02-04,2,10.0,Trump 1.0
Boston,2017-02-05,6,11.0,Trump 1.0
Boston,2017-02-06,13,11.0,Trump 1.0
Boston,2017-02-07,12,10.0,Trump 1.0
Boston,2017-02-08,15,10.0,Trump 1.0
Boston,2017-02-09,1,8.0,Trump 1.0
Boston,2017-02-10,10,8.0,Trump 1.0
Boston,2017-02-13,3,9.0,Trump 1.0
Boston,2017-02-14,14,10.0,Trump 1.0
Boston,2017-02-15,13,10.0,Trump 1.0
Boston,2017-02-16,8,9.0,Trump 1.0
Boston,2017-02-17,6,8.0,Trump 1.0
Boston,2017-02-20,1,8.0,Trump 1.0
Boston,2017-02-21,20,9.0,Trump 1.0
Boston,2017-02-22,14,11.0,Trump 1.0
Boston,2017-02-23,10,10.0,Trump 1.0
Boston,2017-02-24,9,10.0,Trump 1.0
Boston,2017-02-27,19,11.0,Trump 1.0
Boston,2017-02-28,13,12.0,Trump 1.0
Boston,2017-03-01,16,14.0,Trump 1.0
Boston,2017-03-02,5,12.0,Trump 1.0
Boston,2017-03-03,8,11.0,Trump 1.0
Boston,2017-03-04,1,10.0,Trump 1.0
Boston,2017-03-06,6,10.0,Trump 1.0
Boston,2017-03-07,7,8.0,Trump 1.0
Boston,2017-03-08,9,7.0,Trump 1.0
Boston,2017-03-09,12,7.0,Trump 1.0
Boston,2017-03-10,6,7.0,Trump 1.0
Boston,2017-03-11,1,6.0,Trump 1.0
Boston,2017-03-12,17,8.0,Trump 1.0
Boston,2017-03-13,26,11.0,Trump 1.0
Boston,2017-03-15,14,12.0,Trump 1.0
Boston,2017-03-16,16,13.0,Trump 1.0
Boston,2017-03-17,10,13.0,Trump 1.0
Boston,2017-03-20,7,13.0,Trump 1.0
Boston,2017-03-21,15,15.0,Trump 1.0
Boston,2017-03-22,11,14.0,Trump 1.0
Boston,2017-03-23,11,12.0,Trump 1.0
Boston,2017-03-24,10,11.0,Trump 1.0
Boston,2017-03-27,15,11.0,Trump 1.0
Boston,2017-03-28,12,12.0,Trump 1.0
Boston,2017-03-29,13,12.0,Trump 1.0
Boston,2017-03-30,13,12.0,Trump 1.0
Boston,2017-03-31,17,13.0,Trump 1.0
Boston,2017-04-02,1,12.0,Trump 1.0
Boston,2017-04-03,13,12.0,Trump 1.0
Boston,2017-04-04,13,12.0,Trump 1.0
Boston,2017-04-05,13,12.0,Trump 1.0
Boston,2017-04-06,12,12.0,Trump 1.0
Boston,2017-04-07,11,11.0,Trump 1.0
Boston,2017-04-08,1,9.0,Trump 1.0
Boston,2017-04-10,10,10.0,Trump 1.0
Boston,2017-04-11,14,11.0,Trump 1.0
Boston,2017-04-12,9,10.0,Trump 1.0
Boston,2017-04-13,15,10.0,Trump 1.0
Boston,2017-04-14,9,10.0,Trump 1.0
Boston,2017-04-15,2,9.0,Trump 1.0
Boston,2017-04-17,7,9.0,Trump 1.0
Boston,2017-04-18,12,10.0,Trump 1.0
Boston,2017-04-19,11,9.0,Trump 1.0
Boston,2017-04-20,8,9.0,Trump 1.0
Boston,2017-04-21,12,9.0,Trump 1.0
Boston,2017-04-22,2,8.0,Trump 1.0
Boston,2017-04-23,1,8.0,Trump 1.0
Boston,2017-04-24,16,9.0,Trump 1.0
Boston,2017-04-25,10,9.0,Trump 1.0
Boston,2017-04-26,11,9.0,Trump 1.0
Boston,2017-04-27,13,9.0,Trump 1.0
Boston,2017-04-28,8,9.0,Trump 1.0
Boston,2017-04-29,4,9.0,Trump 1.0
Boston,2017-04-30,1,9.0,Trump 1.0
Boston,2017-05-01,17,9.0,Trump 1.0
Boston,2017-05-02,10,9.0,Trump 1.0
Boston,2017-05-03,20,10.0,Trump 1.0
Boston,2017-05-04,9,10.0,Trump 1.0
Boston,2017-05-05,9,10.0,Trump 1.0
Boston,2017-05-08,9,11.0,Trump 1.0
Boston,2017-05-09,11,12.0,Trump 1.0
Boston,2017-05-10,11,11.0,Trump 1.0
Boston,2017-05-11,18,12.0,Trump 1.0
Boston,2017-05-12,9,11.0,Trump 1.0
Boston,2017-05-13,1,10.0,Trump 1.0
Boston,2017-05-14,1,9.0,Trump 1.0
Boston,2017-05-15,10,9.0,Trump 1.0
Boston,2017-05-16,7,8.0,Trump 1.0
Boston,2017-05-17,19,9.0,Trump 1.0
Boston,2017-05-18,6,8.0,Trump 1.0
Boston,2017-05-19,6,7.0,Trump 1.0
Boston,2017-05-20,1,7.0,Trump 1.0
Boston,2017-05-22,13,9.0,Trump 1.0
Boston,2017-05-23,17,10.0,Trump 1.0
Boston,2017-05-24,15,11.0,Trump 1.0
Boston,2017-05-25,20,11.0,Trump 1.0
Boston,2017-05-26,10,12.0,Trump 1.0
Boston,2017-05-29,2,11.0,Trump 1.0
Boston,2017-05-30,10,12.0,Trump 1.0
Boston,2017-05-31,3,11.0,Trump 1.0
Boston,2017-06-01,11,10.0,Trump 1.0
Boston,2017-06-02,15,10.0,Trump 1.0
Boston,2017-06-04,1,7.0,Trump 1.0
Boston,2017-06-05,16,8.0,Trump 1.0
Boston,2017-06-06,12,10.0,Trump 1.0
Boston,2017-06-07,11,10.0,Trump 1.0
Boston,2017-06-08,20,12.0,Trump 1.0
Boston,2017-06-09,15,13.0,Trump 1.0
Boston,2017-06-12,14,13.0,Trump 1.0
Boston,2017-06-13,8,14.0,Trump 1.0
Boston,2017-06-14,18,14.0,Trump 1.0
Boston,2017-06-15,12,14.0,Trump 1.0
Boston,2017-06-16,9,14.0,Trump 1.0
Boston,2017-06-19,18,13.0,Trump 1.0
Boston,2017-06-20,17,14.0,Trump 1.0
Boston,2017-06-21,12,13.0,Trump 1.0
Boston,2017-06-22,8,13.0,Trump 1.0
Boston,2017-06-23,9,12.0,Trump 1.0
Boston,2017-06-24,1,11.0,Trump 1.0
Boston,2017-06-26,9,11.0,Trump 1.0
Boston,2017-06-27,7,9.0,Trump 1.0
Boston,2017-06-28,7,8.0,Trump 1.0
Boston,2017-06-29,14,8.0,Trump 1.0
Boston,2017-06-30,11,8.0,Trump 1.0
Boston,2017-07-02,1,7.0,Trump 1.0
Boston,2017-07-03,9,8.0,Trump 1.0
Boston,2017-07-04,2,7.0,Trump 1.0
Boston,2017-07-05,9,8.0,Trump 1.0
Boston,2017-07-06,5,7.0,Trump 1.0
Boston,2017-07-07,9,7.0,Trump 1.0
Boston,2017-07-10,9,6.0,Trump 1.0
Boston,2017-07-11,13,8.0,Trump 1.0
Boston,2017-07-12,8,8.0,Trump 1.0
Boston,2017-07-13,11,9.0,Trump 1.0
Boston,2017-07-14,12,10.0,Trump 1.0
Boston,2017-07-15,4,9.0,Trump 1.0
Boston,2017-07-16,4,9.0,Trump 1.0
Boston,2017-07-17,12,9.0,Trump 1.0
Boston,2017-07-18,11,9.0,Trump 1.0
Boston,2017-07-19,13,10.0,Trump 1.0
Boston,2017-07-20,14,10.0,Trump 1.0
Boston,2017-07-21,8,9.0,Trump 1.0
Boston,2017-07-22,2,9.0,Trump 1.0
Boston,2017-07-23,13,10.0,Trump 1.0
Boston,2017-07-24,16,11.0,Trump 1.0
Boston,2017-07-25,17,12.0,Trump 1.0
Boston,2017-07-26,17,12.0,Trump 1.0
Boston,2017-07-27,14,12.0,Trump 1.0
Boston,2017-07-28,9,13.0,Trump 1.0
Boston,2017-07-29,1,12.0,Trump 1.0
Boston,2017-07-31,6,11.0,Trump 1.0
Boston,2017-08-01,15,11.0,Trump 1.0
Boston,2017-08-02,6,10.0,Trump 1.0
Boston,2017-08-03,12,9.0,Trump 1.0
Boston,2017-08-04,10,8.0,Trump 1.0
Boston,2017-08-05,1,7.0,Trump 1.0
Boston,2017-08-06,1,7.0,Trump 1.0
Boston,2017-08-07,8,8.0,Trump 1.0
Boston,2017-08-08,10,7.0,Trump 1.0
Boston,2017-08-09,18,9.0,Trump 1.0
Boston,2017-08-10,12,9.0,Trump 1.0
Boston,2017-08-11,9,8.0,Trump 1.0
Boston,2017-08-13,2,9.0,Trump 1.0
Boston,2017-08-14,8,10.0,Trump 1.0
Boston,2017-08-15,8,10.0,Trump 1.0
Boston,2017-08-16,7,9.0,Trump 1.0
Boston,2017-08-17,12,8.0,Trump 1.0
Boston,2017-08-18,10,8.0,Trump 1.0
Boston,2017-08-19,4,7.0,Trump 1.0
Boston,2017-08-20,3,7.0,Trump 1.0
Boston,2017-08-21,5,7.0,Trump 1.0
Boston,2017-08-22,7,7.0,Trump 1.0
Boston,2017-08-23,14,8.0,Trump 1.0
Boston,2017-08-24,14,8.0,Trump 1.0
Boston,2017-08-25,12,8.0,Trump 1.0
Boston,2017-08-26,1,8.0,Trump 1.0
Boston,2017-08-28,5,8.0,Trump 1.0
Boston,2017-08-29,12,9.0,Trump 1.0
Boston,2017-08-30,11,10.0,Trump 1.0
Boston,2017-08-31,13,10.0,Trump 1.0
Boston,2017-09-01,15,10.0,Trump 1.0
Boston,2017-09-04,2,8.0,Trump 1.0
Boston,2017-09-05,3,9.0,Trump 1.0
Boston,2017-09-06,15,10.0,Trump 1.0
Boston,2017-09-07,13,10.0,Trump 1.0
Boston,2017-09-08,12,10.0,Trump 1.0
Boston,2017-09-09,2,9.0,Trump 1.0
Boston,2017-09-10,1,7.0,Trump 1.0
Boston,2017-09-11,9,8.0,Trump 1.0
Boston,2017-09-12,7,8.0,Trump 1.0
Boston,2017-09-13,6,7.0,Trump 1.0
Boston,2017-09-14,15,7.0,Trump 1.0
Boston,2017-09-15,10,7.0,Trump 1.0
Boston,2017-09-18,22,10.0,Trump 1.0
Boston,2017-09-19,10,11.0,Trump 1.0
Boston,2017-09-20,12,12.0,Trump 1.0
Boston,2017-09-21,16,13.0,Trump 1.0
Boston,2017-09-22,15,14.0,Trump 1.0
Boston,2017-09-24,8,13.0,Trump 1.0
Boston,2017-09-25,23,15.0,Trump 1.0
Boston,2017-09-26,23,15.0,Trump 1.0
Boston,2017-09-27,15,16.0,Trump 1.0
Boston,2017-09-28,10,16.0,Trump 1.0
Boston,2017-09-29,14,15.0,Trump 1.0
Boston,2017-10-02,13,15.0,Trump 1.0
Boston,2017-10-03,6,15.0,Trump 1.0
Boston,2017-10-04,5,12.0,Trump 1.0
Boston,2017-10-05,4,10.0,Trump 1.0
Boston,2017-10-06,9,9.0,Trump 1.0
Boston,2017-10-08,1,7.0,Trump 1.0
Boston,2017-10-10,5,6.0,Trump 1.0
Boston,2017-10-11,16,7.0,Trump 1.0
Boston,2017-10-12,10,7.0,Trump 1.0
Boston,2017-10-13,9,8.0,Trump 1.0
Boston,2017-10-16,6,8.0,Trump 1.0
Boston,2017-10-17,9,8.0,Trump 1.0
Boston,2017-10-18,10,9.0,Trump 1.0
Boston,2017-10-19,12,10.0,Trump 1.0
Boston,2017-10-20,7,9.0,Trump 1.0
Boston,2017-10-22,1,8.0,Trump 1.0
Boston,2017-10-23,23,10.0,Trump 1.0
Boston,2017-10-24,13,11.0,Trump 1.0
Boston,2017-10-25,15,12.0,Trump 1.0
Boston,2017-10-26,12,12.0,Trump 1.0
Boston,2017-10-27,12,12.0,Trump 1.0
Boston,2017-10-29,1,11.0,Trump 1.0
Boston,2017-10-30,9,12.0,Trump 1.0
Boston,2017-10-31,9,10.0,Trump 1.0
Boston,2017-11-01,11,10.0,Trump 1.0
Boston,2017-11-02,10,9.0,Trump 1.0
Boston,2017-11-03,8,9.0,Trump 1.0
Boston,2017-11-06,11,8.0,Trump 1.0
Boston,2017-11-07,13,10.0,Trump 1.0
Boston,2017-11-08,10,10.0,Trump 1.0
Boston,2017-11-09,11,11.0,Trump 1.0
Boston,2017-11-10,6,10.0,Trump 1.0
Boston,2017-11-12,1,9.0,Trump 1.0
Boston,2017-11-13,15,10.0,Trump 1.0
Boston,2017-11-14,6,9.0,Trump 1.0
Boston,2017-11-15,11,9.0,Trump 1.0
Boston,2017-11-16,15,9.0,Trump 1.0
Boston,2017-11-17,13,10.0,Trump 1.0
Boston,2017-11-19,7,10.0,Trump 1.0
Boston,2017-11-20,6,10.0,Trump 1.0
Boston,2017-11-21,10,10.0,Trump 1.0
Boston,2017-11-22,13,11.0,Trump 1.0
Boston,2017-11-24,7,10.0,Trump 1.0
Boston,2017-11-26,1,8.0,Trump 1.0
Boston,2017-11-27,17,9.0,Trump 1.0
Boston,2017-11-28,12,9.0,Trump 1.0
Boston,2017-11-29,15,11.0,Trump 1.0
Boston,2017-11-30,12,11.0,Trump 1.0
Boston,2017-12-01,15,11.0,Trump 1.0
Boston,2017-12-02,1,10.0,Trump 1.0
Boston,2017-12-04,19,13.0,Trump 1.0
Boston,2017-12-05,11,12.0,Trump 1.0
Boston,2017-12-06,12,12.0,Trump 1.0
Boston,2017-12-07,19,13.0,Trump 1.0
Boston,2017-12-08,8,12.0,Trump 1.0
Boston,2017-12-09,1,10.0,Trump 1.0
Boston,2017-12-11,9,11.0,Trump 1.0
Boston,2017-12-12,10,10.0,Trump 1.0
Boston,2017-12-13,10,10.0,Trump 1.0
Boston,2017-12-14,8,9.0,Trump 1.0
Boston,2017-12-15,10,8.0,Trump 1.0
Boston,2017-12-17,1,7.0,Trump 1.0
Boston,2017-12-18,8,8.0,Trump 1.0
Boston,2017-12-19,14,9.0,Trump 1.0
Boston,2017-12-20,8,8.0,Trump 1.0
Boston,2017-12-21,9,8.0,Trump 1.0
Boston,2017-12-22,4,8.0,Trump 1.0
Boston,2017-12-23,1,6.0,Trump 1.0
Boston,2017-12-26,2,7.0,Trump 1.0
Boston,2017-12-27,2,6.0,Trump 1.0
Boston,2017-12-28,7,5.0,Trump 1.0
Boston,2017-12-29,1,4.0,Trump 1.0
Boston,2018-01-01,2,3.0,Trump 1.0
Boston,2018-01-02,11,4.0,Trump 1.0
Boston,2018-01-03,10,5.0,Trump 1.0
Boston,2018-01-04,3,5.0,Trump 1.0
Boston,2018-01-05,7,6.0,Trump 1.0
Boston,2018-01-06,2,5.0,Trump 1.0
Boston,2018-01-08,9,6.0,Trump 1.0
Boston,2018-01-09,8,7.0,Trump 1.0
Boston,2018-01-10,15,8.0,Trump 1.0
Boston,2018-01-11,19,9.0,Trump 1.0
Boston,2018-01-12,13,10.0,Trump 1.0
Boston,2018-01-15,2,10.0,Trump 1.0
Boston,2018-01-16,16,12.0,Trump 1.0
Boston,2018-01-17,4,11.0,Trump 1.0
Boston,2018-01-18,16,12.0,Trump 1.0
Boston,2018-01-19,17,12.0,Trump 1.0
Boston,2018-01-20,1,10.0,Trump 1.0
Boston,2018-01-21,1,8.0,Trump 1.0
Boston,2018-01-22,10,9.0,Trump 1.0
Boston,2018-01-23,18,10.0,Trump 1.0
Boston,2018-01-24,12,11.0,Trump 1.0
Boston,2018-01-25,8,10.0,Trump 1.0
Boston,2018-01-26,14,9.0,Trump 1.0
Boston,2018-01-28,3,9.0,Trump 1.0
Boston,2018-01-29,13,11.0,Trump 1.0
Boston,2018-01-30,12,11.0,Trump 1.0
Boston,2018-01-31,12,11.0,Trump 1.0
Boston,2018-02-01,14,11.0,Trump 1.0
Boston,2018-02-02,8,11.0,Trump 1.0
Boston,2018-02-03,2,9.0,Trump 1.0
Boston,2018-02-04,1,9.0,Trump 1.0
Boston,2018-02-05,13,9.0,Trump 1.0
Boston,2018-02-06,7,8.0,Trump 1.0
Boston,2018-02-07,7,7.0,Trump 1.0
Boston,2018-02-08,8,7.0,Trump 1.0
Boston,2018-02-09,12,7.0,Trump 1.0
Boston,2018-02-12,5,8.0,Trump 1.0
Boston,2018-02-13,14,9.0,Trump 1.0
Boston,2018-02-14,17,10.0,Trump 1.0
Boston,2018-02-15,15,11.0,Trump 1.0
Boston,2018-02-16,18,13.0,Trump 1.0
Boston,2018-02-19,3,12.0,Trump 1.0
Boston,2018-02-20,15,12.0,Trump 1.0
Boston,2018-02-21,9,13.0,Trump 1.0
Boston,2018-02-22,8,12.0,Trump 1.0
Boston,2018-02-23,12,11.0,Trump 1.0
Boston,2018-02-26,6,10.0,Trump 1.0
Boston,2018-02-27,10,9.0,Trump 1.0
Boston,2018-02-28,14,11.0,Trump 1.0
Boston,2018-03-01,12,10.0,Trump 1.0
Boston,2018-03-02,8,10.0,Trump 1.0
Boston,2018-03-05,17,11.0,Trump 1.0
Boston,2018-03-06,11,11.0,Trump 1.0
Boston,2018-03-07,2,11.0,Trump 1.0
Boston,2018-03-09,13,11.0,Trump 1.0
Boston,2018-03-12,16,11.0,Trump 1.0
Boston,2018-03-14,8,11.0,Trump 1.0
Boston,2018-03-15,5,10.0,Trump 1.0
Boston,2018-03-16,17,10.0,Trump 1.0
Boston,2018-03-18,3,9.0,Trump 1.0
Boston,2018-03-19,22,12.0,Trump 1.0
Boston,2018-03-20,14,12.0,Trump 1.0
Boston,2018-03-21,29,14.0,Trump 1.0
Boston,2018-03-22,14,15.0,Trump 1.0
Boston,2018-03-23,9,15.0,Trump 1.0
Boston,2018-03-26,14,15.0,Trump 1.0
Boston,2018-03-27,8,16.0,Trump 1.0
Boston,2018-03-28,11,14.0,Trump 1.0
Boston,2018-03-29,18,15.0,Trump 1.0
Boston,2018-03-30,13,12.0,Trump 1.0
Boston,2018-03-31,2,11.0,Trump 1.0
Boston,2018-04-02,9,11.0,Trump 1.0
Boston,2018-04-03,7,10.0,Trump 1.0
Boston,2018-04-04,7,10.0,Trump 1.0
Boston,2018-04-05,8,9.0,Trump 1.0
Boston,2018-04-06,9,8.0,Trump 1.0
Boston,2018-04-08,2,6.0,Trump 1.0
Boston,2018-04-09,11,8.0,Trump 1.0
Boston,2018-04-10,6,7.0,Trump 1.0
Boston,2018-04-11,9,7.0,Trump 1.0
Boston,2018-04-12,8,8.0,Trump 1.0
Boston,2018-04-13,12,8.0,Trump 1.0
Boston,2018-04-15,1,7.0,Trump 1.0
Boston,2018-04-16,12,8.0,Trump 1.0
Boston,2018-04-17,15,9.0,Trump 1.0
Boston,2018-04-18,9,9.0,Trump 1.0
Boston,2018-04-19,10,10.0,Trump 1.0
Boston,2018-04-20,12,10.0,Trump 1.0
Boston,2018-04-21,1,9.0,Trump 1.0
Boston,2018-04-23,14,10.0,Trump 1.0
Boston,2018-04-24,11,10.0,Trump 1.0
Boston,2018-04-25,12,10.0,Trump 1.0
Boston,2018-04-26,6,9.0,Trump 1.0
Boston,2018-04-27,21,11.0,Trump 1.0
Boston,2018-04-29,2,10.0,Trump 1.0
Boston,2018-04-30,8,11.0,Trump 1.0
Boston,2018-05-01,17,11.0,Trump 1.0
Boston,2018-05-02,9,11.0,Trump 1.0
Boston,2018-05-03,6,10.0,Trump 1.0
Boston,2018-05-04,9,10.0,Trump 1.0
Boston,2018-05-07,18,10.0,Trump 1.0
Boston,2018-05-08,9,11.0,Trump 1.0
Boston,2018-05-09,12,11.0,Trump 1.0
Boston,2018-05-10,14,11.0,Trump 1.0
Boston,2018-05-11,7,11.0,Trump 1.0
Boston,2018-05-14,10,11.0,Trump 1.0
Boston,2018-05-15,9,11.0,Trump 1.0
Boston,2018-05-16,10,10.0,Trump 1.0
Boston,2018-05-17,11,10.0,Trump 1.0
Boston,2018-05-18,9,10.0,Trump 1.0
Boston,2018-05-19,1,8.0,Trump 1.0
Boston,2018-05-20,4,8.0,Trump 1.0
Boston,2018-05-21,11,8.0,Trump 1.0
Boston,2018-05-22,13,8.0,Trump 1.0
Boston,2018-05-23,16,9.0,Trump 1.0
Boston,2018-05-24,13,10.0,Trump 1.0
Boston,2018-05-25,5,9.0,Trump 1.0
Boston,2018-05-26,1,9.0,Trump 1.0
Boston,2018-05-29,7,9.0,Trump 1.0
Boston,2018-05-30,11,9.0,Trump 1.0
Boston,2018-05-31,8,9.0,Trump 1.0
Boston,2018-06-01,10,8.0,Trump 1.0
Boston,2018-06-02,2,6.0,Trump 1.0
Boston,2018-06-04,8,7.0,Trump 1.0
Boston,2018-06-05,11,8.0,Trump 1.0
Boston,2018-06-06,9,8.0,Trump 1.0
Boston,2018-06-07,18,9.0,Trump 1.0
Boston,2018-06-08,16,11.0,Trump 1.0
Boston,2018-06-10,1,9.0,Trump 1.0
Boston,2018-06-11,14,11.0,Trump 1.0
Boston,2018-06-12,15,12.0,Trump 1.0
Boston,2018-06-13,13,12.0,Trump 1.0
Boston,2018-06-14,7,12.0,Trump 1.0
Boston,2018-06-15,7,10.0,Trump 1.0
Boston,2018-06-16,2,8.0,Trump 1.0
Boston,2018-06-18,13,10.0,Trump 1.0
Boston,2018-06-19,13,10.0,Trump 1.0
Boston,2018-06-20,13,10.0,Trump 1.0
Boston,2018-06-21,7,9.0,Trump 1.0
Boston,2018-06-22,8,9.0,Trump 1.0
Boston,2018-06-23,1,8.0,Trump 1.0
Boston,2018-06-24,1,8.0,Trump 1.0
Boston,2018-06-25,11,8.0,Trump 1.0
Boston,2018-06-26,10,7.0,Trump 1.0
Boston,2018-06-27,10,7.0,Trump 1.0
Boston,2018-06-28,6,7.0,Trump 1.0
Boston,2018-06-29,15,8.0,Trump 1.0
Boston,2018-07-02,22,11.0,Trump 1.0
Boston,2018-07-03,5,11.0,Trump 1.0
Boston,2018-07-05,6,11.0,Trump 1.0
Boston,2018-07-06,8,10.0,Trump 1.0
Boston,2018-07-09,9,10.0,Trump 1.0
Boston,2018-07-10,18,12.0,Trump 1.0
Boston,2018-07-11,12,11.0,Trump 1.0
Boston,2018-07-12,12,10.0,Trump 1.0
Boston,2018-07-13,12,11.0,Trump 1.0
Boston,2018-07-14,1,10.0,Trump 1.0
Boston,2018-07-15,2,9.0,Trump 1.0
Boston,2018-07-16,14,10.0,Trump 1.0
Boston,2018-07-17,14,10.0,Trump 1.0
Boston,2018-07-18,13,10.0,Trump 1.0
Boston,2018-07-19,12,10.0,Trump 1.0
Boston,2018-07-20,11,10.0,Trump 1.0
Boston,2018-07-22,1,10.0,Trump 1.0
Boston,2018-07-23,8,10.0,Trump 1.0
Boston,2018-07-24,14,10.0,Trump 1.0
Boston,2018-07-25,18,11.0,Trump 1.0
Boston,2018-07-26,13,11.0,Trump 1.0
Boston,2018-07-27,10,11.0,Trump 1.0
Boston,2018-07-28,1,9.0,Trump 1.0
Boston,2018-07-30,8,10.0,Trump 1.0
Boston,2018-07-31,7,10.0,Trump 1.0
Boston,2018-08-01,12,10.0,Trump 1.0
Boston,2018-08-02,7,8.0,Trump 1.0
Boston,2018-08-03,11,8.0,Trump 1.0
Boston,2018-08-04,1,7.0,Trump 1.0
Boston,2018-08-06,13,8.0,Trump 1.0
Boston,2018-08-07,10,9.0,Trump 1.0
Boston,2018-08-08,7,9.0,Trump 1.0
Boston,2018-08-09,11,9.0,Trump 1.0
Boston,2018-08-10,11,9.0,Trump 1.0
Boston,2018-08-11,1,8.0,Trump 1.0
Boston,2018-08-13,9,9.0,Trump 1.0
Boston,2018-08-14,11,9.0,Trump 1.0
Boston,2018-08-15,10,9.0,Trump 1.0
Boston,2018-08-16,9,9.0,Trump 1.0
Boston,2018-08-17,11,9.0,Trump 1.0
Boston,2018-08-18,2,8.0,Trump 1.0
Boston,2018-08-20,8,9.0,Trump 1.0
Boston,2018-08-21,11,9.0,Trump 1.0
Boston,2018-08-22,10,9.0,Trump 1.0
Boston,2018-08-23,11,9.0,Trump 1.0
Boston,2018-08-24,9,9.0,Trump 1.0
Boston,2018-08-27,13,9.0,Trump 1.0
Boston,2018-08-28,7,10.0,Trump 1.0
Boston,2018-08-29,7,10.0,Trump 1.0
Boston,2018-08-30,13,10.0,Trump 1.0
Boston,2018-08-31,12,10.0,Trump 1.0
Boston,2018-09-03,1,9.0,Trump 1.0
Boston,2018-09-04,10,9.0,Trump 1.0
Boston,2018-09-05,13,9.0,Trump 1.0
Boston,2018-09-06,9,9.0,Trump 1.0
Boston,2018-09-07,9,10.0,Trump 1.0
Boston,2018-09-08,1,8.0,Trump 1.0
Boston,2018-09-09,2,6.0,Trump 1.0
Boston,2018-09-10,16,9.0,Trump 1.0
Boston,2018-09-11,9,8.0,Trump 1.0
Boston,2018-09-12,7,8.0,Trump 1.0
Boston,2018-09-13,9,8.0,Trump 1.0
Boston,2018-09-14,6,7.0,Trump 1.0
Boston,2018-09-16,2,7.0,Trump 1.0
Boston,2018-09-17,12,9.0,Trump 1.0
Boston,2018-09-18,3,7.0,Trump 1.0
Boston,2018-09-19,5,6.0,Trump 1.0
Boston,2018-09-20,24,9.0,Trump 1.0
Boston,2018-09-21,10,9.0,Trump 1.0
Boston,2018-09-22,16,10.0,Trump 1.0
Boston,2018-09-24,9,11.0,Trump 1.0
Boston,2018-09-25,6,10.0,Trump 1.0
Boston,2018-09-26,6,11.0,Trump 1.0
Boston,2018-09-27,6,11.0,Trump 1.0
Boston,2018-09-28,7,9.0,Trump 1.0
Boston,2018-09-30,1,7.0,Trump 1.0
Buffalo,2015-10-01,3,5.0,Trump 1.0
Buffalo,2015-10-02,8,5.0,Trump 1.0
Buffalo,2015-10-05,7,5.0,Trump 1.0
Buffalo,2015-10-06,5,5.0,Trump 1.0
Buffalo,2015-10-07,6,5.0,Trump 1.0
Buffalo,2015-10-08,2,5.0,Trump 1.0
Buffalo,2015-10-09,5,5.0,Trump 1.0
Buffalo,2015-10-13,4,5.0,Trump 1.0
Buffalo,2015-10-14,1,4.0,Trump 1.0
Buffalo,2015-10-15,6,4.0,Trump 1.0
Buffalo,2015-10-16,6,4.0,Trump 1.0
Buffalo,2015-10-19,5,4.0,Trump 1.0
Buffalo,2015-10-20,6,5.0,Trump 1.0
Buffalo,2015-10-21,2,4.0,Trump 1.0
Buffalo,2015-10-22,4,4.0,Trump 1.0
Buffalo,2015-10-23,7,5.0,Trump 1.0
Buffalo,2015-10-26,3,5.0,Trump 1.0
Buffalo,2015-10-27,7,5.0,Trump 1.0
Buffalo,2015-10-28,3,5.0,Trump 1.0
Buffalo,2015-10-29,4,4.0,Trump 1.0
Buffalo,2015-10-30,19,7.0,Trump 1.0
Buffalo,2015-11-01,2,6.0,Trump 1.0
Buffalo,2015-11-02,2,6.0,Trump 1.0
Buffalo,2015-11-03,5,6.0,Trump 1.0
Buffalo,2015-11-04,2,5.0,Trump 1.0
Buffalo,2015-11-05,1,5.0,Trump 1.0
Buffalo,2015-11-06,4,5.0,Trump 1.0
Buffalo,2015-11-09,5,3.0,Trump 1.0
Buffalo,2015-11-10,10,4.0,Trump 1.0
Buffalo,2015-11-12,3,4.0,Trump 1.0
Buffalo,2015-11-13,13,5.0,Trump 1.0
Buffalo,2015-11-16,5,6.0,Trump 1.0
Buffalo,2015-11-17,4,6.0,Trump 1.0
Buffalo,2015-11-18,2,6.0,Trump 1.0
Buffalo,2015-11-19,6,6.0,Trump 1.0
Buffalo,2015-11-20,5,5.0,Trump 1.0
Buffalo,2015-11-23,5,6.0,Trump 1.0
Buffalo,2015-11-24,2,4.0,Trump 1.0
Buffalo,2015-11-25,7,4.0,Trump 1.0
Buffalo,2015-11-27,5,5.0,Trump 1.0
Buffalo,2015-11-30,1,4.0,Trump 1.0
Buffalo,2015-12-01,3,4.0,Trump 1.0
Buffalo,2015-12-02,3,4.0,Trump 1.0
Buffalo,2015-12-03,4,4.0,Trump 1.0
Buffalo,2015-12-04,6,4.0,Trump 1.0
Buffalo,2015-12-07,5,4.0,Trump 1.0
Buffalo,2015-12-08,4,4.0,Trump 1.0
Buffalo,2015-12-09,3,4.0,Trump 1.0
Buffalo,2015-12-10,2,4.0,Trump 1.0
Buffalo,2015-12-11,4,4.0,Trump 1.0
Buffalo,2015-12-14,1,4.0,Trump 1.0
Buffalo,2015-12-15,2,3.0,Trump 1.0
Buffalo,2015-12-16,4,3.0,Trump 1.0
Buffalo,2015-12-17,4,3.0,Trump 1.0
Buffalo,2015-12-18,8,4.0,Trump 1.0
Buffalo,2015-12-21,5,4.0,Trump 1.0
Buffalo,2015-12-22,8,5.0,Trump 1.0
Buffalo,2015-12-24,3,5.0,Trump 1.0
Buffalo,2015-12-28,5,5.0,Trump 1.0
Buffalo,2015-12-29,1,5.0,Trump 1.0
Buffalo,2015-12-30,2,5.0,Trump 1.0
Buffalo,2015-12-31,3,4.0,Trump 1.0
Buffalo,2016-01-04,2,3.0,Trump 1.0
Buffalo,2016-01-05,2,3.0,Trump 1.0
Buffalo,2016-01-06,4,3.0,Trump 1.0
Buffalo,2016-01-07,6,3.0,Trump 1.0
Buffalo,2016-01-08,7,4.0,Trump 1.0
Buffalo,2016-01-11,5,4.0,Trump 1.0
Buffalo,2016-01-12,5,4.0,Trump 1.0
Buffalo,2016-01-13,3,5.0,Trump 1.0
Buffalo,2016-01-14,5,5.0,Trump 1.0
Buffalo,2016-01-15,9,6.0,Trump 1.0
Buffalo,2016-01-19,6,6.0,Trump 1.0
Buffalo,2016-01-20,1,5.0,Trump 1.0
Buffalo,2016-01-21,3,5.0,Trump 1.0
Buffalo,2016-01-22,4,4.0,Trump 1.0
Buffalo,2016-01-25,3,4.0,Trump 1.0
Buffalo,2016-01-26,5,4.0,Trump 1.0
Buffalo,2016-01-27,1,3.0,Trump 1.0
Buffalo,2016-01-28,8,4.0,Trump 1.0
Buffalo,2016-01-29,4,4.0,Trump 1.0
Buffalo,2016-02-01,2,4.0,Trump 1.0
Buffalo,2016-02-02,3,4.0,Trump 1.0
Buffalo,2016-02-03,1,3.0,Trump 1.0
Buffalo,2016-02-04,2,3.0,Trump 1.0
Buffalo,2016-02-05,7,4.0,Trump 1.0
Buffalo,2016-02-08,3,3.0,Trump 1.0
Buffalo,2016-02-09,8,4.0,Trump 1.0
Buffalo,2016-02-10,3,4.0,Trump 1.0
Buffalo,2016-02-11,2,4.0,Trump 1.0
Buffalo,2016-02-12,7,5.0,Trump 1.0
Buffalo,2016-02-16,3,5.0,Trump 1.0
Buffalo,2016-02-17,2,4.0,Trump 1.0
Buffalo,2016-02-18,7,5.0,Trump 1.0
Buffalo,2016-02-19,4,4.0,Trump 1.0
Buffalo,2016-02-20,1,4.0,Trump 1.0
Buffalo,2016-02-22,3,4.0,Trump 1.0
Buffalo,2016-02-23,6,4.0,Trump 1.0
Buffalo,2016-02-24,4,4.0,Trump 1.0
Buffalo,2016-02-26,6,4.0,Trump 1.0
Buffalo,2016-02-29,7,4.0,Trump 1.0
Buffalo,2016-03-01,2,4.0,Trump 1.0
Buffalo,2016-03-02,5,5.0,Trump 1.0
Buffalo,2016-03-03,2,5.0,Trump 1.0
Buffalo,2016-03-04,9,5.0,Trump 1.0
Buffalo,2016-03-07,6,5.0,Trump 1.0
Buffalo,2016-03-08,1,5.0,Trump 1.0
Buffalo,2016-03-09,4,4.0,Trump 1.0
Buffalo,2016-03-10,4,4.0,Trump 1.0
Buffalo,2016-03-11,8,5.0,Trump 1.0
Buffalo,2016-03-14,2,5.0,Trump 1.0
Buffalo,2016-03-15,3,4.0,Trump 1.0
Buffalo,2016-03-16,2,3.0,Trump 1.0
Buffalo,2016-03-17,19,6.0,Trump 1.0
Buffalo,2016-03-18,7,6.0,Trump 1.0
Buffalo,2016-03-19,1,6.0,Trump 1.0
Buffalo,2016-03-21,8,6.0,Trump 1.0
Buffalo,2016-03-22,3,6.0,Trump 1.0
Buffalo,2016-03-23,2,6.0,Trump 1.0
Buffalo,2016-03-24,5,6.0,Trump 1.0
Buffalo,2016-03-25,9,5.0,Trump 1.0
Buffalo,2016-03-28,1,4.0,Trump 1.0
Buffalo,2016-03-29,4,5.0,Trump 1.0
Buffalo,2016-03-30,5,4.0,Trump 1.0
Buffalo,2016-03-31,3,4.0,Trump 1.0
Buffalo,2016-04-01,13,6.0,Trump 1.0
Buffalo,2016-04-04,2,5.0,Trump 1.0
Buffalo,2016-04-05,5,5.0,Trump 1.0
Buffalo,2016-04-06,8,6.0,Trump 1.0
Buffalo,2016-04-07,12,7.0,Trump 1.0
Buffalo,2016-04-08,3,7.0,Trump 1.0
Buffalo,2016-04-11,4,7.0,Trump 1.0
Buffalo,2016-04-12,3,5.0,Trump 1.0
Buffalo,2016-04-13,3,5.0,Trump 1.0
Buffalo,2016-04-14,6,6.0,Trump 1.0
Buffalo,2016-04-15,10,6.0,Trump 1.0
Buffalo,2016-04-18,3,5.0,Trump 1.0
Buffalo,2016-04-19,8,5.0,Trump 1.0
Buffalo,2016-04-20,6,6.0,Trump 1.0
Buffalo,2016-04-21,4,6.0,Trump 1.0
Buffalo,2016-04-22,4,6.0,Trump 1.0
Buffalo,2016-04-25,1,5.0,Trump 1.0
Buffalo,2016-04-26,2,4.0,Trump 1.0
Buffalo,2016-04-27,3,4.0,Trump 1.0
Buffalo,2016-04-28,6,4.0,Trump 1.0
Buffalo,2016-04-29,5,4.0,Trump 1.0
Buffalo,2016-05-02,9,4.0,Trump 1.0
Buffalo,2016-05-03,3,4.0,Trump 1.0
Buffalo,2016-05-04,4,5.0,Trump 1.0
Buffalo,2016-05-05,5,5.0,Trump 1.0
Buffalo,2016-05-06,4,5.0,Trump 1.0
Buffalo,2016-05-09,3,5.0,Trump 1.0
Buffalo,2016-05-10,2,4.0,Trump 1.0
Buffalo,2016-05-12,4,4.0,Trump 1.0
Buffalo,2016-05-13,4,4.0,Trump 1.0
Buffalo,2016-05-16,2,3.0,Trump 1.0
Buffalo,2016-05-17,4,3.0,Trump 1.0
Buffalo,2016-05-18,4,3.0,Trump 1.0
Buffalo,2016-05-19,9,4.0,Trump 1.0
Buffalo,2016-05-20,2,4.0,Trump 1.0
Buffalo,2016-05-23,1,4.0,Trump 1.0
Buffalo,2016-05-24,4,4.0,Trump 1.0
Buffalo,2016-05-25,2,4.0,Trump 1.0
Buffalo,2016-05-26,4,4.0,Trump 1.0
Buffalo,2016-05-27,3,4.0,Trump 1.0
Buffalo,2016-05-31,7,3.0,Trump 1.0
Buffalo,2016-06-01,3,3.0,Trump 1.0
Buffalo,2016-06-02,3,4.0,Trump 1.0
Buffalo,2016-06-03,1,3.0,Trump 1.0
Buffalo,2016-06-06,9,4.0,Trump 1.0
Buffalo,2016-06-07,12,5.0,Trump 1.0
Buffalo,2016-06-08,3,5.0,Trump 1.0
Buffalo,2016-06-09,3,5.0,Trump 1.0
Buffalo,2016-06-10,7,5.0,Trump 1.0
Buffalo,2016-06-13,2,5.0,Trump 1.0
Buffalo,2016-06-14,4,6.0,Trump 1.0
Buffalo,2016-06-15,2,5.0,Trump 1.0
Buffalo,2016-06-16,7,4.0,Trump 1.0
Buffalo,2016-06-17,5,4.0,Trump 1.0
Buffalo,2016-06-20,2,4.0,Trump 1.0
Buffalo,2016-06-21,3,4.0,Trump 1.0
Buffalo,2016-06-22,2,4.0,Trump 1.0
Buffalo,2016-06-23,3,3.0,Trump 1.0
Buffalo,2016-06-24,10,5.0,Trump 1.0
Buffalo,2016-06-27,5,4.0,Trump 1.0
Buffalo,2016-06-28,3,4.0,Trump 1.0
Buffalo,2016-06-29,4,4.0,Trump 1.0
Buffalo,2016-06-30,3,4.0,Trump 1.0
Buffalo,2016-07-01,11,6.0,Trump 1.0
Buffalo,2016-07-05,4,6.0,Trump 1.0
Buffalo,2016-07-06,7,5.0,Trump 1.0
Buffalo,2016-07-07,3,5.0,Trump 1.0
Buffalo,2016-07-08,3,5.0,Trump 1.0
Buffalo,2016-07-11,2,5.0,Trump 1.0
Buffalo,2016-07-12,4,5.0,Trump 1.0
Buffalo,2016-07-13,2,4.0,Trump 1.0
Buffalo,2016-07-14,3,3.0,Trump 1.0
Buffalo,2016-07-15,9,4.0,Trump 1.0
Buffalo,2016-07-18,5,4.0,Trump 1.0
Buffalo,2016-07-19,5,4.0,Trump 1.0
Buffalo,2016-07-20,2,4.0,Trump 1.0
Buffalo,2016-07-21,2,4.0,Trump 1.0
Buffalo,2016-07-22,8,5.0,Trump 1.0
Buffalo,2016-07-25,3,5.0,Trump 1.0
Buffalo,2016-07-26,5,4.0,Trump 1.0
Buffalo,2016-07-27,4,4.0,Trump 1.0
Buffalo,2016-07-28,3,4.0,Trump 1.0
Buffalo,2016-07-29,3,4.0,Trump 1.0
Buffalo,2016-08-01,1,4.0,Trump 1.0
Buffalo,2016-08-02,6,4.0,Trump 1.0
Buffalo,2016-08-03,11,5.0,Trump 1.0
Buffalo,2016-08-04,2,4.0,Trump 1.0
Buffalo,2016-08-05,8,5.0,Trump 1.0
Buffalo,2016-08-08,4,5.0,Trump 1.0
Buffalo,2016-08-09,2,5.0,Trump 1.0
Buffalo,2016-08-10,7,6.0,Trump 1.0
Buffalo,2016-08-11,1,5.0,Trump 1.0
Buffalo,2016-08-12,8,5.0,Trump 1.0
Buffalo,2016-08-15,9,6.0,Trump 1.0
Buffalo,2016-08-16,4,5.0,Trump 1.0
Buffalo,2016-08-17,6,5.0,Trump 1.0
Buffalo,2016-08-18,6,6.0,Trump 1.0
Buffalo,2016-08-19,9,6.0,Trump 1.0
Buffalo,2016-08-22,5,7.0,Trump 1.0
Buffalo,2016-08-23,9,7.0,Trump 1.0
Buffalo,2016-08-24,2,6.0,Trump 1.0
Buffalo,2016-08-26,7,6.0,Trump 1.0
Buffalo,2016-08-27,2,6.0,Trump 1.0
Buffalo,2016-08-29,4,5.0,Trump 1.0
Buffalo,2016-08-30,2,4.0,Trump 1.0
Buffalo,2016-08-31,5,4.0,Trump 1.0
Buffalo,2016-09-01,4,4.0,Trump 1.0
Buffalo,2016-09-02,9,5.0,Trump 1.0
Buffalo,2016-09-06,4,4.0,Trump 1.0
Buffalo,2016-09-07,3,4.0,Trump 1.0
Buffalo,2016-09-08,3,4.0,Trump 1.0
Buffalo,2016-09-09,4,5.0,Trump 1.0
Buffalo,2016-09-12,3,4.0,Trump 1.0
Buffalo,2016-09-13,2,4.0,Trump 1.0
Buffalo,2016-09-14,1,3.0,Trump 1.0
Buffalo,2016-09-15,4,3.0,Trump 1.0
Buffalo,2016-09-16,5,3.0,Trump 1.0
Buffalo,2016-09-19,5,3.0,Trump 1.0
Buffalo,2016-09-20,4,3.0,Trump 1.0
Buffalo,2016-09-21,5,4.0,Trump 1.0
Buffalo,2016-09-22,2,4.0,Trump 1.0
Buffalo,2016-09-23,3,4.0,Trump 1.0
Buffalo,2016-09-25,1,4.0,Trump 1.0
Buffalo,2016-09-26,3,3.0,Trump 1.0
Buffalo,2016-09-27,4,3.0,Trump 1.0
Buffalo,2016-09-28,5,3.0,Trump 1.0
Buffalo,2016-09-29,6,3.0,Trump 1.0
Buffalo,2016-09-30,4,4.0,Trump 1.0
Buffalo,2016-10-03,5,4.0,Trump 1.0
Buffalo,2016-10-04,3,4.0,Trump 1.0
Buffalo,2016-10-05,7,5.0,Trump 1.0
Buffalo,2016-10-06,8,5.0,Trump 1.0
Buffalo,2016-10-07,13,7.0,Trump 1.0
Buffalo,2016-10-11,14,8.0,Trump 1.0
Buffalo,2016-10-12,2,7.0,Trump 1.0
Buffalo,2016-10-13,4,7.0,Trump 1.0
Buffalo,2016-10-14,9,8.0,Trump 1.0
Buffalo,2016-10-17,6,8.0,Trump 1.0
Buffalo,2016-10-18,13,9.0,Trump 1.0
Buffalo,2016-10-19,7,8.0,Trump 1.0
Buffalo,2016-10-20,6,7.0,Trump 1.0
Buffalo,2016-10-21,5,7.0,Trump 1.0
Buffalo,2016-10-24,2,7.0,Trump 1.0
Buffalo,2016-10-25,4,6.0,Trump 1.0
Buffalo,2016-10-26,4,6.0,Trump 1.0
Buffalo,2016-10-27,6,5.0,Trump 1.0
Buffalo,2016-10-28,6,5.0,Trump 1.0
Buffalo,2016-10-31,5,5.0,Trump 1.0
Buffalo,2016-11-01,4,4.0,Trump 1.0
Buffalo,2016-11-02,4,5.0,Trump 1.0
Buffalo,2016-11-03,5,5.0,Trump 1.0
Buffalo,2016-11-04,6,5.0,Trump 1.0
Buffalo,2016-11-07,4,5.0,Trump 1.0
Buffalo,2016-11-08,2,4.0,Trump 1.0
Buffalo,2016-11-09,1,4.0,Trump 1.0
Buffalo,2016-11-10,12,5.0,Trump 1.0
Buffalo,2016-11-13,1,4.0,Trump 1.0
Buffalo,2016-11-14,1,4.0,Trump 1.0
Buffalo,2016-11-15,2,3.0,Trump 1.0
Buffalo,2016-11-16,4,3.0,Trump 1.0
Buffalo,2016-11-17,4,4.0,Trump 1.0
Buffalo,2016-11-18,9,5.0,Trump 1.0
Buffalo,2016-11-21,6,4.0,Trump 1.0
Buffalo,2016-11-22,2,4.0,Trump 1.0
Buffalo,2016-11-23,6,5.0,Trump 1.0
Buffalo,2016-11-25,2,5.0,Trump 1.0
Buffalo,2016-11-28,4,5.0,Trump 1.0
Buffalo,2016-11-29,6,5.0,Trump 1.0
Buffalo,2016-11-30,10,5.0,Trump 1.0
Buffalo,2016-12-01,5,5.0,Trump 1.0
Buffalo,2016-12-02,10,6.0,Trump 1.0
Buffalo,2016-12-05,4,6.0,Trump 1.0
Buffalo,2016-12-06,5,6.0,Trump 1.0
Buffalo,2016-12-07,2,6.0,Trump 1.0
Buffalo,2016-12-08,5,6.0,Trump 1.0
Buffalo,2016-12-09,6,5.0,Trump 1.0
Buffalo,2016-12-12,2,5.0,Trump 1.0
Buffalo,2016-12-14,2,4.0,Trump 1.0
Buffalo,2016-12-15,3,4.0,Trump 1.0
Buffalo,2016-12-16,2,3.0,Trump 1.0
Buffalo,2016-12-19,3,3.0,Trump 1.0
Buffalo,2016-12-20,2,3.0,Trump 1.0
Buffalo,2016-12-21,5,3.0,Trump 1.0
Buffalo,2016-12-22,6,3.0,Trump 1.0
Buffalo,2016-12-27,4,4.0,Trump 1.0
Buffalo,2016-12-28,3,4.0,Trump 1.0
Buffalo,2016-12-29,2,4.0,Trump 1.0
Buffalo,2016-12-30,4,4.0,Trump 1.0
Buffalo,2016-12-31,1,4.0,Trump 1.0
Buffalo,2017-01-03,3,3.0,Trump 1.0
Buffalo,2017-01-04,2,3.0,Trump 1.0
Buffalo,2017-01-05,4,3.0,Trump 1.0
Buffalo,2017-01-06,3,3.0,Trump 1.0
Buffalo,2017-01-09,6,3.0,Trump 1.0
Buffalo,2017-01-10,7,4.0,Trump 1.0
Buffalo,2017-01-11,2,4.0,Trump 1.0
Buffalo,2017-01-12,4,4.0,Trump 1.0
Buffalo,2017-01-13,8,5.0,Trump 1.0
Buffalo,2017-01-17,3,5.0,Trump 1.0
Buffalo,2017-01-18,2,5.0,Trump 1.0
Buffalo,2017-01-19,4,4.0,Trump 1.0
Buffalo,2017-01-20,7,4.0,Trump 1.0
Buffalo,2017-01-21,1,4.0,Trump 1.0
Buffalo,2017-01-23,2,4.0,Trump 1.0
Buffalo,2017-01-24,5,3.0,Trump 1.0
Buffalo,2017-01-25,8,4.0,Trump 1.0
Buffalo,2017-01-26,1,4.0,Trump 1.0
Buffalo,2017-01-27,9,5.0,Trump 1.0
Buffalo,2017-01-30,5,4.0,Trump 1.0
Buffalo,2017-01-31,4,5.0,Trump 1.0
Buffalo,2017-02-01,8,6.0,Trump 1.0
Buffalo,2017-02-02,4,6.0,Trump 1.0
Buffalo,2017-02-03,6,5.0,Trump 1.0
Buffalo,2017-02-06,7,6.0,Trump 1.0
Buffalo,2017-02-07,6,6.0,Trump 1.0
Buffalo,2017-02-08,6,6.0,Trump 1.0
Buffalo,2017-02-09,7,6.0,Trump 1.0
Buffalo,2017-02-10,7,6.0,Trump 1.0
Buffalo,2017-02-13,5,6.0,Trump 1.0
Buffalo,2017-02-14,1,6.0,Trump 1.0
Buffalo,2017-02-15,6,5.0,Trump 1.0
Buffalo,2017-02-16,8,6.0,Trump 1.0
Buffalo,2017-02-17,7,6.0,Trump 1.0
Buffalo,2017-02-21,7,6.0,Trump 1.0
Buffalo,2017-02-22,8,6.0,Trump 1.0
Buffalo,2017-02-23,4,6.0,Trump 1.0
Buffalo,2017-02-24,8,7.0,Trump 1.0
Buffalo,2017-02-27,3,6.0,Trump 1.0
Buffalo,2017-02-28,5,6.0,Trump 1.0
Buffalo,2017-03-01,5,6.0,Trump 1.0
Buffalo,2017-03-02,7,6.0,Trump 1.0
Buffalo,2017-03-03,4,5.0,Trump 1.0
Buffalo,2017-03-06,7,6.0,Trump 1.0
Buffalo,2017-03-07,6,5.0,Trump 1.0
Buffalo,2017-03-08,4,5.0,Trump 1.0
Buffalo,2017-03-09,2,5.0,Trump 1.0
Buffalo,2017-03-10,5,5.0,Trump 1.0
Buffalo,2017-03-13,1,4.0,Trump 1.0
Buffalo,2017-03-14,7,5.0,Trump 1.0
Buffalo,2017-03-16,5,4.0,Trump 1.0
Buffalo,2017-03-17,17,6.0,Trump 1.0
Buffalo,2017-03-20,3,6.0,Trump 1.0
Buffalo,2017-03-21,12,7.0,Trump 1.0
Buffalo,2017-03-22,1,7.0,Trump 1.0
Buffalo,2017-03-23,2,7.0,Trump 1.0
Buffalo,2017-03-24,7,7.0,Trump 1.0
Buffalo,2017-03-27,1,6.0,Trump 1.0
Buffalo,2017-03-28,9,5.0,Trump 1.0
Buffalo,2017-03-29,6,5.0,Trump 1.0
Buffalo,2017-03-30,4,4.0,Trump 1.0
Buffalo,2017-03-31,12,6.0,Trump 1.0
Buffalo,2017-04-03,1,6.0,Trump 1.0
Buffalo,2017-04-04,2,5.0,Trump 1.0
Buffalo,2017-04-05,2,5.0,Trump 1.0
Buffalo,2017-04-06,3,4.0,Trump 1.0
Buffalo,2017-04-07,9,5.0,Trump 1.0
Buffalo,2017-04-10,5,5.0,Trump 1.0
Buffalo,2017-04-11,11,5.0,Trump 1.0
Buffalo,2017-04-12,6,5.0,Trump 1.0
Buffalo,2017-04-13,4,6.0,Trump 1.0
Buffalo,2017-04-14,3,6.0,Trump 1.0
Buffalo,2017-04-17,4,6.0,Trump 1.0
Buffalo,2017-04-18,2,5.0,Trump 1.0
Buffalo,2017-04-19,1,4.0,Trump 1.0
Buffalo,2017-04-20,7,4.0,Trump 1.0
Buffalo,2017-04-21,9,4.0,Trump 1.0
Buffalo,2017-04-24,2,4.0,Trump 1.0
Buffalo,2017-04-25,7,5.0,Trump 1.0
Buffalo,2017-04-26,6,5.0,Trump 1.0
Buffalo,2017-04-27,3,5.0,Trump 1.0
Buffalo,2017-04-28,6,6.0,Trump 1.0
Buffalo,2017-05-01,7,6.0,Trump 1.0
Buffalo,2017-05-02,7,5.0,Trump 1.0
Buffalo,2017-05-03,5,6.0,Trump 1.0
Buffalo,2017-05-04,5,6.0,Trump 1.0
Buffalo,2017-05-05,6,6.0,Trump 1.0
Buffalo,2017-05-06,1,5.0,Trump 1.0
Buffalo,2017-05-08,6,5.0,Trump 1.0
Buffalo,2017-05-09,3,5.0,Trump 1.0
Buffalo,2017-05-10,7,5.0,Trump 1.0
Buffalo,2017-05-11,3,4.0,Trump 1.0
Buffalo,2017-05-12,11,5.0,Trump 1.0
Buffalo,2017-05-13,6,5.0,Trump 1.0
Buffalo,2017-05-15,7,6.0,Trump 1.0
Buffalo,2017-05-16,3,6.0,Trump 1.0
Buffalo,2017-05-17,4,6.0,Trump 1.0
Buffalo,2017-05-18,9,6.0,Trump 1.0
Buffalo,2017-05-19,4,6.0,Trump 1.0
Buffalo,2017-05-22,10,6.0,Trump 1.0
Buffalo,2017-05-23,6,6.0,Trump 1.0
Buffalo,2017-05-24,2,5.0,Trump 1.0
Buffalo,2017-05-25,4,6.0,Trump 1.0
Buffalo,2017-05-26,6,6.0,Trump 1.0
Buffalo,2017-05-30,18,7.0,Trump 1.0
Buffalo,2017-05-31,3,7.0,Trump 1.0
Buffalo,2017-06-01,7,7.0,Trump 1.0
Buffalo,2017-06-02,1,6.0,Trump 1.0
Buffalo,2017-06-04,3,6.0,Trump 1.0
Buffalo,2017-06-05,3,6.0,Trump 1.0
Buffalo,2017-06-06,2,5.0,Trump 1.0
Buffalo,2017-06-07,6,4.0,Trump 1.0
Buffalo,2017-06-08,2,3.0,Trump 1.0
Buffalo,2017-06-09,5,3.0,Trump 1.0
Buffalo,2017-06-12,9,4.0,Trump 1.0
Buffalo,2017-06-13,6,5.0,Trump 1.0
Buffalo,2017-06-14,17,7.0,Trump 1.0
Buffalo,2017-06-15,5,7.0,Trump 1.0
Buffalo,2017-06-16,9,8.0,Trump 1.0
Buffalo,2017-06-19,6,8.0,Trump 1.0
Buffalo,2017-06-20,8,9.0,Trump 1.0
Buffalo,2017-06-21,5,8.0,Trump 1.0
Buffalo,2017-06-22,12,9.0,Trump 1.0
Buffalo,2017-06-23,8,8.0,Trump 1.0
Buffalo,2017-06-26,4,7.0,Trump 1.0
Buffalo,2017-06-27,3,7.0,Trump 1.0
Buffalo,2017-06-28,9,7.0,Trump 1.0
Buffalo,2017-06-30,3,6.0,Trump 1.0
Buffalo,2017-07-03,6,6.0,Trump 1.0
Buffalo,2017-07-05,9,6.0,Trump 1.0
Buffalo,2017-07-06,8,6.0,Trump 1.0
Buffalo,2017-07-07,5,6.0,Trump 1.0
Buffalo,2017-07-08,2,6.0,Trump 1.0
Buffalo,2017-07-10,9,6.0,Trump 1.0
Buffalo,2017-07-11,7,7.0,Trump 1.0
Buffalo,2017-07-12,7,7.0,Trump 1.0
Buffalo,2017-07-13,6,6.0,Trump 1.0
Buffalo,2017-07-14,9,6.0,Trump 1.0
Buffalo,2017-07-17,9,7.0,Trump 1.0
Buffalo,2017-07-18,8,8.0,Trump 1.0
Buffalo,2017-07-19,8,8.0,Trump 1.0
Buffalo,2017-07-20,4,7.0,Trump 1.0
Buffalo,2017-07-21,8,7.0,Trump 1.0
Buffalo,2017-07-24,3,7.0,Trump 1.0
Buffalo,2017-07-25,10,7.0,Trump 1.0
Buffalo,2017-07-26,7,7.0,Trump 1.0
Buffalo,2017-07-27,4,6.0,Trump 1.0
Buffalo,2017-07-28,5,6.0,Trump 1.0
Buffalo,2017-07-30,1,5.0,Trump 1.0
Buffalo,2017-07-31,9,6.0,Trump 1.0
Buffalo,2017-08-01,13,7.0,Trump 1.0
Buffalo,2017-08-02,10,7.0,Trump 1.0
Buffalo,2017-08-03,4,7.0,Trump 1.0
Buffalo,2017-08-04,8,7.0,Trump 1.0
Buffalo,2017-08-07,9,8.0,Trump 1.0
Buffalo,2017-08-08,6,8.0,Trump 1.0
Buffalo,2017-08-09,5,8.0,Trump 1.0
Buffalo,2017-08-10,4,7.0,Trump 1.0
Buffalo,2017-08-11,7,6.0,Trump 1.0
Buffalo,2017-08-14,7,7.0,Trump 1.0
Buffalo,2017-08-15,7,6.0,Trump 1.0
Buffalo,2017-08-16,13,7.0,Trump 1.0
Buffalo,2017-08-17,2,6.0,Trump 1.0
Buffalo,2017-08-18,8,7.0,Trump 1.0
Buffalo,2017-08-21,3,7.0,Trump 1.0
Buffalo,2017-08-22,8,7.0,Trump 1.0
Buffalo,2017-08-23,10,7.0,Trump 1.0
Buffalo,2017-08-24,3,7.0,Trump 1.0
Buffalo,2017-08-25,6,6.0,Trump 1.0
Buffalo,2017-08-28,4,6.0,Trump 1.0
Buffalo,2017-08-29,5,6.0,Trump 1.0
Buffalo,2017-08-30,2,5.0,Trump 1.0
Buffalo,2017-08-31,7,5.0,Trump 1.0
Buffalo,2017-09-01,10,5.0,Trump 1.0
Buffalo,2017-09-05,3,5.0,Trump 1.0
Buffalo,2017-09-06,4,5.0,Trump 1.0
Buffalo,2017-09-07,3,5.0,Trump 1.0
Buffalo,2017-09-08,13,6.0,Trump 1.0
Buffalo,2017-09-11,15,8.0,Trump 1.0
Buffalo,2017-09-12,6,8.0,Trump 1.0
Buffalo,2017-09-13,5,7.0,Trump 1.0
Buffalo,2017-09-14,12,8.0,Trump 1.0
Buffalo,2017-09-15,3,8.0,Trump 1.0
Buffalo,2017-09-16,2,8.0,Trump 1.0
Buffalo,2017-09-17,2,6.0,Trump 1.0
Buffalo,2017-09-18,7,5.0,Trump 1.0
Buffalo,2017-09-19,9,6.0,Trump 1.0
Buffalo,2017-09-20,10,6.0,Trump 1.0
Buffalo,2017-09-21,9,6.0,Trump 1.0
Buffalo,2017-09-22,5,6.0,Trump 1.0
Buffalo,2017-09-25,6,7.0,Trump 1.0
Buffalo,2017-09-26,10,8.0,Trump 1.0
Buffalo,2017-09-27,4,8.0,Trump 1.0
Buffalo,2017-09-28,1,6.0,Trump 1.0
Buffalo,2017-09-29,4,6.0,Trump 1.0
Buffalo,2017-10-02,2,5.0,Trump 1.0
Buffalo,2017-10-03,4,4.0,Trump 1.0
Buffalo,2017-10-04,1,4.0,Trump 1.0
Buffalo,2017-10-05,1,2.0,Trump 1.0
Buffalo,2017-10-06,8,3.0,Trump 1.0
Buffalo,2017-10-10,12,5.0,Trump 1.0
Buffalo,2017-10-11,6,5.0,Trump 1.0
Buffalo,2017-10-12,3,5.0,Trump 1.0
Buffalo,2017-10-13,10,6.0,Trump 1.0
Buffalo,2017-10-14,2,6.0,Trump 1.0
Buffalo,2017-10-16,6,7.0,Trump 1.0
Buffalo,2017-10-17,10,7.0,Trump 1.0
Buffalo,2017-10-18,3,6.0,Trump 1.0
Buffalo,2017-10-19,10,6.0,Trump 1.0
Buffalo,2017-10-20,9,7.0,Trump 1.0
Buffalo,2017-10-23,7,7.0,Trump 1.0
Buffalo,2017-10-24,8,8.0,Trump 1.0
Buffalo,2017-10-25,13,9.0,Trump 1.0
Buffalo,2017-10-26,4,8.0,Trump 1.0
Buffalo,2017-10-27,4,8.0,Trump 1.0
Buffalo,2017-10-30,8,8.0,Trump 1.0
Buffalo,2017-11-01,2,7.0,Trump 1.0
Buffalo,2017-11-02,6,6.0,Trump 1.0
Buffalo,2017-11-03,5,6.0,Trump 1.0
Buffalo,2017-11-06,4,5.0,Trump 1.0
Buffalo,2017-11-07,5,5.0,Trump 1.0
Buffalo,2017-11-08,4,5.0,Trump 1.0
Buffalo,2017-11-09,8,5.0,Trump 1.0
Buffalo,2017-11-11,2,5.0,Trump 1.0
Buffalo,2017-11-13,8,5.0,Trump 1.0
Buffalo,2017-11-14,12,6.0,Trump 1.0
Buffalo,2017-11-15,4,6.0,Trump 1.0
Buffalo,2017-11-16,5,6.0,Trump 1.0
Buffalo,2017-11-17,5,6.0,Trump 1.0
Buffalo,2017-11-19,2,5.0,Trump 1.0
Buffalo,2017-11-20,7,6.0,Trump 1.0
Buffalo,2017-11-21,2,5.0,Trump 1.0
Buffalo,2017-11-22,7,5.0,Trump 1.0
Buffalo,2017-11-27,8,5.0,Trump 1.0
Buffalo,2017-11-28,4,5.0,Trump 1.0
Buffalo,2017-11-29,4,5.0,Trump 1.0
Buffalo,2017-11-30,12,6.0,Trump 1.0
Buffalo,2017-12-01,8,6.0,Trump 1.0
Buffalo,2017-12-04,6,7.0,Trump 1.0
Buffalo,2017-12-05,4,7.0,Trump 1.0
Buffalo,2017-12-06,3,6.0,Trump 1.0
Buffalo,2017-12-07,2,6.0,Trump 1.0
Buffalo,2017-12-08,6,6.0,Trump 1.0
Buffalo,2017-12-11,4,5.0,Trump 1.0
Buffalo,2017-12-12,4,4.0,Trump 1.0
Buffalo,2017-12-13,10,5.0,Trump 1.0
Buffalo,2017-12-14,10,6.0,Trump 1.0
Buffalo,2017-12-15,8,6.0,Trump 1.0
Buffalo,2017-12-18,13,8.0,Trump 1.0
Buffalo,2017-12-19,1,7.0,Trump 1.0
Buffalo,2017-12-20,8,8.0,Trump 1.0
Buffalo,2017-12-21,3,8.0,Trump 1.0
Buffalo,2017-12-22,6,7.0,Trump 1.0
Buffalo,2017-12-27,4,6.0,Trump 1.0
Buffalo,2017-12-28,2,5.0,Trump 1.0
Buffalo,2017-12-29,3,4.0,Trump 1.0
Buffalo,2018-01-02,3,4.0,Trump 1.0
Buffalo,2018-01-03,4,4.0,Trump 1.0
Buffalo,2018-01-04,3,4.0,Trump 1.0
Buffalo,2018-01-05,11,4.0,Trump 1.0
Buffalo,2018-01-08,13,6.0,Trump 1.0
Buffalo,2018-01-09,16,8.0,Trump 1.0
Buffalo,2018-01-10,11,9.0,Trump 1.0
Buffalo,2018-01-11,7,9.0,Trump 1.0
Buffalo,2018-01-12,15,11.0,Trump 1.0
Buffalo,2018-01-13,2,11.0,Trump 1.0
Buffalo,2018-01-16,3,10.0,Trump 1.0
Buffalo,2018-01-17,2,8.0,Trump 1.0
Buffalo,2018-01-18,5,6.0,Trump 1.0
Buffalo,2018-01-19,5,6.0,Trump 1.0
Buffalo,2018-01-22,10,6.0,Trump 1.0
Buffalo,2018-01-23,7,5.0,Trump 1.0
Buffalo,2018-01-24,13,6.0,Trump 1.0
Buffalo,2018-01-25,7,7.0,Trump 1.0
Buffalo,2018-01-26,10,8.0,Trump 1.0
Buffalo,2018-01-27,1,8.0,Trump 1.0
Buffalo,2018-01-29,6,8.0,Trump 1.0
Buffalo,2018-01-30,2,7.0,Trump 1.0
Buffalo,2018-01-31,6,6.0,Trump 1.0
Buffalo,2018-02-01,13,6.0,Trump 1.0
Buffalo,2018-02-02,5,6.0,Trump 1.0
Buffalo,2018-02-05,5,5.0,Trump 1.0
Buffalo,2018-02-06,1,5.0,Trump 1.0
Buffalo,2018-02-07,5,5.0,Trump 1.0
Buffalo,2018-02-08,9,6.0,Trump 1.0
Buffalo,2018-02-09,5,6.0,Trump 1.0
Buffalo,2018-02-10,3,5.0,Trump 1.0
Buffalo,2018-02-12,5,5.0,Trump 1.0
Buffalo,2018-02-13,9,5.0,Trump 1.0
Buffalo,2018-02-14,4,6.0,Trump 1.0
Buffalo,2018-02-15,6,6.0,Trump 1.0
Buffalo,2018-02-16,6,5.0,Trump 1.0
Buffalo,2018-02-17,1,5.0,Trump 1.0
Buffalo,2018-02-20,6,5.0,Trump 1.0
Buffalo,2018-02-21,6,5.0,Trump 1.0
Buffalo,2018-02-22,5,5.0,Trump 1.0
Buffalo,2018-02-23,3,5.0,Trump 1.0
Buffalo,2018-02-26,4,4.0,Trump 1.0
Buffalo,2018-02-27,7,5.0,Trump 1.0
Buffalo,2018-02-28,3,5.0,Trump 1.0
Buffalo,2018-03-01,9,5.0,Trump 1.0
Buffalo,2018-03-02,2,5.0,Trump 1.0
Buffalo,2018-03-03,1,4.0,Trump 1.0
Buffalo,2018-03-05,7,5.0,Trump 1.0
Buffalo,2018-03-06,6,5.0,Trump 1.0
Buffalo,2018-03-07,4,5.0,Trump 1.0
Buffalo,2018-03-08,7,5.0,Trump 1.0
Buffalo,2018-03-09,6,5.0,Trump 1.0
Buffalo,2018-03-12,8,6.0,Trump 1.0
Buffalo,2018-03-13,6,6.0,Trump 1.0
Buffalo,2018-03-14,7,6.0,Trump 1.0
Buffalo,2018-03-15,6,6.0,Trump 1.0
Buffalo,2018-03-16,5,6.0,Trump 1.0
Buffalo,2018-03-19,5,6.0,Trump 1.0
Buffalo,2018-03-20,9,7.0,Trump 1.0
Buffalo,2018-03-21,3,6.0,Trump 1.0
Buffalo,2018-03-22,4,6.0,Trump 1.0
Buffalo,2018-03-23,8,6.0,Trump 1.0
Buffalo,2018-03-26,6,6.0,Trump 1.0
Buffalo,2018-03-27,6,6.0,Trump 1.0
Buffalo,2018-03-28,2,5.0,Trump 1.0
Buffalo,2018-03-29,5,5.0,Trump 1.0
Buffalo,2018-03-30,16,7.0,Trump 1.0
Buffalo,2018-04-01,2,6.0,Trump 1.0
Buffalo,2018-04-02,8,6.0,Trump 1.0
Buffalo,2018-04-03,4,6.0,Trump 1.0
Buffalo,2018-04-04,1,5.0,Trump 1.0
Buffalo,2018-04-05,5,6.0,Trump 1.0
Buffalo,2018-04-06,2,5.0,Trump 1.0
Buffalo,2018-04-09,8,4.0,Trump 1.0
Buffalo,2018-04-10,4,5.0,Trump 1.0
Buffalo,2018-04-11,6,4.0,Trump 1.0
Buffalo,2018-04-12,5,4.0,Trump 1.0
Buffalo,2018-04-13,6,5.0,Trump 1.0
Buffalo,2018-04-16,7,5.0,Trump 1.0
Buffalo,2018-04-17,3,6.0,Trump 1.0
Buffalo,2018-04-18,6,5.0,Trump 1.0
Buffalo,2018-04-19,6,6.0,Trump 1.0
Buffalo,2018-04-20,5,5.0,Trump 1.0
Buffalo,2018-04-22,1,5.0,Trump 1.0
Buffalo,2018-04-23,4,5.0,Trump 1.0
Buffalo,2018-04-24,2,4.0,Trump 1.0
Buffalo,2018-04-25,3,4.0,Trump 1.0
Buffalo,2018-04-26,10,4.0,Trump 1.0
Buffalo,2018-04-27,11,5.0,Trump 1.0
Buffalo,2018-04-28,2,5.0,Trump 1.0
Buffalo,2018-04-30,1,5.0,Trump 1.0
Buffalo,2018-05-01,7,5.0,Trump 1.0
Buffalo,2018-05-02,7,6.0,Trump 1.0
Buffalo,2018-05-03,5,6.0,Trump 1.0
Buffalo,2018-05-04,5,5.0,Trump 1.0
Buffalo,2018-05-07,4,4.0,Trump 1.0
Buffalo,2018-05-08,2,4.0,Trump 1.0
Buffalo,2018-05-09,4,5.0,Trump 1.0
Buffalo,2018-05-10,5,5.0,Trump 1.0
Buffalo,2018-05-11,7,5.0,Trump 1.0
Buffalo,2018-05-14,4,4.0,Trump 1.0
Buffalo,2018-05-15,4,4.0,Trump 1.0
Buffalo,2018-05-16,6,5.0,Trump 1.0
Buffalo,2018-05-17,7,5.0,Trump 1.0
Buffalo,2018-05-18,8,6.0,Trump 1.0
Buffalo,2018-05-21,4,6.0,Trump 1.0
Buffalo,2018-05-22,8,6.0,Trump 1.0
Buffalo,2018-05-23,1,5.0,Trump 1.0
Buffalo,2018-05-24,1,5.0,Trump 1.0
Buffalo,2018-05-25,10,6.0,Trump 1.0
Buffalo,2018-05-27,1,5.0,Trump 1.0
Buffalo,2018-05-29,8,5.0,Trump 1.0
Buffalo,2018-05-30,3,5.0,Trump 1.0
Buffalo,2018-06-01,5,4.0,Trump 1.0
Buffalo,2018-06-04,4,5.0,Trump 1.0
Buffalo,2018-06-05,3,5.0,Trump 1.0
Buffalo,2018-06-06,1,4.0,Trump 1.0
Buffalo,2018-06-07,5,4.0,Trump 1.0
Buffalo,2018-06-08,1,3.0,Trump 1.0
Buffalo,2018-06-10,1,3.0,Trump 1.0
Buffalo,2018-06-11,3,3.0,Trump 1.0
Buffalo,2018-06-13,7,3.0,Trump 1.0
Buffalo,2018-06-14,5,3.0,Trump 1.0
Buffalo,2018-06-15,7,4.0,Trump 1.0
Buffalo,2018-06-18,11,5.0,Trump 1.0
Buffalo,2018-06-19,17,7.0,Trump 1.0
Buffalo,2018-06-20,10,9.0,Trump 1.0
Buffalo,2018-06-21,8,9.0,Trump 1.0
Buffalo,2018-06-22,5,9.0,Trump 1.0
Buffalo,2018-06-25,3,9.0,Trump 1.0
Buffalo,2018-06-26,3,8.0,Trump 1.0
Buffalo,2018-06-27,4,7.0,Trump 1.0
Buffalo,2018-06-28,2,5.0,Trump 1.0
Buffalo,2018-06-29,7,5.0,Trump 1.0
Buffalo,2018-07-02,1,4.0,Trump 1.0
Buffalo,2018-07-03,6,4.0,Trump 1.0
Buffalo,2018-07-05,6,4.0,Trump 1.0
Buffalo,2018-07-06,3,4.0,Trump 1.0
Buffalo,2018-07-09,4,4.0,Trump 1.0
Buffalo,2018-07-10,5,5.0,Trump 1.0
Buffalo,2018-07-11,5,4.0,Trump 1.0
Buffalo,2018-07-12,6,5.0,Trump 1.0
Buffalo,2018-07-13,3,5.0,Trump 1.0
Buffalo,2018-07-16,8,5.0,Trump 1.0
Buffalo,2018-07-17,13,6.0,Trump 1.0
Buffalo,2018-07-18,3,6.0,Trump 1.0
Buffalo,2018-07-19,6,6.0,Trump 1.0
Buffalo,2018-07-20,4,6.0,Trump 1.0
Buffalo,2018-07-23,9,7.0,Trump 1.0
Buffalo,2018-07-24,8,7.0,Trump 1.0
Buffalo,2018-07-25,5,7.0,Trump 1.0
Buffalo,2018-07-26,6,6.0,Trump 1.0
Buffalo,2018-07-27,9,7.0,Trump 1.0
Buffalo,2018-07-31,5,7.0,Trump 1.0
Buffalo,2018-08-01,3,6.0,Trump 1.0
Buffalo,2018-08-02,6,6.0,Trump 1.0
Buffalo,2018-08-03,8,6.0,Trump 1.0
Buffalo,2018-08-06,6,6.0,Trump 1.0
Buffalo,2018-08-07,8,6.0,Trump 1.0
Buffalo,2018-08-08,5,6.0,Trump 1.0
Buffalo,2018-08-09,4,6.0,Trump 1.0
Buffalo,2018-08-10,11,7.0,Trump 1.0
Buffalo,2018-08-13,4,7.0,Trump 1.0
Buffalo,2018-08-14,2,6.0,Trump 1.0
Buffalo,2018-08-15,9,6.0,Trump 1.0
Buffalo,2018-08-16,4,6.0,Trump 1.0
Buffalo,2018-08-17,10,6.0,Trump 1.0
Buffalo,2018-08-19,6,7.0,Trump 1.0
Buffalo,2018-08-20,9,6.0,Trump 1.0
Buffalo,2018-08-21,22,9.0,Trump 1.0
Buffalo,2018-08-22,7,10.0,Trump 1.0
Buffalo,2018-08-23,4,9.0,Trump 1.0
Buffalo,2018-08-24,5,9.0,Trump 1.0
Buffalo,2018-08-25,4,8.0,Trump 1.0
Buffalo,2018-08-26,1,7.0,Trump 1.0
Buffalo,2018-08-27,5,7.0,Trump 1.0
Buffalo,2018-08-28,7,5.0,Trump 1.0
Buffalo,2018-08-29,6,5.0,Trump 1.0
Buffalo,2018-08-30,8,5.0,Trump 1.0
Buffalo,2018-08-31,3,5.0,Trump 1.0
Buffalo,2018-09-04,10,6.0,Trump 1.0
Buffalo,2018-09-05,2,6.0,Trump 1.0
Buffalo,2018-09-06,9,6.0,Trump 1.0
Buffalo,2018-09-07,3,6.0,Trump 1.0
Buffalo,2018-09-10,6,6.0,Trump 1.0
Buffalo,2018-09-11,4,5.0,Trump 1.0
Buffalo,2018-09-12,3,5.0,Trump 1.0
Buffalo,2018-09-13,7,5.0,Trump 1.0
Buffalo,2018-09-14,7,6.0,Trump 1.0
Buffalo,2018-09-17,12,6.0,Trump 1.0
Buffalo,2018-09-18,5,6.0,Trump 1.0
Buffalo,2018-09-19,4,6.0,Trump 1.0
Buffalo,2018-09-20,3,6.0,Trump 1.0
Buffalo,2018-09-21,3,6.0,Trump 1.0
Buffalo,2018-09-22,1,5.0,Trump 1.0
Buffalo,2018-09-24,8,5.0,Trump 1.0
Buffalo,2018-09-25,7,4.0,Trump 1.0
Buffalo,2018-09-26,6,5.0,Trump 1.0
Buffalo,2018-09-27,5,5.0,Trump 1.0
Buffalo,2018-09-28,4,5.0,Trump 1.0
Chicago,2015-10-01,28,8.0,Trump 1.0
Chicago,2015-10-02,20,11.0,Trump 1.0
Chicago,2015-10-03,4,11.0,Trump 1.0
Chicago,2015-10-04,1,10.0,Trump 1.0
Chicago,2015-10-05,24,12.0,Trump 1.0
Chicago,2015-10-06,28,16.0,Trump 1.0
Chicago,2015-10-07,20,18.0,Trump 1.0
Chicago,2015-10-08,21,17.0,Trump 1.0
Chicago,2015-10-09,23,17.0,Trump 1.0
Chicago,2015-10-10,4,17.0,Trump 1.0
Chicago,2015-10-11,4,18.0,Trump 1.0
Chicago,2015-10-12,5,15.0,Trump 1.0
Chicago,2015-10-13,20,14.0,Trump 1.0
Chicago,2015-10-14,14,13.0,Trump 1.0
Chicago,2015-10-15,34,15.0,Trump 1.0
Chicago,2015-10-16,24,15.0,Trump 1.0
Chicago,2015-10-17,1,15.0,Trump 1.0
Chicago,2015-10-18,2,14.0,Trump 1.0
Chicago,2015-10-19,27,17.0,Trump 1.0
Chicago,2015-10-20,25,18.0,Trump 1.0
Chicago,2015-10-21,22,19.0,Trump 1.0
Chicago,2015-10-22,42,20.0,Trump 1.0
Chicago,2015-10-23,20,20.0,Trump 1.0
Chicago,2015-10-25,1,20.0,Trump 1.0
Chicago,2015-10-26,26,23.0,Trump 1.0
Chicago,2015-10-27,26,23.0,Trump 1.0
Chicago,2015-10-28,25,23.0,Trump 1.0
Chicago,2015-10-29,31,24.0,Trump 1.0
Chicago,2015-10-30,33,23.0,Trump 1.0
Chicago,2015-10-31,13,22.0,Trump 1.0
Chicago,2015-11-01,2,22.0,Trump 1.0
Chicago,2015-11-02,23,22.0,Trump 1.0
Chicago,2015-11-03,22,21.0,Trump 1.0
Chicago,2015-11-04,32,22.0,Trump 1.0
Chicago,2015-11-05,26,22.0,Trump 1.0
Chicago,2015-11-06,35,22.0,Trump 1.0
Chicago,2015-11-07,9,21.0,Trump 1.0
Chicago,2015-11-08,10,22.0,Trump 1.0
Chicago,2015-11-09,34,24.0,Trump 1.0
Chicago,2015-11-10,39,26.0,Trump 1.0
Chicago,2015-11-11,2,22.0,Trump 1.0
Chicago,2015-11-12,26,22.0,Trump 1.0
Chicago,2015-11-13,19,20.0,Trump 1.0
Chicago,2015-11-15,2,19.0,Trump 1.0
Chicago,2015-11-16,31,22.0,Trump 1.0
Chicago,2015-11-17,33,22.0,Trump 1.0
Chicago,2015-11-18,36,21.0,Trump 1.0
Chicago,2015-11-19,17,23.0,Trump 1.0
Chicago,2015-11-20,20,23.0,Trump 1.0
Chicago,2015-11-21,3,20.0,Trump 1.0
Chicago,2015-11-22,2,20.0,Trump 1.0
Chicago,2015-11-23,24,19.0,Trump 1.0
Chicago,2015-11-24,20,17.0,Trump 1.0
Chicago,2015-11-25,14,14.0,Trump 1.0
Chicago,2015-11-27,6,13.0,Trump 1.0
Chicago,2015-11-28,4,10.0,Trump 1.0
Chicago,2015-11-29,9,11.0,Trump 1.0
Chicago,2015-11-30,21,14.0,Trump 1.0
Chicago,2015-12-01,22,14.0,Trump 1.0
Chicago,2015-12-02,26,15.0,Trump 1.0
Chicago,2015-12-03,26,16.0,Trump 1.0
Chicago,2015-12-04,20,18.0,Trump 1.0
Chicago,2015-12-05,4,18.0,Trump 1.0
Chicago,2015-12-06,6,18.0,Trump 1.0
Chicago,2015-12-07,31,19.0,Trump 1.0
Chicago,2015-12-08,34,21.0,Trump 1.0
Chicago,2015-12-09,28,21.0,Trump 1.0
Chicago,2015-12-10,25,21.0,Trump 1.0
Chicago,2015-12-11,22,21.0,Trump 1.0
Chicago,2015-12-12,1,21.0,Trump 1.0
Chicago,2015-12-13,5,21.0,Trump 1.0
Chicago,2015-12-14,28,20.0,Trump 1.0
Chicago,2015-12-15,26,19.0,Trump 1.0
Chicago,2015-12-16,21,18.0,Trump 1.0
Chicago,2015-12-17,25,18.0,Trump 1.0
Chicago,2015-12-18,18,18.0,Trump 1.0
Chicago,2015-12-19,1,18.0,Trump 1.0
Chicago,2015-12-20,4,18.0,Trump 1.0
Chicago,2015-12-21,24,17.0,Trump 1.0
Chicago,2015-12-22,16,16.0,Trump 1.0
Chicago,2015-12-23,13,14.0,Trump 1.0
Chicago,2015-12-24,11,12.0,Trump 1.0
Chicago,2015-12-25,1,10.0,Trump 1.0
Chicago,2015-12-26,3,10.0,Trump 1.0
Chicago,2015-12-27,3,10.0,Trump 1.0
Chicago,2015-12-28,20,10.0,Trump 1.0
Chicago,2015-12-29,19,10.0,Trump 1.0
Chicago,2015-12-30,20,11.0,Trump 1.0
Chicago,2015-12-31,8,11.0,Trump 1.0
Chicago,2016-01-01,5,11.0,Trump 1.0
Chicago,2016-01-02,12,12.0,Trump 1.0
Chicago,2016-01-03,6,13.0,Trump 1.0
Chicago,2016-01-04,20,13.0,Trump 1.0
Chicago,2016-01-05,19,13.0,Trump 1.0
Chicago,2016-01-06,21,13.0,Trump 1.0
Chicago,2016-01-07,18,14.0,Trump 1.0
Chicago,2016-01-08,23,17.0,Trump 1.0
Chicago,2016-01-09,4,16.0,Trump 1.0
Chicago,2016-01-10,1,15.0,Trump 1.0
Chicago,2016-01-11,27,16.0,Trump 1.0
Chicago,2016-01-12,25,17.0,Trump 1.0
Chicago,2016-01-13,29,18.0,Trump 1.0
Chicago,2016-01-14,31,20.0,Trump 1.0
Chicago,2016-01-15,25,20.0,Trump 1.0
Chicago,2016-01-16,1,20.0,Trump 1.0
Chicago,2016-01-17,1,20.0,Trump 1.0
Chicago,2016-01-19,29,20.0,Trump 1.0
Chicago,2016-01-20,12,18.0,Trump 1.0
Chicago,2016-01-21,19,17.0,Trump 1.0
Chicago,2016-01-22,19,15.0,Trump 1.0
Chicago,2016-01-23,2,12.0,Trump 1.0
Chicago,2016-01-24,2,12.0,Trump 1.0
Chicago,2016-01-25,18,14.0,Trump 1.0
Chicago,2016-01-26,22,13.0,Trump 1.0
Chicago,2016-01-27,11,13.0,Trump 1.0
Chicago,2016-01-28,26,14.0,Trump 1.0
Chicago,2016-01-29,25,15.0,Trump 1.0
Chicago,2016-01-30,2,15.0,Trump 1.0
Chicago,2016-02-01,24,18.0,Trump 1.0
Chicago,2016-02-02,29,20.0,Trump 1.0
Chicago,2016-02-03,11,18.0,Trump 1.0
Chicago,2016-02-04,22,20.0,Trump 1.0
Chicago,2016-02-05,20,19.0,Trump 1.0
Chicago,2016-02-06,4,16.0,Trump 1.0
Chicago,2016-02-07,5,16.0,Trump 1.0
Chicago,2016-02-08,17,15.0,Trump 1.0
Chicago,2016-02-09,16,14.0,Trump 1.0
Chicago,2016-02-10,15,14.0,Trump 1.0
Chicago,2016-02-11,37,16.0,Trump 1.0
Chicago,2016-02-12,19,16.0,Trump 1.0
Chicago,2016-02-13,8,17.0,Trump 1.0
Chicago,2016-02-14,8,17.0,Trump 1.0
Chicago,2016-02-15,9,16.0,Trump 1.0
Chicago,2016-02-16,21,17.0,Trump 1.0
Chicago,2016-02-17,26,18.0,Trump 1.0
Chicago,2016-02-18,25,17.0,Trump 1.0
Chicago,2016-02-19,23,17.0,Trump 1.0
Chicago,2016-02-20,2,16.0,Trump 1.0
Chicago,2016-02-21,3,16.0,Trump 1.0
Chicago,2016-02-22,20,17.0,Trump 1.0
Chicago,2016-02-23,27,18.0,Trump 1.0
Chicago,2016-02-24,14,16.0,Trump 1.0
Chicago,2016-02-25,23,16.0,Trump 1.0
Chicago,2016-02-26,24,16.0,Trump 1.0
Chicago,2016-02-27,6,17.0,Trump 1.0
Chicago,2016-02-28,8,17.0,Trump 1.0
Chicago,2016-02-29,21,18.0,Trump 1.0
Chicago,2016-03-01,35,19.0,Trump 1.0
Chicago,2016-03-02,34,22.0,Trump 1.0
Chicago,2016-03-03,36,23.0,Trump 1.0
Chicago,2016-03-04,16,22.0,Trump 1.0
Chicago,2016-03-05,4,22.0,Trump 1.0
Chicago,2016-03-06,14,23.0,Trump 1.0
Chicago,2016-03-07,32,24.0,Trump 1.0
Chicago,2016-03-08,32,24.0,Trump 1.0
Chicago,2016-03-09,23,22.0,Trump 1.0
Chicago,2016-03-10,37,23.0,Trump 1.0
Chicago,2016-03-11,18,23.0,Trump 1.0
Chicago,2016-03-13,9,24.0,Trump 1.0
Chicago,2016-03-14,34,26.0,Trump 1.0
Chicago,2016-03-15,24,25.0,Trump 1.0
Chicago,2016-03-16,22,24.0,Trump 1.0
Chicago,2016-03-17,29,25.0,Trump 1.0
Chicago,2016-03-18,22,23.0,Trump 1.0
Chicago,2016-03-19,9,21.0,Trump 1.0
Chicago,2016-03-20,1,20.0,Trump 1.0
Chicago,2016-03-21,23,19.0,Trump 1.0
Chicago,2016-03-22,22,18.0,Trump 1.0
Chicago,2016-03-23,32,20.0,Trump 1.0
Chicago,2016-03-24,19,18.0,Trump 1.0
Chicago,2016-03-25,16,17.0,Trump 1.0
Chicago,2016-03-26,5,17.0,Trump 1.0
Chicago,2016-03-27,1,17.0,Trump 1.0
Chicago,2016-03-28,22,17.0,Trump 1.0
Chicago,2016-03-29,20,16.0,Trump 1.0
Chicago,2016-03-30,22,15.0,Trump 1.0
Chicago,2016-03-31,28,16.0,Trump 1.0
Chicago,2016-04-01,19,17.0,Trump 1.0
Chicago,2016-04-02,2,16.0,Trump 1.0
Chicago,2016-04-03,2,16.0,Trump 1.0
Chicago,2016-04-04,25,17.0,Trump 1.0
Chicago,2016-04-05,32,19.0,Trump 1.0
Chicago,2016-04-06,30,20.0,Trump 1.0
Chicago,2016-04-07,26,19.0,Trump 1.0
Chicago,2016-04-08,31,21.0,Trump 1.0
Chicago,2016-04-09,4,21.0,Trump 1.0
Chicago,2016-04-11,35,26.0,Trump 1.0
Chicago,2016-04-12,48,29.0,Trump 1.0
Chicago,2016-04-13,16,27.0,Trump 1.0
Chicago,2016-04-14,22,26.0,Trump 1.0
Chicago,2016-04-15,15,24.0,Trump 1.0
Chicago,2016-04-16,3,20.0,Trump 1.0
Chicago,2016-04-17,4,20.0,Trump 1.0
Chicago,2016-04-18,23,19.0,Trump 1.0
Chicago,2016-04-19,32,16.0,Trump 1.0
Chicago,2016-04-20,43,20.0,Trump 1.0
Chicago,2016-04-21,34,22.0,Trump 1.0
Chicago,2016-04-22,20,23.0,Trump 1.0
Chicago,2016-04-23,2,23.0,Trump 1.0
Chicago,2016-04-25,25,26.0,Trump 1.0
Chicago,2016-04-26,18,25.0,Trump 1.0
Chicago,2016-04-27,29,24.0,Trump 1.0
Chicago,2016-04-28,29,22.0,Trump 1.0
Chicago,2016-04-29,24,21.0,Trump 1.0
Chicago,2016-04-30,1,18.0,Trump 1.0
Chicago,2016-05-02,27,22.0,Trump 1.0
Chicago,2016-05-03,21,21.0,Trump 1.0
Chicago,2016-05-04,17,21.0,Trump 1.0
Chicago,2016-05-05,27,21.0,Trump 1.0
Chicago,2016-05-06,17,19.0,Trump 1.0
Chicago,2016-05-07,1,16.0,Trump 1.0
Chicago,2016-05-08,2,16.0,Trump 1.0
Chicago,2016-05-09,25,16.0,Trump 1.0
Chicago,2016-05-10,39,18.0,Trump 1.0
Chicago,2016-05-11,39,21.0,Trump 1.0
Chicago,2016-05-12,30,22.0,Trump 1.0
Chicago,2016-05-13,28,23.0,Trump 1.0
Chicago,2016-05-14,3,24.0,Trump 1.0
Chicago,2016-05-15,1,24.0,Trump 1.0
Chicago,2016-05-16,25,24.0,Trump 1.0
Chicago,2016-05-17,29,22.0,Trump 1.0
Chicago,2016-05-18,32,21.0,Trump 1.0
Chicago,2016-05-19,33,22.0,Trump 1.0
Chicago,2016-05-20,27,21.0,Trump 1.0
Chicago,2016-05-21,3,21.0,Trump 1.0
Chicago,2016-05-22,5,22.0,Trump 1.0
Chicago,2016-05-23,35,23.0,Trump 1.0
Chicago,2016-05-24,29,23.0,Trump 1.0
Chicago,2016-05-25,16,21.0,Trump 1.0
Chicago,2016-05-26,27,20.0,Trump 1.0
Chicago,2016-05-27,30,21.0,Trump 1.0
Chicago,2016-05-28,6,21.0,Trump 1.0
Chicago,2016-05-29,2,21.0,Trump 1.0
Chicago,2016-05-30,6,17.0,Trump 1.0
Chicago,2016-05-31,31,17.0,Trump 1.0
Chicago,2016-06-01,29,19.0,Trump 1.0
Chicago,2016-06-02,28,19.0,Trump 1.0
Chicago,2016-06-03,26,18.0,Trump 1.0
Chicago,2016-06-04,2,18.0,Trump 1.0
Chicago,2016-06-06,18,20.0,Trump 1.0
Chicago,2016-06-07,31,24.0,Trump 1.0
Chicago,2016-06-08,28,23.0,Trump 1.0
Chicago,2016-06-09,31,23.0,Trump 1.0
Chicago,2016-06-10,16,22.0,Trump 1.0
Chicago,2016-06-11,2,18.0,Trump 1.0
Chicago,2016-06-12,1,18.0,Trump 1.0
Chicago,2016-06-13,29,20.0,Trump 1.0
Chicago,2016-06-14,28,19.0,Trump 1.0
Chicago,2016-06-15,26,19.0,Trump 1.0
Chicago,2016-06-16,31,19.0,Trump 1.0
Chicago,2016-06-17,19,19.0,Trump 1.0
Chicago,2016-06-20,19,22.0,Trump 1.0
Chicago,2016-06-21,24,25.0,Trump 1.0
Chicago,2016-06-22,23,24.0,Trump 1.0
Chicago,2016-06-23,27,24.0,Trump 1.0
Chicago,2016-06-24,23,24.0,Trump 1.0
Chicago,2016-06-25,1,19.0,Trump 1.0
Chicago,2016-06-26,3,17.0,Trump 1.0
Chicago,2016-06-27,22,18.0,Trump 1.0
Chicago,2016-06-28,25,18.0,Trump 1.0
Chicago,2016-06-29,25,18.0,Trump 1.0
Chicago,2016-06-30,16,16.0,Trump 1.0
Chicago,2016-07-01,19,16.0,Trump 1.0
Chicago,2016-07-02,5,16.0,Trump 1.0
Chicago,2016-07-04,1,16.0,Trump 1.0
Chicago,2016-07-05,27,17.0,Trump 1.0
Chicago,2016-07-06,25,17.0,Trump 1.0
Chicago,2016-07-07,37,19.0,Trump 1.0
Chicago,2016-07-08,18,19.0,Trump 1.0
Chicago,2016-07-09,3,17.0,Trump 1.0
Chicago,2016-07-10,2,16.0,Trump 1.0
Chicago,2016-07-11,29,20.0,Trump 1.0
Chicago,2016-07-12,21,19.0,Trump 1.0
Chicago,2016-07-13,25,19.0,Trump 1.0
Chicago,2016-07-14,31,18.0,Trump 1.0
Chicago,2016-07-15,19,19.0,Trump 1.0
Chicago,2016-07-16,1,18.0,Trump 1.0
Chicago,2016-07-17,1,18.0,Trump 1.0
Chicago,2016-07-18,29,18.0,Trump 1.0
Chicago,2016-07-19,32,20.0,Trump 1.0
Chicago,2016-07-20,21,19.0,Trump 1.0
Chicago,2016-07-21,27,19.0,Trump 1.0
Chicago,2016-07-22,24,19.0,Trump 1.0
Chicago,2016-07-23,1,19.0,Trump 1.0
Chicago,2016-07-25,8,20.0,Trump 1.0
Chicago,2016-07-26,28,20.0,Trump 1.0
Chicago,2016-07-27,26,19.0,Trump 1.0
Chicago,2016-07-28,24,20.0,Trump 1.0
Chicago,2016-07-29,14,18.0,Trump 1.0
Chicago,2016-07-30,4,15.0,Trump 1.0
Chicago,2016-07-31,2,15.0,Trump 1.0
Chicago,2016-08-01,32,19.0,Trump 1.0
Chicago,2016-08-02,23,18.0,Trump 1.0
Chicago,2016-08-03,19,17.0,Trump 1.0
Chicago,2016-08-04,24,17.0,Trump 1.0
Chicago,2016-08-05,29,19.0,Trump 1.0
Chicago,2016-08-06,3,19.0,Trump 1.0
Chicago,2016-08-07,3,19.0,Trump 1.0
Chicago,2016-08-08,33,19.0,Trump 1.0
Chicago,2016-08-09,39,21.0,Trump 1.0
Chicago,2016-08-10,21,22.0,Trump 1.0
Chicago,2016-08-11,26,22.0,Trump 1.0
Chicago,2016-08-12,21,21.0,Trump 1.0
Chicago,2016-08-13,1,21.0,Trump 1.0
Chicago,2016-08-14,2,20.0,Trump 1.0
Chicago,2016-08-15,33,20.0,Trump 1.0
Chicago,2016-08-16,27,19.0,Trump 1.0
Chicago,2016-08-17,36,21.0,Trump 1.0
Chicago,2016-08-18,41,23.0,Trump 1.0
Chicago,2016-08-19,15,22.0,Trump 1.0
Chicago,2016-08-20,4,23.0,Trump 1.0
Chicago,2016-08-21,1,22.0,Trump 1.0
Chicago,2016-08-22,32,22.0,Trump 1.0
Chicago,2016-08-23,25,22.0,Trump 1.0
Chicago,2016-08-24,31,21.0,Trump 1.0
Chicago,2016-08-25,27,19.0,Trump 1.0
Chicago,2016-08-26,20,20.0,Trump 1.0
Chicago,2016-08-27,4,20.0,Trump 1.0
Chicago,2016-08-28,5,21.0,Trump 1.0
Chicago,2016-08-29,33,21.0,Trump 1.0
Chicago,2016-08-30,32,22.0,Trump 1.0
Chicago,2016-08-31,31,22.0,Trump 1.0
Chicago,2016-09-01,24,21.0,Trump 1.0
Chicago,2016-09-02,21,21.0,Trump 1.0
Chicago,2016-09-04,3,21.0,Trump 1.0
Chicago,2016-09-05,3,21.0,Trump 1.0
Chicago,2016-09-06,45,23.0,Trump 1.0
Chicago,2016-09-07,35,23.0,Trump 1.0
Chicago,2016-09-08,26,22.0,Trump 1.0
Chicago,2016-09-09,21,22.0,Trump 1.0
Chicago,2016-09-10,1,19.0,Trump 1.0
Chicago,2016-09-11,2,19.0,Trump 1.0
Chicago,2016-09-12,30,23.0,Trump 1.0
Chicago,2016-09-13,33,21.0,Trump 1.0
Chicago,2016-09-14,33,21.0,Trump 1.0
Chicago,2016-09-15,45,24.0,Trump 1.0
Chicago,2016-09-16,22,24.0,Trump 1.0
Chicago,2016-09-19,30,28.0,Trump 1.0
Chicago,2016-09-20,26,31.0,Trump 1.0
Chicago,2016-09-21,19,30.0,Trump 1.0
Chicago,2016-09-22,20,28.0,Trump 1.0
Chicago,2016-09-23,20,26.0,Trump 1.0
Chicago,2016-09-24,3,20.0,Trump 1.0
Chicago,2016-09-26,21,20.0,Trump 1.0
Chicago,2016-09-27,29,20.0,Trump 1.0
Chicago,2016-09-28,28,20.0,Trump 1.0
Chicago,2016-09-29,31,22.0,Trump 1.0
Chicago,2016-09-30,15,21.0,Trump 1.0
Chicago,2016-10-01,3,19.0,Trump 1.0
Chicago,2016-10-02,12,20.0,Trump 1.0
Chicago,2016-10-03,41,23.0,Trump 1.0
Chicago,2016-10-04,43,25.0,Trump 1.0
Chicago,2016-10-05,30,25.0,Trump 1.0
Chicago,2016-10-06,24,24.0,Trump 1.0
Chicago,2016-10-07,23,25.0,Trump 1.0
Chicago,2016-10-08,1,25.0,Trump 1.0
Chicago,2016-10-10,4,24.0,Trump 1.0
Chicago,2016-10-11,33,23.0,Trump 1.0
Chicago,2016-10-12,19,19.0,Trump 1.0
Chicago,2016-10-13,33,20.0,Trump 1.0
Chicago,2016-10-14,19,19.0,Trump 1.0
Chicago,2016-10-15,7,17.0,Trump 1.0
Chicago,2016-10-16,6,17.0,Trump 1.0
Chicago,2016-10-17,40,22.0,Trump 1.0
Chicago,2016-10-18,28,22.0,Trump 1.0
Chicago,2016-10-19,26,23.0,Trump 1.0
Chicago,2016-10-20,42,24.0,Trump 1.0
Chicago,2016-10-21,23,25.0,Trump 1.0
Chicago,2016-10-22,1,24.0,Trump 1.0
Chicago,2016-10-23,1,23.0,Trump 1.0
Chicago,2016-10-24,16,20.0,Trump 1.0
Chicago,2016-10-25,19,18.0,Trump 1.0
Chicago,2016-10-26,21,18.0,Trump 1.0
Chicago,2016-10-27,30,16.0,Trump 1.0
Chicago,2016-10-28,19,15.0,Trump 1.0
Chicago,2016-10-29,2,15.0,Trump 1.0
Chicago,2016-10-30,3,16.0,Trump 1.0
Chicago,2016-10-31,26,17.0,Trump 1.0
Chicago,2016-11-01,34,19.0,Trump 1.0
Chicago,2016-11-02,20,19.0,Trump 1.0
Chicago,2016-11-03,22,18.0,Trump 1.0
Chicago,2016-11-04,15,17.0,Trump 1.0
Chicago,2016-11-07,21,20.0,Trump 1.0
Chicago,2016-11-08,20,23.0,Trump 1.0
Chicago,2016-11-09,18,21.0,Trump 1.0
Chicago,2016-11-10,31,21.0,Trump 1.0
Chicago,2016-11-11,10,20.0,Trump 1.0
Chicago,2016-11-12,1,17.0,Trump 1.0
Chicago,2016-11-13,4,15.0,Trump 1.0
Chicago,2016-11-14,24,15.0,Trump 1.0
Chicago,2016-11-15,34,17.0,Trump 1.0
Chicago,2016-11-16,16,17.0,Trump 1.0
Chicago,2016-11-17,31,17.0,Trump 1.0
Chicago,2016-11-18,18,18.0,Trump 1.0
Chicago,2016-11-19,4,19.0,Trump 1.0
Chicago,2016-11-20,4,19.0,Trump 1.0
Chicago,2016-11-21,35,20.0,Trump 1.0
Chicago,2016-11-22,33,20.0,Trump 1.0
Chicago,2016-11-23,17,20.0,Trump 1.0
Chicago,2016-11-24,2,16.0,Trump 1.0
Chicago,2016-11-25,11,15.0,Trump 1.0
Chicago,2016-11-26,1,15.0,Trump 1.0
Chicago,2016-11-27,2,14.0,Trump 1.0
Chicago,2016-11-28,15,12.0,Trump 1.0
Chicago,2016-11-29,16,9.0,Trump 1.0
Chicago,2016-11-30,23,10.0,Trump 1.0
Chicago,2016-12-01,23,13.0,Trump 1.0
Chicago,2016-12-02,23,15.0,Trump 1.0
Chicago,2016-12-03,1,15.0,Trump 1.0
Chicago,2016-12-05,20,17.0,Trump 1.0
Chicago,2016-12-06,26,19.0,Trump 1.0
Chicago,2016-12-07,31,21.0,Trump 1.0
Chicago,2016-12-08,28,22.0,Trump 1.0
Chicago,2016-12-09,18,21.0,Trump 1.0
Chicago,2016-12-10,1,18.0,Trump 1.0
Chicago,2016-12-11,1,18.0,Trump 1.0
Chicago,2016-12-12,21,18.0,Trump 1.0
Chicago,2016-12-13,23,18.0,Trump 1.0
Chicago,2016-12-14,38,19.0,Trump 1.0
Chicago,2016-12-15,23,18.0,Trump 1.0
Chicago,2016-12-16,19,18.0,Trump 1.0
Chicago,2016-12-18,2,18.0,Trump 1.0
Chicago,2016-12-19,17,20.0,Trump 1.0
Chicago,2016-12-20,28,21.0,Trump 1.0
Chicago,2016-12-21,12,20.0,Trump 1.0
Chicago,2016-12-22,27,18.0,Trump 1.0
Chicago,2016-12-23,17,17.0,Trump 1.0
Chicago,2016-12-25,2,15.0,Trump 1.0
Chicago,2016-12-26,4,15.0,Trump 1.0
Chicago,2016-12-27,16,15.0,Trump 1.0
Chicago,2016-12-28,14,13.0,Trump 1.0
Chicago,2016-12-29,23,15.0,Trump 1.0
Chicago,2016-12-30,10,12.0,Trump 1.0
Chicago,2016-12-31,1,10.0,Trump 1.0
Chicago,2017-01-01,1,10.0,Trump 1.0
Chicago,2017-01-02,2,10.0,Trump 1.0
Chicago,2017-01-03,28,11.0,Trump 1.0
Chicago,2017-01-04,32,14.0,Trump 1.0
Chicago,2017-01-05,25,14.0,Trump 1.0
Chicago,2017-01-06,20,16.0,Trump 1.0
Chicago,2017-01-07,3,16.0,Trump 1.0
Chicago,2017-01-09,28,20.0,Trump 1.0
Chicago,2017-01-10,19,22.0,Trump 1.0
Chicago,2017-01-11,25,22.0,Trump 1.0
Chicago,2017-01-12,19,20.0,Trump 1.0
Chicago,2017-01-13,24,20.0,Trump 1.0
Chicago,2017-01-14,5,18.0,Trump 1.0
Chicago,2017-01-15,5,18.0,Trump 1.0
Chicago,2017-01-16,5,15.0,Trump 1.0
Chicago,2017-01-17,33,17.0,Trump 1.0
Chicago,2017-01-18,31,17.0,Trump 1.0
Chicago,2017-01-19,33,19.0,Trump 1.0
Chicago,2017-01-20,25,20.0,Trump 1.0
Chicago,2017-01-21,2,19.0,Trump 1.0
Chicago,2017-01-22,2,19.0,Trump 1.0
Chicago,2017-01-23,26,22.0,Trump 1.0
Chicago,2017-01-24,43,23.0,Trump 1.0
Chicago,2017-01-25,20,22.0,Trump 1.0
Chicago,2017-01-26,26,21.0,Trump 1.0
Chicago,2017-01-27,35,22.0,Trump 1.0
Chicago,2017-01-28,2,22.0,Trump 1.0
Chicago,2017-01-29,1,22.0,Trump 1.0
Chicago,2017-01-30,43,24.0,Trump 1.0
Chicago,2017-01-31,28,22.0,Trump 1.0
Chicago,2017-02-01,27,23.0,Trump 1.0
Chicago,2017-02-02,23,23.0,Trump 1.0
Chicago,2017-02-03,29,22.0,Trump 1.0
Chicago,2017-02-04,13,23.0,Trump 1.0
Chicago,2017-02-05,47,30.0,Trump 1.0
Chicago,2017-02-06,49,31.0,Trump 1.0
Chicago,2017-02-07,64,36.0,Trump 1.0
Chicago,2017-02-08,46,39.0,Trump 1.0
Chicago,2017-02-09,54,43.0,Trump 1.0
Chicago,2017-02-10,34,44.0,Trump 1.0
Chicago,2017-02-11,1,42.0,Trump 1.0
Chicago,2017-02-13,50,43.0,Trump 1.0
Chicago,2017-02-14,23,39.0,Trump 1.0
Chicago,2017-02-15,24,33.0,Trump 1.0
Chicago,2017-02-16,22,30.0,Trump 1.0
Chicago,2017-02-17,32,27.0,Trump 1.0
Chicago,2017-02-18,2,22.0,Trump 1.0
Chicago,2017-02-19,5,23.0,Trump 1.0
Chicago,2017-02-21,50,23.0,Trump 1.0
Chicago,2017-02-22,30,24.0,Trump 1.0
Chicago,2017-02-23,35,25.0,Trump 1.0
Chicago,2017-02-24,37,27.0,Trump 1.0
Chicago,2017-02-25,3,23.0,Trump 1.0
Chicago,2017-02-26,1,23.0,Trump 1.0
Chicago,2017-02-27,30,27.0,Trump 1.0
Chicago,2017-02-28,30,24.0,Trump 1.0
Chicago,2017-03-01,26,23.0,Trump 1.0
Chicago,2017-03-02,32,23.0,Trump 1.0
Chicago,2017-03-03,30,22.0,Trump 1.0
Chicago,2017-03-04,2,22.0,Trump 1.0
Chicago,2017-03-05,3,22.0,Trump 1.0
Chicago,2017-03-06,30,22.0,Trump 1.0
Chicago,2017-03-07,36,23.0,Trump 1.0
Chicago,2017-03-08,35,24.0,Trump 1.0
Chicago,2017-03-09,31,24.0,Trump 1.0
Chicago,2017-03-10,28,24.0,Trump 1.0
Chicago,2017-03-11,1,23.0,Trump 1.0
Chicago,2017-03-12,4,24.0,Trump 1.0
Chicago,2017-03-13,51,27.0,Trump 1.0
Chicago,2017-03-14,45,28.0,Trump 1.0
Chicago,2017-03-15,25,26.0,Trump 1.0
Chicago,2017-03-16,22,25.0,Trump 1.0
Chicago,2017-03-17,21,24.0,Trump 1.0
Chicago,2017-03-18,3,24.0,Trump 1.0
Chicago,2017-03-19,4,24.0,Trump 1.0
Chicago,2017-03-20,41,23.0,Trump 1.0
Chicago,2017-03-21,44,23.0,Trump 1.0
Chicago,2017-03-22,19,22.0,Trump 1.0
Chicago,2017-03-23,30,23.0,Trump 1.0
Chicago,2017-03-24,31,25.0,Trump 1.0
Chicago,2017-03-25,4,25.0,Trump 1.0
Chicago,2017-03-26,2,24.0,Trump 1.0
Chicago,2017-03-27,38,24.0,Trump 1.0
Chicago,2017-03-28,38,23.0,Trump 1.0
Chicago,2017-03-29,42,26.0,Trump 1.0
Chicago,2017-03-30,43,28.0,Trump 1.0
Chicago,2017-03-31,21,27.0,Trump 1.0
Chicago,2017-04-01,38,32.0,Trump 1.0
Chicago,2017-04-02,29,36.0,Trump 1.0
Chicago,2017-04-03,28,34.0,Trump 1.0
Chicago,2017-04-04,29,33.0,Trump 1.0
Chicago,2017-04-05,22,30.0,Trump 1.0
Chicago,2017-04-06,32,28.0,Trump 1.0
Chicago,2017-04-07,29,30.0,Trump 1.0
Chicago,2017-04-08,1,24.0,Trump 1.0
Chicago,2017-04-09,2,20.0,Trump 1.0
Chicago,2017-04-10,30,21.0,Trump 1.0
Chicago,2017-04-11,25,20.0,Trump 1.0
Chicago,2017-04-12,42,23.0,Trump 1.0
Chicago,2017-04-13,23,22.0,Trump 1.0
Chicago,2017-04-14,18,20.0,Trump 1.0
Chicago,2017-04-15,2,20.0,Trump 1.0
Chicago,2017-04-16,2,20.0,Trump 1.0
Chicago,2017-04-17,34,21.0,Trump 1.0
Chicago,2017-04-18,48,24.0,Trump 1.0
Chicago,2017-04-19,28,22.0,Trump 1.0
Chicago,2017-04-20,33,24.0,Trump 1.0
Chicago,2017-04-21,20,24.0,Trump 1.0
Chicago,2017-04-22,2,24.0,Trump 1.0
Chicago,2017-04-23,2,24.0,Trump 1.0
Chicago,2017-04-24,39,25.0,Trump 1.0
Chicago,2017-04-25,38,23.0,Trump 1.0
Chicago,2017-04-26,37,24.0,Trump 1.0
Chicago,2017-04-27,22,23.0,Trump 1.0
Chicago,2017-04-28,26,24.0,Trump 1.0
Chicago,2017-04-29,2,24.0,Trump 1.0
Chicago,2017-05-01,36,29.0,Trump 1.0
Chicago,2017-05-02,26,27.0,Trump 1.0
Chicago,2017-05-03,31,26.0,Trump 1.0
Chicago,2017-05-04,37,26.0,Trump 1.0
Chicago,2017-05-05,18,25.0,Trump 1.0
Chicago,2017-05-06,2,22.0,Trump 1.0
Chicago,2017-05-08,31,26.0,Trump 1.0
Chicago,2017-05-09,36,26.0,Trump 1.0
Chicago,2017-05-10,28,26.0,Trump 1.0
Chicago,2017-05-11,44,28.0,Trump 1.0
Chicago,2017-05-12,33,27.0,Trump 1.0
Chicago,2017-05-13,3,25.0,Trump 1.0
Chicago,2017-05-14,2,25.0,Trump 1.0
Chicago,2017-05-15,36,26.0,Trump 1.0
Chicago,2017-05-16,37,26.0,Trump 1.0
Chicago,2017-05-17,32,27.0,Trump 1.0
Chicago,2017-05-18,30,25.0,Trump 1.0
Chicago,2017-05-19,26,24.0,Trump 1.0
Chicago,2017-05-20,1,23.0,Trump 1.0
Chicago,2017-05-21,3,24.0,Trump 1.0
Chicago,2017-05-22,22,22.0,Trump 1.0
Chicago,2017-05-23,46,23.0,Trump 1.0
Chicago,2017-05-24,32,23.0,Trump 1.0
Chicago,2017-05-25,34,23.0,Trump 1.0
Chicago,2017-05-26,36,25.0,Trump 1.0
Chicago,2017-05-27,1,25.0,Trump 1.0
Chicago,2017-05-29,1,25.0,Trump 1.0
Chicago,2017-05-30,29,26.0,Trump 1.0
Chicago,2017-05-31,47,26.0,Trump 1.0
Chicago,2017-06-01,32,26.0,Trump 1.0
Chicago,2017-06-02,35,26.0,Trump 1.0
Chicago,2017-06-03,2,21.0,Trump 1.0
Chicago,2017-06-04,4,21.0,Trump 1.0
Chicago,2017-06-05,38,27.0,Trump 1.0
Chicago,2017-06-06,33,27.0,Trump 1.0
Chicago,2017-06-07,46,27.0,Trump 1.0
Chicago,2017-06-08,32,27.0,Trump 1.0
Chicago,2017-06-09,20,25.0,Trump 1.0
Chicago,2017-06-11,3,25.0,Trump 1.0
Chicago,2017-06-12,55,32.0,Trump 1.0
Chicago,2017-06-13,32,32.0,Trump 1.0
Chicago,2017-06-14,26,31.0,Trump 1.0
Chicago,2017-06-15,25,28.0,Trump 1.0
Chicago,2017-06-16,31,27.0,Trump 1.0
Chicago,2017-06-17,1,25.0,Trump 1.0
Chicago,2017-06-19,22,27.0,Trump 1.0
Chicago,2017-06-20,36,25.0,Trump 1.0
Chicago,2017-06-21,24,24.0,Trump 1.0
Chicago,2017-06-22,25,23.0,Trump 1.0
Chicago,2017-06-23,31,24.0,Trump 1.0
Chicago,2017-06-25,8,21.0,Trump 1.0
Chicago,2017-06-26,25,24.0,Trump 1.0
Chicago,2017-06-27,31,26.0,Trump 1.0
Chicago,2017-06-28,33,25.0,Trump 1.0
Chicago,2017-06-29,34,27.0,Trump 1.0
Chicago,2017-06-30,39,29.0,Trump 1.0
Chicago,2017-07-02,3,25.0,Trump 1.0
Chicago,2017-07-03,22,27.0,Trump 1.0
Chicago,2017-07-04,3,24.0,Trump 1.0
Chicago,2017-07-05,39,25.0,Trump 1.0
Chicago,2017-07-06,38,25.0,Trump 1.0
Chicago,2017-07-07,33,25.0,Trump 1.0
Chicago,2017-07-08,9,21.0,Trump 1.0
Chicago,2017-07-09,2,21.0,Trump 1.0
Chicago,2017-07-10,32,22.0,Trump 1.0
Chicago,2017-07-11,43,28.0,Trump 1.0
Chicago,2017-07-12,35,27.0,Trump 1.0
Chicago,2017-07-13,46,29.0,Trump 1.0
Chicago,2017-07-14,34,29.0,Trump 1.0
Chicago,2017-07-15,6,28.0,Trump 1.0
Chicago,2017-07-16,11,30.0,Trump 1.0
Chicago,2017-07-17,29,29.0,Trump 1.0
Chicago,2017-07-18,40,29.0,Trump 1.0
Chicago,2017-07-19,44,30.0,Trump 1.0
Chicago,2017-07-20,30,28.0,Trump 1.0
Chicago,2017-07-21,27,27.0,Trump 1.0
Chicago,2017-07-22,11,27.0,Trump 1.0
Chicago,2017-07-23,4,26.0,Trump 1.0
Chicago,2017-07-24,37,28.0,Trump 1.0
Chicago,2017-07-25,41,28.0,Trump 1.0
Chicago,2017-07-26,44,28.0,Trump 1.0
Chicago,2017-07-27,32,28.0,Trump 1.0
Chicago,2017-07-28,25,28.0,Trump 1.0
Chicago,2017-07-29,13,28.0,Trump 1.0
Chicago,2017-07-30,9,29.0,Trump 1.0
Chicago,2017-07-31,30,28.0,Trump 1.0
Chicago,2017-08-01,36,27.0,Trump 1.0
Chicago,2017-08-02,34,26.0,Trump 1.0
Chicago,2017-08-03,47,28.0,Trump 1.0
Chicago,2017-08-04,32,29.0,Trump 1.0
Chicago,2017-08-05,3,27.0,Trump 1.0
Chicago,2017-08-06,3,26.0,Trump 1.0
Chicago,2017-08-07,45,29.0,Trump 1.0
Chicago,2017-08-08,36,29.0,Trump 1.0
Chicago,2017-08-09,30,28.0,Trump 1.0
Chicago,2017-08-10,43,27.0,Trump 1.0
Chicago,2017-08-11,32,27.0,Trump 1.0
Chicago,2017-08-12,5,28.0,Trump 1.0
Chicago,2017-08-13,3,28.0,Trump 1.0
Chicago,2017-08-14,39,27.0,Trump 1.0
Chicago,2017-08-15,36,27.0,Trump 1.0
Chicago,2017-08-16,29,27.0,Trump 1.0
Chicago,2017-08-17,39,26.0,Trump 1.0
Chicago,2017-08-18,29,26.0,Trump 1.0
Chicago,2017-08-19,3,25.0,Trump 1.0
Chicago,2017-08-21,29,29.0,Trump 1.0
Chicago,2017-08-22,31,28.0,Trump 1.0
Chicago,2017-08-23,48,30.0,Trump 1.0
Chicago,2017-08-24,53,33.0,Trump 1.0
Chicago,2017-08-25,27,31.0,Trump 1.0
Chicago,2017-08-26,1,27.0,Trump 1.0
Chicago,2017-08-27,1,27.0,Trump 1.0
Chicago,2017-08-28,32,28.0,Trump 1.0
Chicago,2017-08-29,27,27.0,Trump 1.0
Chicago,2017-08-30,40,26.0,Trump 1.0
Chicago,2017-08-31,26,22.0,Trump 1.0
Chicago,2017-09-01,24,22.0,Trump 1.0
Chicago,2017-09-03,5,22.0,Trump 1.0
Chicago,2017-09-04,3,22.0,Trump 1.0
Chicago,2017-09-05,37,23.0,Trump 1.0
Chicago,2017-09-06,34,24.0,Trump 1.0
Chicago,2017-09-07,38,24.0,Trump 1.0
Chicago,2017-09-08,34,25.0,Trump 1.0
Chicago,2017-09-09,4,22.0,Trump 1.0
Chicago,2017-09-10,2,22.0,Trump 1.0
Chicago,2017-09-11,43,27.0,Trump 1.0
Chicago,2017-09-12,52,30.0,Trump 1.0
Chicago,2017-09-13,26,28.0,Trump 1.0
Chicago,2017-09-14,34,28.0,Trump 1.0
Chicago,2017-09-15,21,26.0,Trump 1.0
Chicago,2017-09-16,3,26.0,Trump 1.0
Chicago,2017-09-17,3,26.0,Trump 1.0
Chicago,2017-09-18,41,26.0,Trump 1.0
Chicago,2017-09-19,40,24.0,Trump 1.0
Chicago,2017-09-20,32,25.0,Trump 1.0
Chicago,2017-09-21,40,26.0,Trump 1.0
Chicago,2017-09-22,29,27.0,Trump 1.0
Chicago,2017-09-24,12,28.0,Trump 1.0
Chicago,2017-09-25,33,32.0,Trump 1.0
Chicago,2017-09-26,67,36.0,Trump 1.0
Chicago,2017-09-27,34,35.0,Trump 1.0
Chicago,2017-09-28,31,35.0,Trump 1.0
Chicago,2017-09-29,33,34.0,Trump 1.0
Chicago,2017-09-30,10,31.0,Trump 1.0
Chicago,2017-10-01,7,31.0,Trump 1.0
Chicago,2017-10-02,32,31.0,Trump 1.0
Chicago,2017-10-03,48,28.0,Trump 1.0
Chicago,2017-10-04,45,29.0,Trump 1.0
Chicago,2017-10-05,38,30.0,Trump 1.0
Chicago,2017-10-06,33,30.0,Trump 1.0
Chicago,2017-10-07,4,30.0,Trump 1.0
Chicago,2017-10-08,6,29.0,Trump 1.0
Chicago,2017-10-09,2,25.0,Trump 1.0
Chicago,2017-10-10,36,23.0,Trump 1.0
Chicago,2017-10-11,24,20.0,Trump 1.0
Chicago,2017-10-12,25,19.0,Trump 1.0
Chicago,2017-10-13,35,19.0,Trump 1.0
Chicago,2017-10-14,6,19.0,Trump 1.0
Chicago,2017-10-15,1,18.0,Trump 1.0
Chicago,2017-10-16,25,22.0,Trump 1.0
Chicago,2017-10-17,40,22.0,Trump 1.0
Chicago,2017-10-18,34,24.0,Trump 1.0
Chicago,2017-10-19,50,27.0,Trump 1.0
Chicago,2017-10-20,33,27.0,Trump 1.0
Chicago,2017-10-21,3,27.0,Trump 1.0
Chicago,2017-10-22,3,27.0,Trump 1.0
Chicago,2017-10-23,42,29.0,Trump 1.0
Chicago,2017-10-24,34,28.0,Trump 1.0
Chicago,2017-10-25,28,28.0,Trump 1.0
Chicago,2017-10-26,55,28.0,Trump 1.0
Chicago,2017-10-27,32,28.0,Trump 1.0
Chicago,2017-10-28,5,28.0,Trump 1.0
Chicago,2017-10-29,1,28.0,Trump 1.0
Chicago,2017-10-30,39,28.0,Trump 1.0
Chicago,2017-10-31,27,27.0,Trump 1.0
Chicago,2017-11-01,20,26.0,Trump 1.0
Chicago,2017-11-02,34,23.0,Trump 1.0
Chicago,2017-11-03,26,22.0,Trump 1.0
Chicago,2017-11-04,3,21.0,Trump 1.0
Chicago,2017-11-05,7,22.0,Trump 1.0
Chicago,2017-11-06,23,20.0,Trump 1.0
Chicago,2017-11-07,48,23.0,Trump 1.0
Chicago,2017-11-08,28,24.0,Trump 1.0
Chicago,2017-11-09,37,25.0,Trump 1.0
Chicago,2017-11-10,7,22.0,Trump 1.0
Chicago,2017-11-11,8,23.0,Trump 1.0
Chicago,2017-11-12,4,22.0,Trump 1.0
Chicago,2017-11-13,40,25.0,Trump 1.0
Chicago,2017-11-14,37,23.0,Trump 1.0
Chicago,2017-11-15,35,24.0,Trump 1.0
Chicago,2017-11-16,30,23.0,Trump 1.0
Chicago,2017-11-17,27,26.0,Trump 1.0
Chicago,2017-11-18,2,25.0,Trump 1.0
Chicago,2017-11-19,7,25.0,Trump 1.0
Chicago,2017-11-20,31,24.0,Trump 1.0
Chicago,2017-11-21,28,23.0,Trump 1.0
Chicago,2017-11-22,34,23.0,Trump 1.0
Chicago,2017-11-23,5,19.0,Trump 1.0
Chicago,2017-11-24,10,17.0,Trump 1.0
Chicago,2017-11-25,4,17.0,Trump 1.0
Chicago,2017-11-26,1,16.0,Trump 1.0
Chicago,2017-11-27,34,17.0,Trump 1.0
Chicago,2017-11-28,28,17.0,Trump 1.0
Chicago,2017-11-29,41,18.0,Trump 1.0
Chicago,2017-11-30,41,23.0,Trump 1.0
Chicago,2017-12-01,32,26.0,Trump 1.0
Chicago,2017-12-02,10,27.0,Trump 1.0
Chicago,2017-12-03,9,28.0,Trump 1.0
Chicago,2017-12-04,41,29.0,Trump 1.0
Chicago,2017-12-05,28,29.0,Trump 1.0
Chicago,2017-12-06,47,30.0,Trump 1.0
Chicago,2017-12-07,52,31.0,Trump 1.0
Chicago,2017-12-08,33,31.0,Trump 1.0
Chicago,2017-12-09,7,31.0,Trump 1.0
Chicago,2017-12-10,3,30.0,Trump 1.0
Chicago,2017-12-11,30,29.0,Trump 1.0
Chicago,2017-12-12,23,28.0,Trump 1.0
Chicago,2017-12-13,36,26.0,Trump 1.0
Chicago,2017-12-14,36,24.0,Trump 1.0
Chicago,2017-12-15,41,25.0,Trump 1.0
Chicago,2017-12-16,6,25.0,Trump 1.0
Chicago,2017-12-17,4,25.0,Trump 1.0
Chicago,2017-12-18,39,26.0,Trump 1.0
Chicago,2017-12-19,38,29.0,Trump 1.0
Chicago,2017-12-20,33,28.0,Trump 1.0
Chicago,2017-12-21,32,28.0,Trump 1.0
Chicago,2017-12-22,28,26.0,Trump 1.0
Chicago,2017-12-23,3,25.0,Trump 1.0
Chicago,2017-12-24,8,26.0,Trump 1.0
Chicago,2017-12-25,5,21.0,Trump 1.0
Chicago,2017-12-26,10,17.0,Trump 1.0
Chicago,2017-12-27,16,15.0,Trump 1.0
Chicago,2017-12-28,22,13.0,Trump 1.0
Chicago,2017-12-29,15,11.0,Trump 1.0
Chicago,2017-12-30,1,11.0,Trump 1.0
Chicago,2017-12-31,2,10.0,Trump 1.0
Chicago,2018-01-01,1,10.0,Trump 1.0
Chicago,2018-01-02,30,12.0,Trump 1.0
Chicago,2018-01-03,26,14.0,Trump 1.0
Chicago,2018-01-04,38,16.0,Trump 1.0
Chicago,2018-01-05,28,18.0,Trump 1.0
Chicago,2018-01-06,6,19.0,Trump 1.0
Chicago,2018-01-07,15,21.0,Trump 1.0
Chicago,2018-01-08,29,25.0,Trump 1.0
Chicago,2018-01-09,25,24.0,Trump 1.0
Chicago,2018-01-10,18,23.0,Trump 1.0
Chicago,2018-01-11,36,22.0,Trump 1.0
Chicago,2018-01-12,37,24.0,Trump 1.0
Chicago,2018-01-13,2,23.0,Trump 1.0
Chicago,2018-01-14,3,21.0,Trump 1.0
Chicago,2018-01-15,4,18.0,Trump 1.0
Chicago,2018-01-16,37,20.0,Trump 1.0
Chicago,2018-01-17,20,20.0,Trump 1.0
Chicago,2018-01-18,30,19.0,Trump 1.0
Chicago,2018-01-19,57,22.0,Trump 1.0
Chicago,2018-01-20,7,23.0,Trump 1.0
Chicago,2018-01-21,3,23.0,Trump 1.0
Chicago,2018-01-22,33,27.0,Trump 1.0
Chicago,2018-01-23,43,28.0,Trump 1.0
Chicago,2018-01-24,43,31.0,Trump 1.0
Chicago,2018-01-25,40,32.0,Trump 1.0
Chicago,2018-01-26,32,29.0,Trump 1.0
Chicago,2018-01-27,3,28.0,Trump 1.0
Chicago,2018-01-28,5,28.0,Trump 1.0
Chicago,2018-01-29,42,30.0,Trump 1.0
Chicago,2018-01-30,33,28.0,Trump 1.0
Chicago,2018-01-31,37,27.0,Trump 1.0
Chicago,2018-02-01,41,28.0,Trump 1.0
Chicago,2018-02-02,30,27.0,Trump 1.0
Chicago,2018-02-03,7,28.0,Trump 1.0
Chicago,2018-02-04,3,28.0,Trump 1.0
Chicago,2018-02-05,43,28.0,Trump 1.0
Chicago,2018-02-06,29,27.0,Trump 1.0
Chicago,2018-02-07,37,27.0,Trump 1.0
Chicago,2018-02-08,43,27.0,Trump 1.0
Chicago,2018-02-09,25,27.0,Trump 1.0
Chicago,2018-02-10,3,26.0,Trump 1.0
Chicago,2018-02-11,1,26.0,Trump 1.0
Chicago,2018-02-12,29,24.0,Trump 1.0
Chicago,2018-02-13,33,24.0,Trump 1.0
Chicago,2018-02-14,42,25.0,Trump 1.0
Chicago,2018-02-15,32,24.0,Trump 1.0
Chicago,2018-02-16,31,24.0,Trump 1.0
Chicago,2018-02-17,1,24.0,Trump 1.0
Chicago,2018-02-18,8,25.0,Trump 1.0
Chicago,2018-02-19,5,22.0,Trump 1.0
Chicago,2018-02-20,34,22.0,Trump 1.0
Chicago,2018-02-21,33,21.0,Trump 1.0
Chicago,2018-02-22,32,21.0,Trump 1.0
Chicago,2018-02-23,36,21.0,Trump 1.0
Chicago,2018-02-24,5,22.0,Trump 1.0
Chicago,2018-02-25,6,22.0,Trump 1.0
Chicago,2018-02-26,32,25.0,Trump 1.0
Chicago,2018-02-27,40,26.0,Trump 1.0
Chicago,2018-02-28,30,26.0,Trump 1.0
Chicago,2018-03-01,36,26.0,Trump 1.0
Chicago,2018-03-02,40,27.0,Trump 1.0
Chicago,2018-03-03,2,27.0,Trump 1.0
Chicago,2018-03-04,4,26.0,Trump 1.0
Chicago,2018-03-05,33,26.0,Trump 1.0
Chicago,2018-03-06,41,27.0,Trump 1.0
Chicago,2018-03-07,35,27.0,Trump 1.0
Chicago,2018-03-08,27,26.0,Trump 1.0
Chicago,2018-03-09,32,25.0,Trump 1.0
Chicago,2018-03-10,1,25.0,Trump 1.0
Chicago,2018-03-11,2,24.0,Trump 1.0
Chicago,2018-03-12,26,23.0,Trump 1.0
Chicago,2018-03-13,31,22.0,Trump 1.0
Chicago,2018-03-14,40,23.0,Trump 1.0
Chicago,2018-03-15,29,23.0,Trump 1.0
Chicago,2018-03-16,41,24.0,Trump 1.0
Chicago,2018-03-17,2,24.0,Trump 1.0
Chicago,2018-03-18,4,25.0,Trump 1.0
Chicago,2018-03-19,34,26.0,Trump 1.0
Chicago,2018-03-20,40,27.0,Trump 1.0
Chicago,2018-03-21,32,26.0,Trump 1.0
Chicago,2018-03-22,32,26.0,Trump 1.0
Chicago,2018-03-23,28,25.0,Trump 1.0
Chicago,2018-03-24,2,25.0,Trump 1.0
Chicago,2018-03-25,11,26.0,Trump 1.0
Chicago,2018-03-26,30,25.0,Trump 1.0
Chicago,2018-03-27,28,23.0,Trump 1.0
Chicago,2018-03-28,36,24.0,Trump 1.0
Chicago,2018-03-29,48,26.0,Trump 1.0
Chicago,2018-03-30,28,26.0,Trump 1.0
Chicago,2018-03-31,1,26.0,Trump 1.0
Chicago,2018-04-01,1,25.0,Trump 1.0
Chicago,2018-04-02,23,24.0,Trump 1.0
Chicago,2018-04-03,28,24.0,Trump 1.0
Chicago,2018-04-04,23,22.0,Trump 1.0
Chicago,2018-04-05,25,18.0,Trump 1.0
Chicago,2018-04-06,29,19.0,Trump 1.0
Chicago,2018-04-07,3,19.0,Trump 1.0
Chicago,2018-04-08,4,19.0,Trump 1.0
Chicago,2018-04-09,21,19.0,Trump 1.0
Chicago,2018-04-10,34,20.0,Trump 1.0
Chicago,2018-04-11,21,20.0,Trump 1.0
Chicago,2018-04-12,49,23.0,Trump 1.0
Chicago,2018-04-13,40,25.0,Trump 1.0
Chicago,2018-04-15,4,25.0,Trump 1.0
Chicago,2018-04-16,49,31.0,Trump 1.0
Chicago,2018-04-17,36,33.0,Trump 1.0
Chicago,2018-04-18,40,34.0,Trump 1.0
Chicago,2018-04-19,37,36.0,Trump 1.0
Chicago,2018-04-20,29,34.0,Trump 1.0
Chicago,2018-04-21,2,28.0,Trump 1.0
Chicago,2018-04-22,8,29.0,Trump 1.0
Chicago,2018-04-23,35,27.0,Trump 1.0
Chicago,2018-04-24,45,28.0,Trump 1.0
Chicago,2018-04-25,23,26.0,Trump 1.0
Chicago,2018-04-26,32,25.0,Trump 1.0
Chicago,2018-04-27,26,24.0,Trump 1.0
Chicago,2018-04-28,3,25.0,Trump 1.0
Chicago,2018-04-29,4,24.0,Trump 1.0
Chicago,2018-04-30,25,23.0,Trump 1.0
Chicago,2018-05-01,40,22.0,Trump 1.0
Chicago,2018-05-02,28,23.0,Trump 1.0
Chicago,2018-05-03,20,21.0,Trump 1.0
Chicago,2018-05-04,26,21.0,Trump 1.0
Chicago,2018-05-05,2,21.0,Trump 1.0
Chicago,2018-05-06,2,20.0,Trump 1.0
Chicago,2018-05-07,36,22.0,Trump 1.0
Chicago,2018-05-08,22,19.0,Trump 1.0
Chicago,2018-05-09,33,20.0,Trump 1.0
Chicago,2018-05-10,41,23.0,Trump 1.0
Chicago,2018-05-11,40,25.0,Trump 1.0
Chicago,2018-05-12,3,25.0,Trump 1.0
Chicago,2018-05-13,3,25.0,Trump 1.0
Chicago,2018-05-14,22,23.0,Trump 1.0
Chicago,2018-05-15,28,24.0,Trump 1.0
Chicago,2018-05-16,49,27.0,Trump 1.0
Chicago,2018-05-17,26,24.0,Trump 1.0
Chicago,2018-05-18,21,22.0,Trump 1.0
Chicago,2018-05-19,48,28.0,Trump 1.0
Chicago,2018-05-20,26,31.0,Trump 1.0
Chicago,2018-05-21,33,33.0,Trump 1.0
Chicago,2018-05-22,44,35.0,Trump 1.0
Chicago,2018-05-23,34,33.0,Trump 1.0
Chicago,2018-05-24,29,34.0,Trump 1.0
Chicago,2018-05-25,27,34.0,Trump 1.0
Chicago,2018-05-26,4,28.0,Trump 1.0
Chicago,2018-05-27,2,25.0,Trump 1.0
Chicago,2018-05-28,5,21.0,Trump 1.0
Chicago,2018-05-29,31,19.0,Trump 1.0
Chicago,2018-05-30,25,18.0,Trump 1.0
Chicago,2018-05-31,33,18.0,Trump 1.0
Chicago,2018-06-01,32,19.0,Trump 1.0
Chicago,2018-06-03,6,19.0,Trump 1.0
Chicago,2018-06-04,27,23.0,Trump 1.0
Chicago,2018-06-05,33,27.0,Trump 1.0
Chicago,2018-06-06,25,26.0,Trump 1.0
Chicago,2018-06-07,33,27.0,Trump 1.0
Chicago,2018-06-08,25,26.0,Trump 1.0
Chicago,2018-06-09,3,22.0,Trump 1.0
Chicago,2018-06-10,3,21.0,Trump 1.0
Chicago,2018-06-11,30,22.0,Trump 1.0
Chicago,2018-06-12,38,22.0,Trump 1.0
Chicago,2018-06-13,37,24.0,Trump 1.0
Chicago,2018-06-14,28,23.0,Trump 1.0
Chicago,2018-06-15,29,24.0,Trump 1.0
Chicago,2018-06-16,5,24.0,Trump 1.0
Chicago,2018-06-17,12,26.0,Trump 1.0
Chicago,2018-06-18,30,26.0,Trump 1.0
Chicago,2018-06-19,26,24.0,Trump 1.0
Chicago,2018-06-20,31,23.0,Trump 1.0
Chicago,2018-06-21,29,23.0,Trump 1.0
Chicago,2018-06-22,29,23.0,Trump 1.0
Chicago,2018-06-23,5,23.0,Trump 1.0
Chicago,2018-06-24,7,22.0,Trump 1.0
Chicago,2018-06-25,27,22.0,Trump 1.0
Chicago,2018-06-26,22,21.0,Trump 1.0
Chicago,2018-06-27,31,21.0,Trump 1.0
Chicago,2018-06-28,31,22.0,Trump 1.0
Chicago,2018-06-29,23,21.0,Trump 1.0
Chicago,2018-06-30,1,20.0,Trump 1.0
Chicago,2018-07-01,5,20.0,Trump 1.0
Chicago,2018-07-02,34,21.0,Trump 1.0
Chicago,2018-07-03,29,22.0,Trump 1.0
Chicago,2018-07-04,3,18.0,Trump 1.0
Chicago,2018-07-05,22,17.0,Trump 1.0
Chicago,2018-07-06,32,18.0,Trump 1.0
Chicago,2018-07-07,7,19.0,Trump 1.0
Chicago,2018-07-08,4,19.0,Trump 1.0
Chicago,2018-07-09,36,19.0,Trump 1.0
Chicago,2018-07-10,23,18.0,Trump 1.0
Chicago,2018-07-11,23,21.0,Trump 1.0
Chicago,2018-07-12,35,23.0,Trump 1.0
Chicago,2018-07-13,29,22.0,Trump 1.0
Chicago,2018-07-14,6,22.0,Trump 1.0
Chicago,2018-07-15,1,22.0,Trump 1.0
Chicago,2018-07-16,31,21.0,Trump 1.0
Chicago,2018-07-17,24,21.0,Trump 1.0
Chicago,2018-07-18,32,23.0,Trump 1.0
Chicago,2018-07-19,31,22.0,Trump 1.0
Chicago,2018-07-20,26,22.0,Trump 1.0
Chicago,2018-07-21,3,21.0,Trump 1.0
Chicago,2018-07-22,2,21.0,Trump 1.0
Chicago,2018-07-23,31,21.0,Trump 1.0
Chicago,2018-07-24,44,24.0,Trump 1.0
Chicago,2018-07-25,46,26.0,Trump 1.0
Chicago,2018-07-26,47,28.0,Trump 1.0
Chicago,2018-07-27,32,29.0,Trump 1.0
Chicago,2018-07-28,5,30.0,Trump 1.0
Chicago,2018-07-29,4,30.0,Trump 1.0
Chicago,2018-07-30,39,31.0,Trump 1.0
Chicago,2018-07-31,30,29.0,Trump 1.0
Chicago,2018-08-01,36,28.0,Trump 1.0
Chicago,2018-08-02,40,27.0,Trump 1.0
Chicago,2018-08-03,39,28.0,Trump 1.0
Chicago,2018-08-04,3,27.0,Trump 1.0
Chicago,2018-08-05,2,27.0,Trump 1.0
Chicago,2018-08-06,41,27.0,Trump 1.0
Chicago,2018-08-07,30,27.0,Trump 1.0
Chicago,2018-08-08,17,25.0,Trump 1.0
Chicago,2018-08-09,38,24.0,Trump 1.0
Chicago,2018-08-10,45,25.0,Trump 1.0
Chicago,2018-08-11,6,26.0,Trump 1.0
Chicago,2018-08-12,8,26.0,Trump 1.0
Chicago,2018-08-13,40,26.0,Trump 1.0
Chicago,2018-08-14,52,29.0,Trump 1.0
Chicago,2018-08-15,31,31.0,Trump 1.0
Chicago,2018-08-16,33,31.0,Trump 1.0
Chicago,2018-08-17,24,28.0,Trump 1.0
Chicago,2018-08-18,10,28.0,Trump 1.0
Chicago,2018-08-19,5,28.0,Trump 1.0
Chicago,2018-08-20,34,27.0,Trump 1.0
Chicago,2018-08-21,28,24.0,Trump 1.0
Chicago,2018-08-22,34,24.0,Trump 1.0
Chicago,2018-08-23,28,23.0,Trump 1.0
Chicago,2018-08-24,34,25.0,Trump 1.0
Chicago,2018-08-25,2,24.0,Trump 1.0
Chicago,2018-08-26,7,24.0,Trump 1.0
Chicago,2018-08-27,33,24.0,Trump 1.0
Chicago,2018-08-28,29,24.0,Trump 1.0
Chicago,2018-08-29,34,24.0,Trump 1.0
Chicago,2018-08-30,32,24.0,Trump 1.0
Chicago,2018-08-31,23,23.0,Trump 1.0
Chicago,2018-09-01,2,23.0,Trump 1.0
Chicago,2018-09-02,5,23.0,Trump 1.0
Chicago,2018-09-03,8,19.0,Trump 1.0
Chicago,2018-09-04,44,21.0,Trump 1.0
Chicago,2018-09-05,37,22.0,Trump 1.0
Chicago,2018-09-06,32,22.0,Trump 1.0
Chicago,2018-09-07,22,21.0,Trump 1.0
Chicago,2018-09-08,3,22.0,Trump 1.0
Chicago,2018-09-09,3,21.0,Trump 1.0
Chicago,2018-09-10,34,25.0,Trump 1.0
Chicago,2018-09-11,40,24.0,Trump 1.0
Chicago,2018-09-12,32,24.0,Trump 1.0
Chicago,2018-09-13,31,24.0,Trump 1.0
Chicago,2018-09-14,40,26.0,Trump 1.0
Chicago,2018-09-15,8,27.0,Trump 1.0
Chicago,2018-09-16,5,27.0,Trump 1.0
Chicago,2018-09-17,37,28.0,Trump 1.0
Chicago,2018-09-18,20,25.0,Trump 1.0
Chicago,2018-09-19,27,24.0,Trump 1.0
Chicago,2018-09-20,22,23.0,Trump 1.0
Chicago,2018-09-21,59,25.0,Trump 1.0
Chicago,2018-09-22,22,27.0,Trump 1.0
Chicago,2018-09-23,26,30.0,Trump 1.0
Chicago,2018-09-24,37,30.0,Trump 1.0
Chicago,2018-09-25,25,31.0,Trump 1.0
Chicago,2018-09-26,32,32.0,Trump 1.0
Chicago,2018-09-27,22,32.0,Trump 1.0
Chicago,2018-09-28,32,28.0,Trump 1.0
Chicago,2018-09-29,6,26.0,Trump 1.0
Chicago,2018-09-30,5,23.0,Trump 1.0
Dallas,2015-10-01,17,20.0,Trump 1.0
Dallas,2015-10-02,20,19.0,Trump 1.0
Dallas,2015-10-05,34,19.0,Trump 1.0
Dallas,2015-10-06,20,19.0,Trump 1.0
Dallas,2015-10-07,47,21.0,Trump 1.0
Dallas,2015-10-08,31,25.0,Trump 1.0
Dallas,2015-10-09,10,26.0,Trump 1.0
Dallas,2015-10-12,2,23.0,Trump 1.0
Dallas,2015-10-13,40,26.0,Trump 1.0
Dallas,2015-10-14,22,25.0,Trump 1.0
Dallas,2015-10-15,36,27.0,Trump 1.0
Dallas,2015-10-16,32,25.0,Trump 1.0
Dallas,2015-10-19,47,27.0,Trump 1.0
Dallas,2015-10-20,52,33.0,Trump 1.0
Dallas,2015-10-21,34,38.0,Trump 1.0
Dallas,2015-10-22,41,38.0,Trump 1.0
Dallas,2015-10-23,30,39.0,Trump 1.0
Dallas,2015-10-26,38,39.0,Trump 1.0
Dallas,2015-10-27,34,39.0,Trump 1.0
Dallas,2015-10-28,56,41.0,Trump 1.0
Dallas,2015-10-29,94,47.0,Trump 1.0
Dallas,2015-10-30,79,53.0,Trump 1.0
Dallas,2015-10-31,12,49.0,Trump 1.0
Dallas,2015-11-01,5,45.0,Trump 1.0
Dallas,2015-11-02,46,47.0,Trump 1.0
Dallas,2015-11-03,35,47.0,Trump 1.0
Dallas,2015-11-04,42,45.0,Trump 1.0
Dallas,2015-11-05,45,38.0,Trump 1.0
Dallas,2015-11-06,32,31.0,Trump 1.0
Dallas,2015-11-09,39,35.0,Trump 1.0
Dallas,2015-11-10,28,38.0,Trump 1.0
Dallas,2015-11-11,3,32.0,Trump 1.0
Dallas,2015-11-12,32,32.0,Trump 1.0
Dallas,2015-11-13,36,31.0,Trump 1.0
Dallas,2015-11-15,1,24.0,Trump 1.0
Dallas,2015-11-16,37,25.0,Trump 1.0
Dallas,2015-11-17,31,24.0,Trump 1.0
Dallas,2015-11-18,23,23.0,Trump 1.0
Dallas,2015-11-19,35,28.0,Trump 1.0
Dallas,2015-11-20,27,27.0,Trump 1.0
Dallas,2015-11-23,49,29.0,Trump 1.0
Dallas,2015-11-24,30,33.0,Trump 1.0
Dallas,2015-11-25,18,30.0,Trump 1.0
Dallas,2015-11-27,10,27.0,Trump 1.0
Dallas,2015-11-29,3,25.0,Trump 1.0
Dallas,2015-11-30,22,23.0,Trump 1.0
Dallas,2015-12-01,26,23.0,Trump 1.0
Dallas,2015-12-02,37,21.0,Trump 1.0
Dallas,2015-12-03,39,22.0,Trump 1.0
Dallas,2015-12-04,28,24.0,Trump 1.0
Dallas,2015-12-06,1,22.0,Trump 1.0
Dallas,2015-12-07,31,26.0,Trump 1.0
Dallas,2015-12-08,31,28.0,Trump 1.0
Dallas,2015-12-09,35,29.0,Trump 1.0
Dallas,2015-12-10,41,29.0,Trump 1.0
Dallas,2015-12-11,26,28.0,Trump 1.0
Dallas,2015-12-12,7,25.0,Trump 1.0
Dallas,2015-12-14,44,31.0,Trump 1.0
Dallas,2015-12-15,40,32.0,Trump 1.0
Dallas,2015-12-16,40,33.0,Trump 1.0
Dallas,2015-12-17,31,33.0,Trump 1.0
Dallas,2015-12-18,44,33.0,Trump 1.0
Dallas,2015-12-19,13,31.0,Trump 1.0
Dallas,2015-12-20,20,33.0,Trump 1.0
Dallas,2015-12-21,40,33.0,Trump 1.0
Dallas,2015-12-22,30,31.0,Trump 1.0
Dallas,2015-12-23,20,28.0,Trump 1.0
Dallas,2015-12-24,23,27.0,Trump 1.0
Dallas,2015-12-28,17,23.0,Trump 1.0
Dallas,2015-12-29,25,25.0,Trump 1.0
Dallas,2015-12-30,25,26.0,Trump 1.0
Dallas,2015-12-31,29,24.0,Trump 1.0
Dallas,2016-01-02,9,21.0,Trump 1.0
Dallas,2016-01-03,4,19.0,Trump 1.0
Dallas,2016-01-04,35,21.0,Trump 1.0
Dallas,2016-01-05,35,23.0,Trump 1.0
Dallas,2016-01-06,43,26.0,Trump 1.0
Dallas,2016-01-07,37,27.0,Trump 1.0
Dallas,2016-01-08,45,30.0,Trump 1.0
Dallas,2016-01-09,18,31.0,Trump 1.0
Dallas,2016-01-10,1,31.0,Trump 1.0
Dallas,2016-01-11,45,32.0,Trump 1.0
Dallas,2016-01-12,42,33.0,Trump 1.0
Dallas,2016-01-13,37,32.0,Trump 1.0
Dallas,2016-01-14,47,34.0,Trump 1.0
Dallas,2016-01-15,38,33.0,Trump 1.0
Dallas,2016-01-16,2,30.0,Trump 1.0
Dallas,2016-01-18,1,30.0,Trump 1.0
Dallas,2016-01-19,30,28.0,Trump 1.0
Dallas,2016-01-20,29,26.0,Trump 1.0
Dallas,2016-01-21,34,26.0,Trump 1.0
Dallas,2016-01-22,38,25.0,Trump 1.0
Dallas,2016-01-23,1,19.0,Trump 1.0
Dallas,2016-01-24,1,19.0,Trump 1.0
Dallas,2016-01-25,60,28.0,Trump 1.0
Dallas,2016-01-26,26,27.0,Trump 1.0
Dallas,2016-01-27,25,26.0,Trump 1.0
Dallas,2016-01-28,27,25.0,Trump 1.0
Dallas,2016-01-29,22,23.0,Trump 1.0
Dallas,2016-01-31,1,23.0,Trump 1.0
Dallas,2016-02-01,44,29.0,Trump 1.0
Dallas,2016-02-02,32,25.0,Trump 1.0
Dallas,2016-02-03,31,26.0,Trump 1.0
Dallas,2016-02-04,27,26.0,Trump 1.0
Dallas,2016-02-05,41,28.0,Trump 1.0
Dallas,2016-02-06,1,25.0,Trump 1.0
Dallas,2016-02-07,1,25.0,Trump 1.0
Dallas,2016-02-08,42,25.0,Trump 1.0
Dallas,2016-02-09,37,26.0,Trump 1.0
Dallas,2016-02-10,27,25.0,Trump 1.0
Dallas,2016-02-11,40,27.0,Trump 1.0
Dallas,2016-02-12,41,27.0,Trump 1.0
Dallas,2016-02-13,5,28.0,Trump 1.0
Dallas,2016-02-14,1,28.0,Trump 1.0
Dallas,2016-02-15,2,22.0,Trump 1.0
Dallas,2016-02-16,44,23.0,Trump 1.0
Dallas,2016-02-17,34,24.0,Trump 1.0
Dallas,2016-02-18,39,24.0,Trump 1.0
Dallas,2016-02-19,30,22.0,Trump 1.0
Dallas,2016-02-22,32,26.0,Trump 1.0
Dallas,2016-02-23,28,30.0,Trump 1.0
Dallas,2016-02-24,46,36.0,Trump 1.0
Dallas,2016-02-25,29,34.0,Trump 1.0
Dallas,2016-02-26,34,34.0,Trump 1.0
Dallas,2016-02-28,1,29.0,Trump 1.0
Dallas,2016-02-29,32,29.0,Trump 1.0
Dallas,2016-03-01,29,28.0,Trump 1.0
Dallas,2016-03-02,34,29.0,Trump 1.0
Dallas,2016-03-03,25,26.0,Trump 1.0
Dallas,2016-03-04,46,29.0,Trump 1.0
Dallas,2016-03-06,3,24.0,Trump 1.0
Dallas,2016-03-07,31,29.0,Trump 1.0
Dallas,2016-03-08,43,30.0,Trump 1.0
Dallas,2016-03-09,24,29.0,Trump 1.0
Dallas,2016-03-10,34,29.0,Trump 1.0
Dallas,2016-03-11,37,31.0,Trump 1.0
Dallas,2016-03-13,2,25.0,Trump 1.0
Dallas,2016-03-14,47,31.0,Trump 1.0
Dallas,2016-03-15,24,30.0,Trump 1.0
Dallas,2016-03-16,19,27.0,Trump 1.0
Dallas,2016-03-17,16,26.0,Trump 1.0
Dallas,2016-03-18,24,24.0,Trump 1.0
Dallas,2016-03-21,39,24.0,Trump 1.0
Dallas,2016-03-22,26,28.0,Trump 1.0
Dallas,2016-03-23,31,26.0,Trump 1.0
Dallas,2016-03-24,32,27.0,Trump 1.0
Dallas,2016-03-25,30,28.0,Trump 1.0
Dallas,2016-03-28,40,32.0,Trump 1.0
Dallas,2016-03-29,31,33.0,Trump 1.0
Dallas,2016-03-30,30,31.0,Trump 1.0
Dallas,2016-03-31,31,32.0,Trump 1.0
Dallas,2016-04-01,38,33.0,Trump 1.0
Dallas,2016-04-04,42,35.0,Trump 1.0
Dallas,2016-04-05,29,34.0,Trump 1.0
Dallas,2016-04-06,23,32.0,Trump 1.0
Dallas,2016-04-07,44,34.0,Trump 1.0
Dallas,2016-04-08,40,35.0,Trump 1.0
Dallas,2016-04-09,3,31.0,Trump 1.0
Dallas,2016-04-10,1,26.0,Trump 1.0
Dallas,2016-04-11,57,28.0,Trump 1.0
Dallas,2016-04-12,30,28.0,Trump 1.0
Dallas,2016-04-13,38,30.0,Trump 1.0
Dallas,2016-04-14,43,30.0,Trump 1.0
Dallas,2016-04-15,41,30.0,Trump 1.0
Dallas,2016-04-16,16,32.0,Trump 1.0
Dallas,2016-04-18,60,41.0,Trump 1.0
Dallas,2016-04-19,39,38.0,Trump 1.0
Dallas,2016-04-20,36,39.0,Trump 1.0
Dallas,2016-04-21,39,39.0,Trump 1.0
Dallas,2016-04-22,52,40.0,Trump 1.0
Dallas,2016-04-23,9,36.0,Trump 1.0
Dallas,2016-04-25,38,39.0,Trump 1.0
Dallas,2016-04-26,29,35.0,Trump 1.0
Dallas,2016-04-27,31,33.0,Trump 1.0
Dallas,2016-04-28,28,32.0,Trump 1.0
Dallas,2016-04-29,31,31.0,Trump 1.0
Dallas,2016-04-30,8,25.0,Trump 1.0
Dallas,2016-05-02,33,28.0,Trump 1.0
Dallas,2016-05-03,30,27.0,Trump 1.0
Dallas,2016-05-04,29,27.0,Trump 1.0
Dallas,2016-05-05,29,27.0,Trump 1.0
Dallas,2016-05-06,49,30.0,Trump 1.0
Dallas,2016-05-07,5,26.0,Trump 1.0
Dallas,2016-05-09,57,33.0,Trump 1.0
Dallas,2016-05-10,28,32.0,Trump 1.0
Dallas,2016-05-11,44,34.0,Trump 1.0
Dallas,2016-05-12,39,36.0,Trump 1.0
Dallas,2016-05-13,29,36.0,Trump 1.0
Dallas,2016-05-14,5,30.0,Trump 1.0
Dallas,2016-05-16,49,36.0,Trump 1.0
Dallas,2016-05-17,40,33.0,Trump 1.0
Dallas,2016-05-18,43,36.0,Trump 1.0
Dallas,2016-05-19,44,36.0,Trump 1.0
Dallas,2016-05-20,39,36.0,Trump 1.0
Dallas,2016-05-21,15,34.0,Trump 1.0
Dallas,2016-05-23,49,40.0,Trump 1.0
Dallas,2016-05-24,27,37.0,Trump 1.0
Dallas,2016-05-25,38,36.0,Trump 1.0
Dallas,2016-05-26,34,35.0,Trump 1.0
Dallas,2016-05-27,34,34.0,Trump 1.0
Dallas,2016-05-28,15,30.0,Trump 1.0
Dallas,2016-05-29,4,29.0,Trump 1.0
Dallas,2016-05-30,20,25.0,Trump 1.0
Dallas,2016-05-31,22,24.0,Trump 1.0
Dallas,2016-06-01,28,22.0,Trump 1.0
Dallas,2016-06-02,38,23.0,Trump 1.0
Dallas,2016-06-03,36,23.0,Trump 1.0
Dallas,2016-06-04,19,24.0,Trump 1.0
Dallas,2016-06-06,40,29.0,Trump 1.0
Dallas,2016-06-07,25,30.0,Trump 1.0
Dallas,2016-06-08,27,30.0,Trump 1.0
Dallas,2016-06-09,49,33.0,Trump 1.0
Dallas,2016-06-10,26,32.0,Trump 1.0
Dallas,2016-06-11,10,28.0,Trump 1.0
Dallas,2016-06-13,51,33.0,Trump 1.0
Dallas,2016-06-14,51,34.0,Trump 1.0
Dallas,2016-06-15,48,37.0,Trump 1.0
Dallas,2016-06-16,43,40.0,Trump 1.0
Dallas,2016-06-17,31,37.0,Trump 1.0
Dallas,2016-06-20,38,39.0,Trump 1.0
Dallas,2016-06-21,53,45.0,Trump 1.0
Dallas,2016-06-22,39,43.0,Trump 1.0
Dallas,2016-06-23,33,41.0,Trump 1.0
Dallas,2016-06-24,33,39.0,Trump 1.0
Dallas,2016-06-25,24,36.0,Trump 1.0
Dallas,2016-06-26,7,32.0,Trump 1.0
Dallas,2016-06-27,55,35.0,Trump 1.0
Dallas,2016-06-28,30,32.0,Trump 1.0
Dallas,2016-06-29,35,31.0,Trump 1.0
Dallas,2016-06-30,39,32.0,Trump 1.0
Dallas,2016-07-01,44,33.0,Trump 1.0
Dallas,2016-07-05,39,36.0,Trump 1.0
Dallas,2016-07-06,30,39.0,Trump 1.0
Dallas,2016-07-07,27,35.0,Trump 1.0
Dallas,2016-07-08,34,35.0,Trump 1.0
Dallas,2016-07-11,36,36.0,Trump 1.0
Dallas,2016-07-12,31,34.0,Trump 1.0
Dallas,2016-07-13,36,33.0,Trump 1.0
Dallas,2016-07-14,24,31.0,Trump 1.0
Dallas,2016-07-15,43,33.0,Trump 1.0
Dallas,2016-07-18,53,37.0,Trump 1.0
Dallas,2016-07-19,51,39.0,Trump 1.0
Dallas,2016-07-20,20,37.0,Trump 1.0
Dallas,2016-07-21,28,36.0,Trump 1.0
Dallas,2016-07-22,41,37.0,Trump 1.0
Dallas,2016-07-25,43,40.0,Trump 1.0
Dallas,2016-07-26,30,38.0,Trump 1.0
Dallas,2016-07-27,51,38.0,Trump 1.0
Dallas,2016-07-28,38,36.0,Trump 1.0
Dallas,2016-07-29,26,37.0,Trump 1.0
Dallas,2016-07-31,1,33.0,Trump 1.0
Dallas,2016-08-01,52,34.0,Trump 1.0
Dallas,2016-08-02,32,33.0,Trump 1.0
Dallas,2016-08-03,56,37.0,Trump 1.0
Dallas,2016-08-04,42,35.0,Trump 1.0
Dallas,2016-08-05,45,36.0,Trump 1.0
Dallas,2016-08-08,23,36.0,Trump 1.0
Dallas,2016-08-09,44,42.0,Trump 1.0
Dallas,2016-08-10,50,42.0,Trump 1.0
Dallas,2016-08-11,40,43.0,Trump 1.0
Dallas,2016-08-12,36,40.0,Trump 1.0
Dallas,2016-08-14,1,34.0,Trump 1.0
Dallas,2016-08-15,47,34.0,Trump 1.0
Dallas,2016-08-16,41,37.0,Trump 1.0
Dallas,2016-08-17,43,37.0,Trump 1.0
Dallas,2016-08-18,49,37.0,Trump 1.0
Dallas,2016-08-19,29,35.0,Trump 1.0
Dallas,2016-08-21,11,32.0,Trump 1.0
Dallas,2016-08-22,44,38.0,Trump 1.0
Dallas,2016-08-23,25,35.0,Trump 1.0
Dallas,2016-08-24,33,33.0,Trump 1.0
Dallas,2016-08-25,24,31.0,Trump 1.0
Dallas,2016-08-26,32,28.0,Trump 1.0
Dallas,2016-08-28,9,25.0,Trump 1.0
Dallas,2016-08-29,36,29.0,Trump 1.0
Dallas,2016-08-30,31,27.0,Trump 1.0
Dallas,2016-08-31,53,31.0,Trump 1.0
Dallas,2016-09-01,21,29.0,Trump 1.0
Dallas,2016-09-02,41,32.0,Trump 1.0
Dallas,2016-09-05,15,29.0,Trump 1.0
Dallas,2016-09-06,37,33.0,Trump 1.0
Dallas,2016-09-07,34,33.0,Trump 1.0
Dallas,2016-09-08,36,34.0,Trump 1.0
Dallas,2016-09-09,39,32.0,Trump 1.0
Dallas,2016-09-12,43,35.0,Trump 1.0
Dallas,2016-09-13,38,35.0,Trump 1.0
Dallas,2016-09-14,21,35.0,Trump 1.0
Dallas,2016-09-15,47,37.0,Trump 1.0
Dallas,2016-09-16,53,40.0,Trump 1.0
Dallas,2016-09-19,34,39.0,Trump 1.0
Dallas,2016-09-20,50,41.0,Trump 1.0
Dallas,2016-09-21,38,40.0,Trump 1.0
Dallas,2016-09-22,48,42.0,Trump 1.0
Dallas,2016-09-23,46,45.0,Trump 1.0
Dallas,2016-09-26,48,45.0,Trump 1.0
Dallas,2016-09-27,19,40.0,Trump 1.0
Dallas,2016-09-28,36,41.0,Trump 1.0
Dallas,2016-09-29,46,40.0,Trump 1.0
Dallas,2016-09-30,43,41.0,Trump 1.0
Dallas,2016-10-03,57,42.0,Trump 1.0
Dallas,2016-10-04,45,42.0,Trump 1.0
Dallas,2016-10-05,46,42.0,Trump 1.0
Dallas,2016-10-06,56,47.0,Trump 1.0
Dallas,2016-10-07,63,51.0,Trump 1.0
Dallas,2016-10-08,1,44.0,Trump 1.0
Dallas,2016-10-10,10,40.0,Trump 1.0
Dallas,2016-10-11,56,40.0,Trump 1.0
Dallas,2016-10-12,72,43.0,Trump 1.0
Dallas,2016-10-13,46,43.0,Trump 1.0
Dallas,2016-10-14,39,41.0,Trump 1.0
Dallas,2016-10-17,30,36.0,Trump 1.0
Dallas,2016-10-18,52,44.0,Trump 1.0
Dallas,2016-10-19,33,47.0,Trump 1.0
Dallas,2016-10-20,28,43.0,Trump 1.0
Dallas,2016-10-21,42,39.0,Trump 1.0
Dallas,2016-10-24,56,40.0,Trump 1.0
Dallas,2016-10-25,37,40.0,Trump 1.0
Dallas,2016-10-26,36,41.0,Trump 1.0
Dallas,2016-10-27,37,38.0,Trump 1.0
Dallas,2016-10-28,39,39.0,Trump 1.0
Dallas,2016-10-30,19,38.0,Trump 1.0
Dallas,2016-10-31,30,36.0,Trump 1.0
Dallas,2016-11-01,28,32.0,Trump 1.0
Dallas,2016-11-02,35,32.0,Trump 1.0
Dallas,2016-11-03,43,33.0,Trump 1.0
Dallas,2016-11-04,84,40.0,Trump 1.0
Dallas,2016-11-06,24,38.0,Trump 1.0
Dallas,2016-11-07,57,43.0,Trump 1.0
Dallas,2016-11-08,34,44.0,Trump 1.0
Dallas,2016-11-09,48,46.0,Trump 1.0
Dallas,2016-11-10,72,52.0,Trump 1.0
Dallas,2016-11-11,18,48.0,Trump 1.0
Dallas,2016-11-13,24,40.0,Trump 1.0
Dallas,2016-11-14,54,44.0,Trump 1.0
Dallas,2016-11-15,44,42.0,Trump 1.0
Dallas,2016-11-16,65,46.0,Trump 1.0
Dallas,2016-11-17,55,47.0,Trump 1.0
Dallas,2016-11-18,68,47.0,Trump 1.0
Dallas,2016-11-20,17,47.0,Trump 1.0
Dallas,2016-11-21,57,51.0,Trump 1.0
Dallas,2016-11-22,48,51.0,Trump 1.0
Dallas,2016-11-23,54,52.0,Trump 1.0
Dallas,2016-11-25,62,52.0,Trump 1.0
Dallas,2016-11-27,13,46.0,Trump 1.0
Dallas,2016-11-28,25,39.0,Trump 1.0
Dallas,2016-11-29,33,42.0,Trump 1.0
Dallas,2016-11-30,40,39.0,Trump 1.0
Dallas,2016-12-01,42,38.0,Trump 1.0
Dallas,2016-12-02,68,40.0,Trump 1.0
Dallas,2016-12-04,21,35.0,Trump 1.0
Dallas,2016-12-05,62,42.0,Trump 1.0
Dallas,2016-12-06,46,45.0,Trump 1.0
Dallas,2016-12-07,43,46.0,Trump 1.0
Dallas,2016-12-08,33,45.0,Trump 1.0
Dallas,2016-12-09,53,47.0,Trump 1.0
Dallas,2016-12-12,75,48.0,Trump 1.0
Dallas,2016-12-13,51,52.0,Trump 1.0
Dallas,2016-12-14,50,50.0,Trump 1.0
Dallas,2016-12-15,44,50.0,Trump 1.0
Dallas,2016-12-16,64,53.0,Trump 1.0
Dallas,2016-12-18,1,48.0,Trump 1.0
Dallas,2016-12-19,49,48.0,Trump 1.0
Dallas,2016-12-20,57,45.0,Trump 1.0
Dallas,2016-12-21,58,46.0,Trump 1.0
Dallas,2016-12-22,52,46.0,Trump 1.0
Dallas,2016-12-23,67,50.0,Trump 1.0
Dallas,2016-12-26,13,42.0,Trump 1.0
Dallas,2016-12-27,30,47.0,Trump 1.0
Dallas,2016-12-28,33,44.0,Trump 1.0
Dallas,2016-12-29,46,43.0,Trump 1.0
Dallas,2016-12-30,62,43.0,Trump 1.0
Dallas,2017-01-02,23,39.0,Trump 1.0
Dallas,2017-01-03,25,33.0,Trump 1.0
Dallas,2017-01-04,46,38.0,Trump 1.0
Dallas,2017-01-05,53,41.0,Trump 1.0
Dallas,2017-01-06,57,45.0,Trump 1.0
Dallas,2017-01-07,3,38.0,Trump 1.0
Dallas,2017-01-09,68,39.0,Trump 1.0
Dallas,2017-01-10,55,44.0,Trump 1.0
Dallas,2017-01-11,62,49.0,Trump 1.0
Dallas,2017-01-12,59,51.0,Trump 1.0
Dallas,2017-01-13,82,55.0,Trump 1.0
Dallas,2017-01-16,21,50.0,Trump 1.0
Dallas,2017-01-17,61,58.0,Trump 1.0
Dallas,2017-01-18,46,55.0,Trump 1.0
Dallas,2017-01-19,56,55.0,Trump 1.0
Dallas,2017-01-20,78,58.0,Trump 1.0
Dallas,2017-01-23,54,57.0,Trump 1.0
Dallas,2017-01-24,59,54.0,Trump 1.0
Dallas,2017-01-25,53,58.0,Trump 1.0
Dallas,2017-01-26,59,58.0,Trump 1.0
Dallas,2017-01-27,66,61.0,Trump 1.0
Dallas,2017-01-29,13,55.0,Trump 1.0
Dallas,2017-01-30,48,50.0,Trump 1.0
Dallas,2017-01-31,56,51.0,Trump 1.0
Dallas,2017-02-01,48,49.0,Trump 1.0
Dallas,2017-02-02,43,48.0,Trump 1.0
Dallas,2017-02-03,82,51.0,Trump 1.0
Dallas,2017-02-05,23,45.0,Trump 1.0
Dallas,2017-02-06,62,52.0,Trump 1.0
Dallas,2017-02-07,60,53.0,Trump 1.0
Dallas,2017-02-08,66,55.0,Trump 1.0
Dallas,2017-02-09,80,59.0,Trump 1.0
Dallas,2017-02-10,86,66.0,Trump 1.0
Dallas,2017-02-12,35,59.0,Trump 1.0
Dallas,2017-02-13,54,63.0,Trump 1.0
Dallas,2017-02-14,61,63.0,Trump 1.0
Dallas,2017-02-15,62,63.0,Trump 1.0
Dallas,2017-02-16,56,62.0,Trump 1.0
Dallas,2017-02-17,91,64.0,Trump 1.0
Dallas,2017-02-18,27,55.0,Trump 1.0
Dallas,2017-02-19,17,53.0,Trump 1.0
Dallas,2017-02-20,13,47.0,Trump 1.0
Dallas,2017-02-21,55,46.0,Trump 1.0
Dallas,2017-02-22,77,48.0,Trump 1.0
Dallas,2017-02-23,70,50.0,Trump 1.0
Dallas,2017-02-24,80,48.0,Trump 1.0
Dallas,2017-02-26,28,49.0,Trump 1.0
Dallas,2017-02-27,69,56.0,Trump 1.0
Dallas,2017-02-28,44,60.0,Trump 1.0
Dallas,2017-03-01,64,62.0,Trump 1.0
Dallas,2017-03-02,54,58.0,Trump 1.0
Dallas,2017-03-03,58,57.0,Trump 1.0
Dallas,2017-03-04,15,47.0,Trump 1.0
Dallas,2017-03-05,20,46.0,Trump 1.0
Dallas,2017-03-06,51,44.0,Trump 1.0
Dallas,2017-03-07,60,46.0,Trump 1.0
Dallas,2017-03-08,65,46.0,Trump 1.0
Dallas,2017-03-09,72,49.0,Trump 1.0
Dallas,2017-03-10,82,52.0,Trump 1.0
Dallas,2017-03-12,21,53.0,Trump 1.0
Dallas,2017-03-13,54,58.0,Trump 1.0
Dallas,2017-03-14,54,58.0,Trump 1.0
Dallas,2017-03-15,56,58.0,Trump 1.0
Dallas,2017-03-16,45,55.0,Trump 1.0
Dallas,2017-03-17,61,53.0,Trump 1.0
Dallas,2017-03-18,24,45.0,Trump 1.0
Dallas,2017-03-19,20,45.0,Trump 1.0
Dallas,2017-03-20,45,44.0,Trump 1.0
Dallas,2017-03-21,35,41.0,Trump 1.0
Dallas,2017-03-22,68,43.0,Trump 1.0
Dallas,2017-03-23,72,46.0,Trump 1.0
Dallas,2017-03-24,86,50.0,Trump 1.0
Dallas,2017-03-25,14,49.0,Trump 1.0
Dallas,2017-03-26,22,49.0,Trump 1.0
Dallas,2017-03-27,79,54.0,Trump 1.0
Dallas,2017-03-28,60,57.0,Trump 1.0
Dallas,2017-03-29,51,55.0,Trump 1.0
Dallas,2017-03-30,54,52.0,Trump 1.0
Dallas,2017-03-31,74,51.0,Trump 1.0
Dallas,2017-04-01,40,54.0,Trump 1.0
Dallas,2017-04-02,44,57.0,Trump 1.0
Dallas,2017-04-03,70,56.0,Trump 1.0
Dallas,2017-04-04,52,55.0,Trump 1.0
Dallas,2017-04-05,65,57.0,Trump 1.0
Dallas,2017-04-06,42,55.0,Trump 1.0
Dallas,2017-04-07,70,55.0,Trump 1.0
Dallas,2017-04-08,17,51.0,Trump 1.0
Dallas,2017-04-09,19,48.0,Trump 1.0
Dallas,2017-04-10,51,45.0,Trump 1.0
Dallas,2017-04-11,49,45.0,Trump 1.0
Dallas,2017-04-12,95,49.0,Trump 1.0
Dallas,2017-04-13,65,52.0,Trump 1.0
Dallas,2017-04-14,82,54.0,Trump 1.0
Dallas,2017-04-15,23,55.0,Trump 1.0
Dallas,2017-04-16,8,53.0,Trump 1.0
Dallas,2017-04-17,46,53.0,Trump 1.0
Dallas,2017-04-18,64,55.0,Trump 1.0
Dallas,2017-04-19,86,53.0,Trump 1.0
Dallas,2017-04-20,69,54.0,Trump 1.0
Dallas,2017-04-21,71,52.0,Trump 1.0
Dallas,2017-04-22,21,52.0,Trump 1.0
Dallas,2017-04-23,12,53.0,Trump 1.0
Dallas,2017-04-24,52,54.0,Trump 1.0
Dallas,2017-04-25,44,51.0,Trump 1.0
Dallas,2017-04-26,60,47.0,Trump 1.0
Dallas,2017-04-27,55,45.0,Trump 1.0
Dallas,2017-04-28,81,46.0,Trump 1.0
Dallas,2017-04-29,16,46.0,Trump 1.0
Dallas,2017-04-30,19,47.0,Trump 1.0
Dallas,2017-05-01,45,46.0,Trump 1.0
Dallas,2017-05-02,50,47.0,Trump 1.0
Dallas,2017-05-03,45,44.0,Trump 1.0
Dallas,2017-05-04,60,45.0,Trump 1.0
Dallas,2017-05-05,78,45.0,Trump 1.0
Dallas,2017-05-06,18,45.0,Trump 1.0
Dallas,2017-05-07,18,45.0,Trump 1.0
Dallas,2017-05-08,54,46.0,Trump 1.0
Dallas,2017-05-09,31,43.0,Trump 1.0
Dallas,2017-05-10,65,46.0,Trump 1.0
Dallas,2017-05-11,41,44.0,Trump 1.0
Dallas,2017-05-12,78,44.0,Trump 1.0
Dallas,2017-05-13,17,43.0,Trump 1.0
Dallas,2017-05-14,19,44.0,Trump 1.0
Dallas,2017-05-15,45,42.0,Trump 1.0
Dallas,2017-05-16,51,45.0,Trump 1.0
Dallas,2017-05-17,48,43.0,Trump 1.0
Dallas,2017-05-18,55,45.0,Trump 1.0
Dallas,2017-05-19,49,41.0,Trump 1.0
Dallas,2017-05-20,20,41.0,Trump 1.0
Dallas,2017-05-21,18,41.0,Trump 1.0
Dallas,2017-05-22,39,40.0,Trump 1.0
Dallas,2017-05-23,50,40.0,Trump 1.0
Dallas,2017-05-24,57,41.0,Trump 1.0
Dallas,2017-05-25,42,39.0,Trump 1.0
Dallas,2017-05-26,79,44.0,Trump 1.0
Dallas,2017-05-27,14,43.0,Trump 1.0
Dallas,2017-05-28,17,43.0,Trump 1.0
Dallas,2017-05-29,24,40.0,Trump 1.0
Dallas,2017-05-30,41,39.0,Trump 1.0
Dallas,2017-05-31,55,39.0,Trump 1.0
Dallas,2017-06-01,86,45.0,Trump 1.0
Dallas,2017-06-02,92,47.0,Trump 1.0
Dallas,2017-06-03,24,48.0,Trump 1.0
Dallas,2017-06-04,21,49.0,Trump 1.0
Dallas,2017-06-05,57,54.0,Trump 1.0
Dallas,2017-06-06,44,54.0,Trump 1.0
Dallas,2017-06-07,54,54.0,Trump 1.0
Dallas,2017-06-08,72,52.0,Trump 1.0
Dallas,2017-06-09,64,48.0,Trump 1.0
Dallas,2017-06-10,25,48.0,Trump 1.0
Dallas,2017-06-11,14,47.0,Trump 1.0
Dallas,2017-06-12,45,45.0,Trump 1.0
Dallas,2017-06-13,71,49.0,Trump 1.0
Dallas,2017-06-14,55,49.0,Trump 1.0
Dallas,2017-06-15,58,47.0,Trump 1.0
Dallas,2017-06-16,63,47.0,Trump 1.0
Dallas,2017-06-17,19,46.0,Trump 1.0
Dallas,2017-06-18,18,47.0,Trump 1.0
Dallas,2017-06-19,38,46.0,Trump 1.0
Dallas,2017-06-20,43,42.0,Trump 1.0
Dallas,2017-06-21,57,42.0,Trump 1.0
Dallas,2017-06-22,59,42.0,Trump 1.0
Dallas,2017-06-23,93,47.0,Trump 1.0
Dallas,2017-06-24,18,47.0,Trump 1.0
Dallas,2017-06-25,10,45.0,Trump 1.0
Dallas,2017-06-26,63,49.0,Trump 1.0
Dallas,2017-06-27,59,51.0,Trump 1.0
Dallas,2017-06-28,58,51.0,Trump 1.0
Dallas,2017-06-29,59,51.0,Trump 1.0
Dallas,2017-06-30,65,47.0,Trump 1.0
Dallas,2017-07-01,26,49.0,Trump 1.0
Dallas,2017-07-02,22,50.0,Trump 1.0
Dallas,2017-07-03,57,49.0,Trump 1.0
Dallas,2017-07-04,16,43.0,Trump 1.0
Dallas,2017-07-05,47,42.0,Trump 1.0
Dallas,2017-07-06,53,41.0,Trump 1.0
Dallas,2017-07-07,75,42.0,Trump 1.0
Dallas,2017-07-08,26,42.0,Trump 1.0
Dallas,2017-07-09,24,43.0,Trump 1.0
Dallas,2017-07-10,41,40.0,Trump 1.0
Dallas,2017-07-11,61,47.0,Trump 1.0
Dallas,2017-07-12,61,49.0,Trump 1.0
Dallas,2017-07-13,57,49.0,Trump 1.0
Dallas,2017-07-14,73,49.0,Trump 1.0
Dallas,2017-07-15,17,48.0,Trump 1.0
Dallas,2017-07-16,23,48.0,Trump 1.0
Dallas,2017-07-17,64,51.0,Trump 1.0
Dallas,2017-07-18,57,50.0,Trump 1.0
Dallas,2017-07-19,53,49.0,Trump 1.0
Dallas,2017-07-20,66,50.0,Trump 1.0
Dallas,2017-07-21,67,50.0,Trump 1.0
Dallas,2017-07-22,29,51.0,Trump 1.0
Dallas,2017-07-23,25,52.0,Trump 1.0
Dallas,2017-07-24,75,53.0,Trump 1.0
Dallas,2017-07-25,73,55.0,Trump 1.0
Dallas,2017-07-26,78,59.0,Trump 1.0
Dallas,2017-07-27,59,58.0,Trump 1.0
Dallas,2017-07-28,53,56.0,Trump 1.0
Dallas,2017-07-29,35,57.0,Trump 1.0
Dallas,2017-07-30,16,56.0,Trump 1.0
Dallas,2017-07-31,62,54.0,Trump 1.0
Dallas,2017-08-01,49,50.0,Trump 1.0
Dallas,2017-08-02,63,48.0,Trump 1.0
Dallas,2017-08-03,51,47.0,Trump 1.0
Dallas,2017-08-04,81,51.0,Trump 1.0
Dallas,2017-08-05,19,49.0,Trump 1.0
Dallas,2017-08-06,38,52.0,Trump 1.0
Dallas,2017-08-07,27,47.0,Trump 1.0
Dallas,2017-08-08,49,47.0,Trump 1.0
Dallas,2017-08-09,63,47.0,Trump 1.0
Dallas,2017-08-10,69,49.0,Trump 1.0
Dallas,2017-08-11,83,50.0,Trump 1.0
Dallas,2017-08-12,28,51.0,Trump 1.0
Dallas,2017-08-13,21,49.0,Trump 1.0
Dallas,2017-08-14,45,51.0,Trump 1.0
Dallas,2017-08-15,68,54.0,Trump 1.0
Dallas,2017-08-16,74,55.0,Trump 1.0
Dallas,2017-08-17,69,55.0,Trump 1.0
Dallas,2017-08-18,95,57.0,Trump 1.0
Dallas,2017-08-19,33,58.0,Trump 1.0
Dallas,2017-08-20,22,58.0,Trump 1.0
Dallas,2017-08-21,47,58.0,Trump 1.0
Dallas,2017-08-22,40,54.0,Trump 1.0
Dallas,2017-08-23,62,53.0,Trump 1.0
Dallas,2017-08-24,60,51.0,Trump 1.0
Dallas,2017-08-25,76,49.0,Trump 1.0
Dallas,2017-08-26,19,47.0,Trump 1.0
Dallas,2017-08-27,18,46.0,Trump 1.0
Dallas,2017-08-28,51,47.0,Trump 1.0
Dallas,2017-08-29,49,48.0,Trump 1.0
Dallas,2017-08-30,85,51.0,Trump 1.0
Dallas,2017-08-31,67,52.0,Trump 1.0
Dallas,2017-09-01,110,57.0,Trump 1.0
Dallas,2017-09-02,21,57.0,Trump 1.0
Dallas,2017-09-03,14,57.0,Trump 1.0
Dallas,2017-09-04,13,51.0,Trump 1.0
Dallas,2017-09-05,32,49.0,Trump 1.0
Dallas,2017-09-06,58,45.0,Trump 1.0
Dallas,2017-09-07,77,46.0,Trump 1.0
Dallas,2017-09-08,105,46.0,Trump 1.0
Dallas,2017-09-09,21,46.0,Trump 1.0
Dallas,2017-09-10,16,46.0,Trump 1.0
Dallas,2017-09-11,68,54.0,Trump 1.0
Dallas,2017-09-12,81,61.0,Trump 1.0
Dallas,2017-09-13,100,67.0,Trump 1.0
Dallas,2017-09-14,84,68.0,Trump 1.0
Dallas,2017-09-15,93,66.0,Trump 1.0
Dallas,2017-09-16,14,65.0,Trump 1.0
Dallas,2017-09-17,11,64.0,Trump 1.0
Dallas,2017-09-18,40,60.0,Trump 1.0
Dallas,2017-09-19,31,53.0,Trump 1.0
Dallas,2017-09-20,61,48.0,Trump 1.0
Dallas,2017-09-21,66,45.0,Trump 1.0
Dallas,2017-09-22,69,42.0,Trump 1.0
Dallas,2017-09-23,23,43.0,Trump 1.0
Dallas,2017-09-24,19,44.0,Trump 1.0
Dallas,2017-09-25,44,45.0,Trump 1.0
Dallas,2017-09-26,43,46.0,Trump 1.0
Dallas,2017-09-27,41,44.0,Trump 1.0
Dallas,2017-09-28,66,44.0,Trump 1.0
Dallas,2017-09-29,80,45.0,Trump 1.0
Dallas,2017-09-30,26,46.0,Trump 1.0
Dallas,2017-10-01,14,45.0,Trump 1.0
Dallas,2017-10-02,58,47.0,Trump 1.0
Dallas,2017-10-03,44,47.0,Trump 1.0
Dallas,2017-10-04,60,50.0,Trump 1.0
Dallas,2017-10-05,73,51.0,Trump 1.0
Dallas,2017-10-06,86,52.0,Trump 1.0
Dallas,2017-10-07,28,52.0,Trump 1.0
Dallas,2017-10-08,18,52.0,Trump 1.0
Dallas,2017-10-09,22,47.0,Trump 1.0
Dallas,2017-10-10,59,49.0,Trump 1.0
Dallas,2017-10-11,56,49.0,Trump 1.0
Dallas,2017-10-12,58,47.0,Trump 1.0
Dallas,2017-10-13,73,45.0,Trump 1.0
Dallas,2017-10-14,24,44.0,Trump 1.0
Dallas,2017-10-15,13,44.0,Trump 1.0
Dallas,2017-10-16,54,48.0,Trump 1.0
Dallas,2017-10-17,54,47.0,Trump 1.0
Dallas,2017-10-18,44,46.0,Trump 1.0
Dallas,2017-10-19,48,44.0,Trump 1.0
Dallas,2017-10-20,95,47.0,Trump 1.0
Dallas,2017-10-21,19,47.0,Trump 1.0
Dallas,2017-10-22,17,47.0,Trump 1.0
Dallas,2017-10-23,41,45.0,Trump 1.0
Dallas,2017-10-24,29,42.0,Trump 1.0
Dallas,2017-10-25,55,43.0,Trump 1.0
Dallas,2017-10-26,60,45.0,Trump 1.0
Dallas,2017-10-27,78,43.0,Trump 1.0
Dallas,2017-10-28,27,44.0,Trump 1.0
Dallas,2017-10-29,19,44.0,Trump 1.0
Dallas,2017-10-30,45,45.0,Trump 1.0
Dallas,2017-10-31,54,48.0,Trump 1.0
Dallas,2017-11-01,45,47.0,Trump 1.0
Dallas,2017-11-02,57,46.0,Trump 1.0
Dallas,2017-11-03,78,46.0,Trump 1.0
Dallas,2017-11-04,13,44.0,Trump 1.0
Dallas,2017-11-05,23,45.0,Trump 1.0
Dallas,2017-11-06,52,46.0,Trump 1.0
Dallas,2017-11-07,47,45.0,Trump 1.0
Dallas,2017-11-08,41,44.0,Trump 1.0
Dallas,2017-11-09,104,51.0,Trump 1.0
Dallas,2017-11-10,22,43.0,Trump 1.0
Dallas,2017-11-11,19,44.0,Trump 1.0
Dallas,2017-11-12,18,43.0,Trump 1.0
Dallas,2017-11-13,47,43.0,Trump 1.0
Dallas,2017-11-14,47,43.0,Trump 1.0
Dallas,2017-11-15,55,45.0,Trump 1.0
Dallas,2017-11-16,68,39.0,Trump 1.0
Dallas,2017-11-17,81,48.0,Trump 1.0
Dallas,2017-11-18,18,48.0,Trump 1.0
Dallas,2017-11-19,12,47.0,Trump 1.0
Dallas,2017-11-20,73,51.0,Trump 1.0
Dallas,2017-11-21,48,51.0,Trump 1.0
Dallas,2017-11-22,71,53.0,Trump 1.0
Dallas,2017-11-24,78,54.0,Trump 1.0
Dallas,2017-11-25,11,44.0,Trump 1.0
Dallas,2017-11-26,13,44.0,Trump 1.0
Dallas,2017-11-27,31,46.0,Trump 1.0
Dallas,2017-11-28,45,42.0,Trump 1.0
Dallas,2017-11-29,60,44.0,Trump 1.0
Dallas,2017-11-30,58,42.0,Trump 1.0
Dallas,2017-12-01,76,42.0,Trump 1.0
Dallas,2017-12-03,17,43.0,Trump 1.0
Dallas,2017-12-04,61,50.0,Trump 1.0
Dallas,2017-12-05,63,54.0,Trump 1.0
Dallas,2017-12-06,53,55.0,Trump 1.0
Dallas,2017-12-07,41,53.0,Trump 1.0
Dallas,2017-12-08,97,58.0,Trump 1.0
Dallas,2017-12-10,11,49.0,Trump 1.0
Dallas,2017-12-11,88,59.0,Trump 1.0
Dallas,2017-12-12,60,59.0,Trump 1.0
Dallas,2017-12-13,56,58.0,Trump 1.0
Dallas,2017-12-14,52,58.0,Trump 1.0
Dallas,2017-12-15,85,64.0,Trump 1.0
Dallas,2017-12-16,19,53.0,Trump 1.0
Dallas,2017-12-17,28,55.0,Trump 1.0
Dallas,2017-12-18,53,50.0,Trump 1.0
Dallas,2017-12-19,39,47.0,Trump 1.0
Dallas,2017-12-20,45,46.0,Trump 1.0
Dallas,2017-12-21,50,46.0,Trump 1.0
Dallas,2017-12-22,98,47.0,Trump 1.0
Dallas,2017-12-23,23,48.0,Trump 1.0
Dallas,2017-12-24,18,47.0,Trump 1.0
Dallas,2017-12-26,25,43.0,Trump 1.0
Dallas,2017-12-27,33,42.0,Trump 1.0
Dallas,2017-12-28,27,39.0,Trump 1.0
Dallas,2017-12-29,66,41.0,Trump 1.0
Dallas,2017-12-30,18,30.0,Trump 1.0
Dallas,2017-12-31,13,29.0,Trump 1.0
Dallas,2018-01-02,53,34.0,Trump 1.0
Dallas,2018-01-03,48,37.0,Trump 1.0
Dallas,2018-01-04,40,38.0,Trump 1.0
Dallas,2018-01-05,83,46.0,Trump 1.0
Dallas,2018-01-06,10,38.0,Trump 1.0
Dallas,2018-01-07,28,39.0,Trump 1.0
Dallas,2018-01-08,66,47.0,Trump 1.0
Dallas,2018-01-09,47,46.0,Trump 1.0
Dallas,2018-01-10,63,48.0,Trump 1.0
Dallas,2018-01-11,62,51.0,Trump 1.0
Dallas,2018-01-12,102,54.0,Trump 1.0
Dallas,2018-01-13,27,56.0,Trump 1.0
Dallas,2018-01-14,28,56.0,Trump 1.0
Dallas,2018-01-15,10,48.0,Trump 1.0
Dallas,2018-01-16,36,47.0,Trump 1.0
Dallas,2018-01-17,48,45.0,Trump 1.0
Dallas,2018-01-18,51,43.0,Trump 1.0
Dallas,2018-01-19,88,41.0,Trump 1.0
Dallas,2018-01-20,24,41.0,Trump 1.0
Dallas,2018-01-21,16,39.0,Trump 1.0
Dallas,2018-01-22,56,46.0,Trump 1.0
Dallas,2018-01-23,75,51.0,Trump 1.0
Dallas,2018-01-24,100,59.0,Trump 1.0
Dallas,2018-01-25,110,67.0,Trump 1.0
Dallas,2018-01-26,85,67.0,Trump 1.0
Dallas,2018-01-27,21,66.0,Trump 1.0
Dallas,2018-01-28,25,67.0,Trump 1.0
Dallas,2018-01-29,39,65.0,Trump 1.0
Dallas,2018-01-30,58,63.0,Trump 1.0
Dallas,2018-01-31,53,56.0,Trump 1.0
Dallas,2018-02-01,51,47.0,Trump 1.0
Dallas,2018-02-02,94,49.0,Trump 1.0
Dallas,2018-02-03,23,49.0,Trump 1.0
Dallas,2018-02-04,14,47.0,Trump 1.0
Dallas,2018-02-05,63,51.0,Trump 1.0
Dallas,2018-02-06,71,53.0,Trump 1.0
Dallas,2018-02-07,64,54.0,Trump 1.0
Dallas,2018-02-08,70,57.0,Trump 1.0
Dallas,2018-02-09,89,56.0,Trump 1.0
Dallas,2018-02-10,18,56.0,Trump 1.0
Dallas,2018-02-11,34,58.0,Trump 1.0
Dallas,2018-02-12,75,60.0,Trump 1.0
Dallas,2018-02-13,55,58.0,Trump 1.0
Dallas,2018-02-14,64,58.0,Trump 1.0
Dallas,2018-02-15,89,61.0,Trump 1.0
Dallas,2018-02-16,87,60.0,Trump 1.0
Dallas,2018-02-17,19,60.0,Trump 1.0
Dallas,2018-02-18,3,56.0,Trump 1.0
Dallas,2018-02-19,38,51.0,Trump 1.0
Dallas,2018-02-20,57,51.0,Trump 1.0
Dallas,2018-02-21,42,48.0,Trump 1.0
Dallas,2018-02-22,50,42.0,Trump 1.0
Dallas,2018-02-23,103,45.0,Trump 1.0
Dallas,2018-02-24,18,44.0,Trump 1.0
Dallas,2018-02-25,15,46.0,Trump 1.0
Dallas,2018-02-26,74,51.0,Trump 1.0
Dallas,2018-02-27,53,51.0,Trump 1.0
Dallas,2018-02-28,69,55.0,Trump 1.0
Dallas,2018-03-01,47,54.0,Trump 1.0
Dallas,2018-03-02,90,52.0,Trump 1.0
Dallas,2018-03-03,29,54.0,Trump 1.0
Dallas,2018-03-04,21,55.0,Trump 1.0
Dallas,2018-03-05,44,50.0,Trump 1.0
Dallas,2018-03-06,33,48.0,Trump 1.0
Dallas,2018-03-07,53,45.0,Trump 1.0
Dallas,2018-03-08,49,46.0,Trump 1.0
Dallas,2018-03-09,56,41.0,Trump 1.0
Dallas,2018-03-10,12,38.0,Trump 1.0
Dallas,2018-03-11,23,39.0,Trump 1.0
Dallas,2018-03-12,65,42.0,Trump 1.0
Dallas,2018-03-13,36,42.0,Trump 1.0
Dallas,2018-03-14,75,45.0,Trump 1.0
Dallas,2018-03-15,47,45.0,Trump 1.0
Dallas,2018-03-16,68,47.0,Trump 1.0
Dallas,2018-03-17,25,48.0,Trump 1.0
Dallas,2018-03-18,30,49.0,Trump 1.0
Dallas,2018-03-19,37,45.0,Trump 1.0
Dallas,2018-03-20,74,51.0,Trump 1.0
Dallas,2018-03-21,84,52.0,Trump 1.0
Dallas,2018-03-22,92,59.0,Trump 1.0
Dallas,2018-03-23,72,59.0,Trump 1.0
Dallas,2018-03-24,15,58.0,Trump 1.0
Dallas,2018-03-25,18,56.0,Trump 1.0
Dallas,2018-03-26,43,57.0,Trump 1.0
Dallas,2018-03-27,40,52.0,Trump 1.0
Dallas,2018-03-28,51,47.0,Trump 1.0
Dallas,2018-03-29,45,41.0,Trump 1.0
Dallas,2018-03-30,88,43.0,Trump 1.0
Dallas,2018-03-31,18,43.0,Trump 1.0
Dallas,2018-04-01,1,41.0,Trump 1.0
Dallas,2018-04-02,74,45.0,Trump 1.0
Dallas,2018-04-03,43,46.0,Trump 1.0
Dallas,2018-04-04,63,47.0,Trump 1.0
Dallas,2018-04-05,62,50.0,Trump 1.0
Dallas,2018-04-06,59,46.0,Trump 1.0
Dallas,2018-04-07,23,46.0,Trump 1.0
Dallas,2018-04-08,4,47.0,Trump 1.0
Dallas,2018-04-09,60,45.0,Trump 1.0
Dallas,2018-04-10,44,45.0,Trump 1.0
Dallas,2018-04-11,57,44.0,Trump 1.0
Dallas,2018-04-12,52,43.0,Trump 1.0
Dallas,2018-04-13,84,46.0,Trump 1.0
Dallas,2018-04-14,13,45.0,Trump 1.0
Dallas,2018-04-15,16,47.0,Trump 1.0
Dallas,2018-04-16,56,46.0,Trump 1.0
Dallas,2018-04-17,39,45.0,Trump 1.0
Dallas,2018-04-18,73,48.0,Trump 1.0
Dallas,2018-04-19,57,48.0,Trump 1.0
Dallas,2018-04-20,81,48.0,Trump 1.0
Dallas,2018-04-21,12,48.0,Trump 1.0
Dallas,2018-04-22,19,48.0,Trump 1.0
Dallas,2018-04-23,70,50.0,Trump 1.0
Dallas,2018-04-24,50,52.0,Trump 1.0
Dallas,2018-04-25,49,48.0,Trump 1.0
Dallas,2018-04-26,62,49.0,Trump 1.0
Dallas,2018-04-27,89,50.0,Trump 1.0
Dallas,2018-04-28,8,50.0,Trump 1.0
Dallas,2018-04-30,73,57.0,Trump 1.0
Dallas,2018-05-01,37,53.0,Trump 1.0
Dallas,2018-05-02,52,53.0,Trump 1.0
Dallas,2018-05-03,60,54.0,Trump 1.0
Dallas,2018-05-04,93,59.0,Trump 1.0
Dallas,2018-05-05,20,49.0,Trump 1.0
Dallas,2018-05-06,2,48.0,Trump 1.0
Dallas,2018-05-07,67,47.0,Trump 1.0
Dallas,2018-05-08,56,50.0,Trump 1.0
Dallas,2018-05-09,52,50.0,Trump 1.0
Dallas,2018-05-10,58,50.0,Trump 1.0
Dallas,2018-05-11,106,52.0,Trump 1.0
Dallas,2018-05-13,1,49.0,Trump 1.0
Dallas,2018-05-14,73,59.0,Trump 1.0
Dallas,2018-05-15,61,58.0,Trump 1.0
Dallas,2018-05-16,58,58.0,Trump 1.0
Dallas,2018-05-17,39,57.0,Trump 1.0
Dallas,2018-05-18,89,61.0,Trump 1.0
Dallas,2018-05-20,2,46.0,Trump 1.0
Dallas,2018-05-21,83,58.0,Trump 1.0
Dallas,2018-05-22,40,53.0,Trump 1.0
Dallas,2018-05-23,65,54.0,Trump 1.0
Dallas,2018-05-24,55,53.0,Trump 1.0
Dallas,2018-05-25,108,63.0,Trump 1.0
Dallas,2018-05-27,1,51.0,Trump 1.0
Dallas,2018-05-28,21,53.0,Trump 1.0
Dallas,2018-05-29,75,52.0,Trump 1.0
Dallas,2018-05-30,59,55.0,Trump 1.0
Dallas,2018-05-31,58,54.0,Trump 1.0
Dallas,2018-06-01,81,58.0,Trump 1.0
Dallas,2018-06-03,3,43.0,Trump 1.0
Dallas,2018-06-04,108,58.0,Trump 1.0
Dallas,2018-06-05,44,61.0,Trump 1.0
Dallas,2018-06-06,76,61.0,Trump 1.0
Dallas,2018-06-07,57,61.0,Trump 1.0
Dallas,2018-06-08,93,66.0,Trump 1.0
Dallas,2018-06-10,4,55.0,Trump 1.0
Dallas,2018-06-11,66,64.0,Trump 1.0
Dallas,2018-06-12,52,56.0,Trump 1.0
Dallas,2018-06-13,65,59.0,Trump 1.0
Dallas,2018-06-14,68,58.0,Trump 1.0
Dallas,2018-06-15,95,63.0,Trump 1.0
Dallas,2018-06-16,1,50.0,Trump 1.0
Dallas,2018-06-17,4,50.0,Trump 1.0
Dallas,2018-06-18,103,55.0,Trump 1.0
Dallas,2018-06-19,48,55.0,Trump 1.0
Dallas,2018-06-20,66,55.0,Trump 1.0
Dallas,2018-06-21,74,56.0,Trump 1.0
Dallas,2018-06-22,95,56.0,Trump 1.0
Dallas,2018-06-24,7,57.0,Trump 1.0
Dallas,2018-06-25,93,69.0,Trump 1.0
Dallas,2018-06-26,64,64.0,Trump 1.0
Dallas,2018-06-27,53,65.0,Trump 1.0
Dallas,2018-06-28,62,64.0,Trump 1.0
Dallas,2018-06-29,90,66.0,Trump 1.0
Dallas,2018-07-01,29,57.0,Trump 1.0
Dallas,2018-07-02,59,64.0,Trump 1.0
Dallas,2018-07-03,50,58.0,Trump 1.0
Dallas,2018-07-04,4,50.0,Trump 1.0
Dallas,2018-07-05,60,51.0,Trump 1.0
Dallas,2018-07-06,75,52.0,Trump 1.0
Dallas,2018-07-08,1,40.0,Trump 1.0
Dallas,2018-07-09,72,46.0,Trump 1.0
Dallas,2018-07-10,47,44.0,Trump 1.0
Dallas,2018-07-11,58,45.0,Trump 1.0
Dallas,2018-07-12,41,51.0,Trump 1.0
Dallas,2018-07-13,97,56.0,Trump 1.0
Dallas,2018-07-14,10,47.0,Trump 1.0
Dallas,2018-07-15,4,47.0,Trump 1.0
Dallas,2018-07-16,75,47.0,Trump 1.0
Dallas,2018-07-17,50,48.0,Trump 1.0
Dallas,2018-07-18,61,48.0,Trump 1.0
Dallas,2018-07-19,62,51.0,Trump 1.0
Dallas,2018-07-20,71,48.0,Trump 1.0
Dallas,2018-07-21,19,49.0,Trump 1.0
Dallas,2018-07-23,78,59.0,Trump 1.0
Dallas,2018-07-24,51,56.0,Trump 1.0
Dallas,2018-07-25,43,55.0,Trump 1.0
Dallas,2018-07-26,68,56.0,Trump 1.0
Dallas,2018-07-27,94,61.0,Trump 1.0
Dallas,2018-07-28,19,53.0,Trump 1.0
Dallas,2018-07-29,4,51.0,Trump 1.0
Dallas,2018-07-30,70,50.0,Trump 1.0
Dallas,2018-07-31,36,48.0,Trump 1.0
Dallas,2018-08-01,45,48.0,Trump 1.0
Dallas,2018-08-02,46,45.0,Trump 1.0
Dallas,2018-08-03,77,42.0,Trump 1.0
Dallas,2018-08-04,18,42.0,Trump 1.0
Dallas,2018-08-05,3,42.0,Trump 1.0
Dallas,2018-08-06,67,42.0,Trump 1.0
Dallas,2018-08-07,62,45.0,Trump 1.0
Dallas,2018-08-08,48,46.0,Trump 1.0
Dallas,2018-08-09,58,48.0,Trump 1.0
Dallas,2018-08-10,81,48.0,Trump 1.0
Dallas,2018-08-11,23,49.0,Trump 1.0
Dallas,2018-08-12,16,51.0,Trump 1.0
Dallas,2018-08-13,33,46.0,Trump 1.0
Dallas,2018-08-14,41,43.0,Trump 1.0
Dallas,2018-08-15,56,44.0,Trump 1.0
Dallas,2018-08-16,68,45.0,Trump 1.0
Dallas,2018-08-17,101,48.0,Trump 1.0
Dallas,2018-08-18,23,48.0,Trump 1.0
Dallas,2018-08-19,27,50.0,Trump 1.0
Dallas,2018-08-20,35,50.0,Trump 1.0
Dallas,2018-08-21,47,51.0,Trump 1.0
Dallas,2018-08-22,64,52.0,Trump 1.0
Dallas,2018-08-23,56,50.0,Trump 1.0
Dallas,2018-08-24,81,48.0,Trump 1.0
Dallas,2018-08-25,25,48.0,Trump 1.0
Dallas,2018-08-26,14,46.0,Trump 1.0
Dallas,2018-08-27,59,49.0,Trump 1.0
Dallas,2018-08-28,84,55.0,Trump 1.0
Dallas,2018-08-29,48,52.0,Trump 1.0
Dallas,2018-08-30,41,50.0,Trump 1.0
Dallas,2018-08-31,92,52.0,Trump 1.0
Dallas,2018-09-02,5,49.0,Trump 1.0
Dallas,2018-09-03,3,47.0,Trump 1.0
Dallas,2018-09-04,77,50.0,Trump 1.0
Dallas,2018-09-05,43,44.0,Trump 1.0
Dallas,2018-09-06,54,45.0,Trump 1.0
Dallas,2018-09-07,60,48.0,Trump 1.0
Dallas,2018-09-08,20,37.0,Trump 1.0
Dallas,2018-09-09,5,37.0,Trump 1.0
Dallas,2018-09-10,65,46.0,Trump 1.0
Dallas,2018-09-11,46,42.0,Trump 1.0
Dallas,2018-09-12,49,43.0,Trump 1.0
Dallas,2018-09-13,57,43.0,Trump 1.0
Dallas,2018-09-14,92,48.0,Trump 1.0
Dallas,2018-09-15,20,48.0,Trump 1.0
Dallas,2018-09-16,21,50.0,Trump 1.0
Dallas,2018-09-17,75,51.0,Trump 1.0
Dallas,2018-09-18,56,53.0,Trump 1.0
Dallas,2018-09-19,79,57.0,Trump 1.0
Dallas,2018-09-20,77,60.0,Trump 1.0
Dallas,2018-09-21,82,59.0,Trump 1.0
Dallas,2018-09-22,23,59.0,Trump 1.0
Dallas,2018-09-23,21,59.0,Trump 1.0
Dallas,2018-09-24,41,54.0,Trump 1.0
Dallas,2018-09-25,38,52.0,Trump 1.0
Dallas,2018-09-26,47,47.0,Trump 1.0
Dallas,2018-09-27,59,44.0,Trump 1.0
Dallas,2018-09-28,85,45.0,Trump 1.0
Dallas,2018-09-29,11,43.0,Trump 1.0
Dallas,2018-09-30,25,44.0,Trump 1.0
Denver,2015-10-01,5,39.0,Trump 1.0
Denver,2015-10-02,7,34.0,Trump 1.0
Denver,2015-10-05,12,29.0,Trump 1.0
Denver,2015-10-06,7,22.0,Trump 1.0
Denver,2015-10-07,10,11.0,Trump 1.0
Denver,2015-10-08,10,11.0,Trump 1.0
Denver,2015-10-09,7,8.0,Trump 1.0
Denver,2015-10-10,2,8.0,Trump 1.0
Denver,2015-10-12,1,7.0,Trump 1.0
Denver,2015-10-13,12,7.0,Trump 1.0
Denver,2015-10-14,13,8.0,Trump 1.0
Denver,2015-10-15,8,8.0,Trump 1.0
Denver,2015-10-16,7,7.0,Trump 1.0
Denver,2015-10-18,1,6.0,Trump 1.0
Denver,2015-10-19,4,7.0,Trump 1.0
Denver,2015-10-20,8,8.0,Trump 1.0
Denver,2015-10-21,10,7.0,Trump 1.0
Denver,2015-10-22,7,6.0,Trump 1.0
Denver,2015-10-23,5,6.0,Trump 1.0
Denver,2015-10-26,4,6.0,Trump 1.0
Denver,2015-10-27,17,8.0,Trump 1.0
Denver,2015-10-28,6,8.0,Trump 1.0
Denver,2015-10-29,9,8.0,Trump 1.0
Denver,2015-10-30,14,9.0,Trump 1.0
Denver,2015-10-31,1,8.0,Trump 1.0
Denver,2015-11-02,8,8.0,Trump 1.0
Denver,2015-11-03,7,9.0,Trump 1.0
Denver,2015-11-04,9,8.0,Trump 1.0
Denver,2015-11-05,6,8.0,Trump 1.0
Denver,2015-11-06,2,7.0,Trump 1.0
Denver,2015-11-09,8,6.0,Trump 1.0
Denver,2015-11-10,12,7.0,Trump 1.0
Denver,2015-11-11,1,6.0,Trump 1.0
Denver,2015-11-12,9,7.0,Trump 1.0
Denver,2015-11-13,8,7.0,Trump 1.0
Denver,2015-11-16,6,7.0,Trump 1.0
Denver,2015-11-17,8,7.0,Trump 1.0
Denver,2015-11-18,13,8.0,Trump 1.0
Denver,2015-11-19,13,8.0,Trump 1.0
Denver,2015-11-20,6,9.0,Trump 1.0
Denver,2015-11-22,1,8.0,Trump 1.0
Denver,2015-11-23,6,8.0,Trump 1.0
Denver,2015-11-24,8,8.0,Trump 1.0
Denver,2015-11-25,8,8.0,Trump 1.0
Denver,2015-11-27,2,6.0,Trump 1.0
Denver,2015-11-28,1,5.0,Trump 1.0
Denver,2015-11-29,1,4.0,Trump 1.0
Denver,2015-11-30,11,5.0,Trump 1.0
Denver,2015-12-01,4,5.0,Trump 1.0
Denver,2015-12-02,10,5.0,Trump 1.0
Denver,2015-12-03,8,5.0,Trump 1.0
Denver,2015-12-04,6,6.0,Trump 1.0
Denver,2015-12-06,3,6.0,Trump 1.0
Denver,2015-12-07,6,7.0,Trump 1.0
Denver,2015-12-08,6,6.0,Trump 1.0
Denver,2015-12-09,6,6.0,Trump 1.0
Denver,2015-12-10,7,6.0,Trump 1.0
Denver,2015-12-11,5,6.0,Trump 1.0
Denver,2015-12-14,9,6.0,Trump 1.0
Denver,2015-12-15,8,7.0,Trump 1.0
Denver,2015-12-16,6,7.0,Trump 1.0
Denver,2015-12-17,10,7.0,Trump 1.0
Denver,2015-12-18,7,7.0,Trump 1.0
Denver,2015-12-21,11,8.0,Trump 1.0
Denver,2015-12-22,7,8.0,Trump 1.0
Denver,2015-12-23,5,8.0,Trump 1.0
Denver,2015-12-24,2,7.0,Trump 1.0
Denver,2015-12-25,2,6.0,Trump 1.0
Denver,2015-12-26,1,5.0,Trump 1.0
Denver,2015-12-28,2,4.0,Trump 1.0
Denver,2015-12-29,9,4.0,Trump 1.0
Denver,2015-12-30,3,3.0,Trump 1.0
Denver,2015-12-31,5,3.0,Trump 1.0
Denver,2016-01-01,1,3.0,Trump 1.0
Denver,2016-01-04,9,4.0,Trump 1.0
Denver,2016-01-05,9,5.0,Trump 1.0
Denver,2016-01-06,8,6.0,Trump 1.0
Denver,2016-01-07,8,6.0,Trump 1.0
Denver,2016-01-08,6,7.0,Trump 1.0
Denver,2016-01-11,8,7.0,Trump 1.0
Denver,2016-01-12,6,8.0,Trump 1.0
Denver,2016-01-13,7,7.0,Trump 1.0
Denver,2016-01-14,8,7.0,Trump 1.0
Denver,2016-01-15,6,7.0,Trump 1.0
Denver,2016-01-18,1,6.0,Trump 1.0
Denver,2016-01-19,13,7.0,Trump 1.0
Denver,2016-01-20,5,7.0,Trump 1.0
Denver,2016-01-21,6,7.0,Trump 1.0
Denver,2016-01-22,6,6.0,Trump 1.0
Denver,2016-01-23,1,5.0,Trump 1.0
Denver,2016-01-24,1,5.0,Trump 1.0
Denver,2016-01-25,5,5.0,Trump 1.0
Denver,2016-01-26,8,5.0,Trump 1.0
Denver,2016-01-27,6,5.0,Trump 1.0
Denver,2016-01-28,13,6.0,Trump 1.0
Denver,2016-01-29,9,6.0,Trump 1.0
Denver,2016-01-30,1,6.0,Trump 1.0
Denver,2016-01-31,1,6.0,Trump 1.0
Denver,2016-02-01,11,7.0,Trump 1.0
Denver,2016-02-02,5,7.0,Trump 1.0
Denver,2016-02-03,8,7.0,Trump 1.0
Denver,2016-02-04,1,5.0,Trump 1.0
Denver,2016-02-05,5,5.0,Trump 1.0
Denver,2016-02-06,2,5.0,Trump 1.0
Denver,2016-02-07,1,5.0,Trump 1.0
Denver,2016-02-08,6,4.0,Trump 1.0
Denver,2016-02-09,10,5.0,Trump 1.0
Denver,2016-02-10,9,5.0,Trump 1.0
Denver,2016-02-11,7,6.0,Trump 1.0
Denver,2016-02-12,5,6.0,Trump 1.0
Denver,2016-02-13,1,6.0,Trump 1.0
Denver,2016-02-15,2,6.0,Trump 1.0
Denver,2016-02-16,6,6.0,Trump 1.0
Denver,2016-02-17,10,6.0,Trump 1.0
Denver,2016-02-18,10,6.0,Trump 1.0
Denver,2016-02-19,4,5.0,Trump 1.0
Denver,2016-02-22,8,6.0,Trump 1.0
Denver,2016-02-23,13,8.0,Trump 1.0
Denver,2016-02-24,9,9.0,Trump 1.0
Denver,2016-02-25,13,10.0,Trump 1.0
Denver,2016-02-26,6,9.0,Trump 1.0
Denver,2016-02-27,1,8.0,Trump 1.0
Denver,2016-02-28,1,7.0,Trump 1.0
Denver,2016-02-29,13,8.0,Trump 1.0
Denver,2016-03-01,7,7.0,Trump 1.0
Denver,2016-03-02,7,7.0,Trump 1.0
Denver,2016-03-03,6,6.0,Trump 1.0
Denver,2016-03-04,9,6.0,Trump 1.0
Denver,2016-03-07,12,8.0,Trump 1.0
Denver,2016-03-08,8,9.0,Trump 1.0
Denver,2016-03-09,12,9.0,Trump 1.0
Denver,2016-03-10,10,9.0,Trump 1.0
Denver,2016-03-11,5,9.0,Trump 1.0
Denver,2016-03-14,8,9.0,Trump 1.0
Denver,2016-03-15,7,9.0,Trump 1.0
Denver,2016-03-16,8,8.0,Trump 1.0
Denver,2016-03-17,15,9.0,Trump 1.0
Denver,2016-03-18,9,9.0,Trump 1.0
Denver,2016-03-19,1,8.0,Trump 1.0
Denver,2016-03-21,11,8.0,Trump 1.0
Denver,2016-03-22,9,9.0,Trump 1.0
Denver,2016-03-23,3,8.0,Trump 1.0
Denver,2016-03-24,9,8.0,Trump 1.0
Denver,2016-03-25,6,7.0,Trump 1.0
Denver,2016-03-28,6,6.0,Trump 1.0
Denver,2016-03-29,17,9.0,Trump 1.0
Denver,2016-03-30,11,9.0,Trump 1.0
Denver,2016-03-31,14,9.0,Trump 1.0
Denver,2016-04-01,12,11.0,Trump 1.0
Denver,2016-04-04,10,11.0,Trump 1.0
Denver,2016-04-05,8,11.0,Trump 1.0
Denver,2016-04-06,5,11.0,Trump 1.0
Denver,2016-04-07,6,9.0,Trump 1.0
Denver,2016-04-08,9,9.0,Trump 1.0
Denver,2016-04-10,1,7.0,Trump 1.0
Denver,2016-04-11,9,7.0,Trump 1.0
Denver,2016-04-12,15,8.0,Trump 1.0
Denver,2016-04-13,10,8.0,Trump 1.0
Denver,2016-04-14,10,9.0,Trump 1.0
Denver,2016-04-15,8,9.0,Trump 1.0
Denver,2016-04-16,1,8.0,Trump 1.0
Denver,2016-04-17,1,8.0,Trump 1.0
Denver,2016-04-18,7,7.0,Trump 1.0
Denver,2016-04-19,13,7.0,Trump 1.0
Denver,2016-04-20,10,7.0,Trump 1.0
Denver,2016-04-21,13,8.0,Trump 1.0
Denver,2016-04-22,8,8.0,Trump 1.0
Denver,2016-04-23,1,8.0,Trump 1.0
Denver,2016-04-25,11,9.0,Trump 1.0
Denver,2016-04-26,12,10.0,Trump 1.0
Denver,2016-04-27,7,9.0,Trump 1.0
Denver,2016-04-28,4,8.0,Trump 1.0
Denver,2016-04-29,7,7.0,Trump 1.0
Denver,2016-04-30,1,6.0,Trump 1.0
Denver,2016-05-02,5,7.0,Trump 1.0
Denver,2016-05-03,10,7.0,Trump 1.0
Denver,2016-05-04,9,6.0,Trump 1.0
Denver,2016-05-05,9,6.0,Trump 1.0
Denver,2016-05-06,8,7.0,Trump 1.0
Denver,2016-05-07,1,6.0,Trump 1.0
Denver,2016-05-08,3,6.0,Trump 1.0
Denver,2016-05-09,10,7.0,Trump 1.0
Denver,2016-05-10,12,7.0,Trump 1.0
Denver,2016-05-11,12,8.0,Trump 1.0
Denver,2016-05-12,12,8.0,Trump 1.0
Denver,2016-05-13,5,8.0,Trump 1.0
Denver,2016-05-15,1,8.0,Trump 1.0
Denver,2016-05-16,12,9.0,Trump 1.0
Denver,2016-05-17,10,9.0,Trump 1.0
Denver,2016-05-18,10,9.0,Trump 1.0
Denver,2016-05-19,10,9.0,Trump 1.0
Denver,2016-05-20,5,8.0,Trump 1.0
Denver,2016-05-21,1,7.0,Trump 1.0
Denver,2016-05-23,7,8.0,Trump 1.0
Denver,2016-05-24,11,8.0,Trump 1.0
Denver,2016-05-25,7,7.0,Trump 1.0
Denver,2016-05-26,9,7.0,Trump 1.0
Denver,2016-05-27,5,6.0,Trump 1.0
Denver,2016-05-28,1,6.0,Trump 1.0
Denver,2016-05-31,3,6.0,Trump 1.0
Denver,2016-06-01,10,7.0,Trump 1.0
Denver,2016-06-02,11,7.0,Trump 1.0
Denver,2016-06-03,7,7.0,Trump 1.0
Denver,2016-06-04,3,6.0,Trump 1.0
Denver,2016-06-05,1,5.0,Trump 1.0
Denver,2016-06-06,4,6.0,Trump 1.0
Denver,2016-06-07,11,7.0,Trump 1.0
Denver,2016-06-08,4,6.0,Trump 1.0
Denver,2016-06-09,3,5.0,Trump 1.0
Denver,2016-06-10,5,4.0,Trump 1.0
Denver,2016-06-11,2,4.0,Trump 1.0
Denver,2016-06-12,1,4.0,Trump 1.0
Denver,2016-06-13,8,5.0,Trump 1.0
Denver,2016-06-14,6,4.0,Trump 1.0
Denver,2016-06-15,9,5.0,Trump 1.0
Denver,2016-06-16,8,6.0,Trump 1.0
Denver,2016-06-17,11,6.0,Trump 1.0
Denver,2016-06-18,1,6.0,Trump 1.0
Denver,2016-06-19,1,6.0,Trump 1.0
Denver,2016-06-20,5,6.0,Trump 1.0
Denver,2016-06-21,5,6.0,Trump 1.0
Denver,2016-06-22,12,6.0,Trump 1.0
Denver,2016-06-23,8,6.0,Trump 1.0
Denver,2016-06-24,8,6.0,Trump 1.0
Denver,2016-06-25,2,6.0,Trump 1.0
Denver,2016-06-27,5,6.0,Trump 1.0
Denver,2016-06-28,6,7.0,Trump 1.0
Denver,2016-06-29,18,8.0,Trump 1.0
Denver,2016-06-30,9,8.0,Trump 1.0
Denver,2016-07-01,8,8.0,Trump 1.0
Denver,2016-07-02,1,7.0,Trump 1.0
Denver,2016-07-03,2,7.0,Trump 1.0
Denver,2016-07-04,1,6.0,Trump 1.0
Denver,2016-07-05,4,6.0,Trump 1.0
Denver,2016-07-06,5,4.0,Trump 1.0
Denver,2016-07-07,9,4.0,Trump 1.0
Denver,2016-07-08,7,4.0,Trump 1.0
Denver,2016-07-11,6,5.0,Trump 1.0
Denver,2016-07-12,13,6.0,Trump 1.0
Denver,2016-07-13,9,8.0,Trump 1.0
Denver,2016-07-14,10,8.0,Trump 1.0
Denver,2016-07-15,7,9.0,Trump 1.0
Denver,2016-07-16,1,8.0,Trump 1.0
Denver,2016-07-18,6,7.0,Trump 1.0
Denver,2016-07-19,7,8.0,Trump 1.0
Denver,2016-07-20,9,7.0,Trump 1.0
Denver,2016-07-21,17,8.0,Trump 1.0
Denver,2016-07-22,6,8.0,Trump 1.0
Denver,2016-07-24,2,7.0,Trump 1.0
Denver,2016-07-25,11,8.0,Trump 1.0
Denver,2016-07-26,15,10.0,Trump 1.0
Denver,2016-07-27,7,10.0,Trump 1.0
Denver,2016-07-28,7,9.0,Trump 1.0
Denver,2016-07-29,7,8.0,Trump 1.0
Denver,2016-08-01,7,8.0,Trump 1.0
Denver,2016-08-02,9,9.0,Trump 1.0
Denver,2016-08-03,2,8.0,Trump 1.0
Denver,2016-08-04,9,7.0,Trump 1.0
Denver,2016-08-05,4,6.0,Trump 1.0
Denver,2016-08-07,1,6.0,Trump 1.0
Denver,2016-08-08,6,5.0,Trump 1.0
Denver,2016-08-09,13,6.0,Trump 1.0
Denver,2016-08-10,6,6.0,Trump 1.0
Denver,2016-08-11,12,7.0,Trump 1.0
Denver,2016-08-12,4,7.0,Trump 1.0
Denver,2016-08-13,1,6.0,Trump 1.0
Denver,2016-08-15,9,7.0,Trump 1.0
Denver,2016-08-16,7,7.0,Trump 1.0
Denver,2016-08-17,14,8.0,Trump 1.0
Denver,2016-08-18,6,8.0,Trump 1.0
Denver,2016-08-19,10,7.0,Trump 1.0
Denver,2016-08-20,2,7.0,Trump 1.0
Denver,2016-08-22,6,8.0,Trump 1.0
Denver,2016-08-23,16,9.0,Trump 1.0
Denver,2016-08-24,7,9.0,Trump 1.0
Denver,2016-08-25,15,9.0,Trump 1.0
Denver,2016-08-26,7,9.0,Trump 1.0
Denver,2016-08-27,1,8.0,Trump 1.0
Denver,2016-08-28,1,8.0,Trump 1.0
Denver,2016-08-29,9,8.0,Trump 1.0
Denver,2016-08-30,12,7.0,Trump 1.0
Denver,2016-08-31,9,8.0,Trump 1.0
Denver,2016-09-01,2,6.0,Trump 1.0
Denver,2016-09-02,7,6.0,Trump 1.0
Denver,2016-09-06,10,7.0,Trump 1.0
Denver,2016-09-07,21,10.0,Trump 1.0
Denver,2016-09-08,9,10.0,Trump 1.0
Denver,2016-09-09,5,9.0,Trump 1.0
Denver,2016-09-11,1,8.0,Trump 1.0
Denver,2016-09-12,7,9.0,Trump 1.0
Denver,2016-09-13,11,9.0,Trump 1.0
Denver,2016-09-14,17,10.0,Trump 1.0
Denver,2016-09-15,11,9.0,Trump 1.0
Denver,2016-09-16,7,8.0,Trump 1.0
Denver,2016-09-18,1,8.0,Trump 1.0
Denver,2016-09-19,10,9.0,Trump 1.0
Denver,2016-09-20,10,10.0,Trump 1.0
Denver,2016-09-21,10,9.0,Trump 1.0
Denver,2016-09-22,8,8.0,Trump 1.0
Denver,2016-09-23,4,7.0,Trump 1.0
Denver,2016-09-24,2,6.0,Trump 1.0
Denver,2016-09-26,13,8.0,Trump 1.0
Denver,2016-09-27,11,8.0,Trump 1.0
Denver,2016-09-28,9,8.0,Trump 1.0
Denver,2016-09-29,9,8.0,Trump 1.0
Denver,2016-09-30,7,8.0,Trump 1.0
Denver,2016-10-01,2,8.0,Trump 1.0
Denver,2016-10-03,12,9.0,Trump 1.0
Denver,2016-10-04,6,8.0,Trump 1.0
Denver,2016-10-05,6,7.0,Trump 1.0
Denver,2016-10-06,6,7.0,Trump 1.0
Denver,2016-10-07,4,6.0,Trump 1.0
Denver,2016-10-10,1,5.0,Trump 1.0
Denver,2016-10-11,8,6.0,Trump 1.0
Denver,2016-10-12,4,5.0,Trump 1.0
Denver,2016-10-13,13,6.0,Trump 1.0
Denver,2016-10-14,8,6.0,Trump 1.0
Denver,2016-10-16,1,6.0,Trump 1.0
Denver,2016-10-17,4,6.0,Trump 1.0
Denver,2016-10-18,11,7.0,Trump 1.0
Denver,2016-10-19,8,7.0,Trump 1.0
Denver,2016-10-20,12,8.0,Trump 1.0
Denver,2016-10-21,7,7.0,Trump 1.0
Denver,2016-10-22,2,6.0,Trump 1.0
Denver,2016-10-24,6,7.0,Trump 1.0
Denver,2016-10-25,8,8.0,Trump 1.0
Denver,2016-10-26,12,8.0,Trump 1.0
Denver,2016-10-27,8,8.0,Trump 1.0
Denver,2016-10-28,5,7.0,Trump 1.0
Denver,2016-10-29,1,6.0,Trump 1.0
Denver,2016-10-31,6,7.0,Trump 1.0
Denver,2016-11-01,8,7.0,Trump 1.0
Denver,2016-11-02,13,8.0,Trump 1.0
Denver,2016-11-03,4,6.0,Trump 1.0
Denver,2016-11-04,9,7.0,Trump 1.0
Denver,2016-11-05,1,6.0,Trump 1.0
Denver,2016-11-06,2,6.0,Trump 1.0
Denver,2016-11-07,8,6.0,Trump 1.0
Denver,2016-11-08,8,6.0,Trump 1.0
Denver,2016-11-09,10,6.0,Trump 1.0
Denver,2016-11-10,10,7.0,Trump 1.0
Denver,2016-11-13,2,6.0,Trump 1.0
Denver,2016-11-14,10,7.0,Trump 1.0
Denver,2016-11-15,6,8.0,Trump 1.0
Denver,2016-11-16,11,8.0,Trump 1.0
Denver,2016-11-17,14,9.0,Trump 1.0
Denver,2016-11-18,9,9.0,Trump 1.0
Denver,2016-11-21,13,9.0,Trump 1.0
Denver,2016-11-22,5,10.0,Trump 1.0
Denver,2016-11-23,5,9.0,Trump 1.0
Denver,2016-11-26,1,8.0,Trump 1.0
Denver,2016-11-27,1,7.0,Trump 1.0
Denver,2016-11-28,4,5.0,Trump 1.0
Denver,2016-11-29,12,6.0,Trump 1.0
Denver,2016-11-30,8,5.0,Trump 1.0
Denver,2016-12-01,14,6.0,Trump 1.0
Denver,2016-12-02,8,7.0,Trump 1.0
Denver,2016-12-04,1,7.0,Trump 1.0
Denver,2016-12-05,6,8.0,Trump 1.0
Denver,2016-12-06,5,8.0,Trump 1.0
Denver,2016-12-07,5,7.0,Trump 1.0
Denver,2016-12-08,9,7.0,Trump 1.0
Denver,2016-12-09,5,6.0,Trump 1.0
Denver,2016-12-10,1,5.0,Trump 1.0
Denver,2016-12-11,1,5.0,Trump 1.0
Denver,2016-12-12,6,5.0,Trump 1.0
Denver,2016-12-13,16,6.0,Trump 1.0
Denver,2016-12-14,8,7.0,Trump 1.0
Denver,2016-12-15,3,6.0,Trump 1.0
Denver,2016-12-16,4,6.0,Trump 1.0
Denver,2016-12-17,2,6.0,Trump 1.0
Denver,2016-12-19,6,6.0,Trump 1.0
Denver,2016-12-20,13,7.0,Trump 1.0
Denver,2016-12-21,12,7.0,Trump 1.0
Denver,2016-12-22,3,6.0,Trump 1.0
Denver,2016-12-23,9,7.0,Trump 1.0
Denver,2016-12-27,11,8.0,Trump 1.0
Denver,2016-12-28,7,9.0,Trump 1.0
Denver,2016-12-29,4,8.0,Trump 1.0
Denver,2016-12-30,4,7.0,Trump 1.0
Denver,2017-01-03,4,6.0,Trump 1.0
Denver,2017-01-04,10,7.0,Trump 1.0
Denver,2017-01-05,2,6.0,Trump 1.0
Denver,2017-01-06,3,5.0,Trump 1.0
Denver,2017-01-09,9,5.0,Trump 1.0
Denver,2017-01-10,10,6.0,Trump 1.0
Denver,2017-01-11,11,7.0,Trump 1.0
Denver,2017-01-12,10,8.0,Trump 1.0
Denver,2017-01-13,9,8.0,Trump 1.0
Denver,2017-01-15,1,8.0,Trump 1.0
Denver,2017-01-16,1,7.0,Trump 1.0
Denver,2017-01-17,11,8.0,Trump 1.0
Denver,2017-01-18,10,8.0,Trump 1.0
Denver,2017-01-19,16,8.0,Trump 1.0
Denver,2017-01-20,10,8.0,Trump 1.0
Denver,2017-01-21,2,7.0,Trump 1.0
Denver,2017-01-23,7,8.0,Trump 1.0
Denver,2017-01-24,14,10.0,Trump 1.0
Denver,2017-01-25,10,10.0,Trump 1.0
Denver,2017-01-26,12,10.0,Trump 1.0
Denver,2017-01-27,12,10.0,Trump 1.0
Denver,2017-01-30,7,9.0,Trump 1.0
Denver,2017-01-31,22,12.0,Trump 1.0
Denver,2017-02-01,7,12.0,Trump 1.0
Denver,2017-02-02,6,11.0,Trump 1.0
Denver,2017-02-03,7,10.0,Trump 1.0
Denver,2017-02-06,5,9.0,Trump 1.0
Denver,2017-02-07,13,10.0,Trump 1.0
Denver,2017-02-08,18,11.0,Trump 1.0
Denver,2017-02-09,14,10.0,Trump 1.0
Denver,2017-02-10,9,10.0,Trump 1.0
Denver,2017-02-13,7,10.0,Trump 1.0
Denver,2017-02-14,18,12.0,Trump 1.0
Denver,2017-02-15,14,13.0,Trump 1.0
Denver,2017-02-16,6,12.0,Trump 1.0
Denver,2017-02-17,12,11.0,Trump 1.0
Denver,2017-02-18,1,10.0,Trump 1.0
Denver,2017-02-19,2,9.0,Trump 1.0
Denver,2017-02-21,8,9.0,Trump 1.0
Denver,2017-02-22,7,7.0,Trump 1.0
Denver,2017-02-23,12,7.0,Trump 1.0
Denver,2017-02-24,9,7.0,Trump 1.0
Denver,2017-02-25,1,6.0,Trump 1.0
Denver,2017-02-27,10,7.0,Trump 1.0
Denver,2017-02-28,16,9.0,Trump 1.0
Denver,2017-03-01,8,9.0,Trump 1.0
Denver,2017-03-02,7,9.0,Trump 1.0
Denver,2017-03-03,7,8.0,Trump 1.0
Denver,2017-03-04,1,7.0,Trump 1.0
Denver,2017-03-05,2,7.0,Trump 1.0
Denver,2017-03-06,3,6.0,Trump 1.0
Denver,2017-03-07,12,6.0,Trump 1.0
Denver,2017-03-08,6,5.0,Trump 1.0
Denver,2017-03-09,15,7.0,Trump 1.0
Denver,2017-03-10,8,7.0,Trump 1.0
Denver,2017-03-11,1,7.0,Trump 1.0
Denver,2017-03-13,12,8.0,Trump 1.0
Denver,2017-03-14,11,9.0,Trump 1.0
Denver,2017-03-15,10,9.0,Trump 1.0
Denver,2017-03-16,13,10.0,Trump 1.0
Denver,2017-03-17,7,9.0,Trump 1.0
Denver,2017-03-20,10,9.0,Trump 1.0
Denver,2017-03-21,14,11.0,Trump 1.0
Denver,2017-03-22,8,10.0,Trump 1.0
Denver,2017-03-23,8,10.0,Trump 1.0
Denver,2017-03-24,5,9.0,Trump 1.0
Denver,2017-03-25,1,8.0,Trump 1.0
Denver,2017-03-27,11,8.0,Trump 1.0
Denver,2017-03-28,10,8.0,Trump 1.0
Denver,2017-03-29,13,8.0,Trump 1.0
Denver,2017-03-30,10,8.0,Trump 1.0
Denver,2017-03-31,9,8.0,Trump 1.0
Denver,2017-04-01,6,9.0,Trump 1.0
Denver,2017-04-02,5,9.0,Trump 1.0
Denver,2017-04-03,17,10.0,Trump 1.0
Denver,2017-04-04,9,10.0,Trump 1.0
Denver,2017-04-05,13,10.0,Trump 1.0
Denver,2017-04-06,11,10.0,Trump 1.0
Denver,2017-04-07,5,9.0,Trump 1.0
Denver,2017-04-09,1,9.0,Trump 1.0
Denver,2017-04-10,8,9.0,Trump 1.0
Denver,2017-04-11,13,9.0,Trump 1.0
Denver,2017-04-12,13,9.0,Trump 1.0
Denver,2017-04-13,8,8.0,Trump 1.0
Denver,2017-04-14,12,9.0,Trump 1.0
Denver,2017-04-15,1,8.0,Trump 1.0
Denver,2017-04-17,10,9.0,Trump 1.0
Denver,2017-04-18,17,11.0,Trump 1.0
Denver,2017-04-19,15,11.0,Trump 1.0
Denver,2017-04-20,19,12.0,Trump 1.0
Denver,2017-04-21,9,12.0,Trump 1.0
Denver,2017-04-22,3,11.0,Trump 1.0
Denver,2017-04-24,16,13.0,Trump 1.0
Denver,2017-04-25,6,12.0,Trump 1.0
Denver,2017-04-26,11,11.0,Trump 1.0
Denver,2017-04-27,11,11.0,Trump 1.0
Denver,2017-04-28,6,9.0,Trump 1.0
Denver,2017-05-01,4,8.0,Trump 1.0
Denver,2017-05-02,15,10.0,Trump 1.0
Denver,2017-05-03,10,9.0,Trump 1.0
Denver,2017-05-04,7,9.0,Trump 1.0
Denver,2017-05-05,5,8.0,Trump 1.0
Denver,2017-05-08,8,8.0,Trump 1.0
Denver,2017-05-09,16,9.0,Trump 1.0
Denver,2017-05-10,12,10.0,Trump 1.0
Denver,2017-05-11,17,11.0,Trump 1.0
Denver,2017-05-12,8,10.0,Trump 1.0
Denver,2017-05-13,1,10.0,Trump 1.0
Denver,2017-05-14,1,9.0,Trump 1.0
Denver,2017-05-15,16,10.0,Trump 1.0
Denver,2017-05-16,9,9.0,Trump 1.0
Denver,2017-05-17,7,8.0,Trump 1.0
Denver,2017-05-18,10,7.0,Trump 1.0
Denver,2017-05-19,9,8.0,Trump 1.0
Denver,2017-05-21,1,8.0,Trump 1.0
Denver,2017-05-22,9,9.0,Trump 1.0
Denver,2017-05-23,19,9.0,Trump 1.0
Denver,2017-05-24,12,10.0,Trump 1.0
Denver,2017-05-25,15,11.0,Trump 1.0
Denver,2017-05-26,4,10.0,Trump 1.0
Denver,2017-05-28,1,9.0,Trump 1.0
Denver,2017-05-30,9,10.0,Trump 1.0
Denver,2017-05-31,8,10.0,Trump 1.0
Denver,2017-06-01,7,8.0,Trump 1.0
Denver,2017-06-02,5,7.0,Trump 1.0
Denver,2017-06-05,7,6.0,Trump 1.0
Denver,2017-06-06,5,6.0,Trump 1.0
Denver,2017-06-07,9,7.0,Trump 1.0
Denver,2017-06-08,9,7.0,Trump 1.0
Denver,2017-06-09,8,7.0,Trump 1.0
Denver,2017-06-12,14,8.0,Trump 1.0
Denver,2017-06-13,15,10.0,Trump 1.0
Denver,2017-06-14,4,9.0,Trump 1.0
Denver,2017-06-15,6,9.0,Trump 1.0
Denver,2017-06-16,7,9.0,Trump 1.0
Denver,2017-06-18,1,8.0,Trump 1.0
Denver,2017-06-19,3,7.0,Trump 1.0
Denver,2017-06-20,14,7.0,Trump 1.0
Denver,2017-06-21,10,6.0,Trump 1.0
Denver,2017-06-22,16,8.0,Trump 1.0
Denver,2017-06-23,12,9.0,Trump 1.0
Denver,2017-06-24,1,8.0,Trump 1.0
Denver,2017-06-25,2,8.0,Trump 1.0
Denver,2017-06-26,8,9.0,Trump 1.0
Denver,2017-06-27,14,9.0,Trump 1.0
Denver,2017-06-28,14,10.0,Trump 1.0
Denver,2017-06-29,7,8.0,Trump 1.0
Denver,2017-06-30,9,8.0,Trump 1.0
Denver,2017-07-01,2,8.0,Trump 1.0
Denver,2017-07-02,2,8.0,Trump 1.0
Denver,2017-07-03,8,8.0,Trump 1.0
Denver,2017-07-05,7,7.0,Trump 1.0
Denver,2017-07-06,6,6.0,Trump 1.0
Denver,2017-07-07,3,5.0,Trump 1.0
Denver,2017-07-08,2,4.0,Trump 1.0
Denver,2017-07-09,1,4.0,Trump 1.0
Denver,2017-07-10,12,6.0,Trump 1.0
Denver,2017-07-11,14,6.0,Trump 1.0
Denver,2017-07-12,9,7.0,Trump 1.0
Denver,2017-07-13,9,7.0,Trump 1.0
Denver,2017-07-14,8,8.0,Trump 1.0
Denver,2017-07-17,11,9.0,Trump 1.0
Denver,2017-07-18,11,11.0,Trump 1.0
Denver,2017-07-19,8,10.0,Trump 1.0
Denver,2017-07-20,11,10.0,Trump 1.0
Denver,2017-07-21,10,10.0,Trump 1.0
Denver,2017-07-22,3,9.0,Trump 1.0
Denver,2017-07-23,8,9.0,Trump 1.0
Denver,2017-07-24,22,10.0,Trump 1.0
Denver,2017-07-25,13,11.0,Trump 1.0
Denver,2017-07-26,17,12.0,Trump 1.0
Denver,2017-07-27,13,12.0,Trump 1.0
Denver,2017-07-28,4,11.0,Trump 1.0
Denver,2017-07-29,3,11.0,Trump 1.0
Denver,2017-07-31,5,11.0,Trump 1.0
Denver,2017-08-01,19,11.0,Trump 1.0
Denver,2017-08-02,13,11.0,Trump 1.0
Denver,2017-08-03,11,10.0,Trump 1.0
Denver,2017-08-04,3,8.0,Trump 1.0
Denver,2017-08-06,1,8.0,Trump 1.0
Denver,2017-08-07,13,9.0,Trump 1.0
Denver,2017-08-08,9,10.0,Trump 1.0
Denver,2017-08-09,10,9.0,Trump 1.0
Denver,2017-08-10,6,8.0,Trump 1.0
Denver,2017-08-11,3,6.0,Trump 1.0
Denver,2017-08-12,3,6.0,Trump 1.0
Denver,2017-08-13,2,7.0,Trump 1.0
Denver,2017-08-14,15,7.0,Trump 1.0
Denver,2017-08-15,19,8.0,Trump 1.0
Denver,2017-08-16,17,9.0,Trump 1.0
Denver,2017-08-17,15,11.0,Trump 1.0
Denver,2017-08-18,16,12.0,Trump 1.0
Denver,2017-08-21,14,14.0,Trump 1.0
Denver,2017-08-22,18,16.0,Trump 1.0
Denver,2017-08-23,9,15.0,Trump 1.0
Denver,2017-08-24,24,16.0,Trump 1.0
Denver,2017-08-25,13,16.0,Trump 1.0
Denver,2017-08-28,13,15.0,Trump 1.0
Denver,2017-08-29,14,15.0,Trump 1.0
Denver,2017-08-30,7,14.0,Trump 1.0
Denver,2017-08-31,10,13.0,Trump 1.0
Denver,2017-09-01,9,13.0,Trump 1.0
Denver,2017-09-02,3,10.0,Trump 1.0
Denver,2017-09-03,1,8.0,Trump 1.0
Denver,2017-09-05,11,8.0,Trump 1.0
Denver,2017-09-06,12,8.0,Trump 1.0
Denver,2017-09-07,6,7.0,Trump 1.0
Denver,2017-09-08,9,7.0,Trump 1.0
Denver,2017-09-09,1,6.0,Trump 1.0
Denver,2017-09-10,1,6.0,Trump 1.0
Denver,2017-09-11,14,8.0,Trump 1.0
Denver,2017-09-12,16,8.0,Trump 1.0
Denver,2017-09-13,14,9.0,Trump 1.0
Denver,2017-09-14,9,9.0,Trump 1.0
Denver,2017-09-15,10,9.0,Trump 1.0
Denver,2017-09-17,2,9.0,Trump 1.0
Denver,2017-09-18,8,10.0,Trump 1.0
Denver,2017-09-19,6,9.0,Trump 1.0
Denver,2017-09-20,21,10.0,Trump 1.0
Denver,2017-09-21,9,9.0,Trump 1.0
Denver,2017-09-22,13,10.0,Trump 1.0
Denver,2017-09-23,1,9.0,Trump 1.0
Denver,2017-09-24,13,10.0,Trump 1.0
Denver,2017-09-25,14,11.0,Trump 1.0
Denver,2017-09-26,25,14.0,Trump 1.0
Denver,2017-09-27,23,14.0,Trump 1.0
Denver,2017-09-28,10,14.0,Trump 1.0
Denver,2017-09-29,7,13.0,Trump 1.0
Denver,2017-10-01,3,14.0,Trump 1.0
Denver,2017-10-02,10,13.0,Trump 1.0
Denver,2017-10-03,20,14.0,Trump 1.0
Denver,2017-10-04,12,12.0,Trump 1.0
Denver,2017-10-05,7,10.0,Trump 1.0
Denver,2017-10-06,12,10.0,Trump 1.0
Denver,2017-10-08,1,9.0,Trump 1.0
Denver,2017-10-10,14,11.0,Trump 1.0
Denver,2017-10-11,13,11.0,Trump 1.0
Denver,2017-10-12,13,10.0,Trump 1.0
Denver,2017-10-13,5,9.0,Trump 1.0
Denver,2017-10-16,14,10.0,Trump 1.0
Denver,2017-10-17,16,11.0,Trump 1.0
Denver,2017-10-18,13,13.0,Trump 1.0
Denver,2017-10-19,14,13.0,Trump 1.0
Denver,2017-10-20,6,12.0,Trump 1.0
Denver,2017-10-22,2,10.0,Trump 1.0
Denver,2017-10-23,10,11.0,Trump 1.0
Denver,2017-10-24,11,10.0,Trump 1.0
Denver,2017-10-25,10,9.0,Trump 1.0
Denver,2017-10-26,7,9.0,Trump 1.0
Denver,2017-10-27,9,8.0,Trump 1.0
Denver,2017-10-30,14,9.0,Trump 1.0
Denver,2017-10-31,14,11.0,Trump 1.0
Denver,2017-11-01,17,12.0,Trump 1.0
Denver,2017-11-02,9,11.0,Trump 1.0
Denver,2017-11-03,10,11.0,Trump 1.0
Denver,2017-11-04,1,11.0,Trump 1.0
Denver,2017-11-06,8,10.0,Trump 1.0
Denver,2017-11-07,9,10.0,Trump 1.0
Denver,2017-11-08,18,10.0,Trump 1.0
Denver,2017-11-09,14,10.0,Trump 1.0
Denver,2017-11-11,1,9.0,Trump 1.0
Denver,2017-11-12,2,8.0,Trump 1.0
Denver,2017-11-13,12,9.0,Trump 1.0
Denver,2017-11-14,9,9.0,Trump 1.0
Denver,2017-11-15,12,10.0,Trump 1.0
Denver,2017-11-16,10,9.0,Trump 1.0
Denver,2017-11-17,13,8.0,Trump 1.0
Denver,2017-11-18,2,9.0,Trump 1.0
Denver,2017-11-19,1,8.0,Trump 1.0
Denver,2017-11-20,16,9.0,Trump 1.0
Denver,2017-11-21,15,10.0,Trump 1.0
Denver,2017-11-22,12,10.0,Trump 1.0
Denver,2017-11-24,5,9.0,Trump 1.0
Denver,2017-11-25,1,7.0,Trump 1.0
Denver,2017-11-27,13,9.0,Trump 1.0
Denver,2017-11-28,12,11.0,Trump 1.0
Denver,2017-11-29,15,10.0,Trump 1.0
Denver,2017-11-30,16,11.0,Trump 1.0
Denver,2017-12-01,14,11.0,Trump 1.0
Denver,2017-12-03,1,10.0,Trump 1.0
Denver,2017-12-04,15,12.0,Trump 1.0
Denver,2017-12-05,12,12.0,Trump 1.0
Denver,2017-12-06,10,12.0,Trump 1.0
Denver,2017-12-07,14,12.0,Trump 1.0
Denver,2017-12-08,9,11.0,Trump 1.0
Denver,2017-12-11,7,10.0,Trump 1.0
Denver,2017-12-12,9,11.0,Trump 1.0
Denver,2017-12-13,13,11.0,Trump 1.0
Denver,2017-12-14,13,11.0,Trump 1.0
Denver,2017-12-15,5,10.0,Trump 1.0
Denver,2017-12-17,1,8.0,Trump 1.0
Denver,2017-12-18,14,9.0,Trump 1.0
Denver,2017-12-19,7,9.0,Trump 1.0
Denver,2017-12-20,13,9.0,Trump 1.0
Denver,2017-12-21,3,8.0,Trump 1.0
Denver,2017-12-22,9,7.0,Trump 1.0
Denver,2017-12-23,1,7.0,Trump 1.0
Denver,2017-12-26,5,7.0,Trump 1.0
Denver,2017-12-27,6,6.0,Trump 1.0
Denver,2017-12-28,6,6.0,Trump 1.0
Denver,2017-12-29,3,5.0,Trump 1.0
Denver,2018-01-01,1,4.0,Trump 1.0
Denver,2018-01-02,9,4.0,Trump 1.0
Denver,2018-01-03,17,7.0,Trump 1.0
Denver,2018-01-04,19,9.0,Trump 1.0
Denver,2018-01-05,7,9.0,Trump 1.0
Denver,2018-01-06,2,8.0,Trump 1.0
Denver,2018-01-07,1,8.0,Trump 1.0
Denver,2018-01-08,7,9.0,Trump 1.0
Denver,2018-01-09,15,10.0,Trump 1.0
Denver,2018-01-10,9,9.0,Trump 1.0
Denver,2018-01-11,11,7.0,Trump 1.0
Denver,2018-01-12,9,8.0,Trump 1.0
Denver,2018-01-16,12,9.0,Trump 1.0
Denver,2018-01-17,11,11.0,Trump 1.0
Denver,2018-01-18,13,11.0,Trump 1.0
Denver,2018-01-19,8,10.0,Trump 1.0
Denver,2018-01-22,9,10.0,Trump 1.0
Denver,2018-01-23,6,10.0,Trump 1.0
Denver,2018-01-24,20,11.0,Trump 1.0
Denver,2018-01-25,8,11.0,Trump 1.0
Denver,2018-01-26,10,11.0,Trump 1.0
Denver,2018-01-29,9,10.0,Trump 1.0
Denver,2018-01-30,22,12.0,Trump 1.0
Denver,2018-01-31,12,12.0,Trump 1.0
Denver,2018-02-01,6,12.0,Trump 1.0
Denver,2018-02-02,7,11.0,Trump 1.0
Denver,2018-02-03,2,10.0,Trump 1.0
Denver,2018-02-05,11,10.0,Trump 1.0
Denver,2018-02-06,15,11.0,Trump 1.0
Denver,2018-02-07,9,9.0,Trump 1.0
Denver,2018-02-08,13,9.0,Trump 1.0
Denver,2018-02-09,10,10.0,Trump 1.0
Denver,2018-02-12,8,10.0,Trump 1.0
Denver,2018-02-13,12,11.0,Trump 1.0
Denver,2018-02-14,8,11.0,Trump 1.0
Denver,2018-02-15,8,10.0,Trump 1.0
Denver,2018-02-16,11,10.0,Trump 1.0
Denver,2018-02-17,1,8.0,Trump 1.0
Denver,2018-02-18,1,7.0,Trump 1.0
Denver,2018-02-19,1,6.0,Trump 1.0
Denver,2018-02-20,9,6.0,Trump 1.0
Denver,2018-02-21,16,7.0,Trump 1.0
Denver,2018-02-22,14,8.0,Trump 1.0
Denver,2018-02-23,16,8.0,Trump 1.0
Denver,2018-02-24,2,8.0,Trump 1.0
Denver,2018-02-26,18,11.0,Trump 1.0
Denver,2018-02-27,16,13.0,Trump 1.0
Denver,2018-02-28,10,13.0,Trump 1.0
Denver,2018-03-01,5,12.0,Trump 1.0
Denver,2018-03-02,10,11.0,Trump 1.0
Denver,2018-03-03,2,9.0,Trump 1.0
Denver,2018-03-05,7,10.0,Trump 1.0
Denver,2018-03-06,13,9.0,Trump 1.0
Denver,2018-03-07,14,9.0,Trump 1.0
Denver,2018-03-08,4,8.0,Trump 1.0
Denver,2018-03-09,10,9.0,Trump 1.0
Denver,2018-03-11,2,7.0,Trump 1.0
Denver,2018-03-12,6,8.0,Trump 1.0
Denver,2018-03-13,13,9.0,Trump 1.0
Denver,2018-03-14,17,9.0,Trump 1.0
Denver,2018-03-15,9,9.0,Trump 1.0
Denver,2018-03-16,6,9.0,Trump 1.0
Denver,2018-03-17,1,8.0,Trump 1.0
Denver,2018-03-19,9,9.0,Trump 1.0
Denver,2018-03-20,28,12.0,Trump 1.0
Denver,2018-03-21,9,11.0,Trump 1.0
Denver,2018-03-22,7,10.0,Trump 1.0
Denver,2018-03-23,12,10.0,Trump 1.0
Denver,2018-03-24,1,10.0,Trump 1.0
Denver,2018-03-25,1,10.0,Trump 1.0
Denver,2018-03-26,8,9.0,Trump 1.0
Denver,2018-03-27,5,6.0,Trump 1.0
Denver,2018-03-28,12,7.0,Trump 1.0
Denver,2018-03-29,12,7.0,Trump 1.0
Denver,2018-03-30,11,7.0,Trump 1.0
Denver,2018-03-31,1,7.0,Trump 1.0
Denver,2018-04-02,4,8.0,Trump 1.0
Denver,2018-04-03,4,7.0,Trump 1.0
Denver,2018-04-04,6,7.0,Trump 1.0
Denver,2018-04-05,6,6.0,Trump 1.0
Denver,2018-04-06,6,5.0,Trump 1.0
Denver,2018-04-09,3,4.0,Trump 1.0
Denver,2018-04-10,8,5.0,Trump 1.0
Denver,2018-04-11,10,6.0,Trump 1.0
Denver,2018-04-12,13,7.0,Trump 1.0
Denver,2018-04-13,8,8.0,Trump 1.0
Denver,2018-04-14,3,7.0,Trump 1.0
Denver,2018-04-15,1,7.0,Trump 1.0
Denver,2018-04-16,2,6.0,Trump 1.0
Denver,2018-04-17,13,7.0,Trump 1.0
Denver,2018-04-18,8,7.0,Trump 1.0
Denver,2018-04-19,8,6.0,Trump 1.0
Denver,2018-04-20,5,6.0,Trump 1.0
Denver,2018-04-21,2,6.0,Trump 1.0
Denver,2018-04-22,1,6.0,Trump 1.0
Denver,2018-04-23,10,7.0,Trump 1.0
Denver,2018-04-24,18,7.0,Trump 1.0
Denver,2018-04-25,11,8.0,Trump 1.0
Denver,2018-04-26,10,8.0,Trump 1.0
Denver,2018-04-27,10,9.0,Trump 1.0
Denver,2018-04-28,1,9.0,Trump 1.0
Denver,2018-04-30,4,9.0,Trump 1.0
Denver,2018-05-01,16,10.0,Trump 1.0
Denver,2018-05-02,7,8.0,Trump 1.0
Denver,2018-05-03,13,9.0,Trump 1.0
Denver,2018-05-04,7,8.0,Trump 1.0
Denver,2018-05-06,2,7.0,Trump 1.0
Denver,2018-05-07,13,9.0,Trump 1.0
Denver,2018-05-08,12,10.0,Trump 1.0
Denver,2018-05-09,11,9.0,Trump 1.0
Denver,2018-05-10,12,10.0,Trump 1.0
Denver,2018-05-11,6,9.0,Trump 1.0
Denver,2018-05-14,7,9.0,Trump 1.0
Denver,2018-05-15,9,10.0,Trump 1.0
Denver,2018-05-16,10,10.0,Trump 1.0
Denver,2018-05-17,10,9.0,Trump 1.0
Denver,2018-05-18,9,9.0,Trump 1.0
Denver,2018-05-20,2,8.0,Trump 1.0
Denver,2018-05-21,4,7.0,Trump 1.0
Denver,2018-05-22,15,8.0,Trump 1.0
Denver,2018-05-23,7,8.0,Trump 1.0
Denver,2018-05-24,11,8.0,Trump 1.0
Denver,2018-05-25,12,9.0,Trump 1.0
Denver,2018-05-26,1,7.0,Trump 1.0
Denver,2018-05-27,2,7.0,Trump 1.0
Denver,2018-05-29,14,9.0,Trump 1.0
Denver,2018-05-30,15,9.0,Trump 1.0
Denver,2018-05-31,11,9.0,Trump 1.0
Denver,2018-06-01,7,9.0,Trump 1.0
Denver,2018-06-02,3,8.0,Trump 1.0
Denver,2018-06-03,2,8.0,Trump 1.0
Denver,2018-06-04,10,9.0,Trump 1.0
Denver,2018-06-05,15,9.0,Trump 1.0
Denver,2018-06-06,12,9.0,Trump 1.0
Denver,2018-06-07,6,8.0,Trump 1.0
Denver,2018-06-08,7,8.0,Trump 1.0
Denver,2018-06-09,3,8.0,Trump 1.0
Denver,2018-06-11,9,9.0,Trump 1.0
Denver,2018-06-12,6,8.0,Trump 1.0
Denver,2018-06-13,7,7.0,Trump 1.0
Denver,2018-06-14,6,6.0,Trump 1.0
Denver,2018-06-15,5,6.0,Trump 1.0
Denver,2018-06-17,1,5.0,Trump 1.0
Denver,2018-06-18,13,7.0,Trump 1.0
Denver,2018-06-19,5,6.0,Trump 1.0
Denver,2018-06-20,8,6.0,Trump 1.0
Denver,2018-06-21,8,7.0,Trump 1.0
Denver,2018-06-22,4,6.0,Trump 1.0
Denver,2018-06-24,1,6.0,Trump 1.0
Denver,2018-06-25,8,7.0,Trump 1.0
Denver,2018-06-26,13,7.0,Trump 1.0
Denver,2018-06-27,8,7.0,Trump 1.0
Denver,2018-06-28,13,8.0,Trump 1.0
Denver,2018-06-29,10,8.0,Trump 1.0
Denver,2018-07-02,7,9.0,Trump 1.0
Denver,2018-07-03,4,9.0,Trump 1.0
Denver,2018-07-04,1,8.0,Trump 1.0
Denver,2018-07-05,5,7.0,Trump 1.0
Denver,2018-07-06,3,6.0,Trump 1.0
Denver,2018-07-07,1,4.0,Trump 1.0
Denver,2018-07-09,8,4.0,Trump 1.0
Denver,2018-07-10,9,4.0,Trump 1.0
Denver,2018-07-11,12,6.0,Trump 1.0
Denver,2018-07-12,18,8.0,Trump 1.0
Denver,2018-07-13,8,8.0,Trump 1.0
Denver,2018-07-15,3,8.0,Trump 1.0
Denver,2018-07-16,3,9.0,Trump 1.0
Denver,2018-07-17,24,11.0,Trump 1.0
Denver,2018-07-18,9,11.0,Trump 1.0
Denver,2018-07-19,8,10.0,Trump 1.0
Denver,2018-07-20,4,8.0,Trump 1.0
Denver,2018-07-21,1,7.0,Trump 1.0
Denver,2018-07-22,1,7.0,Trump 1.0
Denver,2018-07-23,11,8.0,Trump 1.0
Denver,2018-07-24,18,7.0,Trump 1.0
Denver,2018-07-25,13,8.0,Trump 1.0
Denver,2018-07-26,14,9.0,Trump 1.0
Denver,2018-07-27,10,10.0,Trump 1.0
Denver,2018-07-30,3,10.0,Trump 1.0
Denver,2018-07-31,6,11.0,Trump 1.0
Denver,2018-08-01,10,11.0,Trump 1.0
Denver,2018-08-02,6,9.0,Trump 1.0
Denver,2018-08-03,2,7.0,Trump 1.0
Denver,2018-08-05,3,6.0,Trump 1.0
Denver,2018-08-06,5,5.0,Trump 1.0
Denver,2018-08-07,18,7.0,Trump 1.0
Denver,2018-08-08,11,8.0,Trump 1.0
Denver,2018-08-09,7,7.0,Trump 1.0
Denver,2018-08-10,7,8.0,Trump 1.0
Denver,2018-08-12,2,8.0,Trump 1.0
Denver,2018-08-13,8,8.0,Trump 1.0
Denver,2018-08-14,15,10.0,Trump 1.0
Denver,2018-08-15,12,9.0,Trump 1.0
Denver,2018-08-16,3,8.0,Trump 1.0
Denver,2018-08-17,5,7.0,Trump 1.0
Denver,2018-08-20,15,9.0,Trump 1.0
Denver,2018-08-21,13,10.0,Trump 1.0
Denver,2018-08-22,9,10.0,Trump 1.0
Denver,2018-08-23,17,11.0,Trump 1.0
Denver,2018-08-24,5,10.0,Trump 1.0
Denver,2018-08-27,13,11.0,Trump 1.0
Denver,2018-08-28,11,12.0,Trump 1.0
Denver,2018-08-29,11,11.0,Trump 1.0
Denver,2018-08-30,18,12.0,Trump 1.0
Denver,2018-08-31,3,11.0,Trump 1.0
Denver,2018-09-01,1,9.0,Trump 1.0
Denver,2018-09-02,2,8.0,Trump 1.0
Denver,2018-09-04,4,7.0,Trump 1.0
Denver,2018-09-05,5,6.0,Trump 1.0
Denver,2018-09-06,5,5.0,Trump 1.0
Denver,2018-09-07,5,4.0,Trump 1.0
Denver,2018-09-08,1,3.0,Trump 1.0
Denver,2018-09-10,10,5.0,Trump 1.0
Denver,2018-09-11,21,7.0,Trump 1.0
Denver,2018-09-12,20,10.0,Trump 1.0
Denver,2018-09-13,20,12.0,Trump 1.0
Denver,2018-09-14,17,13.0,Trump 1.0
Denver,2018-09-17,9,14.0,Trump 1.0
Denver,2018-09-18,6,15.0,Trump 1.0
Denver,2018-09-19,6,14.0,Trump 1.0
Denver,2018-09-20,9,12.0,Trump 1.0
Denver,2018-09-21,7,11.0,Trump 1.0
Denver,2018-09-22,1,8.0,Trump 1.0
Denver,2018-09-23,1,6.0,Trump 1.0
Denver,2018-09-24,6,5.0,Trump 1.0
Denver,2018-09-25,9,6.0,Trump 1.0
Denver,2018-09-26,11,6.0,Trump 1.0
Denver,2018-09-27,12,7.0,Trump 1.0
Denver,2018-09-28,4,6.0,Trump 1.0
Detroit,2015-10-01,9,7.0,Trump 1.0
Detroit,2015-10-02,7,8.0,Trump 1.0
Detroit,2015-10-04,2,8.0,Trump 1.0
Detroit,2015-10-05,6,7.0,Trump 1.0
Detroit,2015-10-06,10,7.0,Trump 1.0
Detroit,2015-10-07,9,7.0,Trump 1.0
Detroit,2015-10-08,5,7.0,Trump 1.0
Detroit,2015-10-09,7,7.0,Trump 1.0
Detroit,2015-10-11,1,6.0,Trump 1.0
Detroit,2015-10-12,2,6.0,Trump 1.0
Detroit,2015-10-13,7,6.0,Trump 1.0
Detroit,2015-10-14,13,6.0,Trump 1.0
Detroit,2015-10-15,14,7.0,Trump 1.0
Detroit,2015-10-16,5,7.0,Trump 1.0
Detroit,2015-10-17,1,6.0,Trump 1.0
Detroit,2015-10-19,10,7.0,Trump 1.0
Detroit,2015-10-20,6,8.0,Trump 1.0
Detroit,2015-10-21,9,8.0,Trump 1.0
Detroit,2015-10-22,3,7.0,Trump 1.0
Detroit,2015-10-23,3,5.0,Trump 1.0
Detroit,2015-10-24,2,5.0,Trump 1.0
Detroit,2015-10-25,1,5.0,Trump 1.0
Detroit,2015-10-26,8,5.0,Trump 1.0
Detroit,2015-10-27,15,6.0,Trump 1.0
Detroit,2015-10-28,8,6.0,Trump 1.0
Detroit,2015-10-29,8,6.0,Trump 1.0
Detroit,2015-10-30,9,7.0,Trump 1.0
Detroit,2015-10-31,1,7.0,Trump 1.0
Detroit,2015-11-01,3,7.0,Trump 1.0
Detroit,2015-11-02,15,8.0,Trump 1.0
Detroit,2015-11-03,13,8.0,Trump 1.0
Detroit,2015-11-04,13,9.0,Trump 1.0
Detroit,2015-11-05,7,9.0,Trump 1.0
Detroit,2015-11-06,4,8.0,Trump 1.0
Detroit,2015-11-07,1,8.0,Trump 1.0
Detroit,2015-11-08,6,8.0,Trump 1.0
Detroit,2015-11-09,9,8.0,Trump 1.0
Detroit,2015-11-10,10,7.0,Trump 1.0
Detroit,2015-11-11,3,6.0,Trump 1.0
Detroit,2015-11-12,5,5.0,Trump 1.0
Detroit,2015-11-13,5,6.0,Trump 1.0
Detroit,2015-11-15,1,6.0,Trump 1.0
Detroit,2015-11-16,10,6.0,Trump 1.0
Detroit,2015-11-17,3,5.0,Trump 1.0
Detroit,2015-11-18,10,5.0,Trump 1.0
Detroit,2015-11-19,9,6.0,Trump 1.0
Detroit,2015-11-20,3,6.0,Trump 1.0
Detroit,2015-11-23,7,6.0,Trump 1.0
Detroit,2015-11-24,13,8.0,Trump 1.0
Detroit,2015-11-25,9,8.0,Trump 1.0
Detroit,2015-11-27,4,8.0,Trump 1.0
Detroit,2015-11-30,7,7.0,Trump 1.0
Detroit,2015-12-01,10,8.0,Trump 1.0
Detroit,2015-12-02,4,8.0,Trump 1.0
Detroit,2015-12-03,11,8.0,Trump 1.0
Detroit,2015-12-04,10,8.0,Trump 1.0
Detroit,2015-12-07,6,7.0,Trump 1.0
Detroit,2015-12-08,6,8.0,Trump 1.0
Detroit,2015-12-09,13,9.0,Trump 1.0
Detroit,2015-12-10,8,8.0,Trump 1.0
Detroit,2015-12-11,6,9.0,Trump 1.0
Detroit,2015-12-12,1,7.0,Trump 1.0
Detroit,2015-12-13,1,6.0,Trump 1.0
Detroit,2015-12-14,13,7.0,Trump 1.0
Detroit,2015-12-15,6,7.0,Trump 1.0
Detroit,2015-12-16,7,6.0,Trump 1.0
Detroit,2015-12-17,3,5.0,Trump 1.0
Detroit,2015-12-18,5,5.0,Trump 1.0
Detroit,2015-12-19,1,5.0,Trump 1.0
Detroit,2015-12-20,1,5.0,Trump 1.0
Detroit,2015-12-21,7,4.0,Trump 1.0
Detroit,2015-12-22,10,5.0,Trump 1.0
Detroit,2015-12-23,7,5.0,Trump 1.0
Detroit,2015-12-24,2,5.0,Trump 1.0
Detroit,2015-12-28,4,5.0,Trump 1.0
Detroit,2015-12-29,6,5.0,Trump 1.0
Detroit,2015-12-30,4,6.0,Trump 1.0
Detroit,2015-12-31,1,5.0,Trump 1.0
Detroit,2016-01-04,3,4.0,Trump 1.0
Detroit,2016-01-05,10,4.0,Trump 1.0
Detroit,2016-01-06,7,5.0,Trump 1.0
Detroit,2016-01-07,12,6.0,Trump 1.0
Detroit,2016-01-08,7,6.0,Trump 1.0
Detroit,2016-01-10,1,6.0,Trump 1.0
Detroit,2016-01-11,10,7.0,Trump 1.0
Detroit,2016-01-12,10,8.0,Trump 1.0
Detroit,2016-01-13,18,9.0,Trump 1.0
Detroit,2016-01-14,7,9.0,Trump 1.0
Detroit,2016-01-15,7,9.0,Trump 1.0
Detroit,2016-01-18,5,8.0,Trump 1.0
Detroit,2016-01-19,4,9.0,Trump 1.0
Detroit,2016-01-20,8,8.0,Trump 1.0
Detroit,2016-01-21,7,8.0,Trump 1.0
Detroit,2016-01-22,3,6.0,Trump 1.0
Detroit,2016-01-25,14,7.0,Trump 1.0
Detroit,2016-01-26,8,7.0,Trump 1.0
Detroit,2016-01-27,12,8.0,Trump 1.0
Detroit,2016-01-28,14,9.0,Trump 1.0
Detroit,2016-01-29,4,9.0,Trump 1.0
Detroit,2016-02-01,13,10.0,Trump 1.0
Detroit,2016-02-02,4,10.0,Trump 1.0
Detroit,2016-02-03,9,9.0,Trump 1.0
Detroit,2016-02-04,4,9.0,Trump 1.0
Detroit,2016-02-05,6,8.0,Trump 1.0
Detroit,2016-02-08,5,6.0,Trump 1.0
Detroit,2016-02-09,7,7.0,Trump 1.0
Detroit,2016-02-10,3,5.0,Trump 1.0
Detroit,2016-02-11,7,6.0,Trump 1.0
Detroit,2016-02-12,4,5.0,Trump 1.0
Detroit,2016-02-13,1,5.0,Trump 1.0
Detroit,2016-02-16,7,5.0,Trump 1.0
Detroit,2016-02-17,12,6.0,Trump 1.0
Detroit,2016-02-18,15,7.0,Trump 1.0
Detroit,2016-02-19,5,7.0,Trump 1.0
Detroit,2016-02-22,5,7.0,Trump 1.0
Detroit,2016-02-23,10,8.0,Trump 1.0
Detroit,2016-02-24,6,9.0,Trump 1.0
Detroit,2016-02-25,4,8.0,Trump 1.0
Detroit,2016-02-26,3,7.0,Trump 1.0
Detroit,2016-02-28,1,5.0,Trump 1.0
Detroit,2016-02-29,10,6.0,Trump 1.0
Detroit,2016-03-01,9,6.0,Trump 1.0
Detroit,2016-03-02,7,6.0,Trump 1.0
Detroit,2016-03-03,13,7.0,Trump 1.0
Detroit,2016-03-04,4,7.0,Trump 1.0
Detroit,2016-03-06,1,6.0,Trump 1.0
Detroit,2016-03-07,9,8.0,Trump 1.0
Detroit,2016-03-08,11,8.0,Trump 1.0
Detroit,2016-03-09,4,7.0,Trump 1.0
Detroit,2016-03-10,11,8.0,Trump 1.0
Detroit,2016-03-11,6,7.0,Trump 1.0
Detroit,2016-03-13,3,6.0,Trump 1.0
Detroit,2016-03-14,6,7.0,Trump 1.0
Detroit,2016-03-15,7,7.0,Trump 1.0
Detroit,2016-03-16,15,7.0,Trump 1.0
Detroit,2016-03-17,6,8.0,Trump 1.0
Detroit,2016-03-18,4,7.0,Trump 1.0
Detroit,2016-03-21,4,6.0,Trump 1.0
Detroit,2016-03-22,12,8.0,Trump 1.0
Detroit,2016-03-23,10,8.0,Trump 1.0
Detroit,2016-03-24,9,9.0,Trump 1.0
Detroit,2016-03-25,4,7.0,Trump 1.0
Detroit,2016-03-28,3,7.0,Trump 1.0
Detroit,2016-03-29,16,8.0,Trump 1.0
Detroit,2016-03-30,11,9.0,Trump 1.0
Detroit,2016-03-31,7,9.0,Trump 1.0
Detroit,2016-04-01,4,8.0,Trump 1.0
Detroit,2016-04-04,4,7.0,Trump 1.0
Detroit,2016-04-05,3,7.0,Trump 1.0
Detroit,2016-04-06,11,8.0,Trump 1.0
Detroit,2016-04-07,3,6.0,Trump 1.0
Detroit,2016-04-08,8,6.0,Trump 1.0
Detroit,2016-04-11,8,6.0,Trump 1.0
Detroit,2016-04-12,10,7.0,Trump 1.0
Detroit,2016-04-13,11,8.0,Trump 1.0
Detroit,2016-04-14,8,8.0,Trump 1.0
Detroit,2016-04-15,4,7.0,Trump 1.0
Detroit,2016-04-16,1,7.0,Trump 1.0
Detroit,2016-04-17,1,6.0,Trump 1.0
Detroit,2016-04-18,11,7.0,Trump 1.0
Detroit,2016-04-19,6,6.0,Trump 1.0
Detroit,2016-04-20,7,5.0,Trump 1.0
Detroit,2016-04-21,14,6.0,Trump 1.0
Detroit,2016-04-22,9,7.0,Trump 1.0
Detroit,2016-04-23,1,7.0,Trump 1.0
Detroit,2016-04-24,1,7.0,Trump 1.0
Detroit,2016-04-25,4,6.0,Trump 1.0
Detroit,2016-04-26,9,6.0,Trump 1.0
Detroit,2016-04-27,8,7.0,Trump 1.0
Detroit,2016-04-28,8,6.0,Trump 1.0
Detroit,2016-04-29,3,5.0,Trump 1.0
Detroit,2016-04-30,1,5.0,Trump 1.0
Detroit,2016-05-01,1,5.0,Trump 1.0
Detroit,2016-05-02,11,6.0,Trump 1.0
Detroit,2016-05-03,9,6.0,Trump 1.0
Detroit,2016-05-04,8,6.0,Trump 1.0
Detroit,2016-05-05,11,6.0,Trump 1.0
Detroit,2016-05-06,3,6.0,Trump 1.0
Detroit,2016-05-07,1,6.0,Trump 1.0
Detroit,2016-05-09,9,7.0,Trump 1.0
Detroit,2016-05-10,10,7.0,Trump 1.0
Detroit,2016-05-11,7,7.0,Trump 1.0
Detroit,2016-05-12,3,6.0,Trump 1.0
Detroit,2016-05-13,6,6.0,Trump 1.0
Detroit,2016-05-16,9,6.0,Trump 1.0
Detroit,2016-05-17,7,7.0,Trump 1.0
Detroit,2016-05-18,8,7.0,Trump 1.0
Detroit,2016-05-19,5,6.0,Trump 1.0
Detroit,2016-05-20,10,7.0,Trump 1.0
Detroit,2016-05-21,1,7.0,Trump 1.0
Detroit,2016-05-22,20,9.0,Trump 1.0
Detroit,2016-05-23,26,11.0,Trump 1.0
Detroit,2016-05-24,20,13.0,Trump 1.0
Detroit,2016-05-25,11,13.0,Trump 1.0
Detroit,2016-05-26,7,14.0,Trump 1.0
Detroit,2016-05-27,6,13.0,Trump 1.0
Detroit,2016-05-28,1,13.0,Trump 1.0
Detroit,2016-05-30,1,10.0,Trump 1.0
Detroit,2016-05-31,5,7.0,Trump 1.0
Detroit,2016-06-01,4,5.0,Trump 1.0
Detroit,2016-06-02,8,5.0,Trump 1.0
Detroit,2016-06-03,5,4.0,Trump 1.0
Detroit,2016-06-06,10,5.0,Trump 1.0
Detroit,2016-06-07,3,5.0,Trump 1.0
Detroit,2016-06-08,7,6.0,Trump 1.0
Detroit,2016-06-09,9,7.0,Trump 1.0
Detroit,2016-06-10,7,7.0,Trump 1.0
Detroit,2016-06-13,9,7.0,Trump 1.0
Detroit,2016-06-14,8,8.0,Trump 1.0
Detroit,2016-06-15,11,8.0,Trump 1.0
Detroit,2016-06-16,10,9.0,Trump 1.0
Detroit,2016-06-17,7,9.0,Trump 1.0
Detroit,2016-06-20,4,8.0,Trump 1.0
Detroit,2016-06-21,6,8.0,Trump 1.0
Detroit,2016-06-22,4,7.0,Trump 1.0
Detroit,2016-06-23,11,8.0,Trump 1.0
Detroit,2016-06-24,4,7.0,Trump 1.0
Detroit,2016-06-26,1,5.0,Trump 1.0
Detroit,2016-06-27,6,5.0,Trump 1.0
Detroit,2016-06-28,12,6.0,Trump 1.0
Detroit,2016-06-29,9,7.0,Trump 1.0
Detroit,2016-06-30,7,7.0,Trump 1.0
Detroit,2016-07-01,6,6.0,Trump 1.0
Detroit,2016-07-03,3,6.0,Trump 1.0
Detroit,2016-07-05,6,7.0,Trump 1.0
Detroit,2016-07-06,7,7.0,Trump 1.0
Detroit,2016-07-07,13,7.0,Trump 1.0
Detroit,2016-07-08,13,8.0,Trump 1.0
Detroit,2016-07-11,7,8.0,Trump 1.0
Detroit,2016-07-12,4,8.0,Trump 1.0
Detroit,2016-07-13,13,9.0,Trump 1.0
Detroit,2016-07-14,8,9.0,Trump 1.0
Detroit,2016-07-15,6,9.0,Trump 1.0
Detroit,2016-07-17,1,7.0,Trump 1.0
Detroit,2016-07-18,6,6.0,Trump 1.0
Detroit,2016-07-19,6,6.0,Trump 1.0
Detroit,2016-07-20,8,7.0,Trump 1.0
Detroit,2016-07-21,8,6.0,Trump 1.0
Detroit,2016-07-22,3,5.0,Trump 1.0
Detroit,2016-07-25,5,5.0,Trump 1.0
Detroit,2016-07-26,9,6.0,Trump 1.0
Detroit,2016-07-27,8,7.0,Trump 1.0
Detroit,2016-07-28,10,7.0,Trump 1.0
Detroit,2016-07-29,8,7.0,Trump 1.0
Detroit,2016-07-31,2,6.0,Trump 1.0
Detroit,2016-08-01,14,8.0,Trump 1.0
Detroit,2016-08-02,11,9.0,Trump 1.0
Detroit,2016-08-03,14,10.0,Trump 1.0
Detroit,2016-08-04,13,10.0,Trump 1.0
Detroit,2016-08-05,8,10.0,Trump 1.0
Detroit,2016-08-07,1,9.0,Trump 1.0
Detroit,2016-08-08,7,10.0,Trump 1.0
Detroit,2016-08-09,13,10.0,Trump 1.0
Detroit,2016-08-10,14,10.0,Trump 1.0
Detroit,2016-08-11,5,9.0,Trump 1.0
Detroit,2016-08-12,9,8.0,Trump 1.0
Detroit,2016-08-15,7,8.0,Trump 1.0
Detroit,2016-08-16,15,10.0,Trump 1.0
Detroit,2016-08-17,16,11.0,Trump 1.0
Detroit,2016-08-18,14,11.0,Trump 1.0
Detroit,2016-08-19,7,10.0,Trump 1.0
Detroit,2016-08-22,7,11.0,Trump 1.0
Detroit,2016-08-23,5,10.0,Trump 1.0
Detroit,2016-08-24,11,11.0,Trump 1.0
Detroit,2016-08-25,9,10.0,Trump 1.0
Detroit,2016-08-26,4,8.0,Trump 1.0
Detroit,2016-08-27,1,6.0,Trump 1.0
Detroit,2016-08-29,5,6.0,Trump 1.0
Detroit,2016-08-30,9,6.0,Trump 1.0
Detroit,2016-08-31,14,8.0,Trump 1.0
Detroit,2016-09-01,12,8.0,Trump 1.0
Detroit,2016-09-02,9,8.0,Trump 1.0
Detroit,2016-09-03,1,7.0,Trump 1.0
Detroit,2016-09-06,9,8.0,Trump 1.0
Detroit,2016-09-07,11,9.0,Trump 1.0
Detroit,2016-09-08,17,10.0,Trump 1.0
Detroit,2016-09-09,7,9.0,Trump 1.0
Detroit,2016-09-12,6,9.0,Trump 1.0
Detroit,2016-09-13,10,9.0,Trump 1.0
Detroit,2016-09-14,18,11.0,Trump 1.0
Detroit,2016-09-15,19,13.0,Trump 1.0
Detroit,2016-09-16,15,13.0,Trump 1.0
Detroit,2016-09-19,7,12.0,Trump 1.0
Detroit,2016-09-20,12,12.0,Trump 1.0
Detroit,2016-09-21,12,13.0,Trump 1.0
Detroit,2016-09-22,9,13.0,Trump 1.0
Detroit,2016-09-23,5,11.0,Trump 1.0
Detroit,2016-09-26,2,9.0,Trump 1.0
Detroit,2016-09-27,13,9.0,Trump 1.0
Detroit,2016-09-28,9,9.0,Trump 1.0
Detroit,2016-09-29,8,8.0,Trump 1.0
Detroit,2016-09-30,7,8.0,Trump 1.0
Detroit,2016-10-02,2,7.0,Trump 1.0
Detroit,2016-10-03,4,6.0,Trump 1.0
Detroit,2016-10-04,6,7.0,Trump 1.0
Detroit,2016-10-05,8,6.0,Trump 1.0
Detroit,2016-10-06,11,7.0,Trump 1.0
Detroit,2016-10-07,4,6.0,Trump 1.0
Detroit,2016-10-08,1,5.0,Trump 1.0
Detroit,2016-10-10,1,5.0,Trump 1.0
Detroit,2016-10-11,16,7.0,Trump 1.0
Detroit,2016-10-12,8,7.0,Trump 1.0
Detroit,2016-10-13,10,7.0,Trump 1.0
Detroit,2016-10-14,5,6.0,Trump 1.0
Detroit,2016-10-17,8,7.0,Trump 1.0
Detroit,2016-10-18,4,7.0,Trump 1.0
Detroit,2016-10-19,8,8.0,Trump 1.0
Detroit,2016-10-20,6,7.0,Trump 1.0
Detroit,2016-10-21,13,8.0,Trump 1.0
Detroit,2016-10-24,8,7.0,Trump 1.0
Detroit,2016-10-25,10,8.0,Trump 1.0
Detroit,2016-10-26,8,8.0,Trump 1.0
Detroit,2016-10-27,8,9.0,Trump 1.0
Detroit,2016-10-28,5,8.0,Trump 1.0
Detroit,2016-10-29,1,8.0,Trump 1.0
Detroit,2016-10-31,5,6.0,Trump 1.0
Detroit,2016-11-01,23,9.0,Trump 1.0
Detroit,2016-11-02,10,9.0,Trump 1.0
Detroit,2016-11-03,5,8.0,Trump 1.0
Detroit,2016-11-04,6,8.0,Trump 1.0
Detroit,2016-11-07,6,8.0,Trump 1.0
Detroit,2016-11-08,10,9.0,Trump 1.0
Detroit,2016-11-09,7,10.0,Trump 1.0
Detroit,2016-11-10,6,7.0,Trump 1.0
Detroit,2016-11-11,2,6.0,Trump 1.0
Detroit,2016-11-13,2,6.0,Trump 1.0
Detroit,2016-11-14,8,6.0,Trump 1.0
Detroit,2016-11-15,12,7.0,Trump 1.0
Detroit,2016-11-16,7,6.0,Trump 1.0
Detroit,2016-11-17,7,6.0,Trump 1.0
Detroit,2016-11-18,10,7.0,Trump 1.0
Detroit,2016-11-21,8,8.0,Trump 1.0
Detroit,2016-11-22,11,9.0,Trump 1.0
Detroit,2016-11-23,17,10.0,Trump 1.0
Detroit,2016-11-24,2,9.0,Trump 1.0
Detroit,2016-11-25,2,8.0,Trump 1.0
Detroit,2016-11-27,1,7.0,Trump 1.0
Detroit,2016-11-28,9,7.0,Trump 1.0
Detroit,2016-11-29,5,7.0,Trump 1.0
Detroit,2016-11-30,7,6.0,Trump 1.0
Detroit,2016-12-01,10,5.0,Trump 1.0
Detroit,2016-12-02,11,6.0,Trump 1.0
Detroit,2016-12-04,19,9.0,Trump 1.0
Detroit,2016-12-05,19,11.0,Trump 1.0
Detroit,2016-12-06,19,13.0,Trump 1.0
Detroit,2016-12-07,9,13.0,Trump 1.0
Detroit,2016-12-08,6,13.0,Trump 1.0
Detroit,2016-12-09,9,13.0,Trump 1.0
Detroit,2016-12-10,3,12.0,Trump 1.0
Detroit,2016-12-12,16,12.0,Trump 1.0
Detroit,2016-12-13,8,10.0,Trump 1.0
Detroit,2016-12-14,8,8.0,Trump 1.0
Detroit,2016-12-15,4,8.0,Trump 1.0
Detroit,2016-12-16,9,8.0,Trump 1.0
Detroit,2016-12-17,1,7.0,Trump 1.0
Detroit,2016-12-18,1,7.0,Trump 1.0
Detroit,2016-12-19,5,5.0,Trump 1.0
Detroit,2016-12-20,8,5.0,Trump 1.0
Detroit,2016-12-21,11,6.0,Trump 1.0
Detroit,2016-12-22,6,6.0,Trump 1.0
Detroit,2016-12-23,1,5.0,Trump 1.0
Detroit,2016-12-26,2,5.0,Trump 1.0
Detroit,2016-12-27,3,5.0,Trump 1.0
Detroit,2016-12-28,3,5.0,Trump 1.0
Detroit,2016-12-29,1,4.0,Trump 1.0
Detroit,2016-12-30,3,3.0,Trump 1.0
Detroit,2017-01-02,1,2.0,Trump 1.0
Detroit,2017-01-03,9,3.0,Trump 1.0
Detroit,2017-01-04,9,4.0,Trump 1.0
Detroit,2017-01-05,13,6.0,Trump 1.0
Detroit,2017-01-06,8,6.0,Trump 1.0
Detroit,2017-01-08,3,7.0,Trump 1.0
Detroit,2017-01-09,6,7.0,Trump 1.0
Detroit,2017-01-10,12,9.0,Trump 1.0
Detroit,2017-01-11,15,9.0,Trump 1.0
Detroit,2017-01-12,8,9.0,Trump 1.0
Detroit,2017-01-13,10,9.0,Trump 1.0
Detroit,2017-01-15,1,8.0,Trump 1.0
Detroit,2017-01-16,1,8.0,Trump 1.0
Detroit,2017-01-17,10,8.0,Trump 1.0
Detroit,2017-01-18,20,9.0,Trump 1.0
Detroit,2017-01-19,9,8.0,Trump 1.0
Detroit,2017-01-20,8,8.0,Trump 1.0
Detroit,2017-01-23,9,8.0,Trump 1.0
Detroit,2017-01-24,10,10.0,Trump 1.0
Detroit,2017-01-25,9,11.0,Trump 1.0
Detroit,2017-01-26,11,11.0,Trump 1.0
Detroit,2017-01-27,7,9.0,Trump 1.0
Detroit,2017-01-29,2,8.0,Trump 1.0
Detroit,2017-01-30,13,9.0,Trump 1.0
Detroit,2017-01-31,11,9.0,Trump 1.0
Detroit,2017-02-01,8,9.0,Trump 1.0
Detroit,2017-02-02,14,9.0,Trump 1.0
Detroit,2017-02-03,12,10.0,Trump 1.0
Detroit,2017-02-04,2,9.0,Trump 1.0
Detroit,2017-02-05,1,9.0,Trump 1.0
Detroit,2017-02-06,17,9.0,Trump 1.0
Detroit,2017-02-07,14,10.0,Trump 1.0
Detroit,2017-02-08,19,11.0,Trump 1.0
Detroit,2017-02-09,18,12.0,Trump 1.0
Detroit,2017-02-10,5,11.0,Trump 1.0
Detroit,2017-02-11,2,11.0,Trump 1.0
Detroit,2017-02-13,10,12.0,Trump 1.0
Detroit,2017-02-14,13,12.0,Trump 1.0
Detroit,2017-02-15,11,11.0,Trump 1.0
Detroit,2017-02-16,8,10.0,Trump 1.0
Detroit,2017-02-17,15,9.0,Trump 1.0
Detroit,2017-02-20,1,9.0,Trump 1.0
Detroit,2017-02-21,7,9.0,Trump 1.0
Detroit,2017-02-22,18,10.0,Trump 1.0
Detroit,2017-02-23,11,10.0,Trump 1.0
Detroit,2017-02-24,7,10.0,Trump 1.0
Detroit,2017-02-27,9,10.0,Trump 1.0
Detroit,2017-02-28,16,10.0,Trump 1.0
Detroit,2017-03-01,10,11.0,Trump 1.0
Detroit,2017-03-02,10,12.0,Trump 1.0
Detroit,2017-03-03,8,10.0,Trump 1.0
Detroit,2017-03-04,2,9.0,Trump 1.0
Detroit,2017-03-05,14,10.0,Trump 1.0
Detroit,2017-03-06,14,11.0,Trump 1.0
Detroit,2017-03-07,14,10.0,Trump 1.0
Detroit,2017-03-08,11,10.0,Trump 1.0
Detroit,2017-03-09,11,11.0,Trump 1.0
Detroit,2017-03-10,16,12.0,Trump 1.0
Detroit,2017-03-12,1,12.0,Trump 1.0
Detroit,2017-03-13,6,10.0,Trump 1.0
Detroit,2017-03-14,16,11.0,Trump 1.0
Detroit,2017-03-15,15,11.0,Trump 1.0
Detroit,2017-03-16,14,11.0,Trump 1.0
Detroit,2017-03-17,7,11.0,Trump 1.0
Detroit,2017-03-18,1,9.0,Trump 1.0
Detroit,2017-03-20,9,10.0,Trump 1.0
Detroit,2017-03-21,20,12.0,Trump 1.0
Detroit,2017-03-22,12,11.0,Trump 1.0
Detroit,2017-03-23,15,11.0,Trump 1.0
Detroit,2017-03-24,11,11.0,Trump 1.0
Detroit,2017-03-26,1,10.0,Trump 1.0
Detroit,2017-03-27,12,11.0,Trump 1.0
Detroit,2017-03-28,10,12.0,Trump 1.0
Detroit,2017-03-29,11,10.0,Trump 1.0
Detroit,2017-03-30,6,9.0,Trump 1.0
Detroit,2017-03-31,7,8.0,Trump 1.0
Detroit,2017-04-02,2,7.0,Trump 1.0
Detroit,2017-04-03,14,9.0,Trump 1.0
Detroit,2017-04-04,10,9.0,Trump 1.0
Detroit,2017-04-05,13,9.0,Trump 1.0
Detroit,2017-04-06,11,9.0,Trump 1.0
Detroit,2017-04-07,14,10.0,Trump 1.0
Detroit,2017-04-10,11,11.0,Trump 1.0
Detroit,2017-04-11,20,13.0,Trump 1.0
Detroit,2017-04-12,18,14.0,Trump 1.0
Detroit,2017-04-13,12,14.0,Trump 1.0
Detroit,2017-04-14,10,14.0,Trump 1.0
Detroit,2017-04-17,8,13.0,Trump 1.0
Detroit,2017-04-18,22,14.0,Trump 1.0
Detroit,2017-04-19,11,14.0,Trump 1.0
Detroit,2017-04-20,9,13.0,Trump 1.0
Detroit,2017-04-21,10,12.0,Trump 1.0
Detroit,2017-04-23,1,10.0,Trump 1.0
Detroit,2017-04-24,12,10.0,Trump 1.0
Detroit,2017-04-25,18,12.0,Trump 1.0
Detroit,2017-04-26,11,10.0,Trump 1.0
Detroit,2017-04-27,4,9.0,Trump 1.0
Detroit,2017-04-28,6,9.0,Trump 1.0
Detroit,2017-04-29,2,8.0,Trump 1.0
Detroit,2017-05-01,16,10.0,Trump 1.0
Detroit,2017-05-02,16,10.0,Trump 1.0
Detroit,2017-05-03,14,10.0,Trump 1.0
Detroit,2017-05-04,13,10.0,Trump 1.0
Detroit,2017-05-05,10,11.0,Trump 1.0
Detroit,2017-05-08,13,12.0,Trump 1.0
Detroit,2017-05-09,19,14.0,Trump 1.0
Detroit,2017-05-10,16,14.0,Trump 1.0
Detroit,2017-05-11,12,14.0,Trump 1.0
Detroit,2017-05-12,9,13.0,Trump 1.0
Detroit,2017-05-15,12,13.0,Trump 1.0
Detroit,2017-05-16,16,14.0,Trump 1.0
Detroit,2017-05-17,11,14.0,Trump 1.0
Detroit,2017-05-18,16,13.0,Trump 1.0
Detroit,2017-05-19,11,12.0,Trump 1.0
Detroit,2017-05-20,1,11.0,Trump 1.0
Detroit,2017-05-21,7,11.0,Trump 1.0
Detroit,2017-05-22,19,12.0,Trump 1.0
Detroit,2017-05-23,16,12.0,Trump 1.0
Detroit,2017-05-24,16,12.0,Trump 1.0
Detroit,2017-05-25,11,12.0,Trump 1.0
Detroit,2017-05-26,10,11.0,Trump 1.0
Detroit,2017-05-28,2,12.0,Trump 1.0
Detroit,2017-05-29,4,11.0,Trump 1.0
Detroit,2017-05-30,14,10.0,Trump 1.0
Detroit,2017-05-31,13,10.0,Trump 1.0
Detroit,2017-06-01,14,10.0,Trump 1.0
Detroit,2017-06-02,11,10.0,Trump 1.0
Detroit,2017-06-03,1,8.0,Trump 1.0
Detroit,2017-06-05,12,10.0,Trump 1.0
Detroit,2017-06-06,21,12.0,Trump 1.0
Detroit,2017-06-07,7,11.0,Trump 1.0
Detroit,2017-06-08,14,11.0,Trump 1.0
Detroit,2017-06-09,14,11.0,Trump 1.0
Detroit,2017-06-11,100,24.0,Trump 1.0
Detroit,2017-06-12,17,26.0,Trump 1.0
Detroit,2017-06-13,21,28.0,Trump 1.0
Detroit,2017-06-14,19,27.0,Trump 1.0
Detroit,2017-06-15,18,29.0,Trump 1.0
Detroit,2017-06-16,9,28.0,Trump 1.0
Detroit,2017-06-19,14,28.0,Trump 1.0
Detroit,2017-06-20,14,16.0,Trump 1.0
Detroit,2017-06-21,8,15.0,Trump 1.0
Detroit,2017-06-22,16,14.0,Trump 1.0
Detroit,2017-06-23,15,13.0,Trump 1.0
Detroit,2017-06-25,2,11.0,Trump 1.0
Detroit,2017-06-26,15,12.0,Trump 1.0
Detroit,2017-06-27,17,12.0,Trump 1.0
Detroit,2017-06-28,19,13.0,Trump 1.0
Detroit,2017-06-29,14,14.0,Trump 1.0
Detroit,2017-06-30,6,13.0,Trump 1.0
Detroit,2017-07-01,1,11.0,Trump 1.0
Detroit,2017-07-03,4,11.0,Trump 1.0
Detroit,2017-07-04,1,9.0,Trump 1.0
Detroit,2017-07-05,10,8.0,Trump 1.0
Detroit,2017-07-06,13,7.0,Trump 1.0
Detroit,2017-07-07,11,7.0,Trump 1.0
Detroit,2017-07-09,2,6.0,Trump 1.0
Detroit,2017-07-10,12,8.0,Trump 1.0
Detroit,2017-07-11,22,10.0,Trump 1.0
Detroit,2017-07-12,21,13.0,Trump 1.0
Detroit,2017-07-13,22,15.0,Trump 1.0
Detroit,2017-07-14,10,14.0,Trump 1.0
Detroit,2017-07-17,13,15.0,Trump 1.0
Detroit,2017-07-18,17,17.0,Trump 1.0
Detroit,2017-07-19,10,16.0,Trump 1.0
Detroit,2017-07-20,12,15.0,Trump 1.0
Detroit,2017-07-21,6,13.0,Trump 1.0
Detroit,2017-07-23,6,11.0,Trump 1.0
Detroit,2017-07-24,18,12.0,Trump 1.0
Detroit,2017-07-25,20,13.0,Trump 1.0
Detroit,2017-07-26,11,12.0,Trump 1.0
Detroit,2017-07-27,14,12.0,Trump 1.0
Detroit,2017-07-28,12,12.0,Trump 1.0
Detroit,2017-07-29,1,12.0,Trump 1.0
Detroit,2017-07-30,12,13.0,Trump 1.0
Detroit,2017-07-31,18,13.0,Trump 1.0
Detroit,2017-08-01,22,13.0,Trump 1.0
Detroit,2017-08-02,11,13.0,Trump 1.0
Detroit,2017-08-03,7,12.0,Trump 1.0
Detroit,2017-08-04,12,12.0,Trump 1.0
Detroit,2017-08-05,1,12.0,Trump 1.0
Detroit,2017-08-07,9,11.0,Trump 1.0
Detroit,2017-08-08,15,11.0,Trump 1.0
Detroit,2017-08-09,10,9.0,Trump 1.0
Detroit,2017-08-10,12,9.0,Trump 1.0
Detroit,2017-08-11,8,10.0,Trump 1.0
Detroit,2017-08-13,1,8.0,Trump 1.0
Detroit,2017-08-14,12,10.0,Trump 1.0
Detroit,2017-08-15,35,13.0,Trump 1.0
Detroit,2017-08-16,14,13.0,Trump 1.0
Detroit,2017-08-17,19,14.0,Trump 1.0
Detroit,2017-08-18,16,15.0,Trump 1.0
Detroit,2017-08-19,1,14.0,Trump 1.0
Detroit,2017-08-20,1,14.0,Trump 1.0
Detroit,2017-08-21,11,14.0,Trump 1.0
Detroit,2017-08-22,17,11.0,Trump 1.0
Detroit,2017-08-23,18,12.0,Trump 1.0
Detroit,2017-08-24,11,11.0,Trump 1.0
Detroit,2017-08-25,10,10.0,Trump 1.0
Detroit,2017-08-26,1,10.0,Trump 1.0
Detroit,2017-08-28,21,13.0,Trump 1.0
Detroit,2017-08-29,16,13.0,Trump 1.0
Detroit,2017-08-30,11,13.0,Trump 1.0
Detroit,2017-08-31,9,11.0,Trump 1.0
Detroit,2017-09-01,7,11.0,Trump 1.0
Detroit,2017-09-02,1,9.0,Trump 1.0
Detroit,2017-09-04,3,10.0,Trump 1.0
Detroit,2017-09-05,12,8.0,Trump 1.0
Detroit,2017-09-06,7,7.0,Trump 1.0
Detroit,2017-09-07,9,7.0,Trump 1.0
Detroit,2017-09-08,8,7.0,Trump 1.0
Detroit,2017-09-11,8,7.0,Trump 1.0
Detroit,2017-09-12,20,10.0,Trump 1.0
Detroit,2017-09-13,10,11.0,Trump 1.0
Detroit,2017-09-14,31,13.0,Trump 1.0
Detroit,2017-09-15,13,14.0,Trump 1.0
Detroit,2017-09-16,1,13.0,Trump 1.0
Detroit,2017-09-17,10,13.0,Trump 1.0
Detroit,2017-09-18,22,15.0,Trump 1.0
Detroit,2017-09-19,27,16.0,Trump 1.0
Detroit,2017-09-20,25,18.0,Trump 1.0
Detroit,2017-09-21,9,15.0,Trump 1.0
Detroit,2017-09-22,16,16.0,Trump 1.0
Detroit,2017-09-24,2,16.0,Trump 1.0
Detroit,2017-09-25,19,17.0,Trump 1.0
Detroit,2017-09-26,21,17.0,Trump 1.0
Detroit,2017-09-27,20,16.0,Trump 1.0
Detroit,2017-09-28,11,14.0,Trump 1.0
Detroit,2017-09-29,13,15.0,Trump 1.0
Detroit,2017-10-01,1,12.0,Trump 1.0
Detroit,2017-10-02,11,14.0,Trump 1.0
Detroit,2017-10-03,10,12.0,Trump 1.0
Detroit,2017-10-04,12,11.0,Trump 1.0
Detroit,2017-10-05,21,11.0,Trump 1.0
Detroit,2017-10-06,12,11.0,Trump 1.0
Detroit,2017-10-09,2,10.0,Trump 1.0
Detroit,2017-10-10,19,12.0,Trump 1.0
Detroit,2017-10-11,13,13.0,Trump 1.0
Detroit,2017-10-12,15,13.0,Trump 1.0
Detroit,2017-10-13,7,13.0,Trump 1.0
Detroit,2017-10-16,12,11.0,Trump 1.0
Detroit,2017-10-17,14,12.0,Trump 1.0
Detroit,2017-10-18,12,13.0,Trump 1.0
Detroit,2017-10-19,6,11.0,Trump 1.0
Detroit,2017-10-20,10,11.0,Trump 1.0
Detroit,2017-10-21,2,9.0,Trump 1.0
Detroit,2017-10-22,1,8.0,Trump 1.0
Detroit,2017-10-23,7,7.0,Trump 1.0
Detroit,2017-10-24,18,8.0,Trump 1.0
Detroit,2017-10-25,13,8.0,Trump 1.0
Detroit,2017-10-26,11,9.0,Trump 1.0
Detroit,2017-10-27,6,8.0,Trump 1.0
Detroit,2017-10-29,1,8.0,Trump 1.0
Detroit,2017-10-30,5,9.0,Trump 1.0
Detroit,2017-10-31,10,9.0,Trump 1.0
Detroit,2017-11-01,7,8.0,Trump 1.0
Detroit,2017-11-02,16,8.0,Trump 1.0
Detroit,2017-11-03,16,9.0,Trump 1.0
Detroit,2017-11-04,2,8.0,Trump 1.0
Detroit,2017-11-05,1,8.0,Trump 1.0
Detroit,2017-11-06,14,9.0,Trump 1.0
Detroit,2017-11-07,18,11.0,Trump 1.0
Detroit,2017-11-08,23,13.0,Trump 1.0
Detroit,2017-11-09,8,12.0,Trump 1.0
Detroit,2017-11-10,2,10.0,Trump 1.0
Detroit,2017-11-13,10,11.0,Trump 1.0
Detroit,2017-11-14,11,12.0,Trump 1.0
Detroit,2017-11-15,22,13.0,Trump 1.0
Detroit,2017-11-16,4,11.0,Trump 1.0
Detroit,2017-11-17,8,9.0,Trump 1.0
Detroit,2017-11-20,16,10.0,Trump 1.0
Detroit,2017-11-21,16,12.0,Trump 1.0
Detroit,2017-11-22,13,13.0,Trump 1.0
Detroit,2017-11-23,1,11.0,Trump 1.0
Detroit,2017-11-24,6,9.0,Trump 1.0
Detroit,2017-11-26,1,9.0,Trump 1.0
Detroit,2017-11-27,8,9.0,Trump 1.0
Detroit,2017-11-28,8,8.0,Trump 1.0
Detroit,2017-11-29,17,8.0,Trump 1.0
Detroit,2017-11-30,15,8.0,Trump 1.0
Detroit,2017-12-01,4,8.0,Trump 1.0
Detroit,2017-12-02,2,8.0,Trump 1.0
Detroit,2017-12-03,8,9.0,Trump 1.0
Detroit,2017-12-04,21,11.0,Trump 1.0
Detroit,2017-12-05,24,13.0,Trump 1.0
Detroit,2017-12-06,18,13.0,Trump 1.0
Detroit,2017-12-07,10,12.0,Trump 1.0
Detroit,2017-12-08,6,13.0,Trump 1.0
Detroit,2017-12-10,1,13.0,Trump 1.0
Detroit,2017-12-11,12,13.0,Trump 1.0
Detroit,2017-12-12,24,14.0,Trump 1.0
Detroit,2017-12-13,15,12.0,Trump 1.0
Detroit,2017-12-14,13,12.0,Trump 1.0
Detroit,2017-12-15,14,12.0,Trump 1.0
Detroit,2017-12-16,1,11.0,Trump 1.0
Detroit,2017-12-17,3,12.0,Trump 1.0
Detroit,2017-12-18,12,12.0,Trump 1.0
Detroit,2017-12-19,10,10.0,Trump 1.0
Detroit,2017-12-20,13,9.0,Trump 1.0
Detroit,2017-12-21,12,9.0,Trump 1.0
Detroit,2017-12-22,7,8.0,Trump 1.0
Detroit,2017-12-24,2,8.0,Trump 1.0
Detroit,2017-12-26,5,9.0,Trump 1.0
Detroit,2017-12-27,6,8.0,Trump 1.0
Detroit,2017-12-28,13,8.0,Trump 1.0
Detroit,2017-12-29,5,7.0,Trump 1.0
Detroit,2018-01-02,7,6.0,Trump 1.0
Detroit,2018-01-03,13,7.0,Trump 1.0
Detroit,2018-01-04,20,10.0,Trump 1.0
Detroit,2018-01-05,11,11.0,Trump 1.0
Detroit,2018-01-08,6,11.0,Trump 1.0
Detroit,2018-01-09,17,11.0,Trump 1.0
Detroit,2018-01-10,20,13.0,Trump 1.0
Detroit,2018-01-11,14,14.0,Trump 1.0
Detroit,2018-01-12,2,13.0,Trump 1.0
Detroit,2018-01-13,2,10.0,Trump 1.0
Detroit,2018-01-14,2,9.0,Trump 1.0
Detroit,2018-01-15,1,8.0,Trump 1.0
Detroit,2018-01-16,16,8.0,Trump 1.0
Detroit,2018-01-17,26,9.0,Trump 1.0
Detroit,2018-01-18,11,9.0,Trump 1.0
Detroit,2018-01-19,10,10.0,Trump 1.0
Detroit,2018-01-20,1,10.0,Trump 1.0
Detroit,2018-01-22,14,11.0,Trump 1.0
Detroit,2018-01-23,26,15.0,Trump 1.0
Detroit,2018-01-24,22,16.0,Trump 1.0
Detroit,2018-01-25,14,14.0,Trump 1.0
Detroit,2018-01-26,24,16.0,Trump 1.0
Detroit,2018-01-27,1,15.0,Trump 1.0
Detroit,2018-01-29,12,16.0,Trump 1.0
Detroit,2018-01-30,14,16.0,Trump 1.0
Detroit,2018-01-31,13,14.0,Trump 1.0
Detroit,2018-02-01,19,14.0,Trump 1.0
Detroit,2018-02-02,16,14.0,Trump 1.0
Detroit,2018-02-05,13,13.0,Trump 1.0
Detroit,2018-02-06,17,15.0,Trump 1.0
Detroit,2018-02-07,12,15.0,Trump 1.0
Detroit,2018-02-08,8,14.0,Trump 1.0
Detroit,2018-02-09,12,14.0,Trump 1.0
Detroit,2018-02-10,1,11.0,Trump 1.0
Detroit,2018-02-11,3,9.0,Trump 1.0
Detroit,2018-02-12,13,9.0,Trump 1.0
Detroit,2018-02-13,15,9.0,Trump 1.0
Detroit,2018-02-14,24,11.0,Trump 1.0
Detroit,2018-02-15,9,11.0,Trump 1.0
Detroit,2018-02-16,11,11.0,Trump 1.0
Detroit,2018-02-18,1,11.0,Trump 1.0
Detroit,2018-02-20,13,12.0,Trump 1.0
Detroit,2018-02-21,12,12.0,Trump 1.0
Detroit,2018-02-22,15,12.0,Trump 1.0
Detroit,2018-02-23,14,11.0,Trump 1.0
Detroit,2018-02-25,5,10.0,Trump 1.0
Detroit,2018-02-26,19,11.0,Trump 1.0
Detroit,2018-02-27,20,14.0,Trump 1.0
Detroit,2018-02-28,8,13.0,Trump 1.0
Detroit,2018-03-01,13,13.0,Trump 1.0
Detroit,2018-03-02,8,12.0,Trump 1.0
Detroit,2018-03-03,1,11.0,Trump 1.0
Detroit,2018-03-04,2,10.0,Trump 1.0
Detroit,2018-03-05,17,10.0,Trump 1.0
Detroit,2018-03-06,7,8.0,Trump 1.0
Detroit,2018-03-07,17,9.0,Trump 1.0
Detroit,2018-03-09,7,8.0,Trump 1.0
Detroit,2018-03-12,10,9.0,Trump 1.0
Detroit,2018-03-13,19,11.0,Trump 1.0
Detroit,2018-03-14,12,13.0,Trump 1.0
Detroit,2018-03-15,23,14.0,Trump 1.0
Detroit,2018-03-16,12,14.0,Trump 1.0
Detroit,2018-03-19,14,14.0,Trump 1.0
Detroit,2018-03-20,22,16.0,Trump 1.0
Detroit,2018-03-21,11,16.0,Trump 1.0
Detroit,2018-03-22,14,15.0,Trump 1.0
Detroit,2018-03-23,6,15.0,Trump 1.0
Detroit,2018-03-25,10,13.0,Trump 1.0
Detroit,2018-03-26,8,12.0,Trump 1.0
Detroit,2018-03-27,7,11.0,Trump 1.0
Detroit,2018-03-28,7,9.0,Trump 1.0
Detroit,2018-03-29,13,9.0,Trump 1.0
Detroit,2018-03-30,8,8.0,Trump 1.0
Detroit,2018-04-01,1,8.0,Trump 1.0
Detroit,2018-04-02,6,7.0,Trump 1.0
Detroit,2018-04-03,6,7.0,Trump 1.0
Detroit,2018-04-04,12,8.0,Trump 1.0
Detroit,2018-04-05,13,8.0,Trump 1.0
Detroit,2018-04-06,4,7.0,Trump 1.0
Detroit,2018-04-08,1,6.0,Trump 1.0
Detroit,2018-04-09,9,7.0,Trump 1.0
Detroit,2018-04-10,15,9.0,Trump 1.0
Detroit,2018-04-11,8,9.0,Trump 1.0
Detroit,2018-04-12,12,9.0,Trump 1.0
Detroit,2018-04-13,17,9.0,Trump 1.0
Detroit,2018-04-16,16,11.0,Trump 1.0
Detroit,2018-04-17,12,13.0,Trump 1.0
Detroit,2018-04-18,16,14.0,Trump 1.0
Detroit,2018-04-19,11,13.0,Trump 1.0
Detroit,2018-04-20,12,14.0,Trump 1.0
Detroit,2018-04-21,1,12.0,Trump 1.0
Detroit,2018-04-23,6,11.0,Trump 1.0
Detroit,2018-04-24,24,12.0,Trump 1.0
Detroit,2018-04-25,20,13.0,Trump 1.0
Detroit,2018-04-26,11,12.0,Trump 1.0
Detroit,2018-04-27,5,11.0,Trump 1.0
Detroit,2018-04-30,9,11.0,Trump 1.0
Detroit,2018-05-01,23,14.0,Trump 1.0
Detroit,2018-05-02,25,17.0,Trump 1.0
Detroit,2018-05-03,16,16.0,Trump 1.0
Detroit,2018-05-04,16,15.0,Trump 1.0
Detroit,2018-05-05,1,14.0,Trump 1.0
Detroit,2018-05-07,13,15.0,Trump 1.0
Detroit,2018-05-08,11,15.0,Trump 1.0
Detroit,2018-05-09,13,14.0,Trump 1.0
Detroit,2018-05-10,20,13.0,Trump 1.0
Detroit,2018-05-11,4,11.0,Trump 1.0
Detroit,2018-05-14,11,10.0,Trump 1.0
Detroit,2018-05-15,25,14.0,Trump 1.0
Detroit,2018-05-16,13,14.0,Trump 1.0
Detroit,2018-05-17,14,14.0,Trump 1.0
Detroit,2018-05-18,7,13.0,Trump 1.0
Detroit,2018-05-20,2,11.0,Trump 1.0
Detroit,2018-05-21,10,12.0,Trump 1.0
Detroit,2018-05-22,13,12.0,Trump 1.0
Detroit,2018-05-23,17,11.0,Trump 1.0
Detroit,2018-05-24,16,11.0,Trump 1.0
Detroit,2018-05-25,7,10.0,Trump 1.0
Detroit,2018-05-28,2,10.0,Trump 1.0
Detroit,2018-05-29,17,12.0,Trump 1.0
Detroit,2018-05-30,18,13.0,Trump 1.0
Detroit,2018-05-31,20,14.0,Trump 1.0
Detroit,2018-06-01,6,12.0,Trump 1.0
Detroit,2018-06-04,7,11.0,Trump 1.0
Detroit,2018-06-05,13,12.0,Trump 1.0
Detroit,2018-06-06,16,14.0,Trump 1.0
Detroit,2018-06-07,17,14.0,Trump 1.0
Detroit,2018-06-08,7,12.0,Trump 1.0
Detroit,2018-06-09,1,10.0,Trump 1.0
Detroit,2018-06-10,1,9.0,Trump 1.0
Detroit,2018-06-11,19,11.0,Trump 1.0
Detroit,2018-06-12,18,11.0,Trump 1.0
Detroit,2018-06-13,17,11.0,Trump 1.0
Detroit,2018-06-14,15,11.0,Trump 1.0
Detroit,2018-06-15,6,11.0,Trump 1.0
Detroit,2018-06-18,9,12.0,Trump 1.0
Detroit,2018-06-19,10,13.0,Trump 1.0
Detroit,2018-06-20,5,11.0,Trump 1.0
Detroit,2018-06-21,9,10.0,Trump 1.0
Detroit,2018-06-22,9,9.0,Trump 1.0
Detroit,2018-06-23,1,7.0,Trump 1.0
Detroit,2018-06-24,1,6.0,Trump 1.0
Detroit,2018-06-25,15,7.0,Trump 1.0
Detroit,2018-06-26,8,7.0,Trump 1.0
Detroit,2018-06-27,17,9.0,Trump 1.0
Detroit,2018-06-28,14,9.0,Trump 1.0
Detroit,2018-06-29,4,9.0,Trump 1.0
Detroit,2018-06-30,3,9.0,Trump 1.0
Detroit,2018-07-02,6,10.0,Trump 1.0
Detroit,2018-07-03,13,9.0,Trump 1.0
Detroit,2018-07-04,2,8.0,Trump 1.0
Detroit,2018-07-05,17,8.0,Trump 1.0
Detroit,2018-07-06,14,8.0,Trump 1.0
Detroit,2018-07-09,14,10.0,Trump 1.0
Detroit,2018-07-10,8,11.0,Trump 1.0
Detroit,2018-07-11,15,12.0,Trump 1.0
Detroit,2018-07-12,27,14.0,Trump 1.0
Detroit,2018-07-13,10,15.0,Trump 1.0
Detroit,2018-07-14,1,13.0,Trump 1.0
Detroit,2018-07-16,21,14.0,Trump 1.0
Detroit,2018-07-17,21,15.0,Trump 1.0
Detroit,2018-07-18,21,17.0,Trump 1.0
Detroit,2018-07-19,32,19.0,Trump 1.0
Detroit,2018-07-20,8,16.0,Trump 1.0
Detroit,2018-07-21,2,15.0,Trump 1.0
Detroit,2018-07-22,1,15.0,Trump 1.0
Detroit,2018-07-23,12,14.0,Trump 1.0
Detroit,2018-07-24,14,13.0,Trump 1.0
Detroit,2018-07-25,11,11.0,Trump 1.0
Detroit,2018-07-26,16,9.0,Trump 1.0
Detroit,2018-07-27,10,9.0,Trump 1.0
Detroit,2018-07-30,9,10.0,Trump 1.0
Detroit,2018-07-31,17,13.0,Trump 1.0
Detroit,2018-08-01,8,12.0,Trump 1.0
Detroit,2018-08-02,19,13.0,Trump 1.0
Detroit,2018-08-03,15,13.0,Trump 1.0
Detroit,2018-08-06,11,13.0,Trump 1.0
Detroit,2018-08-07,13,13.0,Trump 1.0
Detroit,2018-08-08,18,14.0,Trump 1.0
Detroit,2018-08-09,15,14.0,Trump 1.0
Detroit,2018-08-10,14,15.0,Trump 1.0
Detroit,2018-08-11,1,12.0,Trump 1.0
Detroit,2018-08-12,1,10.0,Trump 1.0
Detroit,2018-08-13,12,11.0,Trump 1.0
Detroit,2018-08-14,14,11.0,Trump 1.0
Detroit,2018-08-15,14,10.0,Trump 1.0
Detroit,2018-08-16,10,9.0,Trump 1.0
Detroit,2018-08-17,12,9.0,Trump 1.0
Detroit,2018-08-18,5,10.0,Trump 1.0
Detroit,2018-08-20,15,12.0,Trump 1.0
Detroit,2018-08-21,12,12.0,Trump 1.0
Detroit,2018-08-22,10,11.0,Trump 1.0
Detroit,2018-08-23,14,11.0,Trump 1.0
Detroit,2018-08-24,7,11.0,Trump 1.0
Detroit,2018-08-25,1,9.0,Trump 1.0
Detroit,2018-08-26,5,9.0,Trump 1.0
Detroit,2018-08-27,7,8.0,Trump 1.0
Detroit,2018-08-28,19,9.0,Trump 1.0
Detroit,2018-08-29,17,10.0,Trump 1.0
Detroit,2018-08-30,20,11.0,Trump 1.0
Detroit,2018-08-31,11,11.0,Trump 1.0
Detroit,2018-09-03,1,11.0,Trump 1.0
Detroit,2018-09-04,6,12.0,Trump 1.0
Detroit,2018-09-05,9,12.0,Trump 1.0
Detroit,2018-09-06,23,12.0,Trump 1.0
Detroit,2018-09-07,9,11.0,Trump 1.0
Detroit,2018-09-08,1,9.0,Trump 1.0
Detroit,2018-09-09,2,7.0,Trump 1.0
Detroit,2018-09-10,15,9.0,Trump 1.0
Detroit,2018-09-11,13,10.0,Trump 1.0
Detroit,2018-09-12,10,10.0,Trump 1.0
Detroit,2018-09-13,3,8.0,Trump 1.0
Detroit,2018-09-14,13,8.0,Trump 1.0
Detroit,2018-09-15,2,8.0,Trump 1.0
Detroit,2018-09-16,4,9.0,Trump 1.0
Detroit,2018-09-17,34,11.0,Trump 1.0
Detroit,2018-09-18,33,14.0,Trump 1.0
Detroit,2018-09-19,23,16.0,Trump 1.0
Detroit,2018-09-20,21,19.0,Trump 1.0
Detroit,2018-09-21,11,18.0,Trump 1.0
Detroit,2018-09-24,19,21.0,Trump 1.0
Detroit,2018-09-25,20,23.0,Trump 1.0
Detroit,2018-09-26,11,20.0,Trump 1.0
Detroit,2018-09-27,10,16.0,Trump 1.0
Detroit,2018-09-28,16,15.0,Trump 1.0
El Paso,2015-10-01,6,13.0,Trump 1.0
El Paso,2015-10-02,3,12.0,Trump 1.0
El Paso,2015-10-03,3,10.0,Trump 1.0
El Paso,2015-10-05,7,8.0,Trump 1.0
El Paso,2015-10-06,3,7.0,Trump 1.0
El Paso,2015-10-07,8,7.0,Trump 1.0
El Paso,2015-10-08,8,5.0,Trump 1.0
El Paso,2015-10-09,3,5.0,Trump 1.0
El Paso,2015-10-10,1,5.0,Trump 1.0
El Paso,2015-10-12,10,6.0,Trump 1.0
El Paso,2015-10-13,9,6.0,Trump 1.0
El Paso,2015-10-14,8,7.0,Trump 1.0
El Paso,2015-10-15,14,8.0,Trump 1.0
El Paso,2015-10-16,4,7.0,Trump 1.0
El Paso,2015-10-17,1,7.0,Trump 1.0
El Paso,2015-10-18,2,7.0,Trump 1.0
El Paso,2015-10-19,10,7.0,Trump 1.0
El Paso,2015-10-20,10,7.0,Trump 1.0
El Paso,2015-10-21,4,6.0,Trump 1.0
El Paso,2015-10-22,11,6.0,Trump 1.0
El Paso,2015-10-23,10,7.0,Trump 1.0
El Paso,2015-10-24,11,8.0,Trump 1.0
El Paso,2015-10-25,4,9.0,Trump 1.0
El Paso,2015-10-26,6,8.0,Trump 1.0
El Paso,2015-10-27,14,9.0,Trump 1.0
El Paso,2015-10-28,8,9.0,Trump 1.0
El Paso,2015-10-29,3,8.0,Trump 1.0
El Paso,2015-10-30,8,8.0,Trump 1.0
El Paso,2015-10-31,1,6.0,Trump 1.0
El Paso,2015-11-01,3,6.0,Trump 1.0
El Paso,2015-11-02,7,6.0,Trump 1.0
El Paso,2015-11-03,16,7.0,Trump 1.0
El Paso,2015-11-04,8,7.0,Trump 1.0
El Paso,2015-11-05,7,7.0,Trump 1.0
El Paso,2015-11-06,5,7.0,Trump 1.0
El Paso,2015-11-07,1,7.0,Trump 1.0
El Paso,2015-11-08,3,7.0,Trump 1.0
El Paso,2015-11-09,5,6.0,Trump 1.0
El Paso,2015-11-10,3,5.0,Trump 1.0
El Paso,2015-11-11,4,4.0,Trump 1.0
El Paso,2015-11-12,8,4.0,Trump 1.0
El Paso,2015-11-13,1,4.0,Trump 1.0
El Paso,2015-11-14,2,4.0,Trump 1.0
El Paso,2015-11-16,7,4.0,Trump 1.0
El Paso,2015-11-17,6,4.0,Trump 1.0
El Paso,2015-11-18,5,5.0,Trump 1.0
El Paso,2015-11-19,4,5.0,Trump 1.0
El Paso,2015-11-20,7,5.0,Trump 1.0
El Paso,2015-11-22,1,5.0,Trump 1.0
El Paso,2015-11-23,8,5.0,Trump 1.0
El Paso,2015-11-24,5,5.0,Trump 1.0
El Paso,2015-11-27,3,5.0,Trump 1.0
El Paso,2015-11-28,1,4.0,Trump 1.0
El Paso,2015-11-29,2,4.0,Trump 1.0
El Paso,2015-11-30,5,4.0,Trump 1.0
El Paso,2015-12-01,5,4.0,Trump 1.0
El Paso,2015-12-02,3,3.0,Trump 1.0
El Paso,2015-12-03,9,4.0,Trump 1.0
El Paso,2015-12-04,5,4.0,Trump 1.0
El Paso,2015-12-06,1,4.0,Trump 1.0
El Paso,2015-12-07,4,5.0,Trump 1.0
El Paso,2015-12-08,3,4.0,Trump 1.0
El Paso,2015-12-09,6,4.0,Trump 1.0
El Paso,2015-12-10,9,5.0,Trump 1.0
El Paso,2015-12-11,5,5.0,Trump 1.0
El Paso,2015-12-13,2,4.0,Trump 1.0
El Paso,2015-12-14,7,5.0,Trump 1.0
El Paso,2015-12-15,3,5.0,Trump 1.0
El Paso,2015-12-16,3,5.0,Trump 1.0
El Paso,2015-12-17,3,5.0,Trump 1.0
El Paso,2015-12-18,1,3.0,Trump 1.0
El Paso,2015-12-21,10,4.0,Trump 1.0
El Paso,2015-12-22,5,5.0,Trump 1.0
El Paso,2015-12-23,7,5.0,Trump 1.0
El Paso,2015-12-25,1,4.0,Trump 1.0
El Paso,2015-12-26,1,4.0,Trump 1.0
El Paso,2015-12-27,1,4.0,Trump 1.0
El Paso,2015-12-29,4,4.0,Trump 1.0
El Paso,2015-12-30,4,3.0,Trump 1.0
El Paso,2015-12-31,4,3.0,Trump 1.0
El Paso,2016-01-04,7,3.0,Trump 1.0
El Paso,2016-01-05,6,4.0,Trump 1.0
El Paso,2016-01-06,2,4.0,Trump 1.0
El Paso,2016-01-07,8,5.0,Trump 1.0
El Paso,2016-01-08,4,5.0,Trump 1.0
El Paso,2016-01-09,1,5.0,Trump 1.0
El Paso,2016-01-10,2,4.0,Trump 1.0
El Paso,2016-01-11,6,4.0,Trump 1.0
El Paso,2016-01-12,6,4.0,Trump 1.0
El Paso,2016-01-13,3,4.0,Trump 1.0
El Paso,2016-01-14,3,4.0,Trump 1.0
El Paso,2016-01-15,5,4.0,Trump 1.0
El Paso,2016-01-16,3,4.0,Trump 1.0
El Paso,2016-01-18,7,5.0,Trump 1.0
El Paso,2016-01-19,7,5.0,Trump 1.0
El Paso,2016-01-20,4,5.0,Trump 1.0
El Paso,2016-01-21,9,5.0,Trump 1.0
El Paso,2016-01-22,6,6.0,Trump 1.0
El Paso,2016-01-23,9,6.0,Trump 1.0
El Paso,2016-01-24,4,7.0,Trump 1.0
El Paso,2016-01-25,4,6.0,Trump 1.0
El Paso,2016-01-26,4,6.0,Trump 1.0
El Paso,2016-01-27,7,6.0,Trump 1.0
El Paso,2016-01-28,4,5.0,Trump 1.0
El Paso,2016-01-29,4,5.0,Trump 1.0
El Paso,2016-01-30,2,4.0,Trump 1.0
El Paso,2016-01-31,1,4.0,Trump 1.0
El Paso,2016-02-01,3,4.0,Trump 1.0
El Paso,2016-02-02,6,4.0,Trump 1.0
El Paso,2016-02-03,10,4.0,Trump 1.0
El Paso,2016-02-04,4,4.0,Trump 1.0
El Paso,2016-02-05,10,5.0,Trump 1.0
El Paso,2016-02-06,1,5.0,Trump 1.0
El Paso,2016-02-07,1,5.0,Trump 1.0
El Paso,2016-02-08,3,5.0,Trump 1.0
El Paso,2016-02-09,6,5.0,Trump 1.0
El Paso,2016-02-10,6,4.0,Trump 1.0
El Paso,2016-02-11,5,5.0,Trump 1.0
El Paso,2016-02-12,5,4.0,Trump 1.0
El Paso,2016-02-14,1,4.0,Trump 1.0
El Paso,2016-02-15,3,4.0,Trump 1.0
El Paso,2016-02-16,5,4.0,Trump 1.0
El Paso,2016-02-17,4,4.0,Trump 1.0
El Paso,2016-02-18,7,4.0,Trump 1.0
El Paso,2016-02-19,6,4.0,Trump 1.0
El Paso,2016-02-20,3,4.0,Trump 1.0
El Paso,2016-02-22,6,5.0,Trump 1.0
El Paso,2016-02-23,10,6.0,Trump 1.0
El Paso,2016-02-24,9,6.0,Trump 1.0
El Paso,2016-02-25,10,7.0,Trump 1.0
El Paso,2016-02-26,4,7.0,Trump 1.0
El Paso,2016-02-27,2,6.0,Trump 1.0
El Paso,2016-02-28,1,6.0,Trump 1.0
El Paso,2016-02-29,3,6.0,Trump 1.0
El Paso,2016-03-01,10,6.0,Trump 1.0
El Paso,2016-03-02,5,5.0,Trump 1.0
El Paso,2016-03-03,7,5.0,Trump 1.0
El Paso,2016-03-04,8,5.0,Trump 1.0
El Paso,2016-03-05,2,5.0,Trump 1.0
El Paso,2016-03-07,4,6.0,Trump 1.0
El Paso,2016-03-08,11,7.0,Trump 1.0
El Paso,2016-03-09,3,6.0,Trump 1.0
El Paso,2016-03-10,5,6.0,Trump 1.0
El Paso,2016-03-11,2,5.0,Trump 1.0
El Paso,2016-03-13,3,4.0,Trump 1.0
El Paso,2016-03-14,8,5.0,Trump 1.0
El Paso,2016-03-15,9,6.0,Trump 1.0
El Paso,2016-03-16,6,5.0,Trump 1.0
El Paso,2016-03-17,2,5.0,Trump 1.0
El Paso,2016-03-18,5,5.0,Trump 1.0
El Paso,2016-03-19,2,5.0,Trump 1.0
El Paso,2016-03-20,3,5.0,Trump 1.0
El Paso,2016-03-21,9,5.0,Trump 1.0
El Paso,2016-03-22,3,4.0,Trump 1.0
El Paso,2016-03-23,4,4.0,Trump 1.0
El Paso,2016-03-24,7,5.0,Trump 1.0
El Paso,2016-03-25,8,5.0,Trump 1.0
El Paso,2016-03-26,2,5.0,Trump 1.0
El Paso,2016-03-27,1,5.0,Trump 1.0
El Paso,2016-03-28,2,4.0,Trump 1.0
El Paso,2016-03-29,7,4.0,Trump 1.0
El Paso,2016-03-30,3,4.0,Trump 1.0
El Paso,2016-03-31,9,5.0,Trump 1.0
El Paso,2016-04-01,6,4.0,Trump 1.0
El Paso,2016-04-03,1,4.0,Trump 1.0
El Paso,2016-04-04,4,5.0,Trump 1.0
El Paso,2016-04-05,5,5.0,Trump 1.0
El Paso,2016-04-06,1,4.0,Trump 1.0
El Paso,2016-04-07,3,4.0,Trump 1.0
El Paso,2016-04-08,9,4.0,Trump 1.0
El Paso,2016-04-09,2,4.0,Trump 1.0
El Paso,2016-04-10,1,4.0,Trump 1.0
El Paso,2016-04-11,6,4.0,Trump 1.0
El Paso,2016-04-12,10,5.0,Trump 1.0
El Paso,2016-04-13,9,6.0,Trump 1.0
El Paso,2016-04-14,5,6.0,Trump 1.0
El Paso,2016-04-15,6,6.0,Trump 1.0
El Paso,2016-04-16,1,5.0,Trump 1.0
El Paso,2016-04-18,4,6.0,Trump 1.0
El Paso,2016-04-19,9,6.0,Trump 1.0
El Paso,2016-04-20,7,6.0,Trump 1.0
El Paso,2016-04-21,6,5.0,Trump 1.0
El Paso,2016-04-22,3,5.0,Trump 1.0
El Paso,2016-04-24,1,4.0,Trump 1.0
El Paso,2016-04-25,9,6.0,Trump 1.0
El Paso,2016-04-26,14,7.0,Trump 1.0
El Paso,2016-04-27,6,7.0,Trump 1.0
El Paso,2016-04-28,6,6.0,Trump 1.0
El Paso,2016-04-29,12,7.0,Trump 1.0
El Paso,2016-04-30,2,7.0,Trump 1.0
El Paso,2016-05-02,8,8.0,Trump 1.0
El Paso,2016-05-03,8,8.0,Trump 1.0
El Paso,2016-05-04,9,7.0,Trump 1.0
El Paso,2016-05-05,10,8.0,Trump 1.0
El Paso,2016-05-06,10,8.0,Trump 1.0
El Paso,2016-05-07,1,7.0,Trump 1.0
El Paso,2016-05-08,1,7.0,Trump 1.0
El Paso,2016-05-09,6,6.0,Trump 1.0
El Paso,2016-05-10,5,6.0,Trump 1.0
El Paso,2016-05-11,6,6.0,Trump 1.0
El Paso,2016-05-12,5,5.0,Trump 1.0
El Paso,2016-05-13,4,4.0,Trump 1.0
El Paso,2016-05-14,1,4.0,Trump 1.0
El Paso,2016-05-15,2,4.0,Trump 1.0
El Paso,2016-05-16,7,4.0,Trump 1.0
El Paso,2016-05-17,5,4.0,Trump 1.0
El Paso,2016-05-18,6,4.0,Trump 1.0
El Paso,2016-05-19,2,4.0,Trump 1.0
El Paso,2016-05-20,4,4.0,Trump 1.0
El Paso,2016-05-22,1,4.0,Trump 1.0
El Paso,2016-05-23,20,6.0,Trump 1.0
El Paso,2016-05-24,6,6.0,Trump 1.0
El Paso,2016-05-25,8,7.0,Trump 1.0
El Paso,2016-05-26,13,8.0,Trump 1.0
El Paso,2016-05-27,4,8.0,Trump 1.0
El Paso,2016-05-29,1,8.0,Trump 1.0
El Paso,2016-05-30,8,9.0,Trump 1.0
El Paso,2016-05-31,5,6.0,Trump 1.0
El Paso,2016-06-01,8,7.0,Trump 1.0
El Paso,2016-06-02,7,7.0,Trump 1.0
El Paso,2016-06-03,3,5.0,Trump 1.0
El Paso,2016-06-04,1,5.0,Trump 1.0
El Paso,2016-06-06,6,5.0,Trump 1.0
El Paso,2016-06-07,4,5.0,Trump 1.0
El Paso,2016-06-08,3,5.0,Trump 1.0
El Paso,2016-06-09,2,4.0,Trump 1.0
El Paso,2016-06-10,5,3.0,Trump 1.0
El Paso,2016-06-12,1,3.0,Trump 1.0
El Paso,2016-06-13,8,4.0,Trump 1.0
El Paso,2016-06-14,4,4.0,Trump 1.0
El Paso,2016-06-15,1,3.0,Trump 1.0
El Paso,2016-06-16,3,3.0,Trump 1.0
El Paso,2016-06-17,2,3.0,Trump 1.0
El Paso,2016-06-18,4,3.0,Trump 1.0
El Paso,2016-06-20,6,4.0,Trump 1.0
El Paso,2016-06-21,3,3.0,Trump 1.0
El Paso,2016-06-22,4,3.0,Trump 1.0
El Paso,2016-06-23,1,3.0,Trump 1.0
El Paso,2016-06-24,2,3.0,Trump 1.0
El Paso,2016-06-25,3,3.0,Trump 1.0
El Paso,2016-06-26,2,3.0,Trump 1.0
El Paso,2016-06-27,2,2.0,Trump 1.0
El Paso,2016-06-28,5,3.0,Trump 1.0
El Paso,2016-06-29,5,3.0,Trump 1.0
El Paso,2016-06-30,5,3.0,Trump 1.0
El Paso,2016-07-01,5,4.0,Trump 1.0
El Paso,2016-07-03,1,4.0,Trump 1.0
El Paso,2016-07-04,8,4.0,Trump 1.0
El Paso,2016-07-05,4,5.0,Trump 1.0
El Paso,2016-07-06,2,4.0,Trump 1.0
El Paso,2016-07-07,3,4.0,Trump 1.0
El Paso,2016-07-08,8,4.0,Trump 1.0
El Paso,2016-07-11,2,4.0,Trump 1.0
El Paso,2016-07-12,7,5.0,Trump 1.0
El Paso,2016-07-13,6,5.0,Trump 1.0
El Paso,2016-07-14,5,5.0,Trump 1.0
El Paso,2016-07-15,3,5.0,Trump 1.0
El Paso,2016-07-16,4,5.0,Trump 1.0
El Paso,2016-07-18,4,4.0,Trump 1.0
El Paso,2016-07-19,4,5.0,Trump 1.0
El Paso,2016-07-20,5,4.0,Trump 1.0
El Paso,2016-07-21,6,4.0,Trump 1.0
El Paso,2016-07-22,3,4.0,Trump 1.0
El Paso,2016-07-23,3,4.0,Trump 1.0
El Paso,2016-07-24,2,4.0,Trump 1.0
El Paso,2016-07-25,7,4.0,Trump 1.0
El Paso,2016-07-26,10,5.0,Trump 1.0
El Paso,2016-07-27,3,5.0,Trump 1.0
El Paso,2016-07-28,5,5.0,Trump 1.0
El Paso,2016-07-29,8,5.0,Trump 1.0
El Paso,2016-07-30,4,6.0,Trump 1.0
El Paso,2016-08-01,4,6.0,Trump 1.0
El Paso,2016-08-02,9,6.0,Trump 1.0
El Paso,2016-08-03,7,6.0,Trump 1.0
El Paso,2016-08-04,5,6.0,Trump 1.0
El Paso,2016-08-05,6,6.0,Trump 1.0
El Paso,2016-08-06,4,6.0,Trump 1.0
El Paso,2016-08-08,5,6.0,Trump 1.0
El Paso,2016-08-09,9,6.0,Trump 1.0
El Paso,2016-08-10,8,6.0,Trump 1.0
El Paso,2016-08-11,7,6.0,Trump 1.0
El Paso,2016-08-12,6,6.0,Trump 1.0
El Paso,2016-08-13,1,6.0,Trump 1.0
El Paso,2016-08-15,10,7.0,Trump 1.0
El Paso,2016-08-16,5,7.0,Trump 1.0
El Paso,2016-08-17,11,7.0,Trump 1.0
El Paso,2016-08-18,9,7.0,Trump 1.0
El Paso,2016-08-19,3,6.0,Trump 1.0
El Paso,2016-08-20,1,6.0,Trump 1.0
El Paso,2016-08-21,1,6.0,Trump 1.0
El Paso,2016-08-22,4,5.0,Trump 1.0
El Paso,2016-08-23,3,5.0,Trump 1.0
El Paso,2016-08-24,8,4.0,Trump 1.0
El Paso,2016-08-25,6,4.0,Trump 1.0
El Paso,2016-08-26,7,4.0,Trump 1.0
El Paso,2016-08-27,3,5.0,Trump 1.0
El Paso,2016-08-29,7,5.0,Trump 1.0
El Paso,2016-08-30,11,6.0,Trump 1.0
El Paso,2016-09-01,6,7.0,Trump 1.0
El Paso,2016-09-02,2,6.0,Trump 1.0
El Paso,2016-09-04,3,6.0,Trump 1.0
El Paso,2016-09-05,6,5.0,Trump 1.0
El Paso,2016-09-06,13,7.0,Trump 1.0
El Paso,2016-09-07,11,7.0,Trump 1.0
El Paso,2016-09-08,8,7.0,Trump 1.0
El Paso,2016-09-09,3,7.0,Trump 1.0
El Paso,2016-09-10,1,6.0,Trump 1.0
El Paso,2016-09-11,1,6.0,Trump 1.0
El Paso,2016-09-12,4,6.0,Trump 1.0
El Paso,2016-09-13,1,4.0,Trump 1.0
El Paso,2016-09-14,3,3.0,Trump 1.0
El Paso,2016-09-15,4,2.0,Trump 1.0
El Paso,2016-09-16,1,2.0,Trump 1.0
El Paso,2016-09-17,2,2.0,Trump 1.0
El Paso,2016-09-18,1,2.0,Trump 1.0
El Paso,2016-09-19,11,3.0,Trump 1.0
El Paso,2016-09-20,13,5.0,Trump 1.0
El Paso,2016-09-21,4,5.0,Trump 1.0
El Paso,2016-09-22,7,6.0,Trump 1.0
El Paso,2016-09-23,2,6.0,Trump 1.0
El Paso,2016-09-24,4,6.0,Trump 1.0
El Paso,2016-09-25,2,6.0,Trump 1.0
El Paso,2016-09-26,4,5.0,Trump 1.0
El Paso,2016-09-27,3,4.0,Trump 1.0
El Paso,2016-09-28,2,3.0,Trump 1.0
El Paso,2016-09-29,8,4.0,Trump 1.0
El Paso,2016-09-30,3,4.0,Trump 1.0
El Paso,2016-10-01,3,4.0,Trump 1.0
El Paso,2016-10-02,6,4.0,Trump 1.0
El Paso,2016-10-03,4,4.0,Trump 1.0
El Paso,2016-10-04,12,5.0,Trump 1.0
El Paso,2016-10-05,7,6.0,Trump 1.0
El Paso,2016-10-06,3,5.0,Trump 1.0
El Paso,2016-10-07,2,5.0,Trump 1.0
El Paso,2016-10-08,2,5.0,Trump 1.0
El Paso,2016-10-09,2,5.0,Trump 1.0
El Paso,2016-10-10,5,5.0,Trump 1.0
El Paso,2016-10-11,5,4.0,Trump 1.0
El Paso,2016-10-12,4,3.0,Trump 1.0
El Paso,2016-10-13,5,4.0,Trump 1.0
El Paso,2016-10-14,2,4.0,Trump 1.0
El Paso,2016-10-16,1,3.0,Trump 1.0
El Paso,2016-10-17,14,5.0,Trump 1.0
El Paso,2016-10-18,3,5.0,Trump 1.0
El Paso,2016-10-19,7,5.0,Trump 1.0
El Paso,2016-10-20,9,6.0,Trump 1.0
El Paso,2016-10-21,6,6.0,Trump 1.0
El Paso,2016-10-22,1,6.0,Trump 1.0
El Paso,2016-10-23,1,6.0,Trump 1.0
El Paso,2016-10-24,5,5.0,Trump 1.0
El Paso,2016-10-25,19,7.0,Trump 1.0
El Paso,2016-10-26,4,6.0,Trump 1.0
El Paso,2016-10-27,8,6.0,Trump 1.0
El Paso,2016-10-28,3,6.0,Trump 1.0
El Paso,2016-10-29,3,6.0,Trump 1.0
El Paso,2016-10-31,6,7.0,Trump 1.0
El Paso,2016-11-01,3,7.0,Trump 1.0
El Paso,2016-11-02,7,5.0,Trump 1.0
El Paso,2016-11-03,6,5.0,Trump 1.0
El Paso,2016-11-07,4,5.0,Trump 1.0
El Paso,2016-11-08,4,5.0,Trump 1.0
El Paso,2016-11-09,9,6.0,Trump 1.0
El Paso,2016-11-10,2,5.0,Trump 1.0
El Paso,2016-11-11,10,6.0,Trump 1.0
El Paso,2016-11-12,5,6.0,Trump 1.0
El Paso,2016-11-14,7,6.0,Trump 1.0
El Paso,2016-11-15,4,6.0,Trump 1.0
El Paso,2016-11-16,3,6.0,Trump 1.0
El Paso,2016-11-17,5,5.0,Trump 1.0
El Paso,2016-11-18,8,6.0,Trump 1.0
El Paso,2016-11-19,5,5.0,Trump 1.0
El Paso,2016-11-20,2,5.0,Trump 1.0
El Paso,2016-11-21,10,5.0,Trump 1.0
El Paso,2016-11-22,6,6.0,Trump 1.0
El Paso,2016-11-23,2,5.0,Trump 1.0
El Paso,2016-11-24,1,5.0,Trump 1.0
El Paso,2016-11-27,2,4.0,Trump 1.0
El Paso,2016-11-28,9,5.0,Trump 1.0
El Paso,2016-11-29,3,5.0,Trump 1.0
El Paso,2016-11-30,2,4.0,Trump 1.0
El Paso,2016-12-01,6,4.0,Trump 1.0
El Paso,2016-12-02,4,4.0,Trump 1.0
El Paso,2016-12-03,5,4.0,Trump 1.0
El Paso,2016-12-04,7,5.0,Trump 1.0
El Paso,2016-12-05,10,5.0,Trump 1.0
El Paso,2016-12-06,6,6.0,Trump 1.0
El Paso,2016-12-07,1,6.0,Trump 1.0
El Paso,2016-12-08,8,6.0,Trump 1.0
El Paso,2016-12-09,5,6.0,Trump 1.0
El Paso,2016-12-10,2,6.0,Trump 1.0
El Paso,2016-12-12,9,6.0,Trump 1.0
El Paso,2016-12-13,2,5.0,Trump 1.0
El Paso,2016-12-14,4,4.0,Trump 1.0
El Paso,2016-12-15,5,5.0,Trump 1.0
El Paso,2016-12-16,1,4.0,Trump 1.0
El Paso,2016-12-17,1,3.0,Trump 1.0
El Paso,2016-12-19,5,4.0,Trump 1.0
El Paso,2016-12-20,4,3.0,Trump 1.0
El Paso,2016-12-21,2,3.0,Trump 1.0
El Paso,2016-12-22,4,3.0,Trump 1.0
El Paso,2016-12-23,2,3.0,Trump 1.0
El Paso,2016-12-24,1,3.0,Trump 1.0
El Paso,2016-12-26,4,3.0,Trump 1.0
El Paso,2016-12-27,5,3.0,Trump 1.0
El Paso,2016-12-28,7,4.0,Trump 1.0
El Paso,2016-12-29,7,4.0,Trump 1.0
El Paso,2016-12-30,4,4.0,Trump 1.0
El Paso,2016-12-31,1,4.0,Trump 1.0
El Paso,2017-01-01,1,4.0,Trump 1.0
El Paso,2017-01-02,2,4.0,Trump 1.0
El Paso,2017-01-03,5,4.0,Trump 1.0
El Paso,2017-01-04,1,3.0,Trump 1.0
El Paso,2017-01-05,3,2.0,Trump 1.0
El Paso,2017-01-06,5,3.0,Trump 1.0
El Paso,2017-01-07,1,3.0,Trump 1.0
El Paso,2017-01-08,1,3.0,Trump 1.0
El Paso,2017-01-09,4,3.0,Trump 1.0
El Paso,2017-01-10,3,3.0,Trump 1.0
El Paso,2017-01-11,3,3.0,Trump 1.0
El Paso,2017-01-12,4,3.0,Trump 1.0
El Paso,2017-01-14,1,2.0,Trump 1.0
El Paso,2017-01-15,2,3.0,Trump 1.0
El Paso,2017-01-16,1,3.0,Trump 1.0
El Paso,2017-01-17,6,3.0,Trump 1.0
El Paso,2017-01-18,7,3.0,Trump 1.0
El Paso,2017-01-19,7,4.0,Trump 1.0
El Paso,2017-01-20,2,4.0,Trump 1.0
El Paso,2017-01-21,1,4.0,Trump 1.0
El Paso,2017-01-22,1,4.0,Trump 1.0
El Paso,2017-01-23,8,5.0,Trump 1.0
El Paso,2017-01-24,4,4.0,Trump 1.0
El Paso,2017-01-25,7,4.0,Trump 1.0
El Paso,2017-01-26,6,4.0,Trump 1.0
El Paso,2017-01-27,6,5.0,Trump 1.0
El Paso,2017-01-29,3,5.0,Trump 1.0
El Paso,2017-01-30,8,6.0,Trump 1.0
El Paso,2017-01-31,6,6.0,Trump 1.0
El Paso,2017-02-01,8,6.0,Trump 1.0
El Paso,2017-02-02,6,6.0,Trump 1.0
El Paso,2017-02-03,11,7.0,Trump 1.0
El Paso,2017-02-04,5,7.0,Trump 1.0
El Paso,2017-02-05,2,7.0,Trump 1.0
El Paso,2017-02-06,6,6.0,Trump 1.0
El Paso,2017-02-07,7,6.0,Trump 1.0
El Paso,2017-02-08,6,6.0,Trump 1.0
El Paso,2017-02-09,5,6.0,Trump 1.0
El Paso,2017-02-10,11,6.0,Trump 1.0
El Paso,2017-02-11,1,5.0,Trump 1.0
El Paso,2017-02-13,14,7.0,Trump 1.0
El Paso,2017-02-14,2,7.0,Trump 1.0
El Paso,2017-02-15,22,9.0,Trump 1.0
El Paso,2017-02-16,13,10.0,Trump 1.0
El Paso,2017-02-17,13,11.0,Trump 1.0
El Paso,2017-02-18,3,10.0,Trump 1.0
El Paso,2017-02-21,10,11.0,Trump 1.0
El Paso,2017-02-22,3,9.0,Trump 1.0
El Paso,2017-02-23,6,10.0,Trump 1.0
El Paso,2017-02-24,11,8.0,Trump 1.0
El Paso,2017-02-25,1,7.0,Trump 1.0
El Paso,2017-02-27,3,5.0,Trump 1.0
El Paso,2017-02-28,10,6.0,Trump 1.0
El Paso,2017-03-01,6,6.0,Trump 1.0
El Paso,2017-03-02,12,7.0,Trump 1.0
El Paso,2017-03-03,6,7.0,Trump 1.0
El Paso,2017-03-04,1,6.0,Trump 1.0
El Paso,2017-03-06,6,6.0,Trump 1.0
El Paso,2017-03-07,14,8.0,Trump 1.0
El Paso,2017-03-08,3,7.0,Trump 1.0
El Paso,2017-03-09,6,7.0,Trump 1.0
El Paso,2017-03-10,8,6.0,Trump 1.0
El Paso,2017-03-11,1,6.0,Trump 1.0
El Paso,2017-03-13,11,7.0,Trump 1.0
El Paso,2017-03-14,9,7.0,Trump 1.0
El Paso,2017-03-15,4,6.0,Trump 1.0
El Paso,2017-03-16,4,6.0,Trump 1.0
El Paso,2017-03-17,6,6.0,Trump 1.0
El Paso,2017-03-18,1,5.0,Trump 1.0
El Paso,2017-03-20,5,6.0,Trump 1.0
El Paso,2017-03-21,4,5.0,Trump 1.0
El Paso,2017-03-22,5,4.0,Trump 1.0
El Paso,2017-03-23,6,4.0,Trump 1.0
El Paso,2017-03-24,5,5.0,Trump 1.0
El Paso,2017-03-26,1,4.0,Trump 1.0
El Paso,2017-03-27,9,5.0,Trump 1.0
El Paso,2017-03-28,7,5.0,Trump 1.0
El Paso,2017-03-29,4,5.0,Trump 1.0
El Paso,2017-03-30,6,5.0,Trump 1.0
El Paso,2017-03-31,3,5.0,Trump 1.0
El Paso,2017-04-03,3,5.0,Trump 1.0
El Paso,2017-04-04,10,6.0,Trump 1.0
El Paso,2017-04-05,10,6.0,Trump 1.0
El Paso,2017-04-06,11,7.0,Trump 1.0
El Paso,2017-04-07,15,8.0,Trump 1.0
El Paso,2017-04-08,2,8.0,Trump 1.0
El Paso,2017-04-10,13,9.0,Trump 1.0
El Paso,2017-04-11,11,10.0,Trump 1.0
El Paso,2017-04-12,6,10.0,Trump 1.0
El Paso,2017-04-13,7,9.0,Trump 1.0
El Paso,2017-04-14,3,8.0,Trump 1.0
El Paso,2017-04-15,1,6.0,Trump 1.0
El Paso,2017-04-16,1,6.0,Trump 1.0
El Paso,2017-04-17,10,6.0,Trump 1.0
El Paso,2017-04-18,11,6.0,Trump 1.0
El Paso,2017-04-19,8,6.0,Trump 1.0
El Paso,2017-04-20,6,6.0,Trump 1.0
El Paso,2017-04-21,6,6.0,Trump 1.0
El Paso,2017-04-22,1,6.0,Trump 1.0
El Paso,2017-04-23,1,6.0,Trump 1.0
El Paso,2017-04-24,13,7.0,Trump 1.0
El Paso,2017-04-25,8,6.0,Trump 1.0
El Paso,2017-04-26,11,7.0,Trump 1.0
El Paso,2017-04-27,14,8.0,Trump 1.0
El Paso,2017-04-28,6,8.0,Trump 1.0
El Paso,2017-04-29,1,8.0,Trump 1.0
El Paso,2017-04-30,2,8.0,Trump 1.0
El Paso,2017-05-01,6,7.0,Trump 1.0
El Paso,2017-05-02,12,7.0,Trump 1.0
El Paso,2017-05-03,16,8.0,Trump 1.0
El Paso,2017-05-04,11,8.0,Trump 1.0
El Paso,2017-05-05,13,9.0,Trump 1.0
El Paso,2017-05-06,1,9.0,Trump 1.0
El Paso,2017-05-07,1,9.0,Trump 1.0
El Paso,2017-05-08,14,10.0,Trump 1.0
El Paso,2017-05-09,21,11.0,Trump 1.0
El Paso,2017-05-10,9,10.0,Trump 1.0
El Paso,2017-05-11,5,9.0,Trump 1.0
El Paso,2017-05-12,4,8.0,Trump 1.0
El Paso,2017-05-13,2,8.0,Trump 1.0
El Paso,2017-05-14,6,9.0,Trump 1.0
El Paso,2017-05-15,9,8.0,Trump 1.0
El Paso,2017-05-16,7,6.0,Trump 1.0
El Paso,2017-05-17,5,5.0,Trump 1.0
El Paso,2017-05-18,14,7.0,Trump 1.0
El Paso,2017-05-19,2,6.0,Trump 1.0
El Paso,2017-05-20,2,6.0,Trump 1.0
El Paso,2017-05-22,5,6.0,Trump 1.0
El Paso,2017-05-23,8,6.0,Trump 1.0
El Paso,2017-05-24,4,6.0,Trump 1.0
El Paso,2017-05-25,12,7.0,Trump 1.0
El Paso,2017-05-26,8,6.0,Trump 1.0
El Paso,2017-05-27,1,6.0,Trump 1.0
El Paso,2017-05-28,2,6.0,Trump 1.0
El Paso,2017-05-29,4,6.0,Trump 1.0
El Paso,2017-05-30,5,5.0,Trump 1.0
El Paso,2017-05-31,9,6.0,Trump 1.0
El Paso,2017-06-01,6,5.0,Trump 1.0
El Paso,2017-06-02,6,5.0,Trump 1.0
El Paso,2017-06-04,2,5.0,Trump 1.0
El Paso,2017-06-05,15,7.0,Trump 1.0
El Paso,2017-06-06,5,7.0,Trump 1.0
El Paso,2017-06-07,4,7.0,Trump 1.0
El Paso,2017-06-08,6,6.0,Trump 1.0
El Paso,2017-06-09,3,6.0,Trump 1.0
El Paso,2017-06-10,1,5.0,Trump 1.0
El Paso,2017-06-11,2,5.0,Trump 1.0
El Paso,2017-06-12,7,4.0,Trump 1.0
El Paso,2017-06-13,11,5.0,Trump 1.0
El Paso,2017-06-14,18,7.0,Trump 1.0
El Paso,2017-06-15,2,6.0,Trump 1.0
El Paso,2017-06-16,3,6.0,Trump 1.0
El Paso,2017-06-19,3,7.0,Trump 1.0
El Paso,2017-06-20,5,7.0,Trump 1.0
El Paso,2017-06-21,5,7.0,Trump 1.0
El Paso,2017-06-22,11,7.0,Trump 1.0
El Paso,2017-06-23,1,4.0,Trump 1.0
El Paso,2017-06-26,8,5.0,Trump 1.0
El Paso,2017-06-27,8,6.0,Trump 1.0
El Paso,2017-06-28,9,7.0,Trump 1.0
El Paso,2017-06-29,4,7.0,Trump 1.0
El Paso,2017-06-30,5,7.0,Trump 1.0
El Paso,2017-07-01,2,5.0,Trump 1.0
El Paso,2017-07-03,5,6.0,Trump 1.0
El Paso,2017-07-04,1,5.0,Trump 1.0
El Paso,2017-07-05,3,4.0,Trump 1.0
El Paso,2017-07-06,4,3.0,Trump 1.0
El Paso,2017-07-07,6,4.0,Trump 1.0
El Paso,2017-07-10,4,4.0,Trump 1.0
El Paso,2017-07-11,4,4.0,Trump 1.0
El Paso,2017-07-12,10,5.0,Trump 1.0
El Paso,2017-07-13,4,5.0,Trump 1.0
El Paso,2017-07-14,6,5.0,Trump 1.0
El Paso,2017-07-15,1,5.0,Trump 1.0
El Paso,2017-07-16,2,4.0,Trump 1.0
El Paso,2017-07-17,7,5.0,Trump 1.0
El Paso,2017-07-18,8,5.0,Trump 1.0
El Paso,2017-07-19,6,5.0,Trump 1.0
El Paso,2017-07-20,11,6.0,Trump 1.0
El Paso,2017-07-21,7,6.0,Trump 1.0
El Paso,2017-07-22,1,6.0,Trump 1.0
El Paso,2017-07-23,2,6.0,Trump 1.0
El Paso,2017-07-24,9,6.0,Trump 1.0
El Paso,2017-07-25,5,6.0,Trump 1.0
El Paso,2017-07-26,5,6.0,Trump 1.0
El Paso,2017-07-27,2,4.0,Trump 1.0
El Paso,2017-07-28,2,4.0,Trump 1.0
El Paso,2017-07-29,2,4.0,Trump 1.0
El Paso,2017-07-30,1,4.0,Trump 1.0
El Paso,2017-07-31,9,4.0,Trump 1.0
El Paso,2017-08-01,7,4.0,Trump 1.0
El Paso,2017-08-02,4,4.0,Trump 1.0
El Paso,2017-08-03,4,4.0,Trump 1.0
El Paso,2017-08-04,2,4.0,Trump 1.0
El Paso,2017-08-05,4,4.0,Trump 1.0
El Paso,2017-08-07,7,5.0,Trump 1.0
El Paso,2017-08-08,6,5.0,Trump 1.0
El Paso,2017-08-09,5,5.0,Trump 1.0
El Paso,2017-08-10,7,5.0,Trump 1.0
El Paso,2017-08-14,9,6.0,Trump 1.0
El Paso,2017-08-15,11,7.0,Trump 1.0
El Paso,2017-08-16,5,7.0,Trump 1.0
El Paso,2017-08-17,4,7.0,Trump 1.0
El Paso,2017-08-18,2,6.0,Trump 1.0
El Paso,2017-08-19,5,6.0,Trump 1.0
El Paso,2017-08-20,2,5.0,Trump 1.0
El Paso,2017-08-21,20,7.0,Trump 1.0
El Paso,2017-08-22,3,6.0,Trump 1.0
El Paso,2017-08-23,5,6.0,Trump 1.0
El Paso,2017-08-24,12,7.0,Trump 1.0
El Paso,2017-08-25,1,7.0,Trump 1.0
El Paso,2017-08-26,3,7.0,Trump 1.0
El Paso,2017-08-28,3,7.0,Trump 1.0
El Paso,2017-08-29,8,5.0,Trump 1.0
El Paso,2017-08-30,5,5.0,Trump 1.0
El Paso,2017-08-31,6,5.0,Trump 1.0
El Paso,2017-09-01,14,6.0,Trump 1.0
El Paso,2017-09-02,2,6.0,Trump 1.0
El Paso,2017-09-03,1,6.0,Trump 1.0
El Paso,2017-09-04,7,6.0,Trump 1.0
El Paso,2017-09-05,11,7.0,Trump 1.0
El Paso,2017-09-06,10,7.0,Trump 1.0
El Paso,2017-09-07,2,7.0,Trump 1.0
El Paso,2017-09-08,13,7.0,Trump 1.0
El Paso,2017-09-11,7,7.0,Trump 1.0
El Paso,2017-09-12,9,8.0,Trump 1.0
El Paso,2017-09-13,8,9.0,Trump 1.0
El Paso,2017-09-14,9,8.0,Trump 1.0
El Paso,2017-09-15,5,8.0,Trump 1.0
El Paso,2017-09-16,6,8.0,Trump 1.0
El Paso,2017-09-17,1,6.0,Trump 1.0
El Paso,2017-09-18,10,7.0,Trump 1.0
El Paso,2017-09-19,8,7.0,Trump 1.0
El Paso,2017-09-20,7,7.0,Trump 1.0
El Paso,2017-09-21,3,6.0,Trump 1.0
El Paso,2017-09-22,6,6.0,Trump 1.0
El Paso,2017-09-23,1,5.0,Trump 1.0
El Paso,2017-09-24,2,5.0,Trump 1.0
El Paso,2017-09-25,9,5.0,Trump 1.0
El Paso,2017-09-26,4,5.0,Trump 1.0
El Paso,2017-09-27,3,4.0,Trump 1.0
El Paso,2017-09-28,7,5.0,Trump 1.0
El Paso,2017-09-29,6,5.0,Trump 1.0
El Paso,2017-09-30,2,5.0,Trump 1.0
El Paso,2017-10-02,6,5.0,Trump 1.0
El Paso,2017-10-03,3,4.0,Trump 1.0
El Paso,2017-10-04,7,5.0,Trump 1.0
El Paso,2017-10-05,5,5.0,Trump 1.0
El Paso,2017-10-06,6,5.0,Trump 1.0
El Paso,2017-10-07,4,5.0,Trump 1.0
El Paso,2017-10-09,1,5.0,Trump 1.0
El Paso,2017-10-10,10,5.0,Trump 1.0
El Paso,2017-10-11,6,6.0,Trump 1.0
El Paso,2017-10-12,4,5.0,Trump 1.0
El Paso,2017-10-13,4,5.0,Trump 1.0
El Paso,2017-10-14,1,4.0,Trump 1.0
El Paso,2017-10-15,1,4.0,Trump 1.0
El Paso,2017-10-16,9,5.0,Trump 1.0
El Paso,2017-10-17,8,5.0,Trump 1.0
El Paso,2017-10-18,12,6.0,Trump 1.0
El Paso,2017-10-19,6,6.0,Trump 1.0
El Paso,2017-10-20,7,6.0,Trump 1.0
El Paso,2017-10-22,2,6.0,Trump 1.0
El Paso,2017-10-23,8,7.0,Trump 1.0
El Paso,2017-10-24,11,8.0,Trump 1.0
El Paso,2017-10-25,3,7.0,Trump 1.0
El Paso,2017-10-26,13,7.0,Trump 1.0
El Paso,2017-10-27,4,7.0,Trump 1.0
El Paso,2017-10-28,1,6.0,Trump 1.0
El Paso,2017-10-29,4,6.0,Trump 1.0
El Paso,2017-10-30,6,6.0,Trump 1.0
El Paso,2017-10-31,5,5.0,Trump 1.0
El Paso,2017-11-01,9,6.0,Trump 1.0
El Paso,2017-11-02,6,5.0,Trump 1.0
El Paso,2017-11-03,4,5.0,Trump 1.0
El Paso,2017-11-04,2,5.0,Trump 1.0
El Paso,2017-11-05,2,5.0,Trump 1.0
El Paso,2017-11-06,15,6.0,Trump 1.0
El Paso,2017-11-07,5,6.0,Trump 1.0
El Paso,2017-11-08,4,5.0,Trump 1.0
El Paso,2017-11-09,3,5.0,Trump 1.0
El Paso,2017-11-10,6,5.0,Trump 1.0
El Paso,2017-11-11,2,5.0,Trump 1.0
El Paso,2017-11-13,6,6.0,Trump 1.0
El Paso,2017-11-14,10,5.0,Trump 1.0
El Paso,2017-11-15,8,6.0,Trump 1.0
El Paso,2017-11-16,9,6.0,Trump 1.0
El Paso,2017-11-17,6,7.0,Trump 1.0
El Paso,2017-11-19,2,6.0,Trump 1.0
El Paso,2017-11-20,4,6.0,Trump 1.0
El Paso,2017-11-21,9,7.0,Trump 1.0
El Paso,2017-11-22,3,6.0,Trump 1.0
El Paso,2017-11-23,1,5.0,Trump 1.0
El Paso,2017-11-24,3,4.0,Trump 1.0
El Paso,2017-11-27,1,3.0,Trump 1.0
El Paso,2017-11-28,11,5.0,Trump 1.0
El Paso,2017-11-29,16,6.0,Trump 1.0
El Paso,2017-11-30,4,6.0,Trump 1.0
El Paso,2017-12-01,9,6.0,Trump 1.0
El Paso,2017-12-02,1,6.0,Trump 1.0
El Paso,2017-12-03,10,7.0,Trump 1.0
El Paso,2017-12-04,6,8.0,Trump 1.0
El Paso,2017-12-05,5,7.0,Trump 1.0
El Paso,2017-12-06,3,5.0,Trump 1.0
El Paso,2017-12-07,4,5.0,Trump 1.0
El Paso,2017-12-08,3,5.0,Trump 1.0
El Paso,2017-12-09,2,5.0,Trump 1.0
El Paso,2017-12-11,11,5.0,Trump 1.0
El Paso,2017-12-12,15,6.0,Trump 1.0
El Paso,2017-12-13,4,6.0,Trump 1.0
El Paso,2017-12-14,5,6.0,Trump 1.0
El Paso,2017-12-15,5,6.0,Trump 1.0
El Paso,2017-12-16,1,6.0,Trump 1.0
El Paso,2017-12-17,6,7.0,Trump 1.0
El Paso,2017-12-18,16,7.0,Trump 1.0
El Paso,2017-12-19,6,6.0,Trump 1.0
El Paso,2017-12-20,12,7.0,Trump 1.0
El Paso,2017-12-21,7,8.0,Trump 1.0
El Paso,2017-12-22,3,7.0,Trump 1.0
El Paso,2017-12-23,1,7.0,Trump 1.0
El Paso,2017-12-24,1,7.0,Trump 1.0
El Paso,2017-12-26,2,5.0,Trump 1.0
El Paso,2017-12-27,3,4.0,Trump 1.0
El Paso,2017-12-28,2,3.0,Trump 1.0
El Paso,2017-12-29,4,2.0,Trump 1.0
El Paso,2017-12-30,2,2.0,Trump 1.0
El Paso,2017-12-31,3,2.0,Trump 1.0
El Paso,2018-01-01,1,2.0,Trump 1.0
El Paso,2018-01-02,6,3.0,Trump 1.0
El Paso,2018-01-03,4,3.0,Trump 1.0
El Paso,2018-01-04,5,4.0,Trump 1.0
El Paso,2018-01-05,10,4.0,Trump 1.0
El Paso,2018-01-06,1,4.0,Trump 1.0
El Paso,2018-01-08,3,4.0,Trump 1.0
El Paso,2018-01-09,8,5.0,Trump 1.0
El Paso,2018-01-10,8,6.0,Trump 1.0
El Paso,2018-01-11,5,6.0,Trump 1.0
El Paso,2018-01-12,5,6.0,Trump 1.0
El Paso,2018-01-15,1,4.0,Trump 1.0
El Paso,2018-01-16,7,5.0,Trump 1.0
El Paso,2018-01-17,4,5.0,Trump 1.0
El Paso,2018-01-18,2,5.0,Trump 1.0
El Paso,2018-01-19,9,5.0,Trump 1.0
El Paso,2018-01-20,3,4.0,Trump 1.0
El Paso,2018-01-22,14,6.0,Trump 1.0
El Paso,2018-01-23,9,7.0,Trump 1.0
El Paso,2018-01-24,5,7.0,Trump 1.0
El Paso,2018-01-25,8,7.0,Trump 1.0
El Paso,2018-01-26,9,8.0,Trump 1.0
El Paso,2018-01-29,3,7.0,Trump 1.0
El Paso,2018-01-30,4,7.0,Trump 1.0
El Paso,2018-01-31,6,6.0,Trump 1.0
El Paso,2018-02-01,11,7.0,Trump 1.0
El Paso,2018-02-02,7,7.0,Trump 1.0
El Paso,2018-02-03,1,6.0,Trump 1.0
El Paso,2018-02-05,7,6.0,Trump 1.0
El Paso,2018-02-06,6,6.0,Trump 1.0
El Paso,2018-02-07,6,6.0,Trump 1.0
El Paso,2018-02-08,4,6.0,Trump 1.0
El Paso,2018-02-09,5,5.0,Trump 1.0
El Paso,2018-02-11,1,4.0,Trump 1.0
El Paso,2018-02-12,8,5.0,Trump 1.0
El Paso,2018-02-13,7,5.0,Trump 1.0
El Paso,2018-02-14,2,5.0,Trump 1.0
El Paso,2018-02-15,12,6.0,Trump 1.0
El Paso,2018-02-16,7,6.0,Trump 1.0
El Paso,2018-02-17,2,6.0,Trump 1.0
El Paso,2018-02-19,2,6.0,Trump 1.0
El Paso,2018-02-20,8,6.0,Trump 1.0
El Paso,2018-02-21,2,5.0,Trump 1.0
El Paso,2018-02-22,10,6.0,Trump 1.0
El Paso,2018-02-23,10,6.0,Trump 1.0
El Paso,2018-02-24,5,6.0,Trump 1.0
El Paso,2018-02-25,2,6.0,Trump 1.0
El Paso,2018-02-26,16,8.0,Trump 1.0
El Paso,2018-02-27,19,9.0,Trump 1.0
El Paso,2018-02-28,18,11.0,Trump 1.0
El Paso,2018-03-01,12,12.0,Trump 1.0
El Paso,2018-03-02,6,11.0,Trump 1.0
El Paso,2018-03-04,1,11.0,Trump 1.0
El Paso,2018-03-05,14,12.0,Trump 1.0
El Paso,2018-03-06,6,11.0,Trump 1.0
El Paso,2018-03-07,8,9.0,Trump 1.0
El Paso,2018-03-08,11,8.0,Trump 1.0
El Paso,2018-03-09,8,8.0,Trump 1.0
El Paso,2018-03-10,1,7.0,Trump 1.0
El Paso,2018-03-11,3,7.0,Trump 1.0
El Paso,2018-03-12,4,6.0,Trump 1.0
El Paso,2018-03-13,5,6.0,Trump 1.0
El Paso,2018-03-14,3,5.0,Trump 1.0
El Paso,2018-03-15,1,4.0,Trump 1.0
El Paso,2018-03-16,6,3.0,Trump 1.0
El Paso,2018-03-17,1,3.0,Trump 1.0
El Paso,2018-03-18,1,3.0,Trump 1.0
El Paso,2018-03-19,6,3.0,Trump 1.0
El Paso,2018-03-20,7,4.0,Trump 1.0
El Paso,2018-03-21,4,4.0,Trump 1.0
El Paso,2018-03-22,8,5.0,Trump 1.0
El Paso,2018-03-25,3,4.0,Trump 1.0
El Paso,2018-03-26,8,5.0,Trump 1.0
El Paso,2018-03-27,19,8.0,Trump 1.0
El Paso,2018-03-28,9,8.0,Trump 1.0
El Paso,2018-03-29,3,8.0,Trump 1.0
El Paso,2018-03-30,2,7.0,Trump 1.0
El Paso,2018-04-01,1,6.0,Trump 1.0
El Paso,2018-04-02,4,7.0,Trump 1.0
El Paso,2018-04-03,4,6.0,Trump 1.0
El Paso,2018-04-04,8,4.0,Trump 1.0
El Paso,2018-04-05,8,4.0,Trump 1.0
El Paso,2018-04-06,8,5.0,Trump 1.0
El Paso,2018-04-07,1,5.0,Trump 1.0
El Paso,2018-04-09,13,7.0,Trump 1.0
El Paso,2018-04-10,5,7.0,Trump 1.0
El Paso,2018-04-11,4,7.0,Trump 1.0
El Paso,2018-04-12,7,7.0,Trump 1.0
El Paso,2018-04-13,7,6.0,Trump 1.0
El Paso,2018-04-14,8,6.0,Trump 1.0
El Paso,2018-04-15,2,7.0,Trump 1.0
El Paso,2018-04-16,6,6.0,Trump 1.0
El Paso,2018-04-17,8,6.0,Trump 1.0
El Paso,2018-04-18,8,7.0,Trump 1.0
El Paso,2018-04-19,12,7.0,Trump 1.0
El Paso,2018-04-20,9,8.0,Trump 1.0
El Paso,2018-04-23,4,7.0,Trump 1.0
El Paso,2018-04-24,7,8.0,Trump 1.0
El Paso,2018-04-25,5,8.0,Trump 1.0
El Paso,2018-04-26,4,7.0,Trump 1.0
El Paso,2018-04-27,9,7.0,Trump 1.0
El Paso,2018-04-30,9,7.0,Trump 1.0
El Paso,2018-05-01,14,7.0,Trump 1.0
El Paso,2018-05-02,9,8.0,Trump 1.0
El Paso,2018-05-03,7,8.0,Trump 1.0
El Paso,2018-05-04,4,8.0,Trump 1.0
El Paso,2018-05-05,2,8.0,Trump 1.0
El Paso,2018-05-06,3,7.0,Trump 1.0
El Paso,2018-05-07,10,7.0,Trump 1.0
El Paso,2018-05-08,6,6.0,Trump 1.0
El Paso,2018-05-09,12,6.0,Trump 1.0
El Paso,2018-05-10,5,6.0,Trump 1.0
El Paso,2018-05-11,6,6.0,Trump 1.0
El Paso,2018-05-12,3,6.0,Trump 1.0
El Paso,2018-05-14,13,8.0,Trump 1.0
El Paso,2018-05-15,14,8.0,Trump 1.0
El Paso,2018-05-16,11,9.0,Trump 1.0
El Paso,2018-05-17,5,8.0,Trump 1.0
El Paso,2018-05-18,4,8.0,Trump 1.0
El Paso,2018-05-19,1,7.0,Trump 1.0
El Paso,2018-05-21,15,9.0,Trump 1.0
El Paso,2018-05-22,11,9.0,Trump 1.0
El Paso,2018-05-23,25,10.0,Trump 1.0
El Paso,2018-05-24,18,11.0,Trump 1.0
El Paso,2018-05-25,13,12.0,Trump 1.0
El Paso,2018-05-26,3,12.0,Trump 1.0
El Paso,2018-05-27,9,13.0,Trump 1.0
El Paso,2018-05-28,5,12.0,Trump 1.0
El Paso,2018-05-29,14,12.0,Trump 1.0
El Paso,2018-05-30,14,11.0,Trump 1.0
El Paso,2018-05-31,9,10.0,Trump 1.0
El Paso,2018-06-01,13,10.0,Trump 1.0
El Paso,2018-06-02,2,9.0,Trump 1.0
El Paso,2018-06-03,22,11.0,Trump 1.0
El Paso,2018-06-04,6,11.0,Trump 1.0
El Paso,2018-06-05,12,11.0,Trump 1.0
El Paso,2018-06-06,6,10.0,Trump 1.0
El Paso,2018-06-07,6,10.0,Trump 1.0
El Paso,2018-06-08,7,9.0,Trump 1.0
El Paso,2018-06-09,1,9.0,Trump 1.0
El Paso,2018-06-10,2,6.0,Trump 1.0
El Paso,2018-06-11,7,6.0,Trump 1.0
El Paso,2018-06-12,8,5.0,Trump 1.0
El Paso,2018-06-13,9,6.0,Trump 1.0
El Paso,2018-06-14,14,7.0,Trump 1.0
El Paso,2018-06-15,7,7.0,Trump 1.0
El Paso,2018-06-16,3,7.0,Trump 1.0
El Paso,2018-06-17,1,7.0,Trump 1.0
El Paso,2018-06-18,7,7.0,Trump 1.0
El Paso,2018-06-19,4,6.0,Trump 1.0
El Paso,2018-06-20,5,6.0,Trump 1.0
El Paso,2018-06-21,5,5.0,Trump 1.0
El Paso,2018-06-22,3,4.0,Trump 1.0
El Paso,2018-06-23,4,4.0,Trump 1.0
El Paso,2018-06-25,6,5.0,Trump 1.0
El Paso,2018-06-26,4,4.0,Trump 1.0
El Paso,2018-06-27,7,5.0,Trump 1.0
El Paso,2018-06-28,11,6.0,Trump 1.0
El Paso,2018-06-29,4,6.0,Trump 1.0
El Paso,2018-07-01,2,5.0,Trump 1.0
El Paso,2018-07-02,8,6.0,Trump 1.0
El Paso,2018-07-03,19,8.0,Trump 1.0
El Paso,2018-07-04,2,8.0,Trump 1.0
El Paso,2018-07-05,3,7.0,Trump 1.0
El Paso,2018-07-06,3,6.0,Trump 1.0
El Paso,2018-07-07,2,6.0,Trump 1.0
El Paso,2018-07-08,1,5.0,Trump 1.0
El Paso,2018-07-09,3,5.0,Trump 1.0
El Paso,2018-07-10,11,4.0,Trump 1.0
El Paso,2018-07-11,2,4.0,Trump 1.0
El Paso,2018-07-12,7,4.0,Trump 1.0
El Paso,2018-07-13,5,4.0,Trump 1.0
El Paso,2018-07-14,1,4.0,Trump 1.0
El Paso,2018-07-15,1,4.0,Trump 1.0
El Paso,2018-07-16,7,5.0,Trump 1.0
El Paso,2018-07-17,9,5.0,Trump 1.0
El Paso,2018-07-18,3,5.0,Trump 1.0
El Paso,2018-07-19,5,4.0,Trump 1.0
El Paso,2018-07-20,4,4.0,Trump 1.0
El Paso,2018-07-21,1,4.0,Trump 1.0
El Paso,2018-07-22,1,4.0,Trump 1.0
El Paso,2018-07-23,10,5.0,Trump 1.0
El Paso,2018-07-24,11,5.0,Trump 1.0
El Paso,2018-07-25,3,5.0,Trump 1.0
El Paso,2018-07-26,11,6.0,Trump 1.0
El Paso,2018-07-27,10,7.0,Trump 1.0
El Paso,2018-07-28,2,7.0,Trump 1.0
El Paso,2018-07-29,1,7.0,Trump 1.0
El Paso,2018-07-30,6,6.0,Trump 1.0
El Paso,2018-07-31,4,5.0,Trump 1.0
El Paso,2018-08-01,6,6.0,Trump 1.0
El Paso,2018-08-02,7,5.0,Trump 1.0
El Paso,2018-08-03,11,5.0,Trump 1.0
El Paso,2018-08-04,1,5.0,Trump 1.0
El Paso,2018-08-05,1,5.0,Trump 1.0
El Paso,2018-08-06,5,5.0,Trump 1.0
El Paso,2018-08-07,9,6.0,Trump 1.0
El Paso,2018-08-08,7,6.0,Trump 1.0
El Paso,2018-08-09,13,7.0,Trump 1.0
El Paso,2018-08-10,8,6.0,Trump 1.0
El Paso,2018-08-11,1,6.0,Trump 1.0
El Paso,2018-08-12,3,7.0,Trump 1.0
El Paso,2018-08-13,8,7.0,Trump 1.0
El Paso,2018-08-14,9,7.0,Trump 1.0
El Paso,2018-08-15,6,7.0,Trump 1.0
El Paso,2018-08-16,6,6.0,Trump 1.0
El Paso,2018-08-17,7,6.0,Trump 1.0
El Paso,2018-08-18,3,6.0,Trump 1.0
El Paso,2018-08-20,4,6.0,Trump 1.0
El Paso,2018-08-21,10,6.0,Trump 1.0
El Paso,2018-08-22,7,6.0,Trump 1.0
El Paso,2018-08-23,8,6.0,Trump 1.0
El Paso,2018-08-24,5,6.0,Trump 1.0
El Paso,2018-08-26,3,6.0,Trump 1.0
El Paso,2018-08-27,11,7.0,Trump 1.0
El Paso,2018-08-28,19,9.0,Trump 1.0
El Paso,2018-08-29,10,9.0,Trump 1.0
El Paso,2018-08-30,5,9.0,Trump 1.0
El Paso,2018-08-31,5,8.0,Trump 1.0
El Paso,2018-09-01,2,8.0,Trump 1.0
El Paso,2018-09-03,2,8.0,Trump 1.0
El Paso,2018-09-04,11,8.0,Trump 1.0
El Paso,2018-09-05,14,7.0,Trump 1.0
El Paso,2018-09-06,9,7.0,Trump 1.0
El Paso,2018-09-07,4,7.0,Trump 1.0
El Paso,2018-09-08,3,6.0,Trump 1.0
El Paso,2018-09-09,3,7.0,Trump 1.0
El Paso,2018-09-10,7,7.0,Trump 1.0
El Paso,2018-09-11,2,6.0,Trump 1.0
El Paso,2018-09-12,5,5.0,Trump 1.0
El Paso,2018-09-13,9,5.0,Trump 1.0
El Paso,2018-09-14,7,5.0,Trump 1.0
El Paso,2018-09-15,1,5.0,Trump 1.0
El Paso,2018-09-16,1,5.0,Trump 1.0
El Paso,2018-09-17,6,4.0,Trump 1.0
El Paso,2018-09-18,8,5.0,Trump 1.0
El Paso,2018-09-19,12,6.0,Trump 1.0
El Paso,2018-09-20,9,6.0,Trump 1.0
El Paso,2018-09-21,13,7.0,Trump 1.0
El Paso,2018-09-22,4,8.0,Trump 1.0
El Paso,2018-09-23,2,8.0,Trump 1.0
El Paso,2018-09-24,9,8.0,Trump 1.0
El Paso,2018-09-25,18,10.0,Trump 1.0
El Paso,2018-09-26,6,9.0,Trump 1.0
El Paso,2018-09-27,5,8.0,Trump 1.0
El Paso,2018-09-28,5,7.0,Trump 1.0
El Paso,2018-09-29,2,7.0,Trump 1.0
El Paso,2018-09-30,1,7.0,Trump 1.0
HQ,2015-10-08,1,5.0,Trump 1.0
HQ,2015-10-30,1,3.0,Trump 1.0
HQ,2016-01-05,1,2.0,Trump 1.0
HQ,2016-01-07,1,2.0,Trump 1.0
HQ,2016-01-14,1,1.0,Trump 1.0
HQ,2016-01-30,1,1.0,Trump 1.0
HQ,2016-02-10,1,1.0,Trump 1.0
HQ,2016-03-29,1,1.0,Trump 1.0
HQ,2016-07-19,1,1.0,Trump 1.0
HQ,2016-09-14,1,1.0,Trump 1.0
HQ,2016-10-04,1,1.0,Trump 1.0
HQ,2016-10-16,1,1.0,Trump 1.0
HQ,2016-12-07,1,1.0,Trump 1.0
HQ,2017-02-02,1,1.0,Trump 1.0
HQ,2017-02-21,1,1.0,Trump 1.0
HQ,2017-06-14,1,1.0,Trump 1.0
HQ,2017-06-28,1,1.0,Trump 1.0
HQ,2017-07-05,2,1.0,Trump 1.0
HQ,2017-07-19,4,2.0,Trump 1.0
HQ,2017-07-25,2,2.0,Trump 1.0
HQ,2017-08-03,1,2.0,Trump 1.0
HQ,2017-08-11,1,2.0,Trump 1.0
HQ,2017-08-14,3,2.0,Trump 1.0
HQ,2017-09-17,1,2.0,Trump 1.0
HQ,2017-10-11,1,2.0,Trump 1.0
HQ,2017-10-16,1,1.0,Trump 1.0
HQ,2018-05-15,1,1.0,Trump 1.0
HQ,2018-05-17,1,1.0,Trump 1.0
HQ,2018-07-26,1,1.0,Trump 1.0
Houston,2015-10-01,42,7.0,Trump 1.0
Houston,2015-10-02,57,15.0,Trump 1.0
Houston,2015-10-03,6,16.0,Trump 1.0
Houston,2015-10-04,9,17.0,Trump 1.0
Houston,2015-10-05,33,21.0,Trump 1.0
Houston,2015-10-06,36,26.0,Trump 1.0
Houston,2015-10-07,40,32.0,Trump 1.0
Houston,2015-10-08,36,31.0,Trump 1.0
Houston,2015-10-09,84,35.0,Trump 1.0
Houston,2015-10-10,8,35.0,Trump 1.0
Houston,2015-10-11,4,34.0,Trump 1.0
Houston,2015-10-12,17,32.0,Trump 1.0
Houston,2015-10-13,27,31.0,Trump 1.0
Houston,2015-10-14,46,32.0,Trump 1.0
Houston,2015-10-15,49,34.0,Trump 1.0
Houston,2015-10-16,74,32.0,Trump 1.0
Houston,2015-10-17,3,31.0,Trump 1.0
Houston,2015-10-19,50,38.0,Trump 1.0
Houston,2015-10-20,47,42.0,Trump 1.0
Houston,2015-10-21,47,45.0,Trump 1.0
Houston,2015-10-22,28,43.0,Trump 1.0
Houston,2015-10-23,82,47.0,Trump 1.0
Houston,2015-10-24,4,37.0,Trump 1.0
Houston,2015-10-25,3,37.0,Trump 1.0
Houston,2015-10-26,34,35.0,Trump 1.0
Houston,2015-10-27,39,34.0,Trump 1.0
Houston,2015-10-28,58,35.0,Trump 1.0
Houston,2015-10-29,37,37.0,Trump 1.0
Houston,2015-10-30,96,39.0,Trump 1.0
Houston,2015-10-31,12,40.0,Trump 1.0
Houston,2015-11-01,3,40.0,Trump 1.0
Houston,2015-11-02,32,40.0,Trump 1.0
Houston,2015-11-03,39,40.0,Trump 1.0
Houston,2015-11-04,48,38.0,Trump 1.0
Houston,2015-11-05,37,38.0,Trump 1.0
Houston,2015-11-06,72,35.0,Trump 1.0
Houston,2015-11-07,9,34.0,Trump 1.0
Houston,2015-11-08,3,34.0,Trump 1.0
Houston,2015-11-09,54,37.0,Trump 1.0
Houston,2015-11-10,42,38.0,Trump 1.0
Houston,2015-11-11,21,34.0,Trump 1.0
Houston,2015-11-12,48,36.0,Trump 1.0
Houston,2015-11-13,52,33.0,Trump 1.0
Houston,2015-11-14,24,35.0,Trump 1.0
Houston,2015-11-15,5,35.0,Trump 1.0
Houston,2015-11-16,29,32.0,Trump 1.0
Houston,2015-11-17,44,32.0,Trump 1.0
Houston,2015-11-18,33,34.0,Trump 1.0
Houston,2015-11-19,34,32.0,Trump 1.0
Houston,2015-11-20,65,33.0,Trump 1.0
Houston,2015-11-21,7,31.0,Trump 1.0
Houston,2015-11-22,2,31.0,Trump 1.0
Houston,2015-11-23,47,33.0,Trump 1.0
Houston,2015-11-24,38,32.0,Trump 1.0
Houston,2015-11-25,36,33.0,Trump 1.0
Houston,2015-11-26,13,30.0,Trump 1.0
Houston,2015-11-27,45,27.0,Trump 1.0
Houston,2015-11-28,1,26.0,Trump 1.0
Houston,2015-11-29,2,26.0,Trump 1.0
Houston,2015-11-30,35,24.0,Trump 1.0
Houston,2015-12-01,29,23.0,Trump 1.0
Houston,2015-12-02,52,25.0,Trump 1.0
Houston,2015-12-03,42,29.0,Trump 1.0
Houston,2015-12-04,67,33.0,Trump 1.0
Houston,2015-12-05,5,33.0,Trump 1.0
Houston,2015-12-07,30,37.0,Trump 1.0
Houston,2015-12-08,35,37.0,Trump 1.0
Houston,2015-12-09,49,40.0,Trump 1.0
Houston,2015-12-10,64,42.0,Trump 1.0
Houston,2015-12-11,78,47.0,Trump 1.0
Houston,2015-12-12,3,38.0,Trump 1.0
Houston,2015-12-13,4,38.0,Trump 1.0
Houston,2015-12-14,32,38.0,Trump 1.0
Houston,2015-12-15,34,38.0,Trump 1.0
Houston,2015-12-16,46,37.0,Trump 1.0
Houston,2015-12-17,35,33.0,Trump 1.0
Houston,2015-12-18,69,32.0,Trump 1.0
Houston,2015-12-19,9,33.0,Trump 1.0
Houston,2015-12-20,5,33.0,Trump 1.0
Houston,2015-12-21,24,32.0,Trump 1.0
Houston,2015-12-22,25,30.0,Trump 1.0
Houston,2015-12-23,37,29.0,Trump 1.0
Houston,2015-12-24,50,31.0,Trump 1.0
Houston,2015-12-25,2,22.0,Trump 1.0
Houston,2015-12-26,6,21.0,Trump 1.0
Houston,2015-12-27,4,21.0,Trump 1.0
Houston,2015-12-28,23,21.0,Trump 1.0
Houston,2015-12-29,32,22.0,Trump 1.0
Houston,2015-12-30,34,22.0,Trump 1.0
Houston,2015-12-31,94,28.0,Trump 1.0
Houston,2016-01-01,2,28.0,Trump 1.0
Houston,2016-01-02,12,29.0,Trump 1.0
Houston,2016-01-03,1,28.0,Trump 1.0
Houston,2016-01-04,24,28.0,Trump 1.0
Houston,2016-01-05,16,26.0,Trump 1.0
Houston,2016-01-06,32,26.0,Trump 1.0
Houston,2016-01-07,38,18.0,Trump 1.0
Houston,2016-01-08,68,27.0,Trump 1.0
Houston,2016-01-09,4,26.0,Trump 1.0
Houston,2016-01-10,10,27.0,Trump 1.0
Houston,2016-01-11,46,31.0,Trump 1.0
Houston,2016-01-12,39,34.0,Trump 1.0
Houston,2016-01-13,46,36.0,Trump 1.0
Houston,2016-01-14,47,37.0,Trump 1.0
Houston,2016-01-15,92,41.0,Trump 1.0
Houston,2016-01-16,2,40.0,Trump 1.0
Houston,2016-01-17,1,39.0,Trump 1.0
Houston,2016-01-18,10,34.0,Trump 1.0
Houston,2016-01-19,26,32.0,Trump 1.0
Houston,2016-01-20,40,31.0,Trump 1.0
Houston,2016-01-21,38,30.0,Trump 1.0
Houston,2016-01-22,55,25.0,Trump 1.0
Houston,2016-01-23,2,25.0,Trump 1.0
Houston,2016-01-24,1,25.0,Trump 1.0
Houston,2016-01-25,36,28.0,Trump 1.0
Houston,2016-01-26,37,30.0,Trump 1.0
Houston,2016-01-27,48,31.0,Trump 1.0
Houston,2016-01-28,46,32.0,Trump 1.0
Houston,2016-01-29,70,34.0,Trump 1.0
Houston,2016-01-30,10,35.0,Trump 1.0
Houston,2016-02-01,59,44.0,Trump 1.0
Houston,2016-02-02,63,48.0,Trump 1.0
Houston,2016-02-03,39,48.0,Trump 1.0
Houston,2016-02-04,55,49.0,Trump 1.0
Houston,2016-02-05,62,51.0,Trump 1.0
Houston,2016-02-06,5,42.0,Trump 1.0
Houston,2016-02-07,3,41.0,Trump 1.0
Houston,2016-02-08,53,40.0,Trump 1.0
Houston,2016-02-09,39,37.0,Trump 1.0
Houston,2016-02-10,48,38.0,Trump 1.0
Houston,2016-02-11,47,37.0,Trump 1.0
Houston,2016-02-12,70,38.0,Trump 1.0
Houston,2016-02-13,9,38.0,Trump 1.0
Houston,2016-02-14,1,38.0,Trump 1.0
Houston,2016-02-15,8,32.0,Trump 1.0
Houston,2016-02-16,45,33.0,Trump 1.0
Houston,2016-02-17,40,31.0,Trump 1.0
Houston,2016-02-18,51,32.0,Trump 1.0
Houston,2016-02-19,48,29.0,Trump 1.0
Houston,2016-02-20,7,29.0,Trump 1.0
Houston,2016-02-21,6,29.0,Trump 1.0
Houston,2016-02-22,46,35.0,Trump 1.0
Houston,2016-02-23,36,33.0,Trump 1.0
Houston,2016-02-24,26,31.0,Trump 1.0
Houston,2016-02-25,45,31.0,Trump 1.0
Houston,2016-02-26,89,36.0,Trump 1.0
Houston,2016-02-27,4,36.0,Trump 1.0
Houston,2016-02-28,8,36.0,Trump 1.0
Houston,2016-02-29,39,35.0,Trump 1.0
Houston,2016-03-01,36,35.0,Trump 1.0
Houston,2016-03-02,45,38.0,Trump 1.0
Houston,2016-03-03,47,38.0,Trump 1.0
Houston,2016-03-04,80,37.0,Trump 1.0
Houston,2016-03-05,18,39.0,Trump 1.0
Houston,2016-03-06,5,39.0,Trump 1.0
Houston,2016-03-07,71,43.0,Trump 1.0
Houston,2016-03-08,36,43.0,Trump 1.0
Houston,2016-03-09,35,42.0,Trump 1.0
Houston,2016-03-10,49,42.0,Trump 1.0
Houston,2016-03-11,85,43.0,Trump 1.0
Houston,2016-03-12,1,40.0,Trump 1.0
Houston,2016-03-14,51,47.0,Trump 1.0
Houston,2016-03-15,40,42.0,Trump 1.0
Houston,2016-03-16,43,43.0,Trump 1.0
Houston,2016-03-17,33,43.0,Trump 1.0
Houston,2016-03-18,53,44.0,Trump 1.0
Houston,2016-03-19,9,33.0,Trump 1.0
Houston,2016-03-20,4,33.0,Trump 1.0
Houston,2016-03-21,44,32.0,Trump 1.0
Houston,2016-03-22,45,33.0,Trump 1.0
Houston,2016-03-23,42,33.0,Trump 1.0
Houston,2016-03-24,44,34.0,Trump 1.0
Houston,2016-03-25,54,35.0,Trump 1.0
Houston,2016-03-26,10,35.0,Trump 1.0
Houston,2016-03-27,5,35.0,Trump 1.0
Houston,2016-03-28,41,34.0,Trump 1.0
Houston,2016-03-29,43,34.0,Trump 1.0
Houston,2016-03-30,45,35.0,Trump 1.0
Houston,2016-03-31,41,34.0,Trump 1.0
Houston,2016-04-01,63,35.0,Trump 1.0
Houston,2016-04-02,6,35.0,Trump 1.0
Houston,2016-04-03,5,35.0,Trump 1.0
Houston,2016-04-04,46,36.0,Trump 1.0
Houston,2016-04-05,29,34.0,Trump 1.0
Houston,2016-04-06,48,34.0,Trump 1.0
Houston,2016-04-07,45,35.0,Trump 1.0
Houston,2016-04-08,82,37.0,Trump 1.0
Houston,2016-04-09,9,38.0,Trump 1.0
Houston,2016-04-10,9,38.0,Trump 1.0
Houston,2016-04-11,45,38.0,Trump 1.0
Houston,2016-04-12,57,42.0,Trump 1.0
Houston,2016-04-13,53,43.0,Trump 1.0
Houston,2016-04-14,45,43.0,Trump 1.0
Houston,2016-04-15,67,41.0,Trump 1.0
Houston,2016-04-16,9,41.0,Trump 1.0
Houston,2016-04-17,10,41.0,Trump 1.0
Houston,2016-04-18,21,37.0,Trump 1.0
Houston,2016-04-19,36,34.0,Trump 1.0
Houston,2016-04-20,38,32.0,Trump 1.0
Houston,2016-04-21,54,34.0,Trump 1.0
Houston,2016-04-22,91,37.0,Trump 1.0
Houston,2016-04-23,13,38.0,Trump 1.0
Houston,2016-04-24,12,38.0,Trump 1.0
Houston,2016-04-25,40,41.0,Trump 1.0
Houston,2016-04-26,46,42.0,Trump 1.0
Houston,2016-04-27,37,42.0,Trump 1.0
Houston,2016-04-28,45,41.0,Trump 1.0
Houston,2016-04-29,64,37.0,Trump 1.0
Houston,2016-04-30,5,36.0,Trump 1.0
Houston,2016-05-01,6,35.0,Trump 1.0
Houston,2016-05-02,57,37.0,Trump 1.0
Houston,2016-05-03,57,39.0,Trump 1.0
Houston,2016-05-04,52,41.0,Trump 1.0
Houston,2016-05-05,44,41.0,Trump 1.0
Houston,2016-05-06,79,43.0,Trump 1.0
Houston,2016-05-07,7,43.0,Trump 1.0
Houston,2016-05-08,5,43.0,Trump 1.0
Houston,2016-05-09,51,42.0,Trump 1.0
Houston,2016-05-10,50,41.0,Trump 1.0
Houston,2016-05-11,57,42.0,Trump 1.0
Houston,2016-05-12,52,43.0,Trump 1.0
Houston,2016-05-13,85,44.0,Trump 1.0
Houston,2016-05-14,9,44.0,Trump 1.0
Houston,2016-05-15,3,44.0,Trump 1.0
Houston,2016-05-16,39,42.0,Trump 1.0
Houston,2016-05-17,47,42.0,Trump 1.0
Houston,2016-05-18,34,38.0,Trump 1.0
Houston,2016-05-19,37,36.0,Trump 1.0
Houston,2016-05-20,78,35.0,Trump 1.0
Houston,2016-05-21,12,36.0,Trump 1.0
Houston,2016-05-22,7,36.0,Trump 1.0
Houston,2016-05-23,48,38.0,Trump 1.0
Houston,2016-05-24,41,37.0,Trump 1.0
Houston,2016-05-25,58,40.0,Trump 1.0
Houston,2016-05-26,47,42.0,Trump 1.0
Houston,2016-05-27,74,41.0,Trump 1.0
Houston,2016-05-28,11,41.0,Trump 1.0
Houston,2016-05-29,3,40.0,Trump 1.0
Houston,2016-05-30,6,34.0,Trump 1.0
Houston,2016-05-31,25,32.0,Trump 1.0
Houston,2016-06-01,53,31.0,Trump 1.0
Houston,2016-06-02,41,30.0,Trump 1.0
Houston,2016-06-03,57,28.0,Trump 1.0
Houston,2016-06-04,12,28.0,Trump 1.0
Houston,2016-06-05,3,28.0,Trump 1.0
Houston,2016-06-06,35,32.0,Trump 1.0
Houston,2016-06-07,35,34.0,Trump 1.0
Houston,2016-06-08,40,32.0,Trump 1.0
Houston,2016-06-09,51,33.0,Trump 1.0
Houston,2016-06-10,62,34.0,Trump 1.0
Houston,2016-06-11,15,34.0,Trump 1.0
Houston,2016-06-12,7,35.0,Trump 1.0
Houston,2016-06-13,32,35.0,Trump 1.0
Houston,2016-06-14,35,35.0,Trump 1.0
Houston,2016-06-15,59,37.0,Trump 1.0
Houston,2016-06-16,43,36.0,Trump 1.0
Houston,2016-06-17,82,39.0,Trump 1.0
Houston,2016-06-18,12,39.0,Trump 1.0
Houston,2016-06-19,6,38.0,Trump 1.0
Houston,2016-06-20,58,42.0,Trump 1.0
Houston,2016-06-21,36,42.0,Trump 1.0
Houston,2016-06-22,32,38.0,Trump 1.0
Houston,2016-06-23,43,38.0,Trump 1.0
Houston,2016-06-24,41,33.0,Trump 1.0
Houston,2016-06-25,2,31.0,Trump 1.0
Houston,2016-06-26,4,31.0,Trump 1.0
Houston,2016-06-27,54,30.0,Trump 1.0
Houston,2016-06-28,49,32.0,Trump 1.0
Houston,2016-06-29,44,34.0,Trump 1.0
Houston,2016-06-30,42,34.0,Trump 1.0
Houston,2016-07-01,66,37.0,Trump 1.0
Houston,2016-07-02,20,40.0,Trump 1.0
Houston,2016-07-03,6,40.0,Trump 1.0
Houston,2016-07-04,6,33.0,Trump 1.0
Houston,2016-07-05,27,30.0,Trump 1.0
Houston,2016-07-06,42,30.0,Trump 1.0
Houston,2016-07-07,47,31.0,Trump 1.0
Houston,2016-07-08,59,30.0,Trump 1.0
Houston,2016-07-09,2,27.0,Trump 1.0
Houston,2016-07-11,51,33.0,Trump 1.0
Houston,2016-07-12,59,41.0,Trump 1.0
Houston,2016-07-13,38,43.0,Trump 1.0
Houston,2016-07-14,31,41.0,Trump 1.0
Houston,2016-07-15,47,41.0,Trump 1.0
Houston,2016-07-16,13,34.0,Trump 1.0
Houston,2016-07-17,1,34.0,Trump 1.0
Houston,2016-07-18,45,33.0,Trump 1.0
Houston,2016-07-19,36,30.0,Trump 1.0
Houston,2016-07-20,47,31.0,Trump 1.0
Houston,2016-07-21,34,32.0,Trump 1.0
Houston,2016-07-22,59,34.0,Trump 1.0
Houston,2016-07-23,8,33.0,Trump 1.0
Houston,2016-07-24,5,33.0,Trump 1.0
Houston,2016-07-25,29,31.0,Trump 1.0
Houston,2016-07-26,28,30.0,Trump 1.0
Houston,2016-07-27,44,30.0,Trump 1.0
Houston,2016-07-28,56,33.0,Trump 1.0
Houston,2016-07-29,49,31.0,Trump 1.0
Houston,2016-07-30,10,32.0,Trump 1.0
Houston,2016-07-31,9,32.0,Trump 1.0
Houston,2016-08-01,39,34.0,Trump 1.0
Houston,2016-08-02,40,35.0,Trump 1.0
Houston,2016-08-03,34,34.0,Trump 1.0
Houston,2016-08-04,50,33.0,Trump 1.0
Houston,2016-08-05,78,37.0,Trump 1.0
Houston,2016-08-06,6,37.0,Trump 1.0
Houston,2016-08-07,4,36.0,Trump 1.0
Houston,2016-08-08,47,37.0,Trump 1.0
Houston,2016-08-09,30,36.0,Trump 1.0
Houston,2016-08-10,43,37.0,Trump 1.0
Houston,2016-08-11,58,38.0,Trump 1.0
Houston,2016-08-12,55,35.0,Trump 1.0
Houston,2016-08-13,20,37.0,Trump 1.0
Houston,2016-08-14,2,36.0,Trump 1.0
Houston,2016-08-15,45,36.0,Trump 1.0
Houston,2016-08-16,49,39.0,Trump 1.0
Houston,2016-08-17,48,40.0,Trump 1.0
Houston,2016-08-18,33,36.0,Trump 1.0
Houston,2016-08-19,68,38.0,Trump 1.0
Houston,2016-08-20,9,36.0,Trump 1.0
Houston,2016-08-21,5,37.0,Trump 1.0
Houston,2016-08-22,36,35.0,Trump 1.0
Houston,2016-08-23,31,33.0,Trump 1.0
Houston,2016-08-24,41,32.0,Trump 1.0
Houston,2016-08-25,42,33.0,Trump 1.0
Houston,2016-08-26,62,32.0,Trump 1.0
Houston,2016-08-27,5,32.0,Trump 1.0
Houston,2016-08-28,7,32.0,Trump 1.0
Houston,2016-08-29,48,34.0,Trump 1.0
Houston,2016-08-30,34,34.0,Trump 1.0
Houston,2016-08-31,43,34.0,Trump 1.0
Houston,2016-09-01,45,35.0,Trump 1.0
Houston,2016-09-02,79,37.0,Trump 1.0
Houston,2016-09-03,17,39.0,Trump 1.0
Houston,2016-09-04,1,38.0,Trump 1.0
Houston,2016-09-05,6,32.0,Trump 1.0
Houston,2016-09-06,24,31.0,Trump 1.0
Houston,2016-09-07,32,29.0,Trump 1.0
Houston,2016-09-08,39,28.0,Trump 1.0
Houston,2016-09-09,58,25.0,Trump 1.0
Houston,2016-09-10,12,25.0,Trump 1.0
Houston,2016-09-11,10,26.0,Trump 1.0
Houston,2016-09-12,37,30.0,Trump 1.0
Houston,2016-09-13,32,31.0,Trump 1.0
Houston,2016-09-14,33,32.0,Trump 1.0
Houston,2016-09-15,31,30.0,Trump 1.0
Houston,2016-09-16,70,32.0,Trump 1.0
Houston,2016-09-17,8,32.0,Trump 1.0
Houston,2016-09-18,18,33.0,Trump 1.0
Houston,2016-09-19,44,34.0,Trump 1.0
Houston,2016-09-20,30,33.0,Trump 1.0
Houston,2016-09-21,46,35.0,Trump 1.0
Houston,2016-09-22,47,38.0,Trump 1.0
Houston,2016-09-23,56,36.0,Trump 1.0
Houston,2016-09-24,14,36.0,Trump 1.0
Houston,2016-09-25,7,35.0,Trump 1.0
Houston,2016-09-26,58,37.0,Trump 1.0
Houston,2016-09-27,35,38.0,Trump 1.0
Houston,2016-09-28,55,39.0,Trump 1.0
Houston,2016-09-29,49,39.0,Trump 1.0
Houston,2016-09-30,50,38.0,Trump 1.0
Houston,2016-10-01,12,38.0,Trump 1.0
Houston,2016-10-02,11,39.0,Trump 1.0
Houston,2016-10-03,27,34.0,Trump 1.0
Houston,2016-10-04,47,36.0,Trump 1.0
Houston,2016-10-05,44,34.0,Trump 1.0
Houston,2016-10-06,50,34.0,Trump 1.0
Houston,2016-10-07,62,36.0,Trump 1.0
Houston,2016-10-08,15,37.0,Trump 1.0
Houston,2016-10-09,1,35.0,Trump 1.0
Houston,2016-10-10,14,33.0,Trump 1.0
Houston,2016-10-11,49,34.0,Trump 1.0
Houston,2016-10-12,44,34.0,Trump 1.0
Houston,2016-10-13,34,31.0,Trump 1.0
Houston,2016-10-14,74,33.0,Trump 1.0
Houston,2016-10-15,7,32.0,Trump 1.0
Houston,2016-10-16,9,33.0,Trump 1.0
Houston,2016-10-17,39,37.0,Trump 1.0
Houston,2016-10-18,50,37.0,Trump 1.0
Houston,2016-10-19,41,36.0,Trump 1.0
Houston,2016-10-20,46,38.0,Trump 1.0
Houston,2016-10-21,69,37.0,Trump 1.0
Houston,2016-10-22,6,37.0,Trump 1.0
Houston,2016-10-23,5,37.0,Trump 1.0
Houston,2016-10-24,54,39.0,Trump 1.0
Houston,2016-10-25,35,37.0,Trump 1.0
Houston,2016-10-26,31,35.0,Trump 1.0
Houston,2016-10-27,40,34.0,Trump 1.0
Houston,2016-10-28,58,33.0,Trump 1.0
Houston,2016-10-29,7,33.0,Trump 1.0
Houston,2016-10-30,5,33.0,Trump 1.0
Houston,2016-10-31,33,30.0,Trump 1.0
Houston,2016-11-01,41,31.0,Trump 1.0
Houston,2016-11-02,45,33.0,Trump 1.0
Houston,2016-11-03,48,34.0,Trump 1.0
Houston,2016-11-04,65,35.0,Trump 1.0
Houston,2016-11-05,24,37.0,Trump 1.0
Houston,2016-11-06,4,37.0,Trump 1.0
Houston,2016-11-07,40,38.0,Trump 1.0
Houston,2016-11-08,44,39.0,Trump 1.0
Houston,2016-11-09,56,40.0,Trump 1.0
Houston,2016-11-10,59,42.0,Trump 1.0
Houston,2016-11-11,19,35.0,Trump 1.0
Houston,2016-11-12,10,33.0,Trump 1.0
Houston,2016-11-13,4,33.0,Trump 1.0
Houston,2016-11-14,39,33.0,Trump 1.0
Houston,2016-11-15,40,32.0,Trump 1.0
Houston,2016-11-16,45,31.0,Trump 1.0
Houston,2016-11-17,38,28.0,Trump 1.0
Houston,2016-11-18,68,35.0,Trump 1.0
Houston,2016-11-19,7,34.0,Trump 1.0
Houston,2016-11-20,6,35.0,Trump 1.0
Houston,2016-11-21,27,33.0,Trump 1.0
Houston,2016-11-22,24,31.0,Trump 1.0
Houston,2016-11-23,47,31.0,Trump 1.0
Houston,2016-11-24,9,27.0,Trump 1.0
Houston,2016-11-25,39,23.0,Trump 1.0
Houston,2016-11-26,5,22.0,Trump 1.0
Houston,2016-11-27,5,22.0,Trump 1.0
Houston,2016-11-28,26,22.0,Trump 1.0
Houston,2016-11-29,55,27.0,Trump 1.0
Houston,2016-11-30,46,26.0,Trump 1.0
Houston,2016-12-01,33,30.0,Trump 1.0
Houston,2016-12-02,61,33.0,Trump 1.0
Houston,2016-12-03,23,36.0,Trump 1.0
Houston,2016-12-04,1,35.0,Trump 1.0
Houston,2016-12-05,23,35.0,Trump 1.0
Houston,2016-12-06,39,32.0,Trump 1.0
Houston,2016-12-07,36,31.0,Trump 1.0
Houston,2016-12-08,47,33.0,Trump 1.0
Houston,2016-12-09,64,33.0,Trump 1.0
Houston,2016-12-10,11,32.0,Trump 1.0
Houston,2016-12-11,7,32.0,Trump 1.0
Houston,2016-12-12,34,34.0,Trump 1.0
Houston,2016-12-13,37,34.0,Trump 1.0
Houston,2016-12-14,59,37.0,Trump 1.0
Houston,2016-12-15,49,37.0,Trump 1.0
Houston,2016-12-16,69,38.0,Trump 1.0
Houston,2016-12-17,6,37.0,Trump 1.0
Houston,2016-12-18,9,38.0,Trump 1.0
Houston,2016-12-19,40,38.0,Trump 1.0
Houston,2016-12-20,28,37.0,Trump 1.0
Houston,2016-12-21,37,34.0,Trump 1.0
Houston,2016-12-22,24,30.0,Trump 1.0
Houston,2016-12-23,47,27.0,Trump 1.0
Houston,2016-12-24,9,28.0,Trump 1.0
Houston,2016-12-25,6,27.0,Trump 1.0
Houston,2016-12-26,4,22.0,Trump 1.0
Houston,2016-12-27,16,20.0,Trump 1.0
Houston,2016-12-28,25,19.0,Trump 1.0
Houston,2016-12-29,28,19.0,Trump 1.0
Houston,2016-12-30,40,18.0,Trump 1.0
Houston,2016-12-31,1,17.0,Trump 1.0
Houston,2017-01-01,7,17.0,Trump 1.0
Houston,2017-01-02,5,17.0,Trump 1.0
Houston,2017-01-03,35,20.0,Trump 1.0
Houston,2017-01-04,45,23.0,Trump 1.0
Houston,2017-01-05,40,25.0,Trump 1.0
Houston,2017-01-06,60,28.0,Trump 1.0
Houston,2017-01-07,7,28.0,Trump 1.0
Houston,2017-01-08,3,28.0,Trump 1.0
Houston,2017-01-09,37,32.0,Trump 1.0
Houston,2017-01-10,47,34.0,Trump 1.0
Houston,2017-01-11,43,34.0,Trump 1.0
Houston,2017-01-12,46,35.0,Trump 1.0
Houston,2017-01-13,63,35.0,Trump 1.0
Houston,2017-01-14,16,36.0,Trump 1.0
Houston,2017-01-15,7,37.0,Trump 1.0
Houston,2017-01-16,7,33.0,Trump 1.0
Houston,2017-01-17,26,30.0,Trump 1.0
Houston,2017-01-18,43,30.0,Trump 1.0
Houston,2017-01-19,34,28.0,Trump 1.0
Houston,2017-01-20,64,28.0,Trump 1.0
Houston,2017-01-21,13,28.0,Trump 1.0
Houston,2017-01-22,3,27.0,Trump 1.0
Houston,2017-01-23,53,34.0,Trump 1.0
Houston,2017-01-24,40,36.0,Trump 1.0
Houston,2017-01-25,53,37.0,Trump 1.0
Houston,2017-01-26,39,38.0,Trump 1.0
Houston,2017-01-27,43,35.0,Trump 1.0
Houston,2017-01-28,16,35.0,Trump 1.0
Houston,2017-01-29,2,35.0,Trump 1.0
Houston,2017-01-30,53,35.0,Trump 1.0
Houston,2017-01-31,25,33.0,Trump 1.0
Houston,2017-02-01,45,32.0,Trump 1.0
Houston,2017-02-02,40,32.0,Trump 1.0
Houston,2017-02-03,57,34.0,Trump 1.0
Houston,2017-02-04,13,34.0,Trump 1.0
Houston,2017-02-05,9,35.0,Trump 1.0
Houston,2017-02-06,54,35.0,Trump 1.0
Houston,2017-02-07,44,37.0,Trump 1.0
Houston,2017-02-08,47,38.0,Trump 1.0
Houston,2017-02-09,35,37.0,Trump 1.0
Houston,2017-02-10,41,35.0,Trump 1.0
Houston,2017-02-11,12,35.0,Trump 1.0
Houston,2017-02-12,12,35.0,Trump 1.0
Houston,2017-02-13,41,33.0,Trump 1.0
Houston,2017-02-14,58,35.0,Trump 1.0
Houston,2017-02-15,56,36.0,Trump 1.0
Houston,2017-02-16,42,37.0,Trump 1.0
Houston,2017-02-17,58,40.0,Trump 1.0
Houston,2017-02-18,12,40.0,Trump 1.0
Houston,2017-02-19,6,39.0,Trump 1.0
Houston,2017-02-20,3,34.0,Trump 1.0
Houston,2017-02-21,47,32.0,Trump 1.0
Houston,2017-02-22,56,32.0,Trump 1.0
Houston,2017-02-23,54,34.0,Trump 1.0
Houston,2017-02-24,63,34.0,Trump 1.0
Houston,2017-02-25,13,35.0,Trump 1.0
Houston,2017-02-26,5,34.0,Trump 1.0
Houston,2017-02-27,41,40.0,Trump 1.0
Houston,2017-02-28,44,39.0,Trump 1.0
Houston,2017-03-01,50,39.0,Trump 1.0
Houston,2017-03-02,51,38.0,Trump 1.0
Houston,2017-03-03,55,37.0,Trump 1.0
Houston,2017-03-04,23,38.0,Trump 1.0
Houston,2017-03-05,15,40.0,Trump 1.0
Houston,2017-03-06,47,41.0,Trump 1.0
Houston,2017-03-07,29,39.0,Trump 1.0
Houston,2017-03-08,57,40.0,Trump 1.0
Houston,2017-03-09,56,40.0,Trump 1.0
Houston,2017-03-10,79,44.0,Trump 1.0
Houston,2017-03-11,22,44.0,Trump 1.0
Houston,2017-03-12,7,42.0,Trump 1.0
Houston,2017-03-13,45,42.0,Trump 1.0
Houston,2017-03-14,39,44.0,Trump 1.0
Houston,2017-03-15,36,41.0,Trump 1.0
Houston,2017-03-16,51,40.0,Trump 1.0
Houston,2017-03-17,54,36.0,Trump 1.0
Houston,2017-03-18,16,35.0,Trump 1.0
Houston,2017-03-19,13,36.0,Trump 1.0
Houston,2017-03-20,44,36.0,Trump 1.0
Houston,2017-03-21,43,37.0,Trump 1.0
Houston,2017-03-22,57,40.0,Trump 1.0
Houston,2017-03-23,51,40.0,Trump 1.0
Houston,2017-03-24,63,41.0,Trump 1.0
Houston,2017-03-25,27,43.0,Trump 1.0
Houston,2017-03-26,1,41.0,Trump 1.0
Houston,2017-03-27,48,41.0,Trump 1.0
Houston,2017-03-28,49,42.0,Trump 1.0
Houston,2017-03-29,66,44.0,Trump 1.0
Houston,2017-03-30,65,46.0,Trump 1.0
Houston,2017-03-31,72,47.0,Trump 1.0
Houston,2017-04-01,20,46.0,Trump 1.0
Houston,2017-04-02,12,47.0,Trump 1.0
Houston,2017-04-03,37,46.0,Trump 1.0
Houston,2017-04-04,46,45.0,Trump 1.0
Houston,2017-04-05,39,42.0,Trump 1.0
Houston,2017-04-06,49,39.0,Trump 1.0
Houston,2017-04-07,71,39.0,Trump 1.0
Houston,2017-04-08,15,38.0,Trump 1.0
Houston,2017-04-09,6,38.0,Trump 1.0
Houston,2017-04-10,33,37.0,Trump 1.0
Houston,2017-04-11,48,37.0,Trump 1.0
Houston,2017-04-12,58,40.0,Trump 1.0
Houston,2017-04-13,41,39.0,Trump 1.0
Houston,2017-04-14,43,35.0,Trump 1.0
Houston,2017-04-15,13,35.0,Trump 1.0
Houston,2017-04-16,6,35.0,Trump 1.0
Houston,2017-04-17,53,37.0,Trump 1.0
Houston,2017-04-18,59,39.0,Trump 1.0
Houston,2017-04-19,65,40.0,Trump 1.0
Houston,2017-04-20,53,42.0,Trump 1.0
Houston,2017-04-21,87,48.0,Trump 1.0
Houston,2017-04-22,24,50.0,Trump 1.0
Houston,2017-04-23,7,50.0,Trump 1.0
Houston,2017-04-24,67,52.0,Trump 1.0
Houston,2017-04-25,49,50.0,Trump 1.0
Houston,2017-04-26,48,48.0,Trump 1.0
Houston,2017-04-27,57,48.0,Trump 1.0
Houston,2017-04-28,62,45.0,Trump 1.0
Houston,2017-04-29,12,43.0,Trump 1.0
Houston,2017-04-30,10,44.0,Trump 1.0
Houston,2017-05-01,42,40.0,Trump 1.0
Houston,2017-05-02,45,39.0,Trump 1.0
Houston,2017-05-03,55,40.0,Trump 1.0
Houston,2017-05-04,53,40.0,Trump 1.0
Houston,2017-05-05,66,40.0,Trump 1.0
Houston,2017-05-06,14,41.0,Trump 1.0
Houston,2017-05-07,11,41.0,Trump 1.0
Houston,2017-05-08,32,39.0,Trump 1.0
Houston,2017-05-09,38,38.0,Trump 1.0
Houston,2017-05-10,40,36.0,Trump 1.0
Houston,2017-05-11,62,38.0,Trump 1.0
Houston,2017-05-12,59,37.0,Trump 1.0
Houston,2017-05-13,17,37.0,Trump 1.0
Houston,2017-05-14,9,37.0,Trump 1.0
Houston,2017-05-15,39,38.0,Trump 1.0
Houston,2017-05-16,39,38.0,Trump 1.0
Houston,2017-05-17,42,38.0,Trump 1.0
Houston,2017-05-18,79,41.0,Trump 1.0
Houston,2017-05-19,58,40.0,Trump 1.0
Houston,2017-05-20,21,41.0,Trump 1.0
Houston,2017-05-21,6,41.0,Trump 1.0
Houston,2017-05-22,33,40.0,Trump 1.0
Houston,2017-05-23,61,43.0,Trump 1.0
Houston,2017-05-24,58,45.0,Trump 1.0
Houston,2017-05-25,43,40.0,Trump 1.0
Houston,2017-05-26,57,40.0,Trump 1.0
Houston,2017-05-27,23,40.0,Trump 1.0
Houston,2017-05-28,9,41.0,Trump 1.0
Houston,2017-05-29,18,38.0,Trump 1.0
Houston,2017-05-30,40,35.0,Trump 1.0
Houston,2017-05-31,70,37.0,Trump 1.0
Houston,2017-06-01,45,37.0,Trump 1.0
Houston,2017-06-02,67,39.0,Trump 1.0
Houston,2017-06-03,18,38.0,Trump 1.0
Houston,2017-06-04,10,38.0,Trump 1.0
Houston,2017-06-05,51,43.0,Trump 1.0
Houston,2017-06-06,50,44.0,Trump 1.0
Houston,2017-06-07,51,42.0,Trump 1.0
Houston,2017-06-08,53,43.0,Trump 1.0
Houston,2017-06-09,56,41.0,Trump 1.0
Houston,2017-06-10,28,43.0,Trump 1.0
Houston,2017-06-11,6,42.0,Trump 1.0
Houston,2017-06-12,28,39.0,Trump 1.0
Houston,2017-06-13,43,38.0,Trump 1.0
Houston,2017-06-14,47,37.0,Trump 1.0
Houston,2017-06-15,46,36.0,Trump 1.0
Houston,2017-06-16,54,36.0,Trump 1.0
Houston,2017-06-17,25,36.0,Trump 1.0
Houston,2017-06-18,12,36.0,Trump 1.0
Houston,2017-06-19,61,41.0,Trump 1.0
Houston,2017-06-20,49,42.0,Trump 1.0
Houston,2017-06-21,62,44.0,Trump 1.0
Houston,2017-06-22,54,45.0,Trump 1.0
Houston,2017-06-23,54,45.0,Trump 1.0
Houston,2017-06-24,16,44.0,Trump 1.0
Houston,2017-06-25,14,44.0,Trump 1.0
Houston,2017-06-26,43,42.0,Trump 1.0
Houston,2017-06-27,56,43.0,Trump 1.0
Houston,2017-06-28,78,45.0,Trump 1.0
Houston,2017-06-29,47,44.0,Trump 1.0
Houston,2017-06-30,78,47.0,Trump 1.0
Houston,2017-07-01,20,48.0,Trump 1.0
Houston,2017-07-02,10,47.0,Trump 1.0
Houston,2017-07-03,53,49.0,Trump 1.0
Houston,2017-07-04,27,45.0,Trump 1.0
Houston,2017-07-05,31,38.0,Trump 1.0
Houston,2017-07-06,38,37.0,Trump 1.0
Houston,2017-07-07,71,36.0,Trump 1.0
Houston,2017-07-08,20,36.0,Trump 1.0
Houston,2017-07-09,3,35.0,Trump 1.0
Houston,2017-07-10,51,34.0,Trump 1.0
Houston,2017-07-11,53,38.0,Trump 1.0
Houston,2017-07-12,67,43.0,Trump 1.0
Houston,2017-07-13,75,49.0,Trump 1.0
Houston,2017-07-14,60,47.0,Trump 1.0
Houston,2017-07-15,17,47.0,Trump 1.0
Houston,2017-07-16,16,48.0,Trump 1.0
Houston,2017-07-17,42,47.0,Trump 1.0
Houston,2017-07-18,58,48.0,Trump 1.0
Houston,2017-07-19,44,45.0,Trump 1.0
Houston,2017-07-20,49,41.0,Trump 1.0
Houston,2017-07-21,53,40.0,Trump 1.0
Houston,2017-07-22,21,40.0,Trump 1.0
Houston,2017-07-23,10,40.0,Trump 1.0
Houston,2017-07-24,46,40.0,Trump 1.0
Houston,2017-07-25,60,40.0,Trump 1.0
Houston,2017-07-26,54,42.0,Trump 1.0
Houston,2017-07-27,50,42.0,Trump 1.0
Houston,2017-07-28,45,41.0,Trump 1.0
Houston,2017-07-29,18,40.0,Trump 1.0
Houston,2017-07-30,8,40.0,Trump 1.0
Houston,2017-07-31,43,40.0,Trump 1.0
Houston,2017-08-01,57,39.0,Trump 1.0
Houston,2017-08-02,47,38.0,Trump 1.0
Houston,2017-08-03,42,37.0,Trump 1.0
Houston,2017-08-04,53,38.0,Trump 1.0
Houston,2017-08-05,26,39.0,Trump 1.0
Houston,2017-08-06,6,39.0,Trump 1.0
Houston,2017-08-07,54,41.0,Trump 1.0
Houston,2017-08-08,56,41.0,Trump 1.0
Houston,2017-08-09,70,44.0,Trump 1.0
Houston,2017-08-10,33,43.0,Trump 1.0
Houston,2017-08-11,60,44.0,Trump 1.0
Houston,2017-08-12,19,43.0,Trump 1.0
Houston,2017-08-13,9,43.0,Trump 1.0
Houston,2017-08-14,46,42.0,Trump 1.0
Houston,2017-08-15,59,42.0,Trump 1.0
Houston,2017-08-16,65,42.0,Trump 1.0
Houston,2017-08-17,37,42.0,Trump 1.0
Houston,2017-08-18,54,41.0,Trump 1.0
Houston,2017-08-19,10,40.0,Trump 1.0
Houston,2017-08-20,14,41.0,Trump 1.0
Houston,2017-08-21,34,39.0,Trump 1.0
Houston,2017-08-22,48,37.0,Trump 1.0
Houston,2017-08-23,68,38.0,Trump 1.0
Houston,2017-08-24,30,37.0,Trump 1.0
Houston,2017-08-25,62,38.0,Trump 1.0
Houston,2017-08-29,8,38.0,Trump 1.0
Houston,2017-08-31,1,36.0,Trump 1.0
Houston,2017-09-01,21,34.0,Trump 1.0
Houston,2017-09-02,1,27.0,Trump 1.0
Houston,2017-09-04,9,19.0,Trump 1.0
Houston,2017-09-05,63,24.0,Trump 1.0
Houston,2017-09-06,38,20.0,Trump 1.0
Houston,2017-09-07,40,25.0,Trump 1.0
Houston,2017-09-08,44,31.0,Trump 1.0
Houston,2017-09-09,12,30.0,Trump 1.0
Houston,2017-09-10,7,30.0,Trump 1.0
Houston,2017-09-11,41,35.0,Trump 1.0
Houston,2017-09-12,55,34.0,Trump 1.0
Houston,2017-09-13,53,36.0,Trump 1.0
Houston,2017-09-14,47,37.0,Trump 1.0
Houston,2017-09-15,44,37.0,Trump 1.0
Houston,2017-09-16,19,38.0,Trump 1.0
Houston,2017-09-17,9,38.0,Trump 1.0
Houston,2017-09-18,53,40.0,Trump 1.0
Houston,2017-09-19,37,37.0,Trump 1.0
Houston,2017-09-20,63,39.0,Trump 1.0
Houston,2017-09-21,46,39.0,Trump 1.0
Houston,2017-09-22,43,39.0,Trump 1.0
Houston,2017-09-23,18,38.0,Trump 1.0
Houston,2017-09-24,5,38.0,Trump 1.0
Houston,2017-09-25,45,37.0,Trump 1.0
Houston,2017-09-26,43,38.0,Trump 1.0
Houston,2017-09-27,52,36.0,Trump 1.0
Houston,2017-09-28,35,34.0,Trump 1.0
Houston,2017-09-29,64,37.0,Trump 1.0
Houston,2017-09-30,20,38.0,Trump 1.0
Houston,2017-10-01,14,39.0,Trump 1.0
Houston,2017-10-02,35,38.0,Trump 1.0
Houston,2017-10-03,65,41.0,Trump 1.0
Houston,2017-10-04,63,42.0,Trump 1.0
Houston,2017-10-05,40,43.0,Trump 1.0
Houston,2017-10-06,52,41.0,Trump 1.0
Houston,2017-10-07,23,42.0,Trump 1.0
Houston,2017-10-08,15,42.0,Trump 1.0
Houston,2017-10-09,15,39.0,Trump 1.0
Houston,2017-10-10,61,38.0,Trump 1.0
Houston,2017-10-11,51,37.0,Trump 1.0
Houston,2017-10-12,50,38.0,Trump 1.0
Houston,2017-10-13,79,42.0,Trump 1.0
Houston,2017-10-14,21,42.0,Trump 1.0
Houston,2017-10-15,8,41.0,Trump 1.0
Houston,2017-10-16,43,45.0,Trump 1.0
Houston,2017-10-17,77,47.0,Trump 1.0
Houston,2017-10-18,52,47.0,Trump 1.0
Houston,2017-10-19,56,48.0,Trump 1.0
Houston,2017-10-20,58,45.0,Trump 1.0
Houston,2017-10-21,17,44.0,Trump 1.0
Houston,2017-10-22,8,44.0,Trump 1.0
Houston,2017-10-23,44,45.0,Trump 1.0
Houston,2017-10-24,58,42.0,Trump 1.0
Houston,2017-10-25,60,43.0,Trump 1.0
Houston,2017-10-26,44,41.0,Trump 1.0
Houston,2017-10-27,48,40.0,Trump 1.0
Houston,2017-10-28,24,41.0,Trump 1.0
Houston,2017-10-29,10,41.0,Trump 1.0
Houston,2017-10-30,33,40.0,Trump 1.0
Houston,2017-10-31,33,36.0,Trump 1.0
Houston,2017-11-01,47,34.0,Trump 1.0
Houston,2017-11-02,47,35.0,Trump 1.0
Houston,2017-11-03,64,37.0,Trump 1.0
Houston,2017-11-04,11,35.0,Trump 1.0
Houston,2017-11-05,9,35.0,Trump 1.0
Houston,2017-11-06,38,36.0,Trump 1.0
Houston,2017-11-07,65,40.0,Trump 1.0
Houston,2017-11-08,54,41.0,Trump 1.0
Houston,2017-11-09,63,43.0,Trump 1.0
Houston,2017-11-10,38,40.0,Trump 1.0
Houston,2017-11-11,20,41.0,Trump 1.0
Houston,2017-11-12,7,41.0,Trump 1.0
Houston,2017-11-13,35,40.0,Trump 1.0
Houston,2017-11-14,47,38.0,Trump 1.0
Houston,2017-11-15,52,37.0,Trump 1.0
Houston,2017-11-16,32,33.0,Trump 1.0
Houston,2017-11-17,41,33.0,Trump 1.0
Houston,2017-11-18,22,34.0,Trump 1.0
Houston,2017-11-19,10,34.0,Trump 1.0
Houston,2017-11-20,32,34.0,Trump 1.0
Houston,2017-11-21,42,33.0,Trump 1.0
Houston,2017-11-22,43,32.0,Trump 1.0
Houston,2017-11-23,17,30.0,Trump 1.0
Houston,2017-11-24,22,27.0,Trump 1.0
Houston,2017-11-25,10,25.0,Trump 1.0
Houston,2017-11-26,12,25.0,Trump 1.0
Houston,2017-11-27,45,27.0,Trump 1.0
Houston,2017-11-28,44,28.0,Trump 1.0
Houston,2017-11-29,44,28.0,Trump 1.0
Houston,2017-11-30,43,31.0,Trump 1.0
Houston,2017-12-01,45,35.0,Trump 1.0
Houston,2017-12-02,20,36.0,Trump 1.0
Houston,2017-12-03,3,35.0,Trump 1.0
Houston,2017-12-04,47,35.0,Trump 1.0
Houston,2017-12-05,65,38.0,Trump 1.0
Houston,2017-12-06,60,40.0,Trump 1.0
Houston,2017-12-07,53,42.0,Trump 1.0
Houston,2017-12-08,55,43.0,Trump 1.0
Houston,2017-12-09,11,42.0,Trump 1.0
Houston,2017-12-10,9,43.0,Trump 1.0
Houston,2017-12-11,58,44.0,Trump 1.0
Houston,2017-12-12,54,43.0,Trump 1.0
Houston,2017-12-13,55,42.0,Trump 1.0
Houston,2017-12-14,52,42.0,Trump 1.0
Houston,2017-12-15,37,39.0,Trump 1.0
Houston,2017-12-16,10,39.0,Trump 1.0
Houston,2017-12-17,7,39.0,Trump 1.0
Houston,2017-12-18,38,36.0,Trump 1.0
Houston,2017-12-19,43,35.0,Trump 1.0
Houston,2017-12-20,53,34.0,Trump 1.0
Houston,2017-12-21,48,34.0,Trump 1.0
Houston,2017-12-22,48,35.0,Trump 1.0
Houston,2017-12-23,24,37.0,Trump 1.0
Houston,2017-12-24,9,38.0,Trump 1.0
Houston,2017-12-25,15,34.0,Trump 1.0
Houston,2017-12-26,32,33.0,Trump 1.0
Houston,2017-12-27,45,32.0,Trump 1.0
Houston,2017-12-28,28,29.0,Trump 1.0
Houston,2017-12-29,46,28.0,Trump 1.0
Houston,2017-12-30,10,26.0,Trump 1.0
Houston,2017-12-31,3,26.0,Trump 1.0
Houston,2018-01-01,13,25.0,Trump 1.0
Houston,2018-01-02,24,24.0,Trump 1.0
Houston,2018-01-03,54,25.0,Trump 1.0
Houston,2018-01-04,27,25.0,Trump 1.0
Houston,2018-01-05,51,26.0,Trump 1.0
Houston,2018-01-06,25,28.0,Trump 1.0
Houston,2018-01-07,8,29.0,Trump 1.0
Houston,2018-01-08,68,37.0,Trump 1.0
Houston,2018-01-09,56,41.0,Trump 1.0
Houston,2018-01-10,40,39.0,Trump 1.0
Houston,2018-01-11,46,42.0,Trump 1.0
Houston,2018-01-12,76,46.0,Trump 1.0
Houston,2018-01-13,19,45.0,Trump 1.0
Houston,2018-01-14,5,44.0,Trump 1.0
Houston,2018-01-15,32,39.0,Trump 1.0
Houston,2018-01-16,13,33.0,Trump 1.0
Houston,2018-01-17,6,28.0,Trump 1.0
Houston,2018-01-18,63,31.0,Trump 1.0
Houston,2018-01-19,57,28.0,Trump 1.0
Houston,2018-01-20,25,29.0,Trump 1.0
Houston,2018-01-21,10,29.0,Trump 1.0
Houston,2018-01-22,36,30.0,Trump 1.0
Houston,2018-01-23,72,38.0,Trump 1.0
Houston,2018-01-24,55,45.0,Trump 1.0
Houston,2018-01-25,32,41.0,Trump 1.0
Houston,2018-01-26,75,44.0,Trump 1.0
Houston,2018-01-27,20,43.0,Trump 1.0
Houston,2018-01-28,5,42.0,Trump 1.0
Houston,2018-01-29,62,46.0,Trump 1.0
Houston,2018-01-30,54,43.0,Trump 1.0
Houston,2018-01-31,58,44.0,Trump 1.0
Houston,2018-02-01,44,45.0,Trump 1.0
Houston,2018-02-02,54,42.0,Trump 1.0
Houston,2018-02-03,18,42.0,Trump 1.0
Houston,2018-02-04,11,43.0,Trump 1.0
Houston,2018-02-05,54,42.0,Trump 1.0
Houston,2018-02-06,43,40.0,Trump 1.0
Houston,2018-02-07,69,42.0,Trump 1.0
Houston,2018-02-08,51,43.0,Trump 1.0
Houston,2018-02-09,60,44.0,Trump 1.0
Houston,2018-02-10,17,44.0,Trump 1.0
Houston,2018-02-11,9,43.0,Trump 1.0
Houston,2018-02-12,58,44.0,Trump 1.0
Houston,2018-02-13,49,45.0,Trump 1.0
Houston,2018-02-14,50,42.0,Trump 1.0
Houston,2018-02-15,62,44.0,Trump 1.0
Houston,2018-02-16,80,46.0,Trump 1.0
Houston,2018-02-17,26,48.0,Trump 1.0
Houston,2018-02-18,9,48.0,Trump 1.0
Houston,2018-02-19,22,43.0,Trump 1.0
Houston,2018-02-20,59,44.0,Trump 1.0
Houston,2018-02-21,52,44.0,Trump 1.0
Houston,2018-02-22,58,44.0,Trump 1.0
Houston,2018-02-23,46,39.0,Trump 1.0
Houston,2018-02-24,19,38.0,Trump 1.0
Houston,2018-02-25,11,38.0,Trump 1.0
Houston,2018-02-26,66,44.0,Trump 1.0
Houston,2018-02-27,63,45.0,Trump 1.0
Houston,2018-02-28,58,46.0,Trump 1.0
Houston,2018-03-01,62,46.0,Trump 1.0
Houston,2018-03-02,88,52.0,Trump 1.0
Houston,2018-03-03,24,53.0,Trump 1.0
Houston,2018-03-04,8,53.0,Trump 1.0
Houston,2018-03-05,43,49.0,Trump 1.0
Houston,2018-03-06,63,49.0,Trump 1.0
Houston,2018-03-07,61,50.0,Trump 1.0
Houston,2018-03-08,48,48.0,Trump 1.0
Houston,2018-03-09,52,43.0,Trump 1.0
Houston,2018-03-10,30,44.0,Trump 1.0
Houston,2018-03-11,9,44.0,Trump 1.0
Houston,2018-03-12,54,45.0,Trump 1.0
Houston,2018-03-13,46,43.0,Trump 1.0
Houston,2018-03-14,40,40.0,Trump 1.0
Houston,2018-03-15,48,40.0,Trump 1.0
Houston,2018-03-16,39,38.0,Trump 1.0
Houston,2018-03-17,12,35.0,Trump 1.0
Houston,2018-03-18,8,35.0,Trump 1.0
Houston,2018-03-19,29,32.0,Trump 1.0
Houston,2018-03-20,75,36.0,Trump 1.0
Houston,2018-03-21,52,38.0,Trump 1.0
Houston,2018-03-22,38,36.0,Trump 1.0
Houston,2018-03-23,50,38.0,Trump 1.0
Houston,2018-03-24,16,38.0,Trump 1.0
Houston,2018-03-25,6,38.0,Trump 1.0
Houston,2018-03-26,42,40.0,Trump 1.0
Houston,2018-03-27,63,38.0,Trump 1.0
Houston,2018-03-28,60,39.0,Trump 1.0
Houston,2018-03-29,50,41.0,Trump 1.0
Houston,2018-03-30,38,39.0,Trump 1.0
Houston,2018-03-31,12,39.0,Trump 1.0
Houston,2018-04-01,10,39.0,Trump 1.0
Houston,2018-04-02,32,38.0,Trump 1.0
Houston,2018-04-03,52,36.0,Trump 1.0
Houston,2018-04-04,48,35.0,Trump 1.0
Houston,2018-04-05,83,39.0,Trump 1.0
Houston,2018-04-06,76,45.0,Trump 1.0
Houston,2018-04-07,22,46.0,Trump 1.0
Houston,2018-04-08,5,45.0,Trump 1.0
Houston,2018-04-09,54,49.0,Trump 1.0
Houston,2018-04-10,55,49.0,Trump 1.0
Houston,2018-04-11,58,50.0,Trump 1.0
Houston,2018-04-12,67,48.0,Trump 1.0
Houston,2018-04-13,71,47.0,Trump 1.0
Houston,2018-04-14,13,46.0,Trump 1.0
Houston,2018-04-15,8,47.0,Trump 1.0
Houston,2018-04-16,36,44.0,Trump 1.0
Houston,2018-04-17,65,45.0,Trump 1.0
Houston,2018-04-18,64,46.0,Trump 1.0
Houston,2018-04-19,53,44.0,Trump 1.0
Houston,2018-04-20,62,43.0,Trump 1.0
Houston,2018-04-21,18,44.0,Trump 1.0
Houston,2018-04-22,13,44.0,Trump 1.0
Houston,2018-04-23,47,46.0,Trump 1.0
Houston,2018-04-24,60,45.0,Trump 1.0
Houston,2018-04-25,57,44.0,Trump 1.0
Houston,2018-04-26,53,44.0,Trump 1.0
Houston,2018-04-27,48,42.0,Trump 1.0
Houston,2018-04-28,16,42.0,Trump 1.0
Houston,2018-04-29,11,42.0,Trump 1.0
Houston,2018-04-30,50,42.0,Trump 1.0
Houston,2018-05-01,53,41.0,Trump 1.0
Houston,2018-05-02,69,43.0,Trump 1.0
Houston,2018-05-03,37,41.0,Trump 1.0
Houston,2018-05-04,68,43.0,Trump 1.0
Houston,2018-05-05,18,44.0,Trump 1.0
Houston,2018-05-06,9,43.0,Trump 1.0
Houston,2018-05-07,71,46.0,Trump 1.0
Houston,2018-05-08,67,48.0,Trump 1.0
Houston,2018-05-09,82,50.0,Trump 1.0
Houston,2018-05-10,52,52.0,Trump 1.0
Houston,2018-05-11,118,60.0,Trump 1.0
Houston,2018-05-12,36,62.0,Trump 1.0
Houston,2018-05-13,29,65.0,Trump 1.0
Houston,2018-05-14,67,64.0,Trump 1.0
Houston,2018-05-15,75,66.0,Trump 1.0
Houston,2018-05-16,48,61.0,Trump 1.0
Houston,2018-05-17,47,60.0,Trump 1.0
Houston,2018-05-18,62,52.0,Trump 1.0
Houston,2018-05-19,27,51.0,Trump 1.0
Houston,2018-05-20,23,50.0,Trump 1.0
Houston,2018-05-21,39,46.0,Trump 1.0
Houston,2018-05-22,58,43.0,Trump 1.0
Houston,2018-05-23,51,44.0,Trump 1.0
Houston,2018-05-24,50,44.0,Trump 1.0
Houston,2018-05-25,60,44.0,Trump 1.0
Houston,2018-05-26,19,43.0,Trump 1.0
Houston,2018-05-27,12,41.0,Trump 1.0
Houston,2018-05-28,34,41.0,Trump 1.0
Houston,2018-05-29,40,38.0,Trump 1.0
Houston,2018-05-30,58,39.0,Trump 1.0
Houston,2018-05-31,43,38.0,Trump 1.0
Houston,2018-06-01,75,40.0,Trump 1.0
Houston,2018-06-02,28,41.0,Trump 1.0
Houston,2018-06-03,17,42.0,Trump 1.0
Houston,2018-06-04,49,44.0,Trump 1.0
Houston,2018-06-05,75,49.0,Trump 1.0
Houston,2018-06-06,80,52.0,Trump 1.0
Houston,2018-06-07,43,52.0,Trump 1.0
Houston,2018-06-08,60,50.0,Trump 1.0
Houston,2018-06-09,35,51.0,Trump 1.0
Houston,2018-06-10,12,51.0,Trump 1.0
Houston,2018-06-11,54,51.0,Trump 1.0
Houston,2018-06-12,55,48.0,Trump 1.0
Houston,2018-06-13,77,48.0,Trump 1.0
Houston,2018-06-14,48,49.0,Trump 1.0
Houston,2018-06-15,58,48.0,Trump 1.0
Houston,2018-06-16,15,46.0,Trump 1.0
Houston,2018-06-17,12,46.0,Trump 1.0
Houston,2018-06-18,32,42.0,Trump 1.0
Houston,2018-06-19,50,42.0,Trump 1.0
Houston,2018-06-20,41,37.0,Trump 1.0
Houston,2018-06-21,42,36.0,Trump 1.0
Houston,2018-06-22,35,32.0,Trump 1.0
Houston,2018-06-23,22,33.0,Trump 1.0
Houston,2018-06-24,6,33.0,Trump 1.0
Houston,2018-06-25,33,33.0,Trump 1.0
Houston,2018-06-26,50,33.0,Trump 1.0
Houston,2018-06-27,41,33.0,Trump 1.0
Houston,2018-06-28,47,33.0,Trump 1.0
Houston,2018-06-29,37,34.0,Trump 1.0
Houston,2018-06-30,26,34.0,Trump 1.0
Houston,2018-07-01,7,34.0,Trump 1.0
Houston,2018-07-02,31,34.0,Trump 1.0
Houston,2018-07-03,43,33.0,Trump 1.0
Houston,2018-07-04,15,29.0,Trump 1.0
Houston,2018-07-05,43,29.0,Trump 1.0
Houston,2018-07-06,39,29.0,Trump 1.0
Houston,2018-07-07,20,28.0,Trump 1.0
Houston,2018-07-08,7,28.0,Trump 1.0
Houston,2018-07-09,35,29.0,Trump 1.0
Houston,2018-07-10,45,29.0,Trump 1.0
Houston,2018-07-11,37,32.0,Trump 1.0
Houston,2018-07-12,36,31.0,Trump 1.0
Houston,2018-07-13,36,31.0,Trump 1.0
Houston,2018-07-14,17,30.0,Trump 1.0
Houston,2018-07-15,4,30.0,Trump 1.0
Houston,2018-07-16,48,32.0,Trump 1.0
Houston,2018-07-17,47,32.0,Trump 1.0
Houston,2018-07-18,38,32.0,Trump 1.0
Houston,2018-07-19,31,32.0,Trump 1.0
Houston,2018-07-20,38,32.0,Trump 1.0
Houston,2018-07-21,20,32.0,Trump 1.0
Houston,2018-07-22,12,33.0,Trump 1.0
Houston,2018-07-23,22,30.0,Trump 1.0
Houston,2018-07-24,44,29.0,Trump 1.0
Houston,2018-07-25,31,28.0,Trump 1.0
Houston,2018-07-26,24,27.0,Trump 1.0
Houston,2018-07-27,37,27.0,Trump 1.0
Houston,2018-07-28,22,27.0,Trump 1.0
Houston,2018-07-29,9,27.0,Trump 1.0
Houston,2018-07-30,37,29.0,Trump 1.0
Houston,2018-07-31,33,28.0,Trump 1.0
Houston,2018-08-01,33,28.0,Trump 1.0
Houston,2018-08-02,31,29.0,Trump 1.0
Houston,2018-08-03,31,28.0,Trump 1.0
Houston,2018-08-04,14,27.0,Trump 1.0
Houston,2018-08-05,10,27.0,Trump 1.0
Houston,2018-08-06,34,27.0,Trump 1.0
Houston,2018-08-07,52,29.0,Trump 1.0
Houston,2018-08-08,44,31.0,Trump 1.0
Houston,2018-08-09,42,32.0,Trump 1.0
Houston,2018-08-10,33,33.0,Trump 1.0
Houston,2018-08-11,14,33.0,Trump 1.0
Houston,2018-08-12,4,32.0,Trump 1.0
Houston,2018-08-13,43,33.0,Trump 1.0
Houston,2018-08-14,59,34.0,Trump 1.0
Houston,2018-08-15,45,34.0,Trump 1.0
Houston,2018-08-16,46,35.0,Trump 1.0
Houston,2018-08-17,40,36.0,Trump 1.0
Houston,2018-08-18,13,36.0,Trump 1.0
Houston,2018-08-19,6,36.0,Trump 1.0
Houston,2018-08-20,32,34.0,Trump 1.0
Houston,2018-08-21,48,33.0,Trump 1.0
Houston,2018-08-22,50,34.0,Trump 1.0
Houston,2018-08-23,33,32.0,Trump 1.0
Houston,2018-08-24,45,32.0,Trump 1.0
Houston,2018-08-25,18,33.0,Trump 1.0
Houston,2018-08-26,12,34.0,Trump 1.0
Houston,2018-08-27,47,36.0,Trump 1.0
Houston,2018-08-28,50,36.0,Trump 1.0
Houston,2018-08-29,49,36.0,Trump 1.0
Houston,2018-08-30,39,37.0,Trump 1.0
Houston,2018-08-31,45,37.0,Trump 1.0
Houston,2018-09-01,16,37.0,Trump 1.0
Houston,2018-09-02,2,35.0,Trump 1.0
Houston,2018-09-03,30,33.0,Trump 1.0
Houston,2018-09-04,37,31.0,Trump 1.0
Houston,2018-09-05,33,29.0,Trump 1.0
Houston,2018-09-06,37,29.0,Trump 1.0
Houston,2018-09-07,38,28.0,Trump 1.0
Houston,2018-09-08,21,28.0,Trump 1.0
Houston,2018-09-09,4,29.0,Trump 1.0
Houston,2018-09-10,34,29.0,Trump 1.0
Houston,2018-09-11,47,31.0,Trump 1.0
Houston,2018-09-12,32,30.0,Trump 1.0
Houston,2018-09-13,38,31.0,Trump 1.0
Houston,2018-09-14,40,31.0,Trump 1.0
Houston,2018-09-15,12,30.0,Trump 1.0
Houston,2018-09-16,8,30.0,Trump 1.0
Houston,2018-09-17,45,32.0,Trump 1.0
Houston,2018-09-18,48,32.0,Trump 1.0
Houston,2018-09-19,45,34.0,Trump 1.0
Houston,2018-09-20,60,37.0,Trump 1.0
Houston,2018-09-21,36,36.0,Trump 1.0
Houston,2018-09-22,14,37.0,Trump 1.0
Houston,2018-09-23,7,36.0,Trump 1.0
Houston,2018-09-24,34,35.0,Trump 1.0
Houston,2018-09-25,49,35.0,Trump 1.0
Houston,2018-09-26,35,34.0,Trump 1.0
Houston,2018-09-27,50,32.0,Trump 1.0
Houston,2018-09-28,35,32.0,Trump 1.0
Houston,2018-09-29,14,32.0,Trump 1.0
Houston,2018-09-30,8,32.0,Trump 1.0
Los Angeles,2015-10-01,36,32.0,Trump 1.0
Los Angeles,2015-10-02,10,27.0,Trump 1.0
Los Angeles,2015-10-03,1,22.0,Trump 1.0
Los Angeles,2015-10-04,4,15.0,Trump 1.0
Los Angeles,2015-10-05,22,14.0,Trump 1.0
Los Angeles,2015-10-06,33,16.0,Trump 1.0
Los Angeles,2015-10-07,44,21.0,Trump 1.0
Los Angeles,2015-10-08,37,22.0,Trump 1.0
Los Angeles,2015-10-09,15,22.0,Trump 1.0
Los Angeles,2015-10-10,4,23.0,Trump 1.0
Los Angeles,2015-10-11,6,23.0,Trump 1.0
Los Angeles,2015-10-12,9,21.0,Trump 1.0
Los Angeles,2015-10-13,27,20.0,Trump 1.0
Los Angeles,2015-10-14,40,20.0,Trump 1.0
Los Angeles,2015-10-15,28,18.0,Trump 1.0
Los Angeles,2015-10-16,29,20.0,Trump 1.0
Los Angeles,2015-10-17,6,21.0,Trump 1.0
Los Angeles,2015-10-18,5,21.0,Trump 1.0
Los Angeles,2015-10-19,33,24.0,Trump 1.0
Los Angeles,2015-10-20,34,25.0,Trump 1.0
Los Angeles,2015-10-21,36,24.0,Trump 1.0
Los Angeles,2015-10-22,23,24.0,Trump 1.0
Los Angeles,2015-10-23,20,22.0,Trump 1.0
Los Angeles,2015-10-24,6,22.0,Trump 1.0
Los Angeles,2015-10-25,5,22.0,Trump 1.0
Los Angeles,2015-10-26,24,21.0,Trump 1.0
Los Angeles,2015-10-27,32,21.0,Trump 1.0
Los Angeles,2015-10-28,35,21.0,Trump 1.0
Los Angeles,2015-10-29,34,22.0,Trump 1.0
Los Angeles,2015-10-30,22,23.0,Trump 1.0
Los Angeles,2015-10-31,8,23.0,Trump 1.0
Los Angeles,2015-11-01,7,23.0,Trump 1.0
Los Angeles,2015-11-02,34,25.0,Trump 1.0
Los Angeles,2015-11-03,26,24.0,Trump 1.0
Los Angeles,2015-11-04,26,22.0,Trump 1.0
Los Angeles,2015-11-05,37,23.0,Trump 1.0
Los Angeles,2015-11-06,27,24.0,Trump 1.0
Los Angeles,2015-11-07,9,24.0,Trump 1.0
Los Angeles,2015-11-08,16,25.0,Trump 1.0
Los Angeles,2015-11-09,27,24.0,Trump 1.0
Los Angeles,2015-11-10,21,23.0,Trump 1.0
Los Angeles,2015-11-11,17,22.0,Trump 1.0
Los Angeles,2015-11-12,15,19.0,Trump 1.0
Los Angeles,2015-11-13,35,20.0,Trump 1.0
Los Angeles,2015-11-14,18,21.0,Trump 1.0
Los Angeles,2015-11-15,4,20.0,Trump 1.0
Los Angeles,2015-11-16,38,21.0,Trump 1.0
Los Angeles,2015-11-17,26,22.0,Trump 1.0
Los Angeles,2015-11-18,33,24.0,Trump 1.0
Los Angeles,2015-11-19,35,27.0,Trump 1.0
Los Angeles,2015-11-20,18,25.0,Trump 1.0
Los Angeles,2015-11-21,5,23.0,Trump 1.0
Los Angeles,2015-11-22,2,22.0,Trump 1.0
Los Angeles,2015-11-23,27,21.0,Trump 1.0
Los Angeles,2015-11-24,32,22.0,Trump 1.0
Los Angeles,2015-11-25,27,21.0,Trump 1.0
Los Angeles,2015-11-26,4,16.0,Trump 1.0
Los Angeles,2015-11-27,10,15.0,Trump 1.0
Los Angeles,2015-11-28,6,15.0,Trump 1.0
Los Angeles,2015-11-29,11,17.0,Trump 1.0
Los Angeles,2015-11-30,18,15.0,Trump 1.0
Los Angeles,2015-12-01,33,16.0,Trump 1.0
Los Angeles,2015-12-02,32,16.0,Trump 1.0
Los Angeles,2015-12-03,26,19.0,Trump 1.0
Los Angeles,2015-12-04,26,22.0,Trump 1.0
Los Angeles,2015-12-05,8,22.0,Trump 1.0
Los Angeles,2015-12-06,9,22.0,Trump 1.0
Los Angeles,2015-12-07,24,23.0,Trump 1.0
Los Angeles,2015-12-08,36,23.0,Trump 1.0
Los Angeles,2015-12-09,17,21.0,Trump 1.0
Los Angeles,2015-12-10,34,22.0,Trump 1.0
Los Angeles,2015-12-11,21,21.0,Trump 1.0
Los Angeles,2015-12-12,4,21.0,Trump 1.0
Los Angeles,2015-12-13,6,20.0,Trump 1.0
Los Angeles,2015-12-14,28,21.0,Trump 1.0
Los Angeles,2015-12-15,20,19.0,Trump 1.0
Los Angeles,2015-12-16,29,20.0,Trump 1.0
Los Angeles,2015-12-17,30,20.0,Trump 1.0
Los Angeles,2015-12-18,22,20.0,Trump 1.0
Los Angeles,2015-12-19,9,21.0,Trump 1.0
Los Angeles,2015-12-20,11,21.0,Trump 1.0
Los Angeles,2015-12-21,26,21.0,Trump 1.0
Los Angeles,2015-12-22,21,21.0,Trump 1.0
Los Angeles,2015-12-23,26,21.0,Trump 1.0
Los Angeles,2015-12-24,14,18.0,Trump 1.0
Los Angeles,2015-12-25,7,16.0,Trump 1.0
Los Angeles,2015-12-26,7,16.0,Trump 1.0
Los Angeles,2015-12-27,3,15.0,Trump 1.0
Los Angeles,2015-12-28,24,15.0,Trump 1.0
Los Angeles,2015-12-29,14,14.0,Trump 1.0
Los Angeles,2015-12-30,20,13.0,Trump 1.0
Los Angeles,2015-12-31,12,12.0,Trump 1.0
Los Angeles,2016-01-01,5,12.0,Trump 1.0
Los Angeles,2016-01-02,10,13.0,Trump 1.0
Los Angeles,2016-01-03,2,12.0,Trump 1.0
Los Angeles,2016-01-04,18,12.0,Trump 1.0
Los Angeles,2016-01-05,16,12.0,Trump 1.0
Los Angeles,2016-01-06,27,13.0,Trump 1.0
Los Angeles,2016-01-07,26,15.0,Trump 1.0
Los Angeles,2016-01-08,20,17.0,Trump 1.0
Los Angeles,2016-01-09,5,16.0,Trump 1.0
Los Angeles,2016-01-10,7,17.0,Trump 1.0
Los Angeles,2016-01-11,22,18.0,Trump 1.0
Los Angeles,2016-01-12,28,19.0,Trump 1.0
Los Angeles,2016-01-13,24,19.0,Trump 1.0
Los Angeles,2016-01-14,43,21.0,Trump 1.0
Los Angeles,2016-01-15,17,21.0,Trump 1.0
Los Angeles,2016-01-16,11,22.0,Trump 1.0
Los Angeles,2016-01-17,7,22.0,Trump 1.0
Los Angeles,2016-01-18,6,19.0,Trump 1.0
Los Angeles,2016-01-19,18,18.0,Trump 1.0
Los Angeles,2016-01-20,30,19.0,Trump 1.0
Los Angeles,2016-01-21,27,17.0,Trump 1.0
Los Angeles,2016-01-22,32,19.0,Trump 1.0
Los Angeles,2016-01-23,10,19.0,Trump 1.0
Los Angeles,2016-01-24,5,18.0,Trump 1.0
Los Angeles,2016-01-25,16,20.0,Trump 1.0
Los Angeles,2016-01-26,32,22.0,Trump 1.0
Los Angeles,2016-01-27,27,21.0,Trump 1.0
Los Angeles,2016-01-28,23,21.0,Trump 1.0
Los Angeles,2016-01-29,18,19.0,Trump 1.0
Los Angeles,2016-01-30,5,18.0,Trump 1.0
Los Angeles,2016-01-31,13,19.0,Trump 1.0
Los Angeles,2016-02-01,19,20.0,Trump 1.0
Los Angeles,2016-02-02,31,19.0,Trump 1.0
Los Angeles,2016-02-03,36,21.0,Trump 1.0
Los Angeles,2016-02-04,31,22.0,Trump 1.0
Los Angeles,2016-02-05,23,23.0,Trump 1.0
Los Angeles,2016-02-06,10,23.0,Trump 1.0
Los Angeles,2016-02-07,6,22.0,Trump 1.0
Los Angeles,2016-02-08,12,21.0,Trump 1.0
Los Angeles,2016-02-09,25,20.0,Trump 1.0
Los Angeles,2016-02-10,19,18.0,Trump 1.0
Los Angeles,2016-02-11,36,19.0,Trump 1.0
Los Angeles,2016-02-12,19,18.0,Trump 1.0
Los Angeles,2016-02-13,9,18.0,Trump 1.0
Los Angeles,2016-02-14,3,18.0,Trump 1.0
Los Angeles,2016-02-15,2,16.0,Trump 1.0
Los Angeles,2016-02-16,24,16.0,Trump 1.0
Los Angeles,2016-02-17,23,17.0,Trump 1.0
Los Angeles,2016-02-18,24,15.0,Trump 1.0
Los Angeles,2016-02-19,23,15.0,Trump 1.0
Los Angeles,2016-02-20,2,14.0,Trump 1.0
Los Angeles,2016-02-21,9,15.0,Trump 1.0
Los Angeles,2016-02-22,33,20.0,Trump 1.0
Los Angeles,2016-02-23,36,21.0,Trump 1.0
Los Angeles,2016-02-24,27,22.0,Trump 1.0
Los Angeles,2016-02-25,28,23.0,Trump 1.0
Los Angeles,2016-02-26,33,24.0,Trump 1.0
Los Angeles,2016-02-27,11,25.0,Trump 1.0
Los Angeles,2016-02-28,7,25.0,Trump 1.0
Los Angeles,2016-02-29,27,24.0,Trump 1.0
Los Angeles,2016-03-01,30,23.0,Trump 1.0
Los Angeles,2016-03-02,29,24.0,Trump 1.0
Los Angeles,2016-03-03,29,24.0,Trump 1.0
Los Angeles,2016-03-04,12,21.0,Trump 1.0
Los Angeles,2016-03-05,5,20.0,Trump 1.0
Los Angeles,2016-03-06,13,21.0,Trump 1.0
Los Angeles,2016-03-07,18,19.0,Trump 1.0
Los Angeles,2016-03-08,26,19.0,Trump 1.0
Los Angeles,2016-03-09,31,19.0,Trump 1.0
Los Angeles,2016-03-10,33,20.0,Trump 1.0
Los Angeles,2016-03-11,26,22.0,Trump 1.0
Los Angeles,2016-03-12,4,22.0,Trump 1.0
Los Angeles,2016-03-13,4,20.0,Trump 1.0
Los Angeles,2016-03-14,23,21.0,Trump 1.0
Los Angeles,2016-03-15,30,22.0,Trump 1.0
Los Angeles,2016-03-16,24,21.0,Trump 1.0
Los Angeles,2016-03-17,21,19.0,Trump 1.0
Los Angeles,2016-03-18,23,18.0,Trump 1.0
Los Angeles,2016-03-19,6,19.0,Trump 1.0
Los Angeles,2016-03-20,8,19.0,Trump 1.0
Los Angeles,2016-03-21,19,19.0,Trump 1.0
Los Angeles,2016-03-22,22,18.0,Trump 1.0
Los Angeles,2016-03-23,30,18.0,Trump 1.0
Los Angeles,2016-03-24,33,20.0,Trump 1.0
Los Angeles,2016-03-25,20,20.0,Trump 1.0
Los Angeles,2016-03-26,10,20.0,Trump 1.0
Los Angeles,2016-03-27,10,21.0,Trump 1.0
Los Angeles,2016-03-28,27,22.0,Trump 1.0
Los Angeles,2016-03-29,29,23.0,Trump 1.0
Los Angeles,2016-03-30,22,22.0,Trump 1.0
Los Angeles,2016-03-31,23,20.0,Trump 1.0
Los Angeles,2016-04-01,15,19.0,Trump 1.0
Los Angeles,2016-04-02,5,19.0,Trump 1.0
Los Angeles,2016-04-03,6,18.0,Trump 1.0
Los Angeles,2016-04-04,25,18.0,Trump 1.0
Los Angeles,2016-04-05,23,17.0,Trump 1.0
Los Angeles,2016-04-06,30,18.0,Trump 1.0
Los Angeles,2016-04-07,26,19.0,Trump 1.0
Los Angeles,2016-04-08,25,20.0,Trump 1.0
Los Angeles,2016-04-09,8,20.0,Trump 1.0
Los Angeles,2016-04-10,6,20.0,Trump 1.0
Los Angeles,2016-04-11,29,21.0,Trump 1.0
Los Angeles,2016-04-12,35,23.0,Trump 1.0
Los Angeles,2016-04-13,23,22.0,Trump 1.0
Los Angeles,2016-04-14,35,23.0,Trump 1.0
Los Angeles,2016-04-15,26,23.0,Trump 1.0
Los Angeles,2016-04-16,7,23.0,Trump 1.0
Los Angeles,2016-04-17,6,23.0,Trump 1.0
Los Angeles,2016-04-18,20,22.0,Trump 1.0
Los Angeles,2016-04-19,28,21.0,Trump 1.0
Los Angeles,2016-04-20,34,22.0,Trump 1.0
Los Angeles,2016-04-21,28,21.0,Trump 1.0
Los Angeles,2016-04-22,22,21.0,Trump 1.0
Los Angeles,2016-04-23,8,21.0,Trump 1.0
Los Angeles,2016-04-24,3,20.0,Trump 1.0
Los Angeles,2016-04-25,20,20.0,Trump 1.0
Los Angeles,2016-04-26,32,21.0,Trump 1.0
Los Angeles,2016-04-27,31,21.0,Trump 1.0
Los Angeles,2016-04-28,33,21.0,Trump 1.0
Los Angeles,2016-04-29,12,20.0,Trump 1.0
Los Angeles,2016-04-30,7,20.0,Trump 1.0
Los Angeles,2016-05-01,7,20.0,Trump 1.0
Los Angeles,2016-05-02,25,21.0,Trump 1.0
Los Angeles,2016-05-03,34,21.0,Trump 1.0
Los Angeles,2016-05-04,31,21.0,Trump 1.0
Los Angeles,2016-05-05,32,21.0,Trump 1.0
Los Angeles,2016-05-06,21,22.0,Trump 1.0
Los Angeles,2016-05-07,5,22.0,Trump 1.0
Los Angeles,2016-05-08,7,22.0,Trump 1.0
Los Angeles,2016-05-09,24,22.0,Trump 1.0
Los Angeles,2016-05-10,26,21.0,Trump 1.0
Los Angeles,2016-05-11,44,23.0,Trump 1.0
Los Angeles,2016-05-12,43,24.0,Trump 1.0
Los Angeles,2016-05-13,29,25.0,Trump 1.0
Los Angeles,2016-05-14,3,25.0,Trump 1.0
Los Angeles,2016-05-15,4,25.0,Trump 1.0
Los Angeles,2016-05-16,25,25.0,Trump 1.0
Los Angeles,2016-05-17,27,25.0,Trump 1.0
Los Angeles,2016-05-18,25,22.0,Trump 1.0
Los Angeles,2016-05-19,20,19.0,Trump 1.0
Los Angeles,2016-05-20,29,19.0,Trump 1.0
Los Angeles,2016-05-21,6,19.0,Trump 1.0
Los Angeles,2016-05-22,9,20.0,Trump 1.0
Los Angeles,2016-05-23,21,20.0,Trump 1.0
Los Angeles,2016-05-24,25,19.0,Trump 1.0
Los Angeles,2016-05-25,29,20.0,Trump 1.0
Los Angeles,2016-05-26,23,20.0,Trump 1.0
Los Angeles,2016-05-27,19,19.0,Trump 1.0
Los Angeles,2016-05-28,9,19.0,Trump 1.0
Los Angeles,2016-05-29,14,20.0,Trump 1.0
Los Angeles,2016-05-30,4,18.0,Trump 1.0
Los Angeles,2016-05-31,15,16.0,Trump 1.0
Los Angeles,2016-06-01,26,16.0,Trump 1.0
Los Angeles,2016-06-02,25,16.0,Trump 1.0
Los Angeles,2016-06-03,22,16.0,Trump 1.0
Los Angeles,2016-06-04,10,17.0,Trump 1.0
Los Angeles,2016-06-05,4,15.0,Trump 1.0
Los Angeles,2016-06-06,17,17.0,Trump 1.0
Los Angeles,2016-06-07,28,19.0,Trump 1.0
Los Angeles,2016-06-08,35,20.0,Trump 1.0
Los Angeles,2016-06-09,25,20.0,Trump 1.0
Los Angeles,2016-06-10,15,19.0,Trump 1.0
Los Angeles,2016-06-11,10,19.0,Trump 1.0
Los Angeles,2016-06-12,3,19.0,Trump 1.0
Los Angeles,2016-06-13,19,19.0,Trump 1.0
Los Angeles,2016-06-14,20,18.0,Trump 1.0
Los Angeles,2016-06-15,21,16.0,Trump 1.0
Los Angeles,2016-06-16,35,18.0,Trump 1.0
Los Angeles,2016-06-17,19,18.0,Trump 1.0
Los Angeles,2016-06-18,5,17.0,Trump 1.0
Los Angeles,2016-06-19,4,18.0,Trump 1.0
Los Angeles,2016-06-20,17,17.0,Trump 1.0
Los Angeles,2016-06-21,26,18.0,Trump 1.0
Los Angeles,2016-06-22,37,20.0,Trump 1.0
Los Angeles,2016-06-23,20,18.0,Trump 1.0
Los Angeles,2016-06-24,14,18.0,Trump 1.0
Los Angeles,2016-06-25,5,18.0,Trump 1.0
Los Angeles,2016-06-26,6,18.0,Trump 1.0
Los Angeles,2016-06-27,19,18.0,Trump 1.0
Los Angeles,2016-06-28,28,18.0,Trump 1.0
Los Angeles,2016-06-29,17,16.0,Trump 1.0
Los Angeles,2016-06-30,25,16.0,Trump 1.0
Los Angeles,2016-07-01,22,17.0,Trump 1.0
Los Angeles,2016-07-02,5,17.0,Trump 1.0
Los Angeles,2016-07-03,14,19.0,Trump 1.0
Los Angeles,2016-07-04,9,17.0,Trump 1.0
Los Angeles,2016-07-05,17,16.0,Trump 1.0
Los Angeles,2016-07-06,27,17.0,Trump 1.0
Los Angeles,2016-07-07,31,18.0,Trump 1.0
Los Angeles,2016-07-08,22,18.0,Trump 1.0
Los Angeles,2016-07-10,6,18.0,Trump 1.0
Los Angeles,2016-07-11,21,19.0,Trump 1.0
Los Angeles,2016-07-12,25,21.0,Trump 1.0
Los Angeles,2016-07-13,21,22.0,Trump 1.0
Los Angeles,2016-07-14,23,21.0,Trump 1.0
Los Angeles,2016-07-15,19,20.0,Trump 1.0
Los Angeles,2016-07-16,6,17.0,Trump 1.0
Los Angeles,2016-07-17,44,23.0,Trump 1.0
Los Angeles,2016-07-18,48,27.0,Trump 1.0
Los Angeles,2016-07-19,45,29.0,Trump 1.0
Los Angeles,2016-07-20,36,32.0,Trump 1.0
Los Angeles,2016-07-21,21,31.0,Trump 1.0
Los Angeles,2016-07-22,19,31.0,Trump 1.0
Los Angeles,2016-07-23,6,31.0,Trump 1.0
Los Angeles,2016-07-24,2,25.0,Trump 1.0
Los Angeles,2016-07-25,17,21.0,Trump 1.0
Los Angeles,2016-07-26,23,18.0,Trump 1.0
Los Angeles,2016-07-27,29,17.0,Trump 1.0
Los Angeles,2016-07-28,23,17.0,Trump 1.0
Los Angeles,2016-07-29,18,17.0,Trump 1.0
Los Angeles,2016-07-30,8,17.0,Trump 1.0
Los Angeles,2016-07-31,5,18.0,Trump 1.0
Los Angeles,2016-08-01,25,19.0,Trump 1.0
Los Angeles,2016-08-02,28,19.0,Trump 1.0
Los Angeles,2016-08-03,35,20.0,Trump 1.0
Los Angeles,2016-08-04,35,22.0,Trump 1.0
Los Angeles,2016-08-05,20,22.0,Trump 1.0
Los Angeles,2016-08-06,8,22.0,Trump 1.0
Los Angeles,2016-08-07,6,22.0,Trump 1.0
Los Angeles,2016-08-08,17,21.0,Trump 1.0
Los Angeles,2016-08-09,17,20.0,Trump 1.0
Los Angeles,2016-08-10,27,19.0,Trump 1.0
Los Angeles,2016-08-11,24,17.0,Trump 1.0
Los Angeles,2016-08-12,26,18.0,Trump 1.0
Los Angeles,2016-08-13,7,18.0,Trump 1.0
Los Angeles,2016-08-14,2,17.0,Trump 1.0
Los Angeles,2016-08-15,24,18.0,Trump 1.0
Los Angeles,2016-08-16,33,20.0,Trump 1.0
Los Angeles,2016-08-17,35,22.0,Trump 1.0
Los Angeles,2016-08-18,27,22.0,Trump 1.0
Los Angeles,2016-08-19,28,22.0,Trump 1.0
Los Angeles,2016-08-20,8,22.0,Trump 1.0
Los Angeles,2016-08-21,5,23.0,Trump 1.0
Los Angeles,2016-08-22,37,25.0,Trump 1.0
Los Angeles,2016-08-23,32,25.0,Trump 1.0
Los Angeles,2016-08-24,36,25.0,Trump 1.0
Los Angeles,2016-08-25,34,26.0,Trump 1.0
Los Angeles,2016-08-26,21,25.0,Trump 1.0
Los Angeles,2016-08-27,6,24.0,Trump 1.0
Los Angeles,2016-08-28,5,24.0,Trump 1.0
Los Angeles,2016-08-29,21,22.0,Trump 1.0
Los Angeles,2016-08-30,22,21.0,Trump 1.0
Los Angeles,2016-08-31,21,19.0,Trump 1.0
Los Angeles,2016-09-01,23,17.0,Trump 1.0
Los Angeles,2016-09-02,19,17.0,Trump 1.0
Los Angeles,2016-09-03,5,17.0,Trump 1.0
Los Angeles,2016-09-04,9,17.0,Trump 1.0
Los Angeles,2016-09-05,4,15.0,Trump 1.0
Los Angeles,2016-09-06,18,14.0,Trump 1.0
Los Angeles,2016-09-07,19,14.0,Trump 1.0
Los Angeles,2016-09-08,39,16.0,Trump 1.0
Los Angeles,2016-09-09,25,17.0,Trump 1.0
Los Angeles,2016-09-10,3,17.0,Trump 1.0
Los Angeles,2016-09-11,5,16.0,Trump 1.0
Los Angeles,2016-09-12,17,18.0,Trump 1.0
Los Angeles,2016-09-13,23,19.0,Trump 1.0
Los Angeles,2016-09-14,28,20.0,Trump 1.0
Los Angeles,2016-09-15,27,18.0,Trump 1.0
Los Angeles,2016-09-16,13,17.0,Trump 1.0
Los Angeles,2016-09-17,7,17.0,Trump 1.0
Los Angeles,2016-09-18,8,18.0,Trump 1.0
Los Angeles,2016-09-19,21,18.0,Trump 1.0
Los Angeles,2016-09-20,33,20.0,Trump 1.0
Los Angeles,2016-09-21,37,21.0,Trump 1.0
Los Angeles,2016-09-22,28,21.0,Trump 1.0
Los Angeles,2016-09-23,21,22.0,Trump 1.0
Los Angeles,2016-09-24,9,22.0,Trump 1.0
Los Angeles,2016-09-25,5,22.0,Trump 1.0
Los Angeles,2016-09-26,18,22.0,Trump 1.0
Los Angeles,2016-09-27,22,20.0,Trump 1.0
Los Angeles,2016-09-28,32,19.0,Trump 1.0
Los Angeles,2016-09-29,37,21.0,Trump 1.0
Los Angeles,2016-09-30,24,21.0,Trump 1.0
Los Angeles,2016-10-01,5,20.0,Trump 1.0
Los Angeles,2016-10-02,8,21.0,Trump 1.0
Los Angeles,2016-10-03,24,22.0,Trump 1.0
Los Angeles,2016-10-04,33,23.0,Trump 1.0
Los Angeles,2016-10-05,40,24.0,Trump 1.0
Los Angeles,2016-10-06,25,23.0,Trump 1.0
Los Angeles,2016-10-07,21,22.0,Trump 1.0
Los Angeles,2016-10-08,8,23.0,Trump 1.0
Los Angeles,2016-10-09,10,23.0,Trump 1.0
Los Angeles,2016-10-10,14,22.0,Trump 1.0
Los Angeles,2016-10-11,19,20.0,Trump 1.0
Los Angeles,2016-10-12,27,18.0,Trump 1.0
Los Angeles,2016-10-13,26,18.0,Trump 1.0
Los Angeles,2016-10-14,34,20.0,Trump 1.0
Los Angeles,2016-10-15,8,20.0,Trump 1.0
Los Angeles,2016-10-16,5,19.0,Trump 1.0
Los Angeles,2016-10-17,17,19.0,Trump 1.0
Los Angeles,2016-10-18,19,19.0,Trump 1.0
Los Angeles,2016-10-19,29,20.0,Trump 1.0
Los Angeles,2016-10-20,27,20.0,Trump 1.0
Los Angeles,2016-10-21,27,19.0,Trump 1.0
Los Angeles,2016-10-22,7,19.0,Trump 1.0
Los Angeles,2016-10-23,9,19.0,Trump 1.0
Los Angeles,2016-10-24,28,21.0,Trump 1.0
Los Angeles,2016-10-25,19,21.0,Trump 1.0
Los Angeles,2016-10-26,20,20.0,Trump 1.0
Los Angeles,2016-10-27,21,19.0,Trump 1.0
Los Angeles,2016-10-28,22,18.0,Trump 1.0
Los Angeles,2016-10-29,5,18.0,Trump 1.0
Los Angeles,2016-10-30,7,17.0,Trump 1.0
Los Angeles,2016-10-31,19,16.0,Trump 1.0
Los Angeles,2016-11-01,29,18.0,Trump 1.0
Los Angeles,2016-11-02,26,18.0,Trump 1.0
Los Angeles,2016-11-03,27,19.0,Trump 1.0
Los Angeles,2016-11-04,16,18.0,Trump 1.0
Los Angeles,2016-11-05,3,18.0,Trump 1.0
Los Angeles,2016-11-06,7,18.0,Trump 1.0
Los Angeles,2016-11-07,25,19.0,Trump 1.0
Los Angeles,2016-11-08,22,18.0,Trump 1.0
Los Angeles,2016-11-09,24,18.0,Trump 1.0
Los Angeles,2016-11-10,25,17.0,Trump 1.0
Los Angeles,2016-11-11,9,16.0,Trump 1.0
Los Angeles,2016-11-12,7,17.0,Trump 1.0
Los Angeles,2016-11-13,3,16.0,Trump 1.0
Los Angeles,2016-11-14,21,16.0,Trump 1.0
Los Angeles,2016-11-15,36,18.0,Trump 1.0
Los Angeles,2016-11-16,30,19.0,Trump 1.0
Los Angeles,2016-11-17,33,20.0,Trump 1.0
Los Angeles,2016-11-18,19,21.0,Trump 1.0
Los Angeles,2016-11-19,3,21.0,Trump 1.0
Los Angeles,2016-11-20,3,21.0,Trump 1.0
Los Angeles,2016-11-21,18,20.0,Trump 1.0
Los Angeles,2016-11-22,30,19.0,Trump 1.0
Los Angeles,2016-11-23,25,19.0,Trump 1.0
Los Angeles,2016-11-24,3,14.0,Trump 1.0
Los Angeles,2016-11-25,3,12.0,Trump 1.0
Los Angeles,2016-11-26,11,13.0,Trump 1.0
Los Angeles,2016-11-27,2,13.0,Trump 1.0
Los Angeles,2016-11-28,14,13.0,Trump 1.0
Los Angeles,2016-11-29,26,12.0,Trump 1.0
Los Angeles,2016-11-30,21,11.0,Trump 1.0
Los Angeles,2016-12-01,31,15.0,Trump 1.0
Los Angeles,2016-12-02,28,19.0,Trump 1.0
Los Angeles,2016-12-03,3,18.0,Trump 1.0
Los Angeles,2016-12-04,7,19.0,Trump 1.0
Los Angeles,2016-12-05,18,19.0,Trump 1.0
Los Angeles,2016-12-06,25,19.0,Trump 1.0
Los Angeles,2016-12-07,55,24.0,Trump 1.0
Los Angeles,2016-12-08,26,23.0,Trump 1.0
Los Angeles,2016-12-09,32,24.0,Trump 1.0
Los Angeles,2016-12-10,13,25.0,Trump 1.0
Los Angeles,2016-12-11,15,26.0,Trump 1.0
Los Angeles,2016-12-12,24,27.0,Trump 1.0
Los Angeles,2016-12-13,31,28.0,Trump 1.0
Los Angeles,2016-12-14,29,24.0,Trump 1.0
Los Angeles,2016-12-15,22,24.0,Trump 1.0
Los Angeles,2016-12-16,12,21.0,Trump 1.0
Los Angeles,2016-12-17,8,20.0,Trump 1.0
Los Angeles,2016-12-18,7,19.0,Trump 1.0
Los Angeles,2016-12-19,21,19.0,Trump 1.0
Los Angeles,2016-12-20,17,17.0,Trump 1.0
Los Angeles,2016-12-21,26,16.0,Trump 1.0
Los Angeles,2016-12-22,26,17.0,Trump 1.0
Los Angeles,2016-12-23,12,17.0,Trump 1.0
Los Angeles,2016-12-24,7,17.0,Trump 1.0
Los Angeles,2016-12-25,5,16.0,Trump 1.0
Los Angeles,2016-12-26,2,14.0,Trump 1.0
Los Angeles,2016-12-27,20,14.0,Trump 1.0
Los Angeles,2016-12-28,20,13.0,Trump 1.0
Los Angeles,2016-12-29,14,11.0,Trump 1.0
Los Angeles,2016-12-30,15,12.0,Trump 1.0
Los Angeles,2016-12-31,8,12.0,Trump 1.0
Los Angeles,2017-01-01,3,12.0,Trump 1.0
Los Angeles,2017-01-02,3,12.0,Trump 1.0
Los Angeles,2017-01-03,16,11.0,Trump 1.0
Los Angeles,2017-01-04,17,11.0,Trump 1.0
Los Angeles,2017-01-05,26,13.0,Trump 1.0
Los Angeles,2017-01-06,24,14.0,Trump 1.0
Los Angeles,2017-01-07,3,13.0,Trump 1.0
Los Angeles,2017-01-08,7,14.0,Trump 1.0
Los Angeles,2017-01-09,25,17.0,Trump 1.0
Los Angeles,2017-01-10,21,18.0,Trump 1.0
Los Angeles,2017-01-11,28,19.0,Trump 1.0
Los Angeles,2017-01-12,28,19.0,Trump 1.0
Los Angeles,2017-01-13,17,18.0,Trump 1.0
Los Angeles,2017-01-14,9,19.0,Trump 1.0
Los Angeles,2017-01-15,2,19.0,Trump 1.0
Los Angeles,2017-01-16,5,16.0,Trump 1.0
Los Angeles,2017-01-17,20,16.0,Trump 1.0
Los Angeles,2017-01-18,29,16.0,Trump 1.0
Los Angeles,2017-01-19,22,15.0,Trump 1.0
Los Angeles,2017-01-20,16,15.0,Trump 1.0
Los Angeles,2017-01-21,8,15.0,Trump 1.0
Los Angeles,2017-01-22,4,15.0,Trump 1.0
Los Angeles,2017-01-23,13,16.0,Trump 1.0
Los Angeles,2017-01-24,27,17.0,Trump 1.0
Los Angeles,2017-01-25,28,17.0,Trump 1.0
Los Angeles,2017-01-26,27,18.0,Trump 1.0
Los Angeles,2017-01-27,20,18.0,Trump 1.0
Los Angeles,2017-01-28,11,19.0,Trump 1.0
Los Angeles,2017-01-29,3,18.0,Trump 1.0
Los Angeles,2017-01-30,17,19.0,Trump 1.0
Los Angeles,2017-01-31,17,18.0,Trump 1.0
Los Angeles,2017-02-01,15,16.0,Trump 1.0
Los Angeles,2017-02-02,28,16.0,Trump 1.0
Los Angeles,2017-02-03,22,16.0,Trump 1.0
Los Angeles,2017-02-04,3,15.0,Trump 1.0
Los Angeles,2017-02-05,4,15.0,Trump 1.0
Los Angeles,2017-02-06,50,20.0,Trump 1.0
Los Angeles,2017-02-07,51,25.0,Trump 1.0
Los Angeles,2017-02-08,56,31.0,Trump 1.0
Los Angeles,2017-02-09,59,35.0,Trump 1.0
Los Angeles,2017-02-10,34,37.0,Trump 1.0
Los Angeles,2017-02-11,3,37.0,Trump 1.0
Los Angeles,2017-02-12,3,37.0,Trump 1.0
Los Angeles,2017-02-13,18,32.0,Trump 1.0
Los Angeles,2017-02-14,15,27.0,Trump 1.0
Los Angeles,2017-02-15,34,24.0,Trump 1.0
Los Angeles,2017-02-16,28,19.0,Trump 1.0
Los Angeles,2017-02-17,25,18.0,Trump 1.0
Los Angeles,2017-02-18,6,18.0,Trump 1.0
Los Angeles,2017-02-19,4,19.0,Trump 1.0
Los Angeles,2017-02-20,11,18.0,Trump 1.0
Los Angeles,2017-02-21,21,18.0,Trump 1.0
Los Angeles,2017-02-22,31,18.0,Trump 1.0
Los Angeles,2017-02-23,36,19.0,Trump 1.0
Los Angeles,2017-02-24,11,17.0,Trump 1.0
Los Angeles,2017-02-25,11,18.0,Trump 1.0
Los Angeles,2017-02-26,3,18.0,Trump 1.0
Los Angeles,2017-02-27,14,18.0,Trump 1.0
Los Angeles,2017-02-28,35,20.0,Trump 1.0
Los Angeles,2017-03-01,38,21.0,Trump 1.0
Los Angeles,2017-03-02,35,21.0,Trump 1.0
Los Angeles,2017-03-03,32,24.0,Trump 1.0
Los Angeles,2017-03-04,6,23.0,Trump 1.0
Los Angeles,2017-03-05,6,24.0,Trump 1.0
Los Angeles,2017-03-06,13,24.0,Trump 1.0
Los Angeles,2017-03-07,28,23.0,Trump 1.0
Los Angeles,2017-03-08,39,23.0,Trump 1.0
Los Angeles,2017-03-09,37,23.0,Trump 1.0
Los Angeles,2017-03-10,24,22.0,Trump 1.0
Los Angeles,2017-03-11,8,22.0,Trump 1.0
Los Angeles,2017-03-12,6,22.0,Trump 1.0
Los Angeles,2017-03-13,23,24.0,Trump 1.0
Los Angeles,2017-03-14,26,23.0,Trump 1.0
Los Angeles,2017-03-15,23,21.0,Trump 1.0
Los Angeles,2017-03-16,20,19.0,Trump 1.0
Los Angeles,2017-03-17,13,17.0,Trump 1.0
Los Angeles,2017-03-18,15,18.0,Trump 1.0
Los Angeles,2017-03-19,4,18.0,Trump 1.0
Los Angeles,2017-03-20,23,18.0,Trump 1.0
Los Angeles,2017-03-21,28,18.0,Trump 1.0
Los Angeles,2017-03-22,26,18.0,Trump 1.0
Los Angeles,2017-03-23,23,19.0,Trump 1.0
Los Angeles,2017-03-24,25,21.0,Trump 1.0
Los Angeles,2017-03-25,11,20.0,Trump 1.0
Los Angeles,2017-03-26,3,20.0,Trump 1.0
Los Angeles,2017-03-27,27,20.0,Trump 1.0
Los Angeles,2017-03-28,20,19.0,Trump 1.0
Los Angeles,2017-03-29,44,22.0,Trump 1.0
Los Angeles,2017-03-30,24,22.0,Trump 1.0
Los Angeles,2017-03-31,20,21.0,Trump 1.0
Los Angeles,2017-04-01,5,20.0,Trump 1.0
Los Angeles,2017-04-02,9,21.0,Trump 1.0
Los Angeles,2017-04-03,30,22.0,Trump 1.0
Los Angeles,2017-04-04,22,22.0,Trump 1.0
Los Angeles,2017-04-05,36,21.0,Trump 1.0
Los Angeles,2017-04-06,26,21.0,Trump 1.0
Los Angeles,2017-04-07,33,23.0,Trump 1.0
Los Angeles,2017-04-08,7,23.0,Trump 1.0
Los Angeles,2017-04-09,1,22.0,Trump 1.0
Los Angeles,2017-04-10,22,21.0,Trump 1.0
Los Angeles,2017-04-11,37,23.0,Trump 1.0
Los Angeles,2017-04-12,29,22.0,Trump 1.0
Los Angeles,2017-04-13,22,22.0,Trump 1.0
Los Angeles,2017-04-14,26,21.0,Trump 1.0
Los Angeles,2017-04-15,15,22.0,Trump 1.0
Los Angeles,2017-04-16,8,23.0,Trump 1.0
Los Angeles,2017-04-17,26,23.0,Trump 1.0
Los Angeles,2017-04-18,33,23.0,Trump 1.0
Los Angeles,2017-04-19,33,23.0,Trump 1.0
Los Angeles,2017-04-20,31,25.0,Trump 1.0
Los Angeles,2017-04-21,23,24.0,Trump 1.0
Los Angeles,2017-04-22,6,23.0,Trump 1.0
Los Angeles,2017-04-23,3,22.0,Trump 1.0
Los Angeles,2017-04-24,28,22.0,Trump 1.0
Los Angeles,2017-04-25,31,22.0,Trump 1.0
Los Angeles,2017-04-26,28,21.0,Trump 1.0
Los Angeles,2017-04-27,26,21.0,Trump 1.0
Los Angeles,2017-04-28,25,21.0,Trump 1.0
Los Angeles,2017-04-29,7,21.0,Trump 1.0
Los Angeles,2017-04-30,3,21.0,Trump 1.0
Los Angeles,2017-05-01,27,21.0,Trump 1.0
Los Angeles,2017-05-02,26,20.0,Trump 1.0
Los Angeles,2017-05-03,33,21.0,Trump 1.0
Los Angeles,2017-05-04,26,21.0,Trump 1.0
Los Angeles,2017-05-05,14,19.0,Trump 1.0
Los Angeles,2017-05-06,8,20.0,Trump 1.0
Los Angeles,2017-05-07,3,20.0,Trump 1.0
Los Angeles,2017-05-08,23,19.0,Trump 1.0
Los Angeles,2017-05-09,15,17.0,Trump 1.0
Los Angeles,2017-05-10,29,17.0,Trump 1.0
Los Angeles,2017-05-11,44,19.0,Trump 1.0
Los Angeles,2017-05-12,22,21.0,Trump 1.0
Los Angeles,2017-05-13,11,21.0,Trump 1.0
Los Angeles,2017-05-14,6,21.0,Trump 1.0
Los Angeles,2017-05-15,22,21.0,Trump 1.0
Los Angeles,2017-05-16,22,22.0,Trump 1.0
Los Angeles,2017-05-17,30,22.0,Trump 1.0
Los Angeles,2017-05-18,30,20.0,Trump 1.0
Los Angeles,2017-05-19,20,20.0,Trump 1.0
Los Angeles,2017-05-20,44,25.0,Trump 1.0
Los Angeles,2017-05-21,40,30.0,Trump 1.0
Los Angeles,2017-05-22,66,36.0,Trump 1.0
Los Angeles,2017-05-23,63,42.0,Trump 1.0
Los Angeles,2017-05-24,58,46.0,Trump 1.0
Los Angeles,2017-05-25,34,46.0,Trump 1.0
Los Angeles,2017-05-26,28,48.0,Trump 1.0
Los Angeles,2017-05-27,9,43.0,Trump 1.0
Los Angeles,2017-05-28,7,38.0,Trump 1.0
Los Angeles,2017-05-29,8,30.0,Trump 1.0
Los Angeles,2017-05-30,26,24.0,Trump 1.0
Los Angeles,2017-05-31,27,20.0,Trump 1.0
Los Angeles,2017-06-01,23,18.0,Trump 1.0
Los Angeles,2017-06-02,26,18.0,Trump 1.0
Los Angeles,2017-06-03,10,18.0,Trump 1.0
Los Angeles,2017-06-04,11,19.0,Trump 1.0
Los Angeles,2017-06-05,29,22.0,Trump 1.0
Los Angeles,2017-06-06,33,23.0,Trump 1.0
Los Angeles,2017-06-07,30,23.0,Trump 1.0
Los Angeles,2017-06-08,24,23.0,Trump 1.0
Los Angeles,2017-06-09,28,24.0,Trump 1.0
Los Angeles,2017-06-10,12,24.0,Trump 1.0
Los Angeles,2017-06-11,8,23.0,Trump 1.0
Los Angeles,2017-06-12,26,23.0,Trump 1.0
Los Angeles,2017-06-13,20,21.0,Trump 1.0
Los Angeles,2017-06-14,23,20.0,Trump 1.0
Los Angeles,2017-06-15,42,23.0,Trump 1.0
Los Angeles,2017-06-16,20,22.0,Trump 1.0
Los Angeles,2017-06-17,4,20.0,Trump 1.0
Los Angeles,2017-06-18,2,20.0,Trump 1.0
Los Angeles,2017-06-19,28,20.0,Trump 1.0
Los Angeles,2017-06-20,33,22.0,Trump 1.0
Los Angeles,2017-06-21,31,23.0,Trump 1.0
Los Angeles,2017-06-22,26,21.0,Trump 1.0
Los Angeles,2017-06-23,33,22.0,Trump 1.0
Los Angeles,2017-06-24,3,22.0,Trump 1.0
Los Angeles,2017-06-25,6,23.0,Trump 1.0
Los Angeles,2017-06-26,20,22.0,Trump 1.0
Los Angeles,2017-06-27,28,21.0,Trump 1.0
Los Angeles,2017-06-28,46,23.0,Trump 1.0
Los Angeles,2017-06-29,39,25.0,Trump 1.0
Los Angeles,2017-06-30,29,24.0,Trump 1.0
Los Angeles,2017-07-01,7,25.0,Trump 1.0
Los Angeles,2017-07-02,7,25.0,Trump 1.0
Los Angeles,2017-07-03,17,25.0,Trump 1.0
Los Angeles,2017-07-04,13,23.0,Trump 1.0
Los Angeles,2017-07-05,25,20.0,Trump 1.0
Los Angeles,2017-07-06,41,20.0,Trump 1.0
Los Angeles,2017-07-07,33,20.0,Trump 1.0
Los Angeles,2017-07-08,7,20.0,Trump 1.0
Los Angeles,2017-07-09,6,20.0,Trump 1.0
Los Angeles,2017-07-10,34,23.0,Trump 1.0
Los Angeles,2017-07-11,39,26.0,Trump 1.0
Los Angeles,2017-07-12,21,26.0,Trump 1.0
Los Angeles,2017-07-13,35,25.0,Trump 1.0
Los Angeles,2017-07-14,31,25.0,Trump 1.0
Los Angeles,2017-07-15,6,25.0,Trump 1.0
Los Angeles,2017-07-16,11,25.0,Trump 1.0
Los Angeles,2017-07-17,21,23.0,Trump 1.0
Los Angeles,2017-07-18,34,23.0,Trump 1.0
Los Angeles,2017-07-19,38,25.0,Trump 1.0
Los Angeles,2017-07-20,39,26.0,Trump 1.0
Los Angeles,2017-07-21,18,24.0,Trump 1.0
Los Angeles,2017-07-22,12,25.0,Trump 1.0
Los Angeles,2017-07-23,13,25.0,Trump 1.0
Los Angeles,2017-07-24,24,25.0,Trump 1.0
Los Angeles,2017-07-25,33,25.0,Trump 1.0
Los Angeles,2017-07-26,46,26.0,Trump 1.0
Los Angeles,2017-07-27,31,25.0,Trump 1.0
Los Angeles,2017-07-28,35,28.0,Trump 1.0
Los Angeles,2017-07-29,12,28.0,Trump 1.0
Los Angeles,2017-07-30,10,27.0,Trump 1.0
Los Angeles,2017-07-31,18,26.0,Trump 1.0
Los Angeles,2017-08-01,31,26.0,Trump 1.0
Los Angeles,2017-08-02,56,28.0,Trump 1.0
Los Angeles,2017-08-03,27,27.0,Trump 1.0
Los Angeles,2017-08-04,32,27.0,Trump 1.0
Los Angeles,2017-08-05,11,26.0,Trump 1.0
Los Angeles,2017-08-06,3,25.0,Trump 1.0
Los Angeles,2017-08-07,20,26.0,Trump 1.0
Los Angeles,2017-08-08,31,26.0,Trump 1.0
Los Angeles,2017-08-09,41,24.0,Trump 1.0
Los Angeles,2017-08-10,24,23.0,Trump 1.0
Los Angeles,2017-08-11,16,21.0,Trump 1.0
Los Angeles,2017-08-12,6,20.0,Trump 1.0
Los Angeles,2017-08-13,6,21.0,Trump 1.0
Los Angeles,2017-08-14,31,22.0,Trump 1.0
Los Angeles,2017-08-15,30,22.0,Trump 1.0
Los Angeles,2017-08-16,22,19.0,Trump 1.0
Los Angeles,2017-08-17,41,22.0,Trump 1.0
Los Angeles,2017-08-18,31,24.0,Trump 1.0
Los Angeles,2017-08-19,14,25.0,Trump 1.0
Los Angeles,2017-08-20,5,25.0,Trump 1.0
Los Angeles,2017-08-21,29,25.0,Trump 1.0
Los Angeles,2017-08-22,33,25.0,Trump 1.0
Los Angeles,2017-08-23,40,28.0,Trump 1.0
Los Angeles,2017-08-24,30,26.0,Trump 1.0
Los Angeles,2017-08-25,37,27.0,Trump 1.0
Los Angeles,2017-08-26,8,26.0,Trump 1.0
Los Angeles,2017-08-27,9,27.0,Trump 1.0
Los Angeles,2017-08-28,26,26.0,Trump 1.0
Los Angeles,2017-08-29,40,27.0,Trump 1.0
Los Angeles,2017-08-30,30,26.0,Trump 1.0
Los Angeles,2017-08-31,29,26.0,Trump 1.0
Los Angeles,2017-09-01,22,23.0,Trump 1.0
Los Angeles,2017-09-02,14,24.0,Trump 1.0
Los Angeles,2017-09-03,6,24.0,Trump 1.0
Los Angeles,2017-09-04,6,21.0,Trump 1.0
Los Angeles,2017-09-05,21,18.0,Trump 1.0
Los Angeles,2017-09-06,17,16.0,Trump 1.0
Los Angeles,2017-09-07,36,17.0,Trump 1.0
Los Angeles,2017-09-08,26,18.0,Trump 1.0
Los Angeles,2017-09-09,13,18.0,Trump 1.0
Los Angeles,2017-09-10,9,18.0,Trump 1.0
Los Angeles,2017-09-11,28,21.0,Trump 1.0
Los Angeles,2017-09-12,46,25.0,Trump 1.0
Los Angeles,2017-09-13,23,26.0,Trump 1.0
Los Angeles,2017-09-14,27,25.0,Trump 1.0
Los Angeles,2017-09-15,29,25.0,Trump 1.0
Los Angeles,2017-09-16,7,24.0,Trump 1.0
Los Angeles,2017-09-17,2,23.0,Trump 1.0
Los Angeles,2017-09-18,28,23.0,Trump 1.0
Los Angeles,2017-09-19,19,19.0,Trump 1.0
Los Angeles,2017-09-20,33,21.0,Trump 1.0
Los Angeles,2017-09-21,28,21.0,Trump 1.0
Los Angeles,2017-09-22,27,21.0,Trump 1.0
Los Angeles,2017-09-23,10,21.0,Trump 1.0
Los Angeles,2017-09-24,52,28.0,Trump 1.0
Los Angeles,2017-09-25,67,34.0,Trump 1.0
Los Angeles,2017-09-26,64,40.0,Trump 1.0
Los Angeles,2017-09-27,62,44.0,Trump 1.0
Los Angeles,2017-09-28,26,44.0,Trump 1.0
Los Angeles,2017-09-29,19,43.0,Trump 1.0
Los Angeles,2017-09-30,15,44.0,Trump 1.0
Los Angeles,2017-10-01,5,37.0,Trump 1.0
Los Angeles,2017-10-02,33,32.0,Trump 1.0
Los Angeles,2017-10-03,32,27.0,Trump 1.0
Los Angeles,2017-10-04,41,24.0,Trump 1.0
Los Angeles,2017-10-05,42,27.0,Trump 1.0
Los Angeles,2017-10-06,48,31.0,Trump 1.0
Los Angeles,2017-10-07,11,30.0,Trump 1.0
Los Angeles,2017-10-08,8,31.0,Trump 1.0
Los Angeles,2017-10-09,8,27.0,Trump 1.0
Los Angeles,2017-10-10,38,28.0,Trump 1.0
Los Angeles,2017-10-11,34,27.0,Trump 1.0
Los Angeles,2017-10-12,31,25.0,Trump 1.0
Los Angeles,2017-10-13,22,22.0,Trump 1.0
Los Angeles,2017-10-14,10,22.0,Trump 1.0
Los Angeles,2017-10-15,7,21.0,Trump 1.0
Los Angeles,2017-10-16,33,25.0,Trump 1.0
Los Angeles,2017-10-17,42,26.0,Trump 1.0
Los Angeles,2017-10-18,25,24.0,Trump 1.0
Los Angeles,2017-10-19,30,24.0,Trump 1.0
Los Angeles,2017-10-20,54,29.0,Trump 1.0
Los Angeles,2017-10-21,8,28.0,Trump 1.0
Los Angeles,2017-10-22,5,28.0,Trump 1.0
Los Angeles,2017-10-23,23,27.0,Trump 1.0
Los Angeles,2017-10-24,39,26.0,Trump 1.0
Los Angeles,2017-10-25,34,28.0,Trump 1.0
Los Angeles,2017-10-26,30,28.0,Trump 1.0
Los Angeles,2017-10-27,26,24.0,Trump 1.0
Los Angeles,2017-10-28,8,24.0,Trump 1.0
Los Angeles,2017-10-29,6,24.0,Trump 1.0
Los Angeles,2017-10-30,25,24.0,Trump 1.0
Los Angeles,2017-10-31,37,24.0,Trump 1.0
Los Angeles,2017-11-01,28,23.0,Trump 1.0
Los Angeles,2017-11-02,34,23.0,Trump 1.0
Los Angeles,2017-11-03,31,24.0,Trump 1.0
Los Angeles,2017-11-04,11,25.0,Trump 1.0
Los Angeles,2017-11-05,5,24.0,Trump 1.0
Los Angeles,2017-11-06,31,25.0,Trump 1.0
Los Angeles,2017-11-07,31,24.0,Trump 1.0
Los Angeles,2017-11-08,27,24.0,Trump 1.0
Los Angeles,2017-11-09,36,25.0,Trump 1.0
Los Angeles,2017-11-10,8,21.0,Trump 1.0
Los Angeles,2017-11-11,5,20.0,Trump 1.0
Los Angeles,2017-11-12,5,20.0,Trump 1.0
Los Angeles,2017-11-13,24,19.0,Trump 1.0
Los Angeles,2017-11-14,41,21.0,Trump 1.0
Los Angeles,2017-11-15,40,23.0,Trump 1.0
Los Angeles,2017-11-16,35,23.0,Trump 1.0
Los Angeles,2017-11-17,24,25.0,Trump 1.0
Los Angeles,2017-11-18,5,25.0,Trump 1.0
Los Angeles,2017-11-19,9,25.0,Trump 1.0
Los Angeles,2017-11-20,26,26.0,Trump 1.0
Los Angeles,2017-11-21,28,24.0,Trump 1.0
Los Angeles,2017-11-22,27,22.0,Trump 1.0
Los Angeles,2017-11-23,8,18.0,Trump 1.0
Los Angeles,2017-11-24,20,18.0,Trump 1.0
Los Angeles,2017-11-25,3,17.0,Trump 1.0
Los Angeles,2017-11-26,6,17.0,Trump 1.0
Los Angeles,2017-11-27,19,16.0,Trump 1.0
Los Angeles,2017-11-28,30,16.0,Trump 1.0
Los Angeles,2017-11-29,43,18.0,Trump 1.0
Los Angeles,2017-11-30,39,23.0,Trump 1.0
Los Angeles,2017-12-01,24,23.0,Trump 1.0
Los Angeles,2017-12-02,5,24.0,Trump 1.0
Los Angeles,2017-12-03,53,30.0,Trump 1.0
Los Angeles,2017-12-04,59,36.0,Trump 1.0
Los Angeles,2017-12-05,58,40.0,Trump 1.0
Los Angeles,2017-12-06,29,38.0,Trump 1.0
Los Angeles,2017-12-07,26,36.0,Trump 1.0
Los Angeles,2017-12-08,36,38.0,Trump 1.0
Los Angeles,2017-12-09,6,38.0,Trump 1.0
Los Angeles,2017-12-10,6,31.0,Trump 1.0
Los Angeles,2017-12-11,26,27.0,Trump 1.0
Los Angeles,2017-12-12,32,23.0,Trump 1.0
Los Angeles,2017-12-13,33,24.0,Trump 1.0
Los Angeles,2017-12-14,26,24.0,Trump 1.0
Los Angeles,2017-12-15,36,24.0,Trump 1.0
Los Angeles,2017-12-16,1,23.0,Trump 1.0
Los Angeles,2017-12-17,1,22.0,Trump 1.0
Los Angeles,2017-12-18,20,21.0,Trump 1.0
Los Angeles,2017-12-19,21,20.0,Trump 1.0
Los Angeles,2017-12-20,25,19.0,Trump 1.0
Los Angeles,2017-12-21,16,17.0,Trump 1.0
Los Angeles,2017-12-22,23,15.0,Trump 1.0
Los Angeles,2017-12-23,3,16.0,Trump 1.0
Los Angeles,2017-12-24,1,16.0,Trump 1.0
Los Angeles,2017-12-25,9,14.0,Trump 1.0
Los Angeles,2017-12-26,29,15.0,Trump 1.0
Los Angeles,2017-12-27,12,13.0,Trump 1.0
Los Angeles,2017-12-28,32,16.0,Trump 1.0
Los Angeles,2017-12-29,27,16.0,Trump 1.0
Los Angeles,2017-12-30,3,16.0,Trump 1.0
Los Angeles,2017-12-31,2,16.0,Trump 1.0
Los Angeles,2018-01-01,5,16.0,Trump 1.0
Los Angeles,2018-01-02,27,15.0,Trump 1.0
Los Angeles,2018-01-03,25,17.0,Trump 1.0
Los Angeles,2018-01-04,19,15.0,Trump 1.0
Los Angeles,2018-01-05,28,16.0,Trump 1.0
Los Angeles,2018-01-06,4,16.0,Trump 1.0
Los Angeles,2018-01-07,3,16.0,Trump 1.0
Los Angeles,2018-01-08,20,18.0,Trump 1.0
Los Angeles,2018-01-09,20,17.0,Trump 1.0
Los Angeles,2018-01-10,29,18.0,Trump 1.0
Los Angeles,2018-01-11,29,19.0,Trump 1.0
Los Angeles,2018-01-12,31,19.0,Trump 1.0
Los Angeles,2018-01-13,7,20.0,Trump 1.0
Los Angeles,2018-01-14,2,20.0,Trump 1.0
Los Angeles,2018-01-15,4,17.0,Trump 1.0
Los Angeles,2018-01-16,24,18.0,Trump 1.0
Los Angeles,2018-01-17,32,18.0,Trump 1.0
Los Angeles,2018-01-18,27,18.0,Trump 1.0
Los Angeles,2018-01-19,20,17.0,Trump 1.0
Los Angeles,2018-01-20,3,16.0,Trump 1.0
Los Angeles,2018-01-21,6,17.0,Trump 1.0
Los Angeles,2018-01-22,13,18.0,Trump 1.0
Los Angeles,2018-01-23,20,17.0,Trump 1.0
Los Angeles,2018-01-24,28,17.0,Trump 1.0
Los Angeles,2018-01-25,21,16.0,Trump 1.0
Los Angeles,2018-01-26,18,16.0,Trump 1.0
Los Angeles,2018-01-27,7,16.0,Trump 1.0
Los Angeles,2018-01-28,8,16.0,Trump 1.0
Los Angeles,2018-01-29,21,18.0,Trump 1.0
Los Angeles,2018-01-30,20,18.0,Trump 1.0
Los Angeles,2018-01-31,15,16.0,Trump 1.0
Los Angeles,2018-02-01,31,17.0,Trump 1.0
Los Angeles,2018-02-02,20,17.0,Trump 1.0
Los Angeles,2018-02-03,8,18.0,Trump 1.0
Los Angeles,2018-02-04,4,17.0,Trump 1.0
Los Angeles,2018-02-05,10,15.0,Trump 1.0
Los Angeles,2018-02-06,20,15.0,Trump 1.0
Los Angeles,2018-02-07,11,15.0,Trump 1.0
Los Angeles,2018-02-08,25,14.0,Trump 1.0
Los Angeles,2018-02-09,17,14.0,Trump 1.0
Los Angeles,2018-02-10,8,14.0,Trump 1.0
Los Angeles,2018-02-11,72,23.0,Trump 1.0
Los Angeles,2018-02-12,68,32.0,Trump 1.0
Los Angeles,2018-02-13,75,39.0,Trump 1.0
Los Angeles,2018-02-14,62,47.0,Trump 1.0
Los Angeles,2018-02-15,20,46.0,Trump 1.0
Los Angeles,2018-02-16,23,47.0,Trump 1.0
Los Angeles,2018-02-17,9,47.0,Trump 1.0
Los Angeles,2018-02-18,4,37.0,Trump 1.0
Los Angeles,2018-02-19,4,28.0,Trump 1.0
Los Angeles,2018-02-20,25,21.0,Trump 1.0
Los Angeles,2018-02-21,24,16.0,Trump 1.0
Los Angeles,2018-02-22,17,15.0,Trump 1.0
Los Angeles,2018-02-23,13,14.0,Trump 1.0
Los Angeles,2018-02-24,11,14.0,Trump 1.0
Los Angeles,2018-02-25,4,14.0,Trump 1.0
Los Angeles,2018-02-26,17,16.0,Trump 1.0
Los Angeles,2018-02-27,19,15.0,Trump 1.0
Los Angeles,2018-02-28,27,15.0,Trump 1.0
Los Angeles,2018-03-01,25,17.0,Trump 1.0
Los Angeles,2018-03-02,37,20.0,Trump 1.0
Los Angeles,2018-03-03,10,20.0,Trump 1.0
Los Angeles,2018-03-04,3,20.0,Trump 1.0
Los Angeles,2018-03-05,15,19.0,Trump 1.0
Los Angeles,2018-03-06,24,20.0,Trump 1.0
Los Angeles,2018-03-07,21,19.0,Trump 1.0
Los Angeles,2018-03-08,21,19.0,Trump 1.0
Los Angeles,2018-03-09,25,17.0,Trump 1.0
Los Angeles,2018-03-10,3,16.0,Trump 1.0
Los Angeles,2018-03-11,5,16.0,Trump 1.0
Los Angeles,2018-03-12,22,17.0,Trump 1.0
Los Angeles,2018-03-13,29,18.0,Trump 1.0
Los Angeles,2018-03-14,27,19.0,Trump 1.0
Los Angeles,2018-03-15,18,18.0,Trump 1.0
Los Angeles,2018-03-16,30,19.0,Trump 1.0
Los Angeles,2018-03-17,8,20.0,Trump 1.0
Los Angeles,2018-03-18,6,20.0,Trump 1.0
Los Angeles,2018-03-19,20,20.0,Trump 1.0
Los Angeles,2018-03-20,28,20.0,Trump 1.0
Los Angeles,2018-03-21,29,20.0,Trump 1.0
Los Angeles,2018-03-22,23,21.0,Trump 1.0
Los Angeles,2018-03-23,28,20.0,Trump 1.0
Los Angeles,2018-03-24,4,20.0,Trump 1.0
Los Angeles,2018-03-25,3,19.0,Trump 1.0
Los Angeles,2018-03-26,23,20.0,Trump 1.0
Los Angeles,2018-03-27,26,19.0,Trump 1.0
Los Angeles,2018-03-28,28,19.0,Trump 1.0
Los Angeles,2018-03-29,28,20.0,Trump 1.0
Los Angeles,2018-03-30,24,19.0,Trump 1.0
Los Angeles,2018-03-31,8,20.0,Trump 1.0
Los Angeles,2018-04-01,1,20.0,Trump 1.0
Los Angeles,2018-04-02,26,20.0,Trump 1.0
Los Angeles,2018-04-03,36,22.0,Trump 1.0
Los Angeles,2018-04-04,31,22.0,Trump 1.0
Los Angeles,2018-04-05,31,22.0,Trump 1.0
Los Angeles,2018-04-06,22,22.0,Trump 1.0
Los Angeles,2018-04-07,3,21.0,Trump 1.0
Los Angeles,2018-04-08,2,22.0,Trump 1.0
Los Angeles,2018-04-09,23,21.0,Trump 1.0
Los Angeles,2018-04-10,37,21.0,Trump 1.0
Los Angeles,2018-04-11,31,21.0,Trump 1.0
Los Angeles,2018-04-12,21,20.0,Trump 1.0
Los Angeles,2018-04-13,34,22.0,Trump 1.0
Los Angeles,2018-04-14,4,22.0,Trump 1.0
Los Angeles,2018-04-15,5,22.0,Trump 1.0
Los Angeles,2018-04-16,17,21.0,Trump 1.0
Los Angeles,2018-04-17,38,21.0,Trump 1.0
Los Angeles,2018-04-18,19,20.0,Trump 1.0
Los Angeles,2018-04-19,29,21.0,Trump 1.0
Los Angeles,2018-04-20,23,19.0,Trump 1.0
Los Angeles,2018-04-21,8,20.0,Trump 1.0
Los Angeles,2018-04-22,2,19.0,Trump 1.0
Los Angeles,2018-04-23,15,19.0,Trump 1.0
Los Angeles,2018-04-24,46,20.0,Trump 1.0
Los Angeles,2018-04-25,29,22.0,Trump 1.0
Los Angeles,2018-04-26,30,22.0,Trump 1.0
Los Angeles,2018-04-27,28,23.0,Trump 1.0
Los Angeles,2018-04-28,6,22.0,Trump 1.0
Los Angeles,2018-04-29,4,23.0,Trump 1.0
Los Angeles,2018-04-30,24,24.0,Trump 1.0
Los Angeles,2018-05-01,16,20.0,Trump 1.0
Los Angeles,2018-05-02,32,20.0,Trump 1.0
Los Angeles,2018-05-03,31,20.0,Trump 1.0
Los Angeles,2018-05-04,36,21.0,Trump 1.0
Los Angeles,2018-05-05,4,21.0,Trump 1.0
Los Angeles,2018-05-06,5,21.0,Trump 1.0
Los Angeles,2018-05-07,25,21.0,Trump 1.0
Los Angeles,2018-05-08,21,22.0,Trump 1.0
Los Angeles,2018-05-09,17,20.0,Trump 1.0
Los Angeles,2018-05-10,29,20.0,Trump 1.0
Los Angeles,2018-05-11,23,18.0,Trump 1.0
Los Angeles,2018-05-12,6,18.0,Trump 1.0
Los Angeles,2018-05-13,1,17.0,Trump 1.0
Los Angeles,2018-05-14,19,17.0,Trump 1.0
Los Angeles,2018-05-15,23,17.0,Trump 1.0
Los Angeles,2018-05-16,15,17.0,Trump 1.0
Los Angeles,2018-05-17,29,17.0,Trump 1.0
Los Angeles,2018-05-18,23,17.0,Trump 1.0
Los Angeles,2018-05-19,7,17.0,Trump 1.0
Los Angeles,2018-05-20,2,17.0,Trump 1.0
Los Angeles,2018-05-21,21,17.0,Trump 1.0
Los Angeles,2018-05-22,21,17.0,Trump 1.0
Los Angeles,2018-05-23,23,18.0,Trump 1.0
Los Angeles,2018-05-24,28,18.0,Trump 1.0
Los Angeles,2018-05-25,20,17.0,Trump 1.0
Los Angeles,2018-05-26,8,18.0,Trump 1.0
Los Angeles,2018-05-27,1,17.0,Trump 1.0
Los Angeles,2018-05-28,6,15.0,Trump 1.0
Los Angeles,2018-05-29,19,15.0,Trump 1.0
Los Angeles,2018-05-30,25,15.0,Trump 1.0
Los Angeles,2018-05-31,19,14.0,Trump 1.0
Los Angeles,2018-06-01,24,15.0,Trump 1.0
Los Angeles,2018-06-02,9,15.0,Trump 1.0
Los Angeles,2018-06-03,5,15.0,Trump 1.0
Los Angeles,2018-06-04,21,17.0,Trump 1.0
Los Angeles,2018-06-05,25,18.0,Trump 1.0
Los Angeles,2018-06-06,26,18.0,Trump 1.0
Los Angeles,2018-06-07,18,18.0,Trump 1.0
Los Angeles,2018-06-08,20,18.0,Trump 1.0
Los Angeles,2018-06-09,8,18.0,Trump 1.0
Los Angeles,2018-06-10,58,25.0,Trump 1.0
Los Angeles,2018-06-11,67,32.0,Trump 1.0
Los Angeles,2018-06-12,66,38.0,Trump 1.0
Los Angeles,2018-06-13,12,36.0,Trump 1.0
Los Angeles,2018-06-14,22,36.0,Trump 1.0
Los Angeles,2018-06-15,18,36.0,Trump 1.0
Los Angeles,2018-06-16,1,35.0,Trump 1.0
Los Angeles,2018-06-17,6,27.0,Trump 1.0
Los Angeles,2018-06-18,19,21.0,Trump 1.0
Los Angeles,2018-06-19,31,16.0,Trump 1.0
Los Angeles,2018-06-20,32,18.0,Trump 1.0
Los Angeles,2018-06-21,23,19.0,Trump 1.0
Los Angeles,2018-06-22,15,18.0,Trump 1.0
Los Angeles,2018-06-23,7,19.0,Trump 1.0
Los Angeles,2018-06-24,8,19.0,Trump 1.0
Los Angeles,2018-06-25,21,20.0,Trump 1.0
Los Angeles,2018-06-26,15,17.0,Trump 1.0
Los Angeles,2018-06-27,19,15.0,Trump 1.0
Los Angeles,2018-06-28,20,15.0,Trump 1.0
Los Angeles,2018-06-29,13,15.0,Trump 1.0
Los Angeles,2018-06-30,9,15.0,Trump 1.0
Los Angeles,2018-07-01,5,15.0,Trump 1.0
Los Angeles,2018-07-02,14,14.0,Trump 1.0
Los Angeles,2018-07-03,24,15.0,Trump 1.0
Los Angeles,2018-07-04,9,13.0,Trump 1.0
Los Angeles,2018-07-05,12,12.0,Trump 1.0
Los Angeles,2018-07-06,17,13.0,Trump 1.0
Los Angeles,2018-07-07,3,12.0,Trump 1.0
Los Angeles,2018-07-08,3,12.0,Trump 1.0
Los Angeles,2018-07-09,18,12.0,Trump 1.0
Los Angeles,2018-07-10,29,13.0,Trump 1.0
Los Angeles,2018-07-11,27,16.0,Trump 1.0
Los Angeles,2018-07-12,32,18.0,Trump 1.0
Los Angeles,2018-07-13,32,21.0,Trump 1.0
Los Angeles,2018-07-14,10,22.0,Trump 1.0
Los Angeles,2018-07-15,4,22.0,Trump 1.0
Los Angeles,2018-07-16,21,22.0,Trump 1.0
Los Angeles,2018-07-17,25,22.0,Trump 1.0
Los Angeles,2018-07-18,23,21.0,Trump 1.0
Los Angeles,2018-07-19,26,20.0,Trump 1.0
Los Angeles,2018-07-20,25,19.0,Trump 1.0
Los Angeles,2018-07-21,3,18.0,Trump 1.0
Los Angeles,2018-07-22,5,18.0,Trump 1.0
Los Angeles,2018-07-23,18,18.0,Trump 1.0
Los Angeles,2018-07-24,37,20.0,Trump 1.0
Los Angeles,2018-07-25,26,20.0,Trump 1.0
Los Angeles,2018-07-26,19,19.0,Trump 1.0
Los Angeles,2018-07-27,28,19.0,Trump 1.0
Los Angeles,2018-07-28,4,20.0,Trump 1.0
Los Angeles,2018-07-29,3,19.0,Trump 1.0
Los Angeles,2018-07-30,23,20.0,Trump 1.0
Los Angeles,2018-07-31,19,17.0,Trump 1.0
Los Angeles,2018-08-01,24,17.0,Trump 1.0
Los Angeles,2018-08-02,24,18.0,Trump 1.0
Los Angeles,2018-08-03,25,17.0,Trump 1.0
Los Angeles,2018-08-04,5,18.0,Trump 1.0
Los Angeles,2018-08-05,6,18.0,Trump 1.0
Los Angeles,2018-08-06,17,17.0,Trump 1.0
Los Angeles,2018-08-07,27,18.0,Trump 1.0
Los Angeles,2018-08-08,20,18.0,Trump 1.0
Los Angeles,2018-08-09,29,18.0,Trump 1.0
Los Angeles,2018-08-10,24,18.0,Trump 1.0
Los Angeles,2018-08-11,8,19.0,Trump 1.0
Los Angeles,2018-08-12,1,18.0,Trump 1.0
Los Angeles,2018-08-13,16,18.0,Trump 1.0
Los Angeles,2018-08-14,27,18.0,Trump 1.0
Los Angeles,2018-08-15,31,19.0,Trump 1.0
Los Angeles,2018-08-16,29,19.0,Trump 1.0
Los Angeles,2018-08-17,35,21.0,Trump 1.0
Los Angeles,2018-08-18,12,22.0,Trump 1.0
Los Angeles,2018-08-19,4,22.0,Trump 1.0
Los Angeles,2018-08-20,17,22.0,Trump 1.0
Los Angeles,2018-08-21,38,24.0,Trump 1.0
Los Angeles,2018-08-22,15,21.0,Trump 1.0
Los Angeles,2018-08-23,26,21.0,Trump 1.0
Los Angeles,2018-08-24,22,19.0,Trump 1.0
Los Angeles,2018-08-25,5,18.0,Trump 1.0
Los Angeles,2018-08-26,4,18.0,Trump 1.0
Los Angeles,2018-08-27,22,19.0,Trump 1.0
Los Angeles,2018-08-28,28,17.0,Trump 1.0
Los Angeles,2018-08-29,23,19.0,Trump 1.0
Los Angeles,2018-08-30,23,18.0,Trump 1.0
Los Angeles,2018-08-31,22,18.0,Trump 1.0
Los Angeles,2018-09-01,10,19.0,Trump 1.0
Los Angeles,2018-09-02,2,19.0,Trump 1.0
Los Angeles,2018-09-03,2,16.0,Trump 1.0
Los Angeles,2018-09-04,14,14.0,Trump 1.0
Los Angeles,2018-09-05,26,14.0,Trump 1.0
Los Angeles,2018-09-06,21,14.0,Trump 1.0
Los Angeles,2018-09-07,27,15.0,Trump 1.0
Los Angeles,2018-09-08,3,14.0,Trump 1.0
Los Angeles,2018-09-09,1,13.0,Trump 1.0
Los Angeles,2018-09-10,14,15.0,Trump 1.0
Los Angeles,2018-09-11,22,16.0,Trump 1.0
Los Angeles,2018-09-12,21,16.0,Trump 1.0
Los Angeles,2018-09-13,14,15.0,Trump 1.0
Los Angeles,2018-09-14,36,16.0,Trump 1.0
Los Angeles,2018-09-15,8,17.0,Trump 1.0
Los Angeles,2018-09-16,2,17.0,Trump 1.0
Los Angeles,2018-09-17,15,17.0,Trump 1.0
Los Angeles,2018-09-18,16,16.0,Trump 1.0
Los Angeles,2018-09-19,16,15.0,Trump 1.0
Los Angeles,2018-09-20,22,16.0,Trump 1.0
Los Angeles,2018-09-21,20,14.0,Trump 1.0
Los Angeles,2018-09-22,5,14.0,Trump 1.0
Los Angeles,2018-09-23,54,21.0,Trump 1.0
Los Angeles,2018-09-24,63,28.0,Trump 1.0
Los Angeles,2018-09-25,61,34.0,Trump 1.0
Los Angeles,2018-09-26,30,36.0,Trump 1.0
Los Angeles,2018-09-27,25,37.0,Trump 1.0
Los Angeles,2018-09-28,16,36.0,Trump 1.0
Los Angeles,2018-09-29,10,37.0,Trump 1.0
Los Angeles,2018-09-30,2,30.0,Trump 1.0
Miami,2015-10-01,15,23.0,Trump 1.0
Miami,2015-10-02,8,15.0,Trump 1.0
Miami,2015-10-03,2,11.0,Trump 1.0
Miami,2015-10-04,2,8.0,Trump 1.0
Miami,2015-10-05,15,8.0,Trump 1.0
Miami,2015-10-06,12,8.0,Trump 1.0
Miami,2015-10-07,21,11.0,Trump 1.0
Miami,2015-10-08,15,11.0,Trump 1.0
Miami,2015-10-09,15,12.0,Trump 1.0
Miami,2015-10-10,1,12.0,Trump 1.0
Miami,2015-10-11,1,11.0,Trump 1.0
Miami,2015-10-12,5,10.0,Trump 1.0
Miami,2015-10-13,13,10.0,Trump 1.0
Miami,2015-10-14,31,12.0,Trump 1.0
Miami,2015-10-15,5,10.0,Trump 1.0
Miami,2015-10-16,11,10.0,Trump 1.0
Miami,2015-10-19,11,11.0,Trump 1.0
Miami,2015-10-20,15,13.0,Trump 1.0
Miami,2015-10-21,19,15.0,Trump 1.0
Miami,2015-10-22,16,15.0,Trump 1.0
Miami,2015-10-23,12,13.0,Trump 1.0
Miami,2015-10-24,2,12.0,Trump 1.0
Miami,2015-10-26,12,12.0,Trump 1.0
Miami,2015-10-27,6,12.0,Trump 1.0
Miami,2015-10-28,9,11.0,Trump 1.0
Miami,2015-10-29,17,11.0,Trump 1.0
Miami,2015-10-30,27,12.0,Trump 1.0
Miami,2015-11-01,2,11.0,Trump 1.0
Miami,2015-11-02,25,14.0,Trump 1.0
Miami,2015-11-03,16,15.0,Trump 1.0
Miami,2015-11-04,22,17.0,Trump 1.0
Miami,2015-11-05,17,18.0,Trump 1.0
Miami,2015-11-06,14,18.0,Trump 1.0
Miami,2015-11-09,18,16.0,Trump 1.0
Miami,2015-11-10,18,19.0,Trump 1.0
Miami,2015-11-11,3,15.0,Trump 1.0
Miami,2015-11-12,16,15.0,Trump 1.0
Miami,2015-11-13,14,14.0,Trump 1.0
Miami,2015-11-16,18,14.0,Trump 1.0
Miami,2015-11-17,16,15.0,Trump 1.0
Miami,2015-11-18,15,14.0,Trump 1.0
Miami,2015-11-19,8,13.0,Trump 1.0
Miami,2015-11-20,8,14.0,Trump 1.0
Miami,2015-11-23,8,12.0,Trump 1.0
Miami,2015-11-24,20,13.0,Trump 1.0
Miami,2015-11-25,8,12.0,Trump 1.0
Miami,2015-11-27,5,10.0,Trump 1.0
Miami,2015-11-30,13,10.0,Trump 1.0
Miami,2015-12-01,22,12.0,Trump 1.0
Miami,2015-12-02,19,14.0,Trump 1.0
Miami,2015-12-03,12,14.0,Trump 1.0
Miami,2015-12-04,21,14.0,Trump 1.0
Miami,2015-12-06,2,13.0,Trump 1.0
Miami,2015-12-07,14,15.0,Trump 1.0
Miami,2015-12-08,12,15.0,Trump 1.0
Miami,2015-12-09,12,13.0,Trump 1.0
Miami,2015-12-10,16,13.0,Trump 1.0
Miami,2015-12-11,10,12.0,Trump 1.0
Miami,2015-12-12,1,10.0,Trump 1.0
Miami,2015-12-13,1,9.0,Trump 1.0
Miami,2015-12-14,12,9.0,Trump 1.0
Miami,2015-12-15,15,10.0,Trump 1.0
Miami,2015-12-16,16,10.0,Trump 1.0
Miami,2015-12-17,8,9.0,Trump 1.0
Miami,2015-12-18,9,9.0,Trump 1.0
Miami,2015-12-21,10,10.0,Trump 1.0
Miami,2015-12-22,9,11.0,Trump 1.0
Miami,2015-12-23,9,11.0,Trump 1.0
Miami,2015-12-24,4,9.0,Trump 1.0
Miami,2015-12-26,3,7.0,Trump 1.0
Miami,2015-12-28,8,7.0,Trump 1.0
Miami,2015-12-29,3,7.0,Trump 1.0
Miami,2015-12-30,8,6.0,Trump 1.0
Miami,2015-12-31,6,6.0,Trump 1.0
Miami,2016-01-02,8,6.0,Trump 1.0
Miami,2016-01-04,15,7.0,Trump 1.0
Miami,2016-01-05,14,9.0,Trump 1.0
Miami,2016-01-06,21,11.0,Trump 1.0
Miami,2016-01-07,8,11.0,Trump 1.0
Miami,2016-01-08,10,12.0,Trump 1.0
Miami,2016-01-11,13,13.0,Trump 1.0
Miami,2016-01-12,17,14.0,Trump 1.0
Miami,2016-01-13,20,15.0,Trump 1.0
Miami,2016-01-14,11,14.0,Trump 1.0
Miami,2016-01-15,8,12.0,Trump 1.0
Miami,2016-01-17,3,12.0,Trump 1.0
Miami,2016-01-18,1,10.0,Trump 1.0
Miami,2016-01-19,13,10.0,Trump 1.0
Miami,2016-01-20,9,9.0,Trump 1.0
Miami,2016-01-21,5,7.0,Trump 1.0
Miami,2016-01-22,8,7.0,Trump 1.0
Miami,2016-01-24,3,6.0,Trump 1.0
Miami,2016-01-25,14,8.0,Trump 1.0
Miami,2016-01-26,14,9.0,Trump 1.0
Miami,2016-01-27,13,9.0,Trump 1.0
Miami,2016-01-28,13,10.0,Trump 1.0
Miami,2016-01-29,11,11.0,Trump 1.0
Miami,2016-02-01,25,13.0,Trump 1.0
Miami,2016-02-02,14,15.0,Trump 1.0
Miami,2016-02-03,23,16.0,Trump 1.0
Miami,2016-02-04,16,16.0,Trump 1.0
Miami,2016-02-05,9,16.0,Trump 1.0
Miami,2016-02-07,1,14.0,Trump 1.0
Miami,2016-02-08,9,14.0,Trump 1.0
Miami,2016-02-09,9,12.0,Trump 1.0
Miami,2016-02-10,14,12.0,Trump 1.0
Miami,2016-02-11,13,10.0,Trump 1.0
Miami,2016-02-12,14,10.0,Trump 1.0
Miami,2016-02-16,16,11.0,Trump 1.0
Miami,2016-02-17,14,13.0,Trump 1.0
Miami,2016-02-18,11,13.0,Trump 1.0
Miami,2016-02-19,7,13.0,Trump 1.0
Miami,2016-02-22,11,12.0,Trump 1.0
Miami,2016-02-23,6,11.0,Trump 1.0
Miami,2016-02-24,18,12.0,Trump 1.0
Miami,2016-02-25,10,11.0,Trump 1.0
Miami,2016-02-26,8,10.0,Trump 1.0
Miami,2016-02-27,1,9.0,Trump 1.0
Miami,2016-02-29,21,11.0,Trump 1.0
Miami,2016-03-01,19,12.0,Trump 1.0
Miami,2016-03-02,24,14.0,Trump 1.0
Miami,2016-03-03,18,14.0,Trump 1.0
Miami,2016-03-04,24,16.0,Trump 1.0
Miami,2016-03-05,1,15.0,Trump 1.0
Miami,2016-03-06,1,15.0,Trump 1.0
Miami,2016-03-07,12,14.0,Trump 1.0
Miami,2016-03-08,9,13.0,Trump 1.0
Miami,2016-03-09,15,11.0,Trump 1.0
Miami,2016-03-10,11,10.0,Trump 1.0
Miami,2016-03-11,16,9.0,Trump 1.0
Miami,2016-03-14,9,10.0,Trump 1.0
Miami,2016-03-15,9,12.0,Trump 1.0
Miami,2016-03-16,18,12.0,Trump 1.0
Miami,2016-03-17,12,13.0,Trump 1.0
Miami,2016-03-18,8,12.0,Trump 1.0
Miami,2016-03-19,1,10.0,Trump 1.0
Miami,2016-03-21,7,9.0,Trump 1.0
Miami,2016-03-22,7,9.0,Trump 1.0
Miami,2016-03-23,14,10.0,Trump 1.0
Miami,2016-03-24,7,8.0,Trump 1.0
Miami,2016-03-25,7,7.0,Trump 1.0
Miami,2016-03-28,10,8.0,Trump 1.0
Miami,2016-03-29,8,9.0,Trump 1.0
Miami,2016-03-30,14,10.0,Trump 1.0
Miami,2016-03-31,4,9.0,Trump 1.0
Miami,2016-04-01,18,10.0,Trump 1.0
Miami,2016-04-03,1,9.0,Trump 1.0
Miami,2016-04-04,17,10.0,Trump 1.0
Miami,2016-04-05,10,10.0,Trump 1.0
Miami,2016-04-06,19,12.0,Trump 1.0
Miami,2016-04-07,21,13.0,Trump 1.0
Miami,2016-04-08,11,14.0,Trump 1.0
Miami,2016-04-11,13,13.0,Trump 1.0
Miami,2016-04-12,12,15.0,Trump 1.0
Miami,2016-04-13,15,14.0,Trump 1.0
Miami,2016-04-14,14,15.0,Trump 1.0
Miami,2016-04-15,12,14.0,Trump 1.0
Miami,2016-04-18,11,13.0,Trump 1.0
Miami,2016-04-19,8,12.0,Trump 1.0
Miami,2016-04-20,17,13.0,Trump 1.0
Miami,2016-04-21,11,13.0,Trump 1.0
Miami,2016-04-22,12,12.0,Trump 1.0
Miami,2016-04-25,14,12.0,Trump 1.0
Miami,2016-04-26,9,12.0,Trump 1.0
Miami,2016-04-27,14,12.0,Trump 1.0
Miami,2016-04-28,12,13.0,Trump 1.0
Miami,2016-04-29,8,11.0,Trump 1.0
Miami,2016-05-02,13,12.0,Trump 1.0
Miami,2016-05-03,13,12.0,Trump 1.0
Miami,2016-05-04,17,12.0,Trump 1.0
Miami,2016-05-05,10,12.0,Trump 1.0
Miami,2016-05-06,12,12.0,Trump 1.0
Miami,2016-05-09,14,12.0,Trump 1.0
Miami,2016-05-10,9,13.0,Trump 1.0
Miami,2016-05-11,12,12.0,Trump 1.0
Miami,2016-05-12,12,12.0,Trump 1.0
Miami,2016-05-13,6,11.0,Trump 1.0
Miami,2016-05-15,2,10.0,Trump 1.0
Miami,2016-05-16,15,10.0,Trump 1.0
Miami,2016-05-17,6,9.0,Trump 1.0
Miami,2016-05-18,24,11.0,Trump 1.0
Miami,2016-05-19,14,11.0,Trump 1.0
Miami,2016-05-20,19,12.0,Trump 1.0
Miami,2016-05-23,9,13.0,Trump 1.0
Miami,2016-05-24,11,14.0,Trump 1.0
Miami,2016-05-25,18,14.0,Trump 1.0
Miami,2016-05-26,11,15.0,Trump 1.0
Miami,2016-05-27,9,13.0,Trump 1.0
Miami,2016-05-30,1,11.0,Trump 1.0
Miami,2016-05-31,18,11.0,Trump 1.0
Miami,2016-06-01,19,12.0,Trump 1.0
Miami,2016-06-02,28,15.0,Trump 1.0
Miami,2016-06-03,16,15.0,Trump 1.0
Miami,2016-06-06,25,17.0,Trump 1.0
Miami,2016-06-07,22,18.0,Trump 1.0
Miami,2016-06-08,12,20.0,Trump 1.0
Miami,2016-06-09,5,18.0,Trump 1.0
Miami,2016-06-10,12,17.0,Trump 1.0
Miami,2016-06-11,2,13.0,Trump 1.0
Miami,2016-06-12,1,11.0,Trump 1.0
Miami,2016-06-13,10,9.0,Trump 1.0
Miami,2016-06-14,5,7.0,Trump 1.0
Miami,2016-06-15,14,7.0,Trump 1.0
Miami,2016-06-16,10,8.0,Trump 1.0
Miami,2016-06-17,7,7.0,Trump 1.0
Miami,2016-06-18,1,7.0,Trump 1.0
Miami,2016-06-20,11,8.0,Trump 1.0
Miami,2016-06-21,4,7.0,Trump 1.0
Miami,2016-06-22,6,8.0,Trump 1.0
Miami,2016-06-23,5,6.0,Trump 1.0
Miami,2016-06-24,5,6.0,Trump 1.0
Miami,2016-06-27,12,6.0,Trump 1.0
Miami,2016-06-28,16,8.0,Trump 1.0
Miami,2016-06-29,9,8.0,Trump 1.0
Miami,2016-06-30,10,9.0,Trump 1.0
Miami,2016-07-01,8,9.0,Trump 1.0
Miami,2016-07-03,1,9.0,Trump 1.0
Miami,2016-07-04,1,8.0,Trump 1.0
Miami,2016-07-05,9,8.0,Trump 1.0
Miami,2016-07-06,7,6.0,Trump 1.0
Miami,2016-07-07,3,6.0,Trump 1.0
Miami,2016-07-08,12,6.0,Trump 1.0
Miami,2016-07-11,18,7.0,Trump 1.0
Miami,2016-07-12,20,10.0,Trump 1.0
Miami,2016-07-13,28,14.0,Trump 1.0
Miami,2016-07-14,19,15.0,Trump 1.0
Miami,2016-07-15,28,18.0,Trump 1.0
Miami,2016-07-18,9,19.0,Trump 1.0
Miami,2016-07-19,18,20.0,Trump 1.0
Miami,2016-07-20,14,19.0,Trump 1.0
Miami,2016-07-21,14,19.0,Trump 1.0
Miami,2016-07-22,13,16.0,Trump 1.0
Miami,2016-07-23,1,14.0,Trump 1.0
Miami,2016-07-25,5,11.0,Trump 1.0
Miami,2016-07-26,15,11.0,Trump 1.0
Miami,2016-07-27,20,12.0,Trump 1.0
Miami,2016-07-28,2,10.0,Trump 1.0
Miami,2016-07-29,4,9.0,Trump 1.0
Miami,2016-08-01,24,10.0,Trump 1.0
Miami,2016-08-02,15,12.0,Trump 1.0
Miami,2016-08-03,18,14.0,Trump 1.0
Miami,2016-08-04,17,14.0,Trump 1.0
Miami,2016-08-05,10,13.0,Trump 1.0
Miami,2016-08-06,1,13.0,Trump 1.0
Miami,2016-08-08,10,14.0,Trump 1.0
Miami,2016-08-09,12,12.0,Trump 1.0
Miami,2016-08-10,13,12.0,Trump 1.0
Miami,2016-08-11,11,11.0,Trump 1.0
Miami,2016-08-12,9,9.0,Trump 1.0
Miami,2016-08-14,1,8.0,Trump 1.0
Miami,2016-08-15,11,10.0,Trump 1.0
Miami,2016-08-16,18,11.0,Trump 1.0
Miami,2016-08-17,9,10.0,Trump 1.0
Miami,2016-08-18,10,10.0,Trump 1.0
Miami,2016-08-19,10,10.0,Trump 1.0
Miami,2016-08-20,1,9.0,Trump 1.0
Miami,2016-08-22,7,9.0,Trump 1.0
Miami,2016-08-23,17,10.0,Trump 1.0
Miami,2016-08-24,14,10.0,Trump 1.0
Miami,2016-08-25,8,10.0,Trump 1.0
Miami,2016-08-26,3,9.0,Trump 1.0
Miami,2016-08-28,1,7.0,Trump 1.0
Miami,2016-08-29,10,9.0,Trump 1.0
Miami,2016-08-30,7,9.0,Trump 1.0
Miami,2016-08-31,18,9.0,Trump 1.0
Miami,2016-09-01,19,9.0,Trump 1.0
Miami,2016-09-02,9,10.0,Trump 1.0
Miami,2016-09-05,1,9.0,Trump 1.0
Miami,2016-09-06,14,11.0,Trump 1.0
Miami,2016-09-07,24,13.0,Trump 1.0
Miami,2016-09-08,27,16.0,Trump 1.0
Miami,2016-09-09,15,16.0,Trump 1.0
Miami,2016-09-12,16,15.0,Trump 1.0
Miami,2016-09-13,11,15.0,Trump 1.0
Miami,2016-09-14,18,18.0,Trump 1.0
Miami,2016-09-15,8,17.0,Trump 1.0
Miami,2016-09-16,11,15.0,Trump 1.0
Miami,2016-09-17,1,11.0,Trump 1.0
Miami,2016-09-19,12,11.0,Trump 1.0
Miami,2016-09-20,13,11.0,Trump 1.0
Miami,2016-09-21,15,11.0,Trump 1.0
Miami,2016-09-22,14,11.0,Trump 1.0
Miami,2016-09-23,13,11.0,Trump 1.0
Miami,2016-09-25,1,10.0,Trump 1.0
Miami,2016-09-26,26,13.0,Trump 1.0
Miami,2016-09-27,16,14.0,Trump 1.0
Miami,2016-09-28,30,16.0,Trump 1.0
Miami,2016-09-29,15,16.0,Trump 1.0
Miami,2016-09-30,11,16.0,Trump 1.0
Miami,2016-10-01,3,15.0,Trump 1.0
Miami,2016-10-03,16,17.0,Trump 1.0
Miami,2016-10-04,13,15.0,Trump 1.0
Miami,2016-10-05,8,14.0,Trump 1.0
Miami,2016-10-06,5,10.0,Trump 1.0
Miami,2016-10-07,3,8.0,Trump 1.0
Miami,2016-10-09,1,7.0,Trump 1.0
Miami,2016-10-11,18,9.0,Trump 1.0
Miami,2016-10-12,14,9.0,Trump 1.0
Miami,2016-10-13,18,10.0,Trump 1.0
Miami,2016-10-14,21,11.0,Trump 1.0
Miami,2016-10-17,10,12.0,Trump 1.0
Miami,2016-10-18,15,14.0,Trump 1.0
Miami,2016-10-19,7,15.0,Trump 1.0
Miami,2016-10-20,11,14.0,Trump 1.0
Miami,2016-10-21,6,13.0,Trump 1.0
Miami,2016-10-24,32,15.0,Trump 1.0
Miami,2016-10-25,27,15.0,Trump 1.0
Miami,2016-10-26,25,18.0,Trump 1.0
Miami,2016-10-27,22,19.0,Trump 1.0
Miami,2016-10-28,5,18.0,Trump 1.0
Miami,2016-10-30,1,17.0,Trump 1.0
Miami,2016-10-31,17,18.0,Trump 1.0
Miami,2016-11-01,24,17.0,Trump 1.0
Miami,2016-11-02,29,18.0,Trump 1.0
Miami,2016-11-03,12,16.0,Trump 1.0
Miami,2016-11-04,19,15.0,Trump 1.0
Miami,2016-11-07,17,17.0,Trump 1.0
Miami,2016-11-08,14,19.0,Trump 1.0
Miami,2016-11-09,18,19.0,Trump 1.0
Miami,2016-11-10,15,18.0,Trump 1.0
Miami,2016-11-11,1,14.0,Trump 1.0
Miami,2016-11-12,1,12.0,Trump 1.0
Miami,2016-11-14,24,13.0,Trump 1.0
Miami,2016-11-15,20,13.0,Trump 1.0
Miami,2016-11-16,20,14.0,Trump 1.0
Miami,2016-11-17,9,13.0,Trump 1.0
Miami,2016-11-18,11,12.0,Trump 1.0
Miami,2016-11-21,14,14.0,Trump 1.0
Miami,2016-11-22,18,17.0,Trump 1.0
Miami,2016-11-23,21,16.0,Trump 1.0
Miami,2016-11-24,1,13.0,Trump 1.0
Miami,2016-11-25,3,11.0,Trump 1.0
Miami,2016-11-28,15,12.0,Trump 1.0
Miami,2016-11-29,24,14.0,Trump 1.0
Miami,2016-11-30,29,16.0,Trump 1.0
Miami,2016-12-01,15,15.0,Trump 1.0
Miami,2016-12-02,9,14.0,Trump 1.0
Miami,2016-12-03,1,14.0,Trump 1.0
Miami,2016-12-04,1,13.0,Trump 1.0
Miami,2016-12-05,24,15.0,Trump 1.0
Miami,2016-12-06,27,15.0,Trump 1.0
Miami,2016-12-07,18,14.0,Trump 1.0
Miami,2016-12-08,11,13.0,Trump 1.0
Miami,2016-12-09,13,14.0,Trump 1.0
Miami,2016-12-10,1,14.0,Trump 1.0
Miami,2016-12-12,18,16.0,Trump 1.0
Miami,2016-12-13,8,14.0,Trump 1.0
Miami,2016-12-14,25,13.0,Trump 1.0
Miami,2016-12-15,28,15.0,Trump 1.0
Miami,2016-12-16,10,15.0,Trump 1.0
Miami,2016-12-17,1,13.0,Trump 1.0
Miami,2016-12-18,1,13.0,Trump 1.0
Miami,2016-12-19,15,13.0,Trump 1.0
Miami,2016-12-20,16,14.0,Trump 1.0
Miami,2016-12-21,25,14.0,Trump 1.0
Miami,2016-12-22,11,11.0,Trump 1.0
Miami,2016-12-23,10,11.0,Trump 1.0
Miami,2016-12-25,1,11.0,Trump 1.0
Miami,2016-12-27,15,13.0,Trump 1.0
Miami,2016-12-28,8,12.0,Trump 1.0
Miami,2016-12-29,27,14.0,Trump 1.0
Miami,2016-12-30,6,11.0,Trump 1.0
Miami,2017-01-01,1,10.0,Trump 1.0
Miami,2017-01-03,13,10.0,Trump 1.0
Miami,2017-01-04,14,12.0,Trump 1.0
Miami,2017-01-05,9,11.0,Trump 1.0
Miami,2017-01-06,9,11.0,Trump 1.0
Miami,2017-01-09,13,9.0,Trump 1.0
Miami,2017-01-10,26,12.0,Trump 1.0
Miami,2017-01-11,10,13.0,Trump 1.0
Miami,2017-01-12,19,14.0,Trump 1.0
Miami,2017-01-13,18,15.0,Trump 1.0
Miami,2017-01-15,2,14.0,Trump 1.0
Miami,2017-01-16,1,13.0,Trump 1.0
Miami,2017-01-17,16,13.0,Trump 1.0
Miami,2017-01-18,26,13.0,Trump 1.0
Miami,2017-01-19,14,14.0,Trump 1.0
Miami,2017-01-20,20,14.0,Trump 1.0
Miami,2017-01-21,1,11.0,Trump 1.0
Miami,2017-01-23,11,13.0,Trump 1.0
Miami,2017-01-24,24,16.0,Trump 1.0
Miami,2017-01-25,25,17.0,Trump 1.0
Miami,2017-01-26,14,16.0,Trump 1.0
Miami,2017-01-27,17,16.0,Trump 1.0
Miami,2017-01-28,2,13.0,Trump 1.0
Miami,2017-01-29,1,13.0,Trump 1.0
Miami,2017-01-30,30,16.0,Trump 1.0
Miami,2017-01-31,35,18.0,Trump 1.0
Miami,2017-02-01,22,17.0,Trump 1.0
Miami,2017-02-02,34,20.0,Trump 1.0
Miami,2017-02-03,28,22.0,Trump 1.0
Miami,2017-02-05,4,22.0,Trump 1.0
Miami,2017-02-06,27,26.0,Trump 1.0
Miami,2017-02-07,25,25.0,Trump 1.0
Miami,2017-02-08,16,22.0,Trump 1.0
Miami,2017-02-09,39,25.0,Trump 1.0
Miami,2017-02-10,13,22.0,Trump 1.0
Miami,2017-02-11,3,18.0,Trump 1.0
Miami,2017-02-12,1,18.0,Trump 1.0
Miami,2017-02-13,18,16.0,Trump 1.0
Miami,2017-02-14,31,17.0,Trump 1.0
Miami,2017-02-15,31,19.0,Trump 1.0
Miami,2017-02-16,24,17.0,Trump 1.0
Miami,2017-02-17,36,21.0,Trump 1.0
Miami,2017-02-18,2,20.0,Trump 1.0
Miami,2017-02-19,5,21.0,Trump 1.0
Miami,2017-02-20,2,19.0,Trump 1.0
Miami,2017-02-21,24,18.0,Trump 1.0
Miami,2017-02-22,22,16.0,Trump 1.0
Miami,2017-02-23,43,19.0,Trump 1.0
Miami,2017-02-24,24,17.0,Trump 1.0
Miami,2017-02-25,2,17.0,Trump 1.0
Miami,2017-02-26,2,17.0,Trump 1.0
Miami,2017-02-27,14,19.0,Trump 1.0
Miami,2017-02-28,21,18.0,Trump 1.0
Miami,2017-03-01,38,21.0,Trump 1.0
Miami,2017-03-02,25,18.0,Trump 1.0
Miami,2017-03-03,28,19.0,Trump 1.0
Miami,2017-03-04,3,19.0,Trump 1.0
Miami,2017-03-05,1,19.0,Trump 1.0
Miami,2017-03-06,32,21.0,Trump 1.0
Miami,2017-03-07,33,23.0,Trump 1.0
Miami,2017-03-08,39,23.0,Trump 1.0
Miami,2017-03-09,33,24.0,Trump 1.0
Miami,2017-03-10,27,24.0,Trump 1.0
Miami,2017-03-11,3,24.0,Trump 1.0
Miami,2017-03-12,2,24.0,Trump 1.0
Miami,2017-03-13,33,24.0,Trump 1.0
Miami,2017-03-14,28,24.0,Trump 1.0
Miami,2017-03-15,24,21.0,Trump 1.0
Miami,2017-03-16,22,20.0,Trump 1.0
Miami,2017-03-17,21,19.0,Trump 1.0
Miami,2017-03-19,1,19.0,Trump 1.0
Miami,2017-03-20,24,22.0,Trump 1.0
Miami,2017-03-21,13,19.0,Trump 1.0
Miami,2017-03-22,52,22.0,Trump 1.0
Miami,2017-03-23,41,25.0,Trump 1.0
Miami,2017-03-24,16,24.0,Trump 1.0
Miami,2017-03-25,12,23.0,Trump 1.0
Miami,2017-03-26,7,24.0,Trump 1.0
Miami,2017-03-27,20,23.0,Trump 1.0
Miami,2017-03-28,27,25.0,Trump 1.0
Miami,2017-03-29,28,22.0,Trump 1.0
Miami,2017-03-30,29,20.0,Trump 1.0
Miami,2017-03-31,29,22.0,Trump 1.0
Miami,2017-04-03,28,24.0,Trump 1.0
Miami,2017-04-04,34,28.0,Trump 1.0
Miami,2017-04-05,32,30.0,Trump 1.0
Miami,2017-04-06,36,31.0,Trump 1.0
Miami,2017-04-07,20,30.0,Trump 1.0
Miami,2017-04-08,1,26.0,Trump 1.0
Miami,2017-04-09,5,22.0,Trump 1.0
Miami,2017-04-10,21,21.0,Trump 1.0
Miami,2017-04-11,21,19.0,Trump 1.0
Miami,2017-04-12,15,17.0,Trump 1.0
Miami,2017-04-13,19,15.0,Trump 1.0
Miami,2017-04-14,10,13.0,Trump 1.0
Miami,2017-04-15,1,13.0,Trump 1.0
Miami,2017-04-16,3,13.0,Trump 1.0
Miami,2017-04-17,29,14.0,Trump 1.0
Miami,2017-04-18,39,17.0,Trump 1.0
Miami,2017-04-19,48,21.0,Trump 1.0
Miami,2017-04-20,32,23.0,Trump 1.0
Miami,2017-04-21,48,29.0,Trump 1.0
Miami,2017-04-22,2,29.0,Trump 1.0
Miami,2017-04-24,22,31.0,Trump 1.0
Miami,2017-04-25,23,31.0,Trump 1.0
Miami,2017-04-26,24,28.0,Trump 1.0
Miami,2017-04-27,20,24.0,Trump 1.0
Miami,2017-04-28,22,23.0,Trump 1.0
Miami,2017-04-30,1,16.0,Trump 1.0
Miami,2017-05-01,41,22.0,Trump 1.0
Miami,2017-05-02,24,22.0,Trump 1.0
Miami,2017-05-03,30,23.0,Trump 1.0
Miami,2017-05-04,29,24.0,Trump 1.0
Miami,2017-05-05,18,24.0,Trump 1.0
Miami,2017-05-06,5,21.0,Trump 1.0
Miami,2017-05-07,2,21.0,Trump 1.0
Miami,2017-05-08,16,18.0,Trump 1.0
Miami,2017-05-09,26,18.0,Trump 1.0
Miami,2017-05-10,21,17.0,Trump 1.0
Miami,2017-05-11,15,15.0,Trump 1.0
Miami,2017-05-12,21,15.0,Trump 1.0
Miami,2017-05-13,2,15.0,Trump 1.0
Miami,2017-05-15,36,20.0,Trump 1.0
Miami,2017-05-16,26,21.0,Trump 1.0
Miami,2017-05-17,24,21.0,Trump 1.0
Miami,2017-05-18,16,20.0,Trump 1.0
Miami,2017-05-19,17,20.0,Trump 1.0
Miami,2017-05-20,3,18.0,Trump 1.0
Miami,2017-05-21,4,18.0,Trump 1.0
Miami,2017-05-22,36,18.0,Trump 1.0
Miami,2017-05-23,16,17.0,Trump 1.0
Miami,2017-05-24,26,17.0,Trump 1.0
Miami,2017-05-25,24,18.0,Trump 1.0
Miami,2017-05-26,13,17.0,Trump 1.0
Miami,2017-05-27,2,17.0,Trump 1.0
Miami,2017-05-29,6,18.0,Trump 1.0
Miami,2017-05-30,37,18.0,Trump 1.0
Miami,2017-05-31,23,19.0,Trump 1.0
Miami,2017-06-01,36,20.0,Trump 1.0
Miami,2017-06-02,34,22.0,Trump 1.0
Miami,2017-06-03,1,20.0,Trump 1.0
Miami,2017-06-05,48,26.0,Trump 1.0
Miami,2017-06-06,51,33.0,Trump 1.0
Miami,2017-06-07,35,33.0,Trump 1.0
Miami,2017-06-08,25,33.0,Trump 1.0
Miami,2017-06-09,30,32.0,Trump 1.0
Miami,2017-06-10,3,28.0,Trump 1.0
Miami,2017-06-12,24,31.0,Trump 1.0
Miami,2017-06-13,28,28.0,Trump 1.0
Miami,2017-06-14,28,25.0,Trump 1.0
Miami,2017-06-15,22,23.0,Trump 1.0
Miami,2017-06-16,22,22.0,Trump 1.0
Miami,2017-06-17,4,19.0,Trump 1.0
Miami,2017-06-19,37,24.0,Trump 1.0
Miami,2017-06-20,21,23.0,Trump 1.0
Miami,2017-06-21,39,25.0,Trump 1.0
Miami,2017-06-22,22,24.0,Trump 1.0
Miami,2017-06-23,24,24.0,Trump 1.0
Miami,2017-06-24,4,22.0,Trump 1.0
Miami,2017-06-25,2,21.0,Trump 1.0
Miami,2017-06-26,37,21.0,Trump 1.0
Miami,2017-06-27,38,24.0,Trump 1.0
Miami,2017-06-28,39,24.0,Trump 1.0
Miami,2017-06-29,31,25.0,Trump 1.0
Miami,2017-06-30,18,24.0,Trump 1.0
Miami,2017-07-01,1,24.0,Trump 1.0
Miami,2017-07-02,1,24.0,Trump 1.0
Miami,2017-07-03,20,21.0,Trump 1.0
Miami,2017-07-04,1,16.0,Trump 1.0
Miami,2017-07-05,30,15.0,Trump 1.0
Miami,2017-07-06,49,17.0,Trump 1.0
Miami,2017-07-07,30,19.0,Trump 1.0
Miami,2017-07-09,3,19.0,Trump 1.0
Miami,2017-07-10,28,23.0,Trump 1.0
Miami,2017-07-11,16,22.0,Trump 1.0
Miami,2017-07-12,23,26.0,Trump 1.0
Miami,2017-07-13,25,25.0,Trump 1.0
Miami,2017-07-14,33,23.0,Trump 1.0
Miami,2017-07-15,5,19.0,Trump 1.0
Miami,2017-07-16,3,19.0,Trump 1.0
Miami,2017-07-17,24,18.0,Trump 1.0
Miami,2017-07-18,32,21.0,Trump 1.0
Miami,2017-07-19,24,21.0,Trump 1.0
Miami,2017-07-20,26,21.0,Trump 1.0
Miami,2017-07-21,22,19.0,Trump 1.0
Miami,2017-07-22,4,19.0,Trump 1.0
Miami,2017-07-23,27,23.0,Trump 1.0
Miami,2017-07-24,55,27.0,Trump 1.0
Miami,2017-07-25,54,30.0,Trump 1.0
Miami,2017-07-26,41,33.0,Trump 1.0
Miami,2017-07-27,23,32.0,Trump 1.0
Miami,2017-07-28,13,31.0,Trump 1.0
Miami,2017-07-29,2,31.0,Trump 1.0
Miami,2017-07-30,1,27.0,Trump 1.0
Miami,2017-07-31,39,25.0,Trump 1.0
Miami,2017-08-01,37,22.0,Trump 1.0
Miami,2017-08-02,35,21.0,Trump 1.0
Miami,2017-08-03,29,22.0,Trump 1.0
Miami,2017-08-04,27,24.0,Trump 1.0
Miami,2017-08-05,2,24.0,Trump 1.0
Miami,2017-08-06,7,25.0,Trump 1.0
Miami,2017-08-07,25,23.0,Trump 1.0
Miami,2017-08-08,24,21.0,Trump 1.0
Miami,2017-08-09,27,20.0,Trump 1.0
Miami,2017-08-10,24,19.0,Trump 1.0
Miami,2017-08-11,17,18.0,Trump 1.0
Miami,2017-08-12,6,19.0,Trump 1.0
Miami,2017-08-13,3,18.0,Trump 1.0
Miami,2017-08-14,27,18.0,Trump 1.0
Miami,2017-08-15,19,18.0,Trump 1.0
Miami,2017-08-16,19,16.0,Trump 1.0
Miami,2017-08-17,24,16.0,Trump 1.0
Miami,2017-08-18,30,18.0,Trump 1.0
Miami,2017-08-19,2,18.0,Trump 1.0
Miami,2017-08-20,2,18.0,Trump 1.0
Miami,2017-08-21,19,16.0,Trump 1.0
Miami,2017-08-22,14,16.0,Trump 1.0
Miami,2017-08-23,27,17.0,Trump 1.0
Miami,2017-08-24,22,17.0,Trump 1.0
Miami,2017-08-25,33,17.0,Trump 1.0
Miami,2017-08-26,2,17.0,Trump 1.0
Miami,2017-08-27,2,17.0,Trump 1.0
Miami,2017-08-28,21,17.0,Trump 1.0
Miami,2017-08-29,31,20.0,Trump 1.0
Miami,2017-08-30,28,20.0,Trump 1.0
Miami,2017-08-31,18,19.0,Trump 1.0
Miami,2017-09-01,17,17.0,Trump 1.0
Miami,2017-09-02,6,18.0,Trump 1.0
Miami,2017-09-03,2,18.0,Trump 1.0
Miami,2017-09-04,2,15.0,Trump 1.0
Miami,2017-09-05,27,14.0,Trump 1.0
Miami,2017-09-06,19,13.0,Trump 1.0
Miami,2017-09-07,11,12.0,Trump 1.0
Miami,2017-09-08,2,10.0,Trump 1.0
Miami,2017-09-12,1,9.0,Trump 1.0
Miami,2017-09-13,5,10.0,Trump 1.0
Miami,2017-09-14,5,10.0,Trump 1.0
Miami,2017-09-15,15,8.0,Trump 1.0
Miami,2017-09-16,5,6.0,Trump 1.0
Miami,2017-09-17,1,5.0,Trump 1.0
Miami,2017-09-18,17,7.0,Trump 1.0
Miami,2017-09-19,26,11.0,Trump 1.0
Miami,2017-09-20,15,12.0,Trump 1.0
Miami,2017-09-21,14,13.0,Trump 1.0
Miami,2017-09-22,19,14.0,Trump 1.0
Miami,2017-09-23,2,13.0,Trump 1.0
Miami,2017-09-24,3,14.0,Trump 1.0
Miami,2017-09-25,21,14.0,Trump 1.0
Miami,2017-09-26,19,13.0,Trump 1.0
Miami,2017-09-27,21,14.0,Trump 1.0
Miami,2017-09-28,14,14.0,Trump 1.0
Miami,2017-09-29,17,14.0,Trump 1.0
Miami,2017-09-30,6,14.0,Trump 1.0
Miami,2017-10-01,4,15.0,Trump 1.0
Miami,2017-10-02,15,14.0,Trump 1.0
Miami,2017-10-03,29,15.0,Trump 1.0
Miami,2017-10-04,30,16.0,Trump 1.0
Miami,2017-10-05,18,17.0,Trump 1.0
Miami,2017-10-06,20,17.0,Trump 1.0
Miami,2017-10-07,3,17.0,Trump 1.0
Miami,2017-10-08,2,17.0,Trump 1.0
Miami,2017-10-09,1,15.0,Trump 1.0
Miami,2017-10-10,20,13.0,Trump 1.0
Miami,2017-10-11,18,12.0,Trump 1.0
Miami,2017-10-12,24,13.0,Trump 1.0
Miami,2017-10-13,14,12.0,Trump 1.0
Miami,2017-10-14,3,12.0,Trump 1.0
Miami,2017-10-15,3,12.0,Trump 1.0
Miami,2017-10-16,34,17.0,Trump 1.0
Miami,2017-10-17,13,16.0,Trump 1.0
Miami,2017-10-18,22,16.0,Trump 1.0
Miami,2017-10-19,17,15.0,Trump 1.0
Miami,2017-10-20,22,16.0,Trump 1.0
Miami,2017-10-21,4,16.0,Trump 1.0
Miami,2017-10-22,5,17.0,Trump 1.0
Miami,2017-10-23,25,15.0,Trump 1.0
Miami,2017-10-24,26,17.0,Trump 1.0
Miami,2017-10-25,26,18.0,Trump 1.0
Miami,2017-10-26,22,19.0,Trump 1.0
Miami,2017-10-27,20,18.0,Trump 1.0
Miami,2017-10-28,3,18.0,Trump 1.0
Miami,2017-10-29,3,18.0,Trump 1.0
Miami,2017-10-30,25,18.0,Trump 1.0
Miami,2017-10-31,34,19.0,Trump 1.0
Miami,2017-11-01,17,18.0,Trump 1.0
Miami,2017-11-02,25,18.0,Trump 1.0
Miami,2017-11-03,21,18.0,Trump 1.0
Miami,2017-11-04,4,18.0,Trump 1.0
Miami,2017-11-05,1,18.0,Trump 1.0
Miami,2017-11-06,21,18.0,Trump 1.0
Miami,2017-11-07,22,16.0,Trump 1.0
Miami,2017-11-08,32,18.0,Trump 1.0
Miami,2017-11-09,26,18.0,Trump 1.0
Miami,2017-11-10,8,16.0,Trump 1.0
Miami,2017-11-11,2,16.0,Trump 1.0
Miami,2017-11-12,3,16.0,Trump 1.0
Miami,2017-11-13,25,17.0,Trump 1.0
Miami,2017-11-14,23,17.0,Trump 1.0
Miami,2017-11-15,34,17.0,Trump 1.0
Miami,2017-11-16,33,18.0,Trump 1.0
Miami,2017-11-17,30,21.0,Trump 1.0
Miami,2017-11-18,5,22.0,Trump 1.0
Miami,2017-11-19,2,22.0,Trump 1.0
Miami,2017-11-20,26,22.0,Trump 1.0
Miami,2017-11-21,29,23.0,Trump 1.0
Miami,2017-11-22,13,20.0,Trump 1.0
Miami,2017-11-23,3,15.0,Trump 1.0
Miami,2017-11-24,7,12.0,Trump 1.0
Miami,2017-11-25,5,12.0,Trump 1.0
Miami,2017-11-26,1,12.0,Trump 1.0
Miami,2017-11-27,29,12.0,Trump 1.0
Miami,2017-11-28,16,11.0,Trump 1.0
Miami,2017-11-29,25,12.0,Trump 1.0
Miami,2017-11-30,19,15.0,Trump 1.0
Miami,2017-12-01,24,17.0,Trump 1.0
Miami,2017-12-02,2,17.0,Trump 1.0
Miami,2017-12-03,2,17.0,Trump 1.0
Miami,2017-12-04,39,18.0,Trump 1.0
Miami,2017-12-05,37,21.0,Trump 1.0
Miami,2017-12-06,23,21.0,Trump 1.0
Miami,2017-12-07,25,22.0,Trump 1.0
Miami,2017-12-08,21,21.0,Trump 1.0
Miami,2017-12-09,1,21.0,Trump 1.0
Miami,2017-12-10,5,22.0,Trump 1.0
Miami,2017-12-11,31,20.0,Trump 1.0
Miami,2017-12-12,22,18.0,Trump 1.0
Miami,2017-12-13,21,18.0,Trump 1.0
Miami,2017-12-14,30,19.0,Trump 1.0
Miami,2017-12-15,28,20.0,Trump 1.0
Miami,2017-12-16,3,20.0,Trump 1.0
Miami,2017-12-17,3,20.0,Trump 1.0
Miami,2017-12-18,35,20.0,Trump 1.0
Miami,2017-12-19,25,21.0,Trump 1.0
Miami,2017-12-20,26,21.0,Trump 1.0
Miami,2017-12-21,28,21.0,Trump 1.0
Miami,2017-12-22,16,19.0,Trump 1.0
Miami,2017-12-23,5,20.0,Trump 1.0
Miami,2017-12-24,2,20.0,Trump 1.0
Miami,2017-12-26,13,16.0,Trump 1.0
Miami,2017-12-27,17,15.0,Trump 1.0
Miami,2017-12-28,23,15.0,Trump 1.0
Miami,2017-12-29,20,14.0,Trump 1.0
Miami,2017-12-30,4,12.0,Trump 1.0
Miami,2017-12-31,2,12.0,Trump 1.0
Miami,2018-01-01,1,11.0,Trump 1.0
Miami,2018-01-02,32,14.0,Trump 1.0
Miami,2018-01-03,18,14.0,Trump 1.0
Miami,2018-01-04,26,15.0,Trump 1.0
Miami,2018-01-05,21,15.0,Trump 1.0
Miami,2018-01-06,3,15.0,Trump 1.0
Miami,2018-01-07,3,15.0,Trump 1.0
Miami,2018-01-08,30,19.0,Trump 1.0
Miami,2018-01-09,36,20.0,Trump 1.0
Miami,2018-01-10,27,21.0,Trump 1.0
Miami,2018-01-11,30,21.0,Trump 1.0
Miami,2018-01-12,17,21.0,Trump 1.0
Miami,2018-01-13,4,21.0,Trump 1.0
Miami,2018-01-14,4,21.0,Trump 1.0
Miami,2018-01-15,3,17.0,Trump 1.0
Miami,2018-01-16,26,16.0,Trump 1.0
Miami,2018-01-17,39,18.0,Trump 1.0
Miami,2018-01-18,26,17.0,Trump 1.0
Miami,2018-01-19,33,19.0,Trump 1.0
Miami,2018-01-20,9,20.0,Trump 1.0
Miami,2018-01-21,2,20.0,Trump 1.0
Miami,2018-01-22,24,23.0,Trump 1.0
Miami,2018-01-23,14,21.0,Trump 1.0
Miami,2018-01-24,14,17.0,Trump 1.0
Miami,2018-01-25,20,17.0,Trump 1.0
Miami,2018-01-26,23,15.0,Trump 1.0
Miami,2018-01-27,2,14.0,Trump 1.0
Miami,2018-01-28,2,14.0,Trump 1.0
Miami,2018-01-29,37,16.0,Trump 1.0
Miami,2018-01-30,28,18.0,Trump 1.0
Miami,2018-01-31,22,19.0,Trump 1.0
Miami,2018-02-01,20,19.0,Trump 1.0
Miami,2018-02-02,22,19.0,Trump 1.0
Miami,2018-02-03,3,19.0,Trump 1.0
Miami,2018-02-04,3,19.0,Trump 1.0
Miami,2018-02-05,33,19.0,Trump 1.0
Miami,2018-02-06,38,20.0,Trump 1.0
Miami,2018-02-07,32,22.0,Trump 1.0
Miami,2018-02-08,36,24.0,Trump 1.0
Miami,2018-02-09,35,26.0,Trump 1.0
Miami,2018-02-10,7,26.0,Trump 1.0
Miami,2018-02-11,2,26.0,Trump 1.0
Miami,2018-02-12,36,27.0,Trump 1.0
Miami,2018-02-13,25,25.0,Trump 1.0
Miami,2018-02-14,28,24.0,Trump 1.0
Miami,2018-02-15,30,23.0,Trump 1.0
Miami,2018-02-16,25,22.0,Trump 1.0
Miami,2018-02-17,7,22.0,Trump 1.0
Miami,2018-02-18,2,22.0,Trump 1.0
Miami,2018-02-19,9,18.0,Trump 1.0
Miami,2018-02-20,30,19.0,Trump 1.0
Miami,2018-02-21,37,20.0,Trump 1.0
Miami,2018-02-22,27,20.0,Trump 1.0
Miami,2018-02-23,29,20.0,Trump 1.0
Miami,2018-02-24,2,19.0,Trump 1.0
Miami,2018-02-25,4,20.0,Trump 1.0
Miami,2018-02-26,38,24.0,Trump 1.0
Miami,2018-02-27,34,24.0,Trump 1.0
Miami,2018-02-28,42,25.0,Trump 1.0
Miami,2018-03-01,28,25.0,Trump 1.0
Miami,2018-03-02,34,26.0,Trump 1.0
Miami,2018-03-03,12,27.0,Trump 1.0
Miami,2018-03-04,5,28.0,Trump 1.0
Miami,2018-03-05,33,27.0,Trump 1.0
Miami,2018-03-06,24,25.0,Trump 1.0
Miami,2018-03-07,21,22.0,Trump 1.0
Miami,2018-03-08,33,23.0,Trump 1.0
Miami,2018-03-09,34,23.0,Trump 1.0
Miami,2018-03-10,4,22.0,Trump 1.0
Miami,2018-03-11,4,22.0,Trump 1.0
Miami,2018-03-12,17,20.0,Trump 1.0
Miami,2018-03-13,15,18.0,Trump 1.0
Miami,2018-03-14,21,18.0,Trump 1.0
Miami,2018-03-15,23,17.0,Trump 1.0
Miami,2018-03-16,31,16.0,Trump 1.0
Miami,2018-03-17,9,17.0,Trump 1.0
Miami,2018-03-18,42,23.0,Trump 1.0
Miami,2018-03-19,96,34.0,Trump 1.0
Miami,2018-03-20,88,44.0,Trump 1.0
Miami,2018-03-21,77,52.0,Trump 1.0
Miami,2018-03-22,49,56.0,Trump 1.0
Miami,2018-03-23,19,54.0,Trump 1.0
Miami,2018-03-24,11,55.0,Trump 1.0
Miami,2018-03-25,1,49.0,Trump 1.0
Miami,2018-03-26,24,38.0,Trump 1.0
Miami,2018-03-27,22,29.0,Trump 1.0
Miami,2018-03-28,37,23.0,Trump 1.0
Miami,2018-03-29,29,20.0,Trump 1.0
Miami,2018-03-30,19,20.0,Trump 1.0
Miami,2018-03-31,1,19.0,Trump 1.0
Miami,2018-04-01,1,19.0,Trump 1.0
Miami,2018-04-02,40,21.0,Trump 1.0
Miami,2018-04-03,24,22.0,Trump 1.0
Miami,2018-04-04,23,20.0,Trump 1.0
Miami,2018-04-05,30,20.0,Trump 1.0
Miami,2018-04-06,27,21.0,Trump 1.0
Miami,2018-04-07,5,21.0,Trump 1.0
Miami,2018-04-08,5,22.0,Trump 1.0
Miami,2018-04-09,34,21.0,Trump 1.0
Miami,2018-04-10,14,20.0,Trump 1.0
Miami,2018-04-11,35,21.0,Trump 1.0
Miami,2018-04-12,23,20.0,Trump 1.0
Miami,2018-04-13,25,20.0,Trump 1.0
Miami,2018-04-14,7,20.0,Trump 1.0
Miami,2018-04-15,6,21.0,Trump 1.0
Miami,2018-04-16,28,20.0,Trump 1.0
Miami,2018-04-17,18,20.0,Trump 1.0
Miami,2018-04-18,22,18.0,Trump 1.0
Miami,2018-04-19,22,18.0,Trump 1.0
Miami,2018-04-20,29,19.0,Trump 1.0
Miami,2018-04-21,7,19.0,Trump 1.0
Miami,2018-04-22,5,19.0,Trump 1.0
Miami,2018-04-23,31,19.0,Trump 1.0
Miami,2018-04-24,33,21.0,Trump 1.0
Miami,2018-04-25,26,22.0,Trump 1.0
Miami,2018-04-26,30,23.0,Trump 1.0
Miami,2018-04-27,25,22.0,Trump 1.0
Miami,2018-04-28,6,22.0,Trump 1.0
Miami,2018-04-29,1,22.0,Trump 1.0
Miami,2018-04-30,36,22.0,Trump 1.0
Miami,2018-05-01,43,24.0,Trump 1.0
Miami,2018-05-02,43,26.0,Trump 1.0
Miami,2018-05-03,33,27.0,Trump 1.0
Miami,2018-05-04,28,27.0,Trump 1.0
Miami,2018-05-05,4,27.0,Trump 1.0
Miami,2018-05-06,4,27.0,Trump 1.0
Miami,2018-05-07,24,26.0,Trump 1.0
Miami,2018-05-08,38,25.0,Trump 1.0
Miami,2018-05-09,41,25.0,Trump 1.0
Miami,2018-05-10,32,24.0,Trump 1.0
Miami,2018-05-11,16,23.0,Trump 1.0
Miami,2018-05-12,4,23.0,Trump 1.0
Miami,2018-05-13,9,23.0,Trump 1.0
Miami,2018-05-14,22,23.0,Trump 1.0
Miami,2018-05-15,43,24.0,Trump 1.0
Miami,2018-05-16,29,22.0,Trump 1.0
Miami,2018-05-17,35,23.0,Trump 1.0
Miami,2018-05-18,30,25.0,Trump 1.0
Miami,2018-05-19,4,25.0,Trump 1.0
Miami,2018-05-20,10,25.0,Trump 1.0
Miami,2018-05-21,30,26.0,Trump 1.0
Miami,2018-05-22,15,22.0,Trump 1.0
Miami,2018-05-23,28,22.0,Trump 1.0
Miami,2018-05-24,27,21.0,Trump 1.0
Miami,2018-05-25,27,20.0,Trump 1.0
Miami,2018-05-26,13,21.0,Trump 1.0
Miami,2018-05-27,8,21.0,Trump 1.0
Miami,2018-05-28,4,17.0,Trump 1.0
Miami,2018-05-29,40,21.0,Trump 1.0
Miami,2018-05-30,40,23.0,Trump 1.0
Miami,2018-05-31,33,24.0,Trump 1.0
Miami,2018-06-01,29,24.0,Trump 1.0
Miami,2018-06-02,9,23.0,Trump 1.0
Miami,2018-06-03,7,23.0,Trump 1.0
Miami,2018-06-04,38,28.0,Trump 1.0
Miami,2018-06-05,51,30.0,Trump 1.0
Miami,2018-06-06,33,29.0,Trump 1.0
Miami,2018-06-07,48,31.0,Trump 1.0
Miami,2018-06-08,52,34.0,Trump 1.0
Miami,2018-06-09,7,34.0,Trump 1.0
Miami,2018-06-10,3,33.0,Trump 1.0
Miami,2018-06-11,39,33.0,Trump 1.0
Miami,2018-06-12,36,31.0,Trump 1.0
Miami,2018-06-13,25,30.0,Trump 1.0
Miami,2018-06-14,33,28.0,Trump 1.0
Miami,2018-06-15,27,24.0,Trump 1.0
Miami,2018-06-16,6,24.0,Trump 1.0
Miami,2018-06-17,11,25.0,Trump 1.0
Miami,2018-06-18,30,24.0,Trump 1.0
Miami,2018-06-19,37,24.0,Trump 1.0
Miami,2018-06-20,23,24.0,Trump 1.0
Miami,2018-06-21,22,22.0,Trump 1.0
Miami,2018-06-22,28,22.0,Trump 1.0
Miami,2018-06-23,10,23.0,Trump 1.0
Miami,2018-06-24,4,22.0,Trump 1.0
Miami,2018-06-25,27,22.0,Trump 1.0
Miami,2018-06-26,53,24.0,Trump 1.0
Miami,2018-06-27,44,27.0,Trump 1.0
Miami,2018-06-28,48,31.0,Trump 1.0
Miami,2018-06-29,28,31.0,Trump 1.0
Miami,2018-06-30,7,30.0,Trump 1.0
Miami,2018-07-01,5,30.0,Trump 1.0
Miami,2018-07-02,25,30.0,Trump 1.0
Miami,2018-07-03,25,26.0,Trump 1.0
Miami,2018-07-04,3,20.0,Trump 1.0
Miami,2018-07-05,32,18.0,Trump 1.0
Miami,2018-07-06,34,19.0,Trump 1.0
Miami,2018-07-07,5,18.0,Trump 1.0
Miami,2018-07-08,2,18.0,Trump 1.0
Miami,2018-07-09,36,20.0,Trump 1.0
Miami,2018-07-10,44,22.0,Trump 1.0
Miami,2018-07-11,29,26.0,Trump 1.0
Miami,2018-07-12,30,26.0,Trump 1.0
Miami,2018-07-13,39,26.0,Trump 1.0
Miami,2018-07-14,6,27.0,Trump 1.0
Miami,2018-07-15,4,27.0,Trump 1.0
Miami,2018-07-16,32,26.0,Trump 1.0
Miami,2018-07-17,37,25.0,Trump 1.0
Miami,2018-07-18,40,27.0,Trump 1.0
Miami,2018-07-19,36,28.0,Trump 1.0
Miami,2018-07-20,34,27.0,Trump 1.0
Miami,2018-07-21,3,27.0,Trump 1.0
Miami,2018-07-22,6,27.0,Trump 1.0
Miami,2018-07-23,35,27.0,Trump 1.0
Miami,2018-07-24,38,27.0,Trump 1.0
Miami,2018-07-25,25,25.0,Trump 1.0
Miami,2018-07-26,28,24.0,Trump 1.0
Miami,2018-07-27,42,25.0,Trump 1.0
Miami,2018-07-28,12,27.0,Trump 1.0
Miami,2018-07-29,5,26.0,Trump 1.0
Miami,2018-07-30,31,26.0,Trump 1.0
Miami,2018-07-31,21,23.0,Trump 1.0
Miami,2018-08-01,33,25.0,Trump 1.0
Miami,2018-08-02,44,27.0,Trump 1.0
Miami,2018-08-03,24,24.0,Trump 1.0
Miami,2018-08-04,9,24.0,Trump 1.0
Miami,2018-08-05,11,25.0,Trump 1.0
Miami,2018-08-06,38,26.0,Trump 1.0
Miami,2018-08-07,28,27.0,Trump 1.0
Miami,2018-08-08,36,27.0,Trump 1.0
Miami,2018-08-09,35,26.0,Trump 1.0
Miami,2018-08-10,31,27.0,Trump 1.0
Miami,2018-08-11,15,28.0,Trump 1.0
Miami,2018-08-12,7,27.0,Trump 1.0
Miami,2018-08-13,35,27.0,Trump 1.0
Miami,2018-08-14,29,27.0,Trump 1.0
Miami,2018-08-15,29,26.0,Trump 1.0
Miami,2018-08-16,35,26.0,Trump 1.0
Miami,2018-08-17,40,27.0,Trump 1.0
Miami,2018-08-18,7,26.0,Trump 1.0
Miami,2018-08-19,4,26.0,Trump 1.0
Miami,2018-08-20,41,26.0,Trump 1.0
Miami,2018-08-21,42,28.0,Trump 1.0
Miami,2018-08-22,43,30.0,Trump 1.0
Miami,2018-08-23,33,30.0,Trump 1.0
Miami,2018-08-24,34,29.0,Trump 1.0
Miami,2018-08-25,9,29.0,Trump 1.0
Miami,2018-08-26,9,30.0,Trump 1.0
Miami,2018-08-27,27,28.0,Trump 1.0
Miami,2018-08-28,39,28.0,Trump 1.0
Miami,2018-08-29,36,27.0,Trump 1.0
Miami,2018-08-30,44,28.0,Trump 1.0
Miami,2018-08-31,28,27.0,Trump 1.0
Miami,2018-09-01,13,28.0,Trump 1.0
Miami,2018-09-02,4,27.0,Trump 1.0
Miami,2018-09-03,8,25.0,Trump 1.0
Miami,2018-09-04,24,22.0,Trump 1.0
Miami,2018-09-05,41,23.0,Trump 1.0
Miami,2018-09-06,26,21.0,Trump 1.0
Miami,2018-09-07,49,24.0,Trump 1.0
Miami,2018-09-08,8,23.0,Trump 1.0
Miami,2018-09-09,7,23.0,Trump 1.0
Miami,2018-09-10,42,28.0,Trump 1.0
Miami,2018-09-11,41,31.0,Trump 1.0
Miami,2018-09-12,39,30.0,Trump 1.0
Miami,2018-09-13,26,30.0,Trump 1.0
Miami,2018-09-14,45,30.0,Trump 1.0
Miami,2018-09-15,6,29.0,Trump 1.0
Miami,2018-09-16,6,29.0,Trump 1.0
Miami,2018-09-17,41,29.0,Trump 1.0
Miami,2018-09-18,35,28.0,Trump 1.0
Miami,2018-09-19,37,28.0,Trump 1.0
Miami,2018-09-20,36,29.0,Trump 1.0
Miami,2018-09-21,26,27.0,Trump 1.0
Miami,2018-09-22,10,27.0,Trump 1.0
Miami,2018-09-23,7,27.0,Trump 1.0
Miami,2018-09-24,27,25.0,Trump 1.0
Miami,2018-09-25,34,25.0,Trump 1.0
Miami,2018-09-26,26,24.0,Trump 1.0
Miami,2018-09-27,25,22.0,Trump 1.0
Miami,2018-09-28,28,22.0,Trump 1.0
Miami,2018-09-29,3,21.0,Trump 1.0
Miami,2018-09-30,2,21.0,Trump 1.0
New Orleans,2015-10-01,22,20.0,Trump 1.0
New Orleans,2015-10-02,13,17.0,Trump 1.0
New Orleans,2015-10-03,1,13.0,Trump 1.0
New Orleans,2015-10-05,13,12.0,Trump 1.0
New Orleans,2015-10-06,19,10.0,Trump 1.0
New Orleans,2015-10-07,12,12.0,Trump 1.0
New Orleans,2015-10-08,21,14.0,Trump 1.0
New Orleans,2015-10-09,24,15.0,Trump 1.0
New Orleans,2015-10-10,1,13.0,Trump 1.0
New Orleans,2015-10-11,1,13.0,Trump 1.0
New Orleans,2015-10-13,20,14.0,Trump 1.0
New Orleans,2015-10-14,15,13.0,Trump 1.0
New Orleans,2015-10-15,23,15.0,Trump 1.0
New Orleans,2015-10-16,17,14.0,Trump 1.0
New Orleans,2015-10-17,3,11.0,Trump 1.0
New Orleans,2015-10-19,21,14.0,Trump 1.0
New Orleans,2015-10-20,19,17.0,Trump 1.0
New Orleans,2015-10-21,8,15.0,Trump 1.0
New Orleans,2015-10-22,13,15.0,Trump 1.0
New Orleans,2015-10-23,17,14.0,Trump 1.0
New Orleans,2015-10-24,4,12.0,Trump 1.0
New Orleans,2015-10-26,11,13.0,Trump 1.0
New Orleans,2015-10-27,16,13.0,Trump 1.0
New Orleans,2015-10-28,14,12.0,Trump 1.0
New Orleans,2015-10-29,19,13.0,Trump 1.0
New Orleans,2015-10-30,95,25.0,Trump 1.0
New Orleans,2015-11-02,31,27.0,Trump 1.0
New Orleans,2015-11-03,18,29.0,Trump 1.0
New Orleans,2015-11-04,13,29.0,Trump 1.0
New Orleans,2015-11-05,19,30.0,Trump 1.0
New Orleans,2015-11-06,21,31.0,Trump 1.0
New Orleans,2015-11-07,2,28.0,Trump 1.0
New Orleans,2015-11-09,22,18.0,Trump 1.0
New Orleans,2015-11-10,24,17.0,Trump 1.0
New Orleans,2015-11-12,21,17.0,Trump 1.0
New Orleans,2015-11-13,15,18.0,Trump 1.0
New Orleans,2015-11-14,1,15.0,Trump 1.0
New Orleans,2015-11-16,17,15.0,Trump 1.0
New Orleans,2015-11-17,20,17.0,Trump 1.0
New Orleans,2015-11-18,11,16.0,Trump 1.0
New Orleans,2015-11-19,29,16.0,Trump 1.0
New Orleans,2015-11-20,25,17.0,Trump 1.0
New Orleans,2015-11-23,14,17.0,Trump 1.0
New Orleans,2015-11-24,15,19.0,Trump 1.0
New Orleans,2015-11-25,16,19.0,Trump 1.0
New Orleans,2015-11-26,1,16.0,Trump 1.0
New Orleans,2015-11-27,16,17.0,Trump 1.0
New Orleans,2015-11-28,1,13.0,Trump 1.0
New Orleans,2015-11-30,19,12.0,Trump 1.0
New Orleans,2015-12-01,16,12.0,Trump 1.0
New Orleans,2015-12-02,20,13.0,Trump 1.0
New Orleans,2015-12-03,22,14.0,Trump 1.0
New Orleans,2015-12-04,22,17.0,Trump 1.0
New Orleans,2015-12-05,1,14.0,Trump 1.0
New Orleans,2015-12-06,6,15.0,Trump 1.0
New Orleans,2015-12-07,18,15.0,Trump 1.0
New Orleans,2015-12-08,17,15.0,Trump 1.0
New Orleans,2015-12-09,17,15.0,Trump 1.0
New Orleans,2015-12-10,20,14.0,Trump 1.0
New Orleans,2015-12-11,18,14.0,Trump 1.0
New Orleans,2015-12-12,1,14.0,Trump 1.0
New Orleans,2015-12-14,16,15.0,Trump 1.0
New Orleans,2015-12-15,27,17.0,Trump 1.0
New Orleans,2015-12-16,20,17.0,Trump 1.0
New Orleans,2015-12-17,16,17.0,Trump 1.0
New Orleans,2015-12-18,19,17.0,Trump 1.0
New Orleans,2015-12-19,1,14.0,Trump 1.0
New Orleans,2015-12-21,15,16.0,Trump 1.0
New Orleans,2015-12-22,16,16.0,Trump 1.0
New Orleans,2015-12-23,17,15.0,Trump 1.0
New Orleans,2015-12-24,9,13.0,Trump 1.0
New Orleans,2015-12-27,1,11.0,Trump 1.0
New Orleans,2015-12-28,12,10.0,Trump 1.0
New Orleans,2015-12-29,15,12.0,Trump 1.0
New Orleans,2015-12-30,13,12.0,Trump 1.0
New Orleans,2015-12-31,15,12.0,Trump 1.0
New Orleans,2016-01-02,1,9.0,Trump 1.0
New Orleans,2016-01-03,2,8.0,Trump 1.0
New Orleans,2016-01-04,13,10.0,Trump 1.0
New Orleans,2016-01-05,7,9.0,Trump 1.0
New Orleans,2016-01-06,21,10.0,Trump 1.0
New Orleans,2016-01-07,15,11.0,Trump 1.0
New Orleans,2016-01-08,12,10.0,Trump 1.0
New Orleans,2016-01-09,2,10.0,Trump 1.0
New Orleans,2016-01-11,28,14.0,Trump 1.0
New Orleans,2016-01-12,21,15.0,Trump 1.0
New Orleans,2016-01-13,15,16.0,Trump 1.0
New Orleans,2016-01-14,17,16.0,Trump 1.0
New Orleans,2016-01-15,25,17.0,Trump 1.0
New Orleans,2016-01-16,1,16.0,Trump 1.0
New Orleans,2016-01-17,1,15.0,Trump 1.0
New Orleans,2016-01-19,22,15.0,Trump 1.0
New Orleans,2016-01-20,13,13.0,Trump 1.0
New Orleans,2016-01-21,17,14.0,Trump 1.0
New Orleans,2016-01-22,20,14.0,Trump 1.0
New Orleans,2016-01-23,2,11.0,Trump 1.0
New Orleans,2016-01-25,16,13.0,Trump 1.0
New Orleans,2016-01-26,16,15.0,Trump 1.0
New Orleans,2016-01-27,18,15.0,Trump 1.0
New Orleans,2016-01-28,17,15.0,Trump 1.0
New Orleans,2016-01-29,23,16.0,Trump 1.0
New Orleans,2016-01-30,4,14.0,Trump 1.0
New Orleans,2016-02-01,15,16.0,Trump 1.0
New Orleans,2016-02-02,9,15.0,Trump 1.0
New Orleans,2016-02-03,14,14.0,Trump 1.0
New Orleans,2016-02-04,17,14.0,Trump 1.0
New Orleans,2016-02-05,23,15.0,Trump 1.0
New Orleans,2016-02-06,2,12.0,Trump 1.0
New Orleans,2016-02-08,16,14.0,Trump 1.0
New Orleans,2016-02-09,20,14.0,Trump 1.0
New Orleans,2016-02-10,26,17.0,Trump 1.0
New Orleans,2016-02-11,12,17.0,Trump 1.0
New Orleans,2016-02-12,26,18.0,Trump 1.0
New Orleans,2016-02-13,1,15.0,Trump 1.0
New Orleans,2016-02-14,1,15.0,Trump 1.0
New Orleans,2016-02-16,22,15.0,Trump 1.0
New Orleans,2016-02-17,15,15.0,Trump 1.0
New Orleans,2016-02-18,23,14.0,Trump 1.0
New Orleans,2016-02-19,12,14.0,Trump 1.0
New Orleans,2016-02-20,1,11.0,Trump 1.0
New Orleans,2016-02-22,12,12.0,Trump 1.0
New Orleans,2016-02-23,26,16.0,Trump 1.0
New Orleans,2016-02-24,18,15.0,Trump 1.0
New Orleans,2016-02-25,18,16.0,Trump 1.0
New Orleans,2016-02-26,16,15.0,Trump 1.0
New Orleans,2016-02-28,3,13.0,Trump 1.0
New Orleans,2016-02-29,14,15.0,Trump 1.0
New Orleans,2016-03-01,21,17.0,Trump 1.0
New Orleans,2016-03-02,23,16.0,Trump 1.0
New Orleans,2016-03-03,15,16.0,Trump 1.0
New Orleans,2016-03-04,10,15.0,Trump 1.0
New Orleans,2016-03-05,3,13.0,Trump 1.0
New Orleans,2016-03-06,1,12.0,Trump 1.0
New Orleans,2016-03-07,14,12.0,Trump 1.0
New Orleans,2016-03-08,17,12.0,Trump 1.0
New Orleans,2016-03-09,15,11.0,Trump 1.0
New Orleans,2016-03-10,17,11.0,Trump 1.0
New Orleans,2016-03-11,17,12.0,Trump 1.0
New Orleans,2016-03-12,2,12.0,Trump 1.0
New Orleans,2016-03-14,11,13.0,Trump 1.0
New Orleans,2016-03-15,17,14.0,Trump 1.0
New Orleans,2016-03-16,29,15.0,Trump 1.0
New Orleans,2016-03-17,18,16.0,Trump 1.0
New Orleans,2016-03-18,18,16.0,Trump 1.0
New Orleans,2016-03-19,1,14.0,Trump 1.0
New Orleans,2016-03-20,1,14.0,Trump 1.0
New Orleans,2016-03-21,29,16.0,Trump 1.0
New Orleans,2016-03-22,16,16.0,Trump 1.0
New Orleans,2016-03-23,12,14.0,Trump 1.0
New Orleans,2016-03-24,20,14.0,Trump 1.0
New Orleans,2016-03-25,17,14.0,Trump 1.0
New Orleans,2016-03-26,1,14.0,Trump 1.0
New Orleans,2016-03-28,14,16.0,Trump 1.0
New Orleans,2016-03-29,16,14.0,Trump 1.0
New Orleans,2016-03-30,19,14.0,Trump 1.0
New Orleans,2016-03-31,29,17.0,Trump 1.0
New Orleans,2016-04-01,22,17.0,Trump 1.0
New Orleans,2016-04-02,2,15.0,Trump 1.0
New Orleans,2016-04-03,1,15.0,Trump 1.0
New Orleans,2016-04-04,11,14.0,Trump 1.0
New Orleans,2016-04-05,25,16.0,Trump 1.0
New Orleans,2016-04-06,22,16.0,Trump 1.0
New Orleans,2016-04-07,24,15.0,Trump 1.0
New Orleans,2016-04-08,14,14.0,Trump 1.0
New Orleans,2016-04-09,2,14.0,Trump 1.0
New Orleans,2016-04-10,1,14.0,Trump 1.0
New Orleans,2016-04-11,19,15.0,Trump 1.0
New Orleans,2016-04-12,14,14.0,Trump 1.0
New Orleans,2016-04-13,26,14.0,Trump 1.0
New Orleans,2016-04-14,20,14.0,Trump 1.0
New Orleans,2016-04-15,21,15.0,Trump 1.0
New Orleans,2016-04-16,1,15.0,Trump 1.0
New Orleans,2016-04-18,14,16.0,Trump 1.0
New Orleans,2016-04-19,39,19.0,Trump 1.0
New Orleans,2016-04-20,19,20.0,Trump 1.0
New Orleans,2016-04-21,26,20.0,Trump 1.0
New Orleans,2016-04-22,21,20.0,Trump 1.0
New Orleans,2016-04-23,2,17.0,Trump 1.0
New Orleans,2016-04-25,19,20.0,Trump 1.0
New Orleans,2016-04-26,13,20.0,Trump 1.0
New Orleans,2016-04-27,17,17.0,Trump 1.0
New Orleans,2016-04-28,21,17.0,Trump 1.0
New Orleans,2016-04-29,27,17.0,Trump 1.0
New Orleans,2016-04-30,1,14.0,Trump 1.0
New Orleans,2016-05-02,20,17.0,Trump 1.0
New Orleans,2016-05-03,13,16.0,Trump 1.0
New Orleans,2016-05-04,23,17.0,Trump 1.0
New Orleans,2016-05-05,18,18.0,Trump 1.0
New Orleans,2016-05-06,18,17.0,Trump 1.0
New Orleans,2016-05-08,2,14.0,Trump 1.0
New Orleans,2016-05-09,19,16.0,Trump 1.0
New Orleans,2016-05-10,37,19.0,Trump 1.0
New Orleans,2016-05-11,29,21.0,Trump 1.0
New Orleans,2016-05-12,27,21.0,Trump 1.0
New Orleans,2016-05-13,21,22.0,Trump 1.0
New Orleans,2016-05-14,1,19.0,Trump 1.0
New Orleans,2016-05-16,18,22.0,Trump 1.0
New Orleans,2016-05-17,11,21.0,Trump 1.0
New Orleans,2016-05-18,19,18.0,Trump 1.0
New Orleans,2016-05-19,24,17.0,Trump 1.0
New Orleans,2016-05-20,21,16.0,Trump 1.0
New Orleans,2016-05-21,1,14.0,Trump 1.0
New Orleans,2016-05-23,21,16.0,Trump 1.0
New Orleans,2016-05-24,10,15.0,Trump 1.0
New Orleans,2016-05-25,16,16.0,Trump 1.0
New Orleans,2016-05-26,14,15.0,Trump 1.0
New Orleans,2016-05-27,24,15.0,Trump 1.0
New Orleans,2016-05-28,1,12.0,Trump 1.0
New Orleans,2016-05-29,3,13.0,Trump 1.0
New Orleans,2016-05-31,20,13.0,Trump 1.0
New Orleans,2016-06-01,22,14.0,Trump 1.0
New Orleans,2016-06-02,19,15.0,Trump 1.0
New Orleans,2016-06-03,14,15.0,Trump 1.0
New Orleans,2016-06-05,2,12.0,Trump 1.0
New Orleans,2016-06-06,20,14.0,Trump 1.0
New Orleans,2016-06-07,16,16.0,Trump 1.0
New Orleans,2016-06-08,13,15.0,Trump 1.0
New Orleans,2016-06-09,11,14.0,Trump 1.0
New Orleans,2016-06-10,16,13.0,Trump 1.0
New Orleans,2016-06-11,9,12.0,Trump 1.0
New Orleans,2016-06-12,9,13.0,Trump 1.0
New Orleans,2016-06-13,15,13.0,Trump 1.0
New Orleans,2016-06-14,25,14.0,Trump 1.0
New Orleans,2016-06-15,16,14.0,Trump 1.0
New Orleans,2016-06-16,20,16.0,Trump 1.0
New Orleans,2016-06-17,20,16.0,Trump 1.0
New Orleans,2016-06-18,2,15.0,Trump 1.0
New Orleans,2016-06-20,14,16.0,Trump 1.0
New Orleans,2016-06-21,20,17.0,Trump 1.0
New Orleans,2016-06-22,17,16.0,Trump 1.0
New Orleans,2016-06-23,16,16.0,Trump 1.0
New Orleans,2016-06-24,17,15.0,Trump 1.0
New Orleans,2016-06-25,2,13.0,Trump 1.0
New Orleans,2016-06-26,1,12.0,Trump 1.0
New Orleans,2016-06-27,21,13.0,Trump 1.0
New Orleans,2016-06-28,8,12.0,Trump 1.0
New Orleans,2016-06-29,14,11.0,Trump 1.0
New Orleans,2016-06-30,26,13.0,Trump 1.0
New Orleans,2016-07-01,20,13.0,Trump 1.0
New Orleans,2016-07-05,13,15.0,Trump 1.0
New Orleans,2016-07-06,21,18.0,Trump 1.0
New Orleans,2016-07-07,29,19.0,Trump 1.0
New Orleans,2016-07-08,20,20.0,Trump 1.0
New Orleans,2016-07-09,1,19.0,Trump 1.0
New Orleans,2016-07-11,17,17.0,Trump 1.0
New Orleans,2016-07-12,15,17.0,Trump 1.0
New Orleans,2016-07-13,26,18.0,Trump 1.0
New Orleans,2016-07-14,24,19.0,Trump 1.0
New Orleans,2016-07-15,29,19.0,Trump 1.0
New Orleans,2016-07-18,18,19.0,Trump 1.0
New Orleans,2016-07-19,15,21.0,Trump 1.0
New Orleans,2016-07-20,13,20.0,Trump 1.0
New Orleans,2016-07-21,22,21.0,Trump 1.0
New Orleans,2016-07-22,24,21.0,Trump 1.0
New Orleans,2016-07-24,1,17.0,Trump 1.0
New Orleans,2016-07-25,14,15.0,Trump 1.0
New Orleans,2016-07-26,18,15.0,Trump 1.0
New Orleans,2016-07-27,14,15.0,Trump 1.0
New Orleans,2016-07-28,21,16.0,Trump 1.0
New Orleans,2016-07-29,22,16.0,Trump 1.0
New Orleans,2016-08-01,19,16.0,Trump 1.0
New Orleans,2016-08-02,21,18.0,Trump 1.0
New Orleans,2016-08-03,12,18.0,Trump 1.0
New Orleans,2016-08-04,18,18.0,Trump 1.0
New Orleans,2016-08-05,16,18.0,Trump 1.0
New Orleans,2016-08-06,1,16.0,Trump 1.0
New Orleans,2016-08-07,2,13.0,Trump 1.0
New Orleans,2016-08-08,21,13.0,Trump 1.0
New Orleans,2016-08-09,25,14.0,Trump 1.0
New Orleans,2016-08-10,26,16.0,Trump 1.0
New Orleans,2016-08-11,26,17.0,Trump 1.0
New Orleans,2016-08-12,22,18.0,Trump 1.0
New Orleans,2016-08-14,1,18.0,Trump 1.0
New Orleans,2016-08-15,18,20.0,Trump 1.0
New Orleans,2016-08-16,27,21.0,Trump 1.0
New Orleans,2016-08-17,18,20.0,Trump 1.0
New Orleans,2016-08-18,22,19.0,Trump 1.0
New Orleans,2016-08-19,31,20.0,Trump 1.0
New Orleans,2016-08-20,10,18.0,Trump 1.0
New Orleans,2016-08-21,11,20.0,Trump 1.0
New Orleans,2016-08-22,27,21.0,Trump 1.0
New Orleans,2016-08-23,21,20.0,Trump 1.0
New Orleans,2016-08-24,27,21.0,Trump 1.0
New Orleans,2016-08-25,17,21.0,Trump 1.0
New Orleans,2016-08-26,27,20.0,Trump 1.0
New Orleans,2016-08-27,1,19.0,Trump 1.0
New Orleans,2016-08-28,1,17.0,Trump 1.0
New Orleans,2016-08-29,18,16.0,Trump 1.0
New Orleans,2016-08-30,28,17.0,Trump 1.0
New Orleans,2016-08-31,27,17.0,Trump 1.0
New Orleans,2016-09-01,20,17.0,Trump 1.0
New Orleans,2016-09-02,33,18.0,Trump 1.0
New Orleans,2016-09-03,3,19.0,Trump 1.0
New Orleans,2016-09-04,2,19.0,Trump 1.0
New Orleans,2016-09-06,16,18.0,Trump 1.0
New Orleans,2016-09-07,20,17.0,Trump 1.0
New Orleans,2016-09-08,22,17.0,Trump 1.0
New Orleans,2016-09-09,25,17.0,Trump 1.0
New Orleans,2016-09-10,1,13.0,Trump 1.0
New Orleans,2016-09-11,2,13.0,Trump 1.0
New Orleans,2016-09-12,23,16.0,Trump 1.0
New Orleans,2016-09-13,31,18.0,Trump 1.0
New Orleans,2016-09-14,19,18.0,Trump 1.0
New Orleans,2016-09-15,23,18.0,Trump 1.0
New Orleans,2016-09-16,23,17.0,Trump 1.0
New Orleans,2016-09-17,3,18.0,Trump 1.0
New Orleans,2016-09-19,16,20.0,Trump 1.0
New Orleans,2016-09-20,18,19.0,Trump 1.0
New Orleans,2016-09-21,30,19.0,Trump 1.0
New Orleans,2016-09-22,24,20.0,Trump 1.0
New Orleans,2016-09-23,27,20.0,Trump 1.0
New Orleans,2016-09-24,1,17.0,Trump 1.0
New Orleans,2016-09-26,21,20.0,Trump 1.0
New Orleans,2016-09-27,22,20.0,Trump 1.0
New Orleans,2016-09-28,20,21.0,Trump 1.0
New Orleans,2016-09-29,27,20.0,Trump 1.0
New Orleans,2016-09-30,28,21.0,Trump 1.0
New Orleans,2016-10-01,8,18.0,Trump 1.0
New Orleans,2016-10-02,4,19.0,Trump 1.0
New Orleans,2016-10-03,24,19.0,Trump 1.0
New Orleans,2016-10-04,14,18.0,Trump 1.0
New Orleans,2016-10-05,26,19.0,Trump 1.0
New Orleans,2016-10-06,22,18.0,Trump 1.0
New Orleans,2016-10-07,30,18.0,Trump 1.0
New Orleans,2016-10-08,2,17.0,Trump 1.0
New Orleans,2016-10-10,1,17.0,Trump 1.0
New Orleans,2016-10-11,21,17.0,Trump 1.0
New Orleans,2016-10-12,15,17.0,Trump 1.0
New Orleans,2016-10-13,22,16.0,Trump 1.0
New Orleans,2016-10-14,25,17.0,Trump 1.0
New Orleans,2016-10-15,1,12.0,Trump 1.0
New Orleans,2016-10-17,21,15.0,Trump 1.0
New Orleans,2016-10-18,19,18.0,Trump 1.0
New Orleans,2016-10-19,33,19.0,Trump 1.0
New Orleans,2016-10-20,21,20.0,Trump 1.0
New Orleans,2016-10-21,23,20.0,Trump 1.0
New Orleans,2016-10-23,1,17.0,Trump 1.0
New Orleans,2016-10-24,27,21.0,Trump 1.0
New Orleans,2016-10-25,14,20.0,Trump 1.0
New Orleans,2016-10-26,16,19.0,Trump 1.0
New Orleans,2016-10-27,24,18.0,Trump 1.0
New Orleans,2016-10-28,24,18.0,Trump 1.0
New Orleans,2016-10-31,12,17.0,Trump 1.0
New Orleans,2016-11-01,22,20.0,Trump 1.0
New Orleans,2016-11-02,19,19.0,Trump 1.0
New Orleans,2016-11-03,18,19.0,Trump 1.0
New Orleans,2016-11-04,35,22.0,Trump 1.0
New Orleans,2016-11-05,1,19.0,Trump 1.0
New Orleans,2016-11-06,2,16.0,Trump 1.0
New Orleans,2016-11-07,11,15.0,Trump 1.0
New Orleans,2016-11-08,29,16.0,Trump 1.0
New Orleans,2016-11-09,21,17.0,Trump 1.0
New Orleans,2016-11-10,32,19.0,Trump 1.0
New Orleans,2016-11-11,3,14.0,Trump 1.0
New Orleans,2016-11-14,18,17.0,Trump 1.0
New Orleans,2016-11-15,32,21.0,Trump 1.0
New Orleans,2016-11-16,19,22.0,Trump 1.0
New Orleans,2016-11-17,26,22.0,Trump 1.0
New Orleans,2016-11-18,26,22.0,Trump 1.0
New Orleans,2016-11-19,1,18.0,Trump 1.0
New Orleans,2016-11-20,2,18.0,Trump 1.0
New Orleans,2016-11-21,21,18.0,Trump 1.0
New Orleans,2016-11-22,27,17.0,Trump 1.0
New Orleans,2016-11-23,17,17.0,Trump 1.0
New Orleans,2016-11-25,9,15.0,Trump 1.0
New Orleans,2016-11-26,3,11.0,Trump 1.0
New Orleans,2016-11-28,19,14.0,Trump 1.0
New Orleans,2016-11-29,21,17.0,Trump 1.0
New Orleans,2016-11-30,16,16.0,Trump 1.0
New Orleans,2016-12-01,27,16.0,Trump 1.0
New Orleans,2016-12-02,23,17.0,Trump 1.0
New Orleans,2016-12-04,1,16.0,Trump 1.0
New Orleans,2016-12-05,18,18.0,Trump 1.0
New Orleans,2016-12-06,14,17.0,Trump 1.0
New Orleans,2016-12-07,19,17.0,Trump 1.0
New Orleans,2016-12-08,27,18.0,Trump 1.0
New Orleans,2016-12-09,13,16.0,Trump 1.0
New Orleans,2016-12-11,2,13.0,Trump 1.0
New Orleans,2016-12-12,21,16.0,Trump 1.0
New Orleans,2016-12-13,21,17.0,Trump 1.0
New Orleans,2016-12-14,22,18.0,Trump 1.0
New Orleans,2016-12-15,34,20.0,Trump 1.0
New Orleans,2016-12-16,12,18.0,Trump 1.0
New Orleans,2016-12-17,3,16.0,Trump 1.0
New Orleans,2016-12-19,27,20.0,Trump 1.0
New Orleans,2016-12-20,13,19.0,Trump 1.0
New Orleans,2016-12-21,25,19.0,Trump 1.0
New Orleans,2016-12-22,15,18.0,Trump 1.0
New Orleans,2016-12-23,23,17.0,Trump 1.0
New Orleans,2016-12-25,1,15.0,Trump 1.0
New Orleans,2016-12-27,13,17.0,Trump 1.0
New Orleans,2016-12-28,15,15.0,Trump 1.0
New Orleans,2016-12-29,21,16.0,Trump 1.0
New Orleans,2016-12-30,16,15.0,Trump 1.0
New Orleans,2017-01-01,2,13.0,Trump 1.0
New Orleans,2017-01-03,11,11.0,Trump 1.0
New Orleans,2017-01-04,24,15.0,Trump 1.0
New Orleans,2017-01-05,27,17.0,Trump 1.0
New Orleans,2017-01-06,24,18.0,Trump 1.0
New Orleans,2017-01-09,18,17.0,Trump 1.0
New Orleans,2017-01-10,23,18.0,Trump 1.0
New Orleans,2017-01-11,19,21.0,Trump 1.0
New Orleans,2017-01-12,20,22.0,Trump 1.0
New Orleans,2017-01-13,26,22.0,Trump 1.0
New Orleans,2017-01-14,9,20.0,Trump 1.0
New Orleans,2017-01-15,1,17.0,Trump 1.0
New Orleans,2017-01-17,18,17.0,Trump 1.0
New Orleans,2017-01-18,29,17.0,Trump 1.0
New Orleans,2017-01-19,15,17.0,Trump 1.0
New Orleans,2017-01-20,19,17.0,Trump 1.0
New Orleans,2017-01-21,3,13.0,Trump 1.0
New Orleans,2017-01-23,36,17.0,Trump 1.0
New Orleans,2017-01-24,31,22.0,Trump 1.0
New Orleans,2017-01-25,23,22.0,Trump 1.0
New Orleans,2017-01-26,20,21.0,Trump 1.0
New Orleans,2017-01-27,30,23.0,Trump 1.0
New Orleans,2017-01-28,1,21.0,Trump 1.0
New Orleans,2017-01-30,31,25.0,Trump 1.0
New Orleans,2017-01-31,18,22.0,Trump 1.0
New Orleans,2017-02-01,20,20.0,Trump 1.0
New Orleans,2017-02-02,20,20.0,Trump 1.0
New Orleans,2017-02-03,28,21.0,Trump 1.0
New Orleans,2017-02-06,35,22.0,Trump 1.0
New Orleans,2017-02-07,27,26.0,Trump 1.0
New Orleans,2017-02-08,31,26.0,Trump 1.0
New Orleans,2017-02-09,19,26.0,Trump 1.0
New Orleans,2017-02-10,29,27.0,Trump 1.0
New Orleans,2017-02-11,3,25.0,Trump 1.0
New Orleans,2017-02-12,1,21.0,Trump 1.0
New Orleans,2017-02-13,29,20.0,Trump 1.0
New Orleans,2017-02-14,22,19.0,Trump 1.0
New Orleans,2017-02-15,25,18.0,Trump 1.0
New Orleans,2017-02-16,32,20.0,Trump 1.0
New Orleans,2017-02-17,44,22.0,Trump 1.0
New Orleans,2017-02-19,6,23.0,Trump 1.0
New Orleans,2017-02-20,4,23.0,Trump 1.0
New Orleans,2017-02-21,33,24.0,Trump 1.0
New Orleans,2017-02-22,20,23.0,Trump 1.0
New Orleans,2017-02-23,23,23.0,Trump 1.0
New Orleans,2017-02-24,25,22.0,Trump 1.0
New Orleans,2017-02-26,6,17.0,Trump 1.0
New Orleans,2017-02-27,24,19.0,Trump 1.0
New Orleans,2017-02-28,39,24.0,Trump 1.0
New Orleans,2017-03-01,19,22.0,Trump 1.0
New Orleans,2017-03-02,35,24.0,Trump 1.0
New Orleans,2017-03-03,23,24.0,Trump 1.0
New Orleans,2017-03-04,2,21.0,Trump 1.0
New Orleans,2017-03-05,1,20.0,Trump 1.0
New Orleans,2017-03-06,26,21.0,Trump 1.0
New Orleans,2017-03-07,26,19.0,Trump 1.0
New Orleans,2017-03-08,28,20.0,Trump 1.0
New Orleans,2017-03-09,24,19.0,Trump 1.0
New Orleans,2017-03-10,26,19.0,Trump 1.0
New Orleans,2017-03-11,2,19.0,Trump 1.0
New Orleans,2017-03-13,22,22.0,Trump 1.0
New Orleans,2017-03-14,29,22.0,Trump 1.0
New Orleans,2017-03-15,32,23.0,Trump 1.0
New Orleans,2017-03-16,23,23.0,Trump 1.0
New Orleans,2017-03-17,23,22.0,Trump 1.0
New Orleans,2017-03-18,12,20.0,Trump 1.0
New Orleans,2017-03-19,12,22.0,Trump 1.0
New Orleans,2017-03-20,23,22.0,Trump 1.0
New Orleans,2017-03-21,48,25.0,Trump 1.0
New Orleans,2017-03-22,36,25.0,Trump 1.0
New Orleans,2017-03-23,31,26.0,Trump 1.0
New Orleans,2017-03-24,27,27.0,Trump 1.0
New Orleans,2017-03-25,4,26.0,Trump 1.0
New Orleans,2017-03-27,42,30.0,Trump 1.0
New Orleans,2017-03-28,67,36.0,Trump 1.0
New Orleans,2017-03-29,25,33.0,Trump 1.0
New Orleans,2017-03-30,23,31.0,Trump 1.0
New Orleans,2017-03-31,33,32.0,Trump 1.0
New Orleans,2017-04-01,6,29.0,Trump 1.0
New Orleans,2017-04-02,6,29.0,Trump 1.0
New Orleans,2017-04-03,21,26.0,Trump 1.0
New Orleans,2017-04-04,41,22.0,Trump 1.0
New Orleans,2017-04-05,29,23.0,Trump 1.0
New Orleans,2017-04-06,33,24.0,Trump 1.0
New Orleans,2017-04-07,23,23.0,Trump 1.0
New Orleans,2017-04-09,2,22.0,Trump 1.0
New Orleans,2017-04-10,26,25.0,Trump 1.0
New Orleans,2017-04-11,31,26.0,Trump 1.0
New Orleans,2017-04-12,27,24.0,Trump 1.0
New Orleans,2017-04-13,28,24.0,Trump 1.0
New Orleans,2017-04-14,22,23.0,Trump 1.0
New Orleans,2017-04-15,2,20.0,Trump 1.0
New Orleans,2017-04-16,1,20.0,Trump 1.0
New Orleans,2017-04-17,25,19.0,Trump 1.0
New Orleans,2017-04-18,39,21.0,Trump 1.0
New Orleans,2017-04-19,32,21.0,Trump 1.0
New Orleans,2017-04-20,28,21.0,Trump 1.0
New Orleans,2017-04-21,31,23.0,Trump 1.0
New Orleans,2017-04-22,1,22.0,Trump 1.0
New Orleans,2017-04-23,1,22.0,Trump 1.0
New Orleans,2017-04-24,33,24.0,Trump 1.0
New Orleans,2017-04-25,27,22.0,Trump 1.0
New Orleans,2017-04-26,27,21.0,Trump 1.0
New Orleans,2017-04-27,37,22.0,Trump 1.0
New Orleans,2017-04-28,24,21.0,Trump 1.0
New Orleans,2017-04-29,1,21.0,Trump 1.0
New Orleans,2017-05-01,30,26.0,Trump 1.0
New Orleans,2017-05-02,27,25.0,Trump 1.0
New Orleans,2017-05-03,38,26.0,Trump 1.0
New Orleans,2017-05-04,35,27.0,Trump 1.0
New Orleans,2017-05-05,20,25.0,Trump 1.0
New Orleans,2017-05-06,1,22.0,Trump 1.0
New Orleans,2017-05-08,37,27.0,Trump 1.0
New Orleans,2017-05-09,32,27.0,Trump 1.0
New Orleans,2017-05-10,31,28.0,Trump 1.0
New Orleans,2017-05-11,31,27.0,Trump 1.0
New Orleans,2017-05-12,29,26.0,Trump 1.0
New Orleans,2017-05-14,2,23.0,Trump 1.0
New Orleans,2017-05-15,28,27.0,Trump 1.0
New Orleans,2017-05-16,38,27.0,Trump 1.0
New Orleans,2017-05-17,32,27.0,Trump 1.0
New Orleans,2017-05-18,32,27.0,Trump 1.0
New Orleans,2017-05-19,33,28.0,Trump 1.0
New Orleans,2017-05-20,2,24.0,Trump 1.0
New Orleans,2017-05-21,1,24.0,Trump 1.0
New Orleans,2017-05-22,36,25.0,Trump 1.0
New Orleans,2017-05-23,30,24.0,Trump 1.0
New Orleans,2017-05-24,43,25.0,Trump 1.0
New Orleans,2017-05-25,34,26.0,Trump 1.0
New Orleans,2017-05-26,21,24.0,Trump 1.0
New Orleans,2017-05-27,1,24.0,Trump 1.0
New Orleans,2017-05-28,3,24.0,Trump 1.0
New Orleans,2017-05-30,41,25.0,Trump 1.0
New Orleans,2017-05-31,30,25.0,Trump 1.0
New Orleans,2017-06-01,41,24.0,Trump 1.0
New Orleans,2017-06-02,35,25.0,Trump 1.0
New Orleans,2017-06-04,2,22.0,Trump 1.0
New Orleans,2017-06-05,35,27.0,Trump 1.0
New Orleans,2017-06-06,27,30.0,Trump 1.0
New Orleans,2017-06-07,28,28.0,Trump 1.0
New Orleans,2017-06-08,33,29.0,Trump 1.0
New Orleans,2017-06-09,29,27.0,Trump 1.0
New Orleans,2017-06-10,3,22.0,Trump 1.0
New Orleans,2017-06-11,3,23.0,Trump 1.0
New Orleans,2017-06-12,35,23.0,Trump 1.0
New Orleans,2017-06-13,34,24.0,Trump 1.0
New Orleans,2017-06-14,24,23.0,Trump 1.0
New Orleans,2017-06-15,33,23.0,Trump 1.0
New Orleans,2017-06-16,22,22.0,Trump 1.0
New Orleans,2017-06-19,44,28.0,Trump 1.0
New Orleans,2017-06-20,35,32.0,Trump 1.0
New Orleans,2017-06-21,38,33.0,Trump 1.0
New Orleans,2017-06-22,36,33.0,Trump 1.0
New Orleans,2017-06-23,26,33.0,Trump 1.0
New Orleans,2017-06-25,1,29.0,Trump 1.0
New Orleans,2017-06-26,28,30.0,Trump 1.0
New Orleans,2017-06-27,35,28.0,Trump 1.0
New Orleans,2017-06-28,28,27.0,Trump 1.0
New Orleans,2017-06-29,35,27.0,Trump 1.0
New Orleans,2017-06-30,29,26.0,Trump 1.0
New Orleans,2017-07-01,1,22.0,Trump 1.0
New Orleans,2017-07-02,1,22.0,Trump 1.0
New Orleans,2017-07-03,37,24.0,Trump 1.0
New Orleans,2017-07-04,1,19.0,Trump 1.0
New Orleans,2017-07-05,30,19.0,Trump 1.0
New Orleans,2017-07-06,40,20.0,Trump 1.0
New Orleans,2017-07-07,43,22.0,Trump 1.0
New Orleans,2017-07-08,2,22.0,Trump 1.0
New Orleans,2017-07-09,3,22.0,Trump 1.0
New Orleans,2017-07-10,23,20.0,Trump 1.0
New Orleans,2017-07-11,46,27.0,Trump 1.0
New Orleans,2017-07-12,50,30.0,Trump 1.0
New Orleans,2017-07-13,38,29.0,Trump 1.0
New Orleans,2017-07-14,41,29.0,Trump 1.0
New Orleans,2017-07-15,2,29.0,Trump 1.0
New Orleans,2017-07-16,2,29.0,Trump 1.0
New Orleans,2017-07-17,27,29.0,Trump 1.0
New Orleans,2017-07-18,19,26.0,Trump 1.0
New Orleans,2017-07-19,36,24.0,Trump 1.0
New Orleans,2017-07-20,22,21.0,Trump 1.0
New Orleans,2017-07-21,31,20.0,Trump 1.0
New Orleans,2017-07-23,45,26.0,Trump 1.0
New Orleans,2017-07-24,44,32.0,Trump 1.0
New Orleans,2017-07-25,36,33.0,Trump 1.0
New Orleans,2017-07-26,56,39.0,Trump 1.0
New Orleans,2017-07-27,27,37.0,Trump 1.0
New Orleans,2017-07-28,33,39.0,Trump 1.0
New Orleans,2017-07-29,1,35.0,Trump 1.0
New Orleans,2017-07-30,1,28.0,Trump 1.0
New Orleans,2017-07-31,29,26.0,Trump 1.0
New Orleans,2017-08-01,38,26.0,Trump 1.0
New Orleans,2017-08-02,65,28.0,Trump 1.0
New Orleans,2017-08-03,24,27.0,Trump 1.0
New Orleans,2017-08-04,40,28.0,Trump 1.0
New Orleans,2017-08-06,3,29.0,Trump 1.0
New Orleans,2017-08-07,35,33.0,Trump 1.0
New Orleans,2017-08-08,29,33.0,Trump 1.0
New Orleans,2017-08-09,47,35.0,Trump 1.0
New Orleans,2017-08-10,49,32.0,Trump 1.0
New Orleans,2017-08-11,37,34.0,Trump 1.0
New Orleans,2017-08-13,4,29.0,Trump 1.0
New Orleans,2017-08-14,53,36.0,Trump 1.0
New Orleans,2017-08-15,55,39.0,Trump 1.0
New Orleans,2017-08-16,56,43.0,Trump 1.0
New Orleans,2017-08-17,61,45.0,Trump 1.0
New Orleans,2017-08-18,60,47.0,Trump 1.0
New Orleans,2017-08-20,7,42.0,Trump 1.0
New Orleans,2017-08-21,49,49.0,Trump 1.0
New Orleans,2017-08-22,32,46.0,Trump 1.0
New Orleans,2017-08-23,25,41.0,Trump 1.0
New Orleans,2017-08-24,37,39.0,Trump 1.0
New Orleans,2017-08-25,46,37.0,Trump 1.0
New Orleans,2017-08-27,1,28.0,Trump 1.0
New Orleans,2017-08-28,32,32.0,Trump 1.0
New Orleans,2017-08-29,34,30.0,Trump 1.0
New Orleans,2017-08-30,53,33.0,Trump 1.0
New Orleans,2017-08-31,34,34.0,Trump 1.0
New Orleans,2017-09-01,48,35.0,Trump 1.0
New Orleans,2017-09-02,2,29.0,Trump 1.0
New Orleans,2017-09-03,1,29.0,Trump 1.0
New Orleans,2017-09-04,5,25.0,Trump 1.0
New Orleans,2017-09-05,35,25.0,Trump 1.0
New Orleans,2017-09-06,45,24.0,Trump 1.0
New Orleans,2017-09-07,46,26.0,Trump 1.0
New Orleans,2017-09-08,42,25.0,Trump 1.0
New Orleans,2017-09-09,2,25.0,Trump 1.0
New Orleans,2017-09-10,3,25.0,Trump 1.0
New Orleans,2017-09-11,30,29.0,Trump 1.0
New Orleans,2017-09-12,53,32.0,Trump 1.0
New Orleans,2017-09-13,48,32.0,Trump 1.0
New Orleans,2017-09-14,29,30.0,Trump 1.0
New Orleans,2017-09-15,41,29.0,Trump 1.0
New Orleans,2017-09-16,1,29.0,Trump 1.0
New Orleans,2017-09-17,3,29.0,Trump 1.0
New Orleans,2017-09-18,36,30.0,Trump 1.0
New Orleans,2017-09-19,48,29.0,Trump 1.0
New Orleans,2017-09-20,40,28.0,Trump 1.0
New Orleans,2017-09-21,45,31.0,Trump 1.0
New Orleans,2017-09-22,39,30.0,Trump 1.0
New Orleans,2017-09-25,36,35.0,Trump 1.0
New Orleans,2017-09-26,36,40.0,Trump 1.0
New Orleans,2017-09-27,32,39.0,Trump 1.0
New Orleans,2017-09-28,48,39.0,Trump 1.0
New Orleans,2017-09-29,24,37.0,Trump 1.0
New Orleans,2017-09-30,1,31.0,Trump 1.0
New Orleans,2017-10-01,5,26.0,Trump 1.0
New Orleans,2017-10-02,41,27.0,Trump 1.0
New Orleans,2017-10-03,35,27.0,Trump 1.0
New Orleans,2017-10-04,25,26.0,Trump 1.0
New Orleans,2017-10-05,47,25.0,Trump 1.0
New Orleans,2017-10-06,50,29.0,Trump 1.0
New Orleans,2017-10-07,1,29.0,Trump 1.0
New Orleans,2017-10-09,4,29.0,Trump 1.0
New Orleans,2017-10-10,50,30.0,Trump 1.0
New Orleans,2017-10-11,40,31.0,Trump 1.0
New Orleans,2017-10-12,45,34.0,Trump 1.0
New Orleans,2017-10-13,50,34.0,Trump 1.0
New Orleans,2017-10-15,1,27.0,Trump 1.0
New Orleans,2017-10-16,41,33.0,Trump 1.0
New Orleans,2017-10-17,40,38.0,Trump 1.0
New Orleans,2017-10-18,37,36.0,Trump 1.0
New Orleans,2017-10-19,55,38.0,Trump 1.0
New Orleans,2017-10-20,41,38.0,Trump 1.0
New Orleans,2017-10-22,6,32.0,Trump 1.0
New Orleans,2017-10-23,45,38.0,Trump 1.0
New Orleans,2017-10-24,51,39.0,Trump 1.0
New Orleans,2017-10-25,47,40.0,Trump 1.0
New Orleans,2017-10-26,33,40.0,Trump 1.0
New Orleans,2017-10-27,26,36.0,Trump 1.0
New Orleans,2017-10-30,39,35.0,Trump 1.0
New Orleans,2017-10-31,55,42.0,Trump 1.0
New Orleans,2017-11-01,39,41.0,Trump 1.0
New Orleans,2017-11-02,34,39.0,Trump 1.0
New Orleans,2017-11-03,34,37.0,Trump 1.0
New Orleans,2017-11-06,48,39.0,Trump 1.0
New Orleans,2017-11-07,40,41.0,Trump 1.0
New Orleans,2017-11-08,45,42.0,Trump 1.0
New Orleans,2017-11-09,52,42.0,Trump 1.0
New Orleans,2017-11-10,4,37.0,Trump 1.0
New Orleans,2017-11-11,2,32.0,Trump 1.0
New Orleans,2017-11-13,44,34.0,Trump 1.0
New Orleans,2017-11-14,41,33.0,Trump 1.0
New Orleans,2017-11-15,34,32.0,Trump 1.0
New Orleans,2017-11-16,38,31.0,Trump 1.0
New Orleans,2017-11-17,31,28.0,Trump 1.0
New Orleans,2017-11-19,1,27.0,Trump 1.0
New Orleans,2017-11-20,43,33.0,Trump 1.0
New Orleans,2017-11-21,32,31.0,Trump 1.0
New Orleans,2017-11-22,27,29.0,Trump 1.0
New Orleans,2017-11-23,1,25.0,Trump 1.0
New Orleans,2017-11-24,41,25.0,Trump 1.0
New Orleans,2017-11-26,1,21.0,Trump 1.0
New Orleans,2017-11-27,30,25.0,Trump 1.0
New Orleans,2017-11-28,40,25.0,Trump 1.0
New Orleans,2017-11-29,32,25.0,Trump 1.0
New Orleans,2017-11-30,33,25.0,Trump 1.0
New Orleans,2017-12-01,50,32.0,Trump 1.0
New Orleans,2017-12-04,30,31.0,Trump 1.0
New Orleans,2017-12-05,44,37.0,Trump 1.0
New Orleans,2017-12-06,37,38.0,Trump 1.0
New Orleans,2017-12-07,36,37.0,Trump 1.0
New Orleans,2017-12-08,41,39.0,Trump 1.0
New Orleans,2017-12-09,2,34.0,Trump 1.0
New Orleans,2017-12-10,1,27.0,Trump 1.0
New Orleans,2017-12-11,42,29.0,Trump 1.0
New Orleans,2017-12-12,48,30.0,Trump 1.0
New Orleans,2017-12-13,39,30.0,Trump 1.0
New Orleans,2017-12-14,49,32.0,Trump 1.0
New Orleans,2017-12-15,41,32.0,Trump 1.0
New Orleans,2017-12-16,3,32.0,Trump 1.0
New Orleans,2017-12-18,34,37.0,Trump 1.0
New Orleans,2017-12-19,36,36.0,Trump 1.0
New Orleans,2017-12-20,37,34.0,Trump 1.0
New Orleans,2017-12-21,42,35.0,Trump 1.0
New Orleans,2017-12-22,57,36.0,Trump 1.0
New Orleans,2017-12-24,6,31.0,Trump 1.0
New Orleans,2017-12-25,1,30.0,Trump 1.0
New Orleans,2017-12-26,30,30.0,Trump 1.0
New Orleans,2017-12-27,25,28.0,Trump 1.0
New Orleans,2017-12-28,23,26.0,Trump 1.0
New Orleans,2017-12-29,40,26.0,Trump 1.0
New Orleans,2017-12-30,1,18.0,Trump 1.0
New Orleans,2017-12-31,4,18.0,Trump 1.0
New Orleans,2018-01-02,27,21.0,Trump 1.0
New Orleans,2018-01-03,29,21.0,Trump 1.0
New Orleans,2018-01-04,37,23.0,Trump 1.0
New Orleans,2018-01-05,53,27.0,Trump 1.0
New Orleans,2018-01-07,1,22.0,Trump 1.0
New Orleans,2018-01-08,32,26.0,Trump 1.0
New Orleans,2018-01-09,35,31.0,Trump 1.0
New Orleans,2018-01-10,46,33.0,Trump 1.0
New Orleans,2018-01-11,41,35.0,Trump 1.0
New Orleans,2018-01-12,46,36.0,Trump 1.0
New Orleans,2018-01-13,4,29.0,Trump 1.0
New Orleans,2018-01-14,1,29.0,Trump 1.0
New Orleans,2018-01-15,1,25.0,Trump 1.0
New Orleans,2018-01-16,21,23.0,Trump 1.0
New Orleans,2018-01-17,19,19.0,Trump 1.0
New Orleans,2018-01-18,36,18.0,Trump 1.0
New Orleans,2018-01-19,58,20.0,Trump 1.0
New Orleans,2018-01-21,1,20.0,Trump 1.0
New Orleans,2018-01-22,40,25.0,Trump 1.0
New Orleans,2018-01-23,34,30.0,Trump 1.0
New Orleans,2018-01-24,33,32.0,Trump 1.0
New Orleans,2018-01-25,42,35.0,Trump 1.0
New Orleans,2018-01-26,49,37.0,Trump 1.0
New Orleans,2018-01-27,6,29.0,Trump 1.0
New Orleans,2018-01-28,7,30.0,Trump 1.0
New Orleans,2018-01-29,34,29.0,Trump 1.0
New Orleans,2018-01-30,32,29.0,Trump 1.0
New Orleans,2018-01-31,40,30.0,Trump 1.0
New Orleans,2018-02-01,33,29.0,Trump 1.0
New Orleans,2018-02-02,44,28.0,Trump 1.0
New Orleans,2018-02-04,3,28.0,Trump 1.0
New Orleans,2018-02-05,41,32.0,Trump 1.0
New Orleans,2018-02-06,36,33.0,Trump 1.0
New Orleans,2018-02-07,23,31.0,Trump 1.0
New Orleans,2018-02-08,51,33.0,Trump 1.0
New Orleans,2018-02-09,46,35.0,Trump 1.0
New Orleans,2018-02-12,49,36.0,Trump 1.0
New Orleans,2018-02-13,48,42.0,Trump 1.0
New Orleans,2018-02-14,49,43.0,Trump 1.0
New Orleans,2018-02-15,34,43.0,Trump 1.0
New Orleans,2018-02-16,36,45.0,Trump 1.0
New Orleans,2018-02-17,2,38.0,Trump 1.0
New Orleans,2018-02-18,2,31.0,Trump 1.0
New Orleans,2018-02-19,1,25.0,Trump 1.0
New Orleans,2018-02-20,56,26.0,Trump 1.0
New Orleans,2018-02-21,40,24.0,Trump 1.0
New Orleans,2018-02-22,49,27.0,Trump 1.0
New Orleans,2018-02-23,37,27.0,Trump 1.0
New Orleans,2018-02-24,3,27.0,Trump 1.0
New Orleans,2018-02-25,1,27.0,Trump 1.0
New Orleans,2018-02-26,32,31.0,Trump 1.0
New Orleans,2018-02-27,33,28.0,Trump 1.0
New Orleans,2018-02-28,36,27.0,Trump 1.0
New Orleans,2018-03-01,37,26.0,Trump 1.0
New Orleans,2018-03-02,53,28.0,Trump 1.0
New Orleans,2018-03-03,3,28.0,Trump 1.0
New Orleans,2018-03-04,1,28.0,Trump 1.0
New Orleans,2018-03-05,28,27.0,Trump 1.0
New Orleans,2018-03-06,39,28.0,Trump 1.0
New Orleans,2018-03-07,29,27.0,Trump 1.0
New Orleans,2018-03-08,38,27.0,Trump 1.0
New Orleans,2018-03-09,44,26.0,Trump 1.0
New Orleans,2018-03-10,1,26.0,Trump 1.0
New Orleans,2018-03-11,1,26.0,Trump 1.0
New Orleans,2018-03-12,42,28.0,Trump 1.0
New Orleans,2018-03-13,41,28.0,Trump 1.0
New Orleans,2018-03-14,36,29.0,Trump 1.0
New Orleans,2018-03-15,38,29.0,Trump 1.0
New Orleans,2018-03-16,39,28.0,Trump 1.0
New Orleans,2018-03-18,1,28.0,Trump 1.0
New Orleans,2018-03-19,44,34.0,Trump 1.0
New Orleans,2018-03-20,33,33.0,Trump 1.0
New Orleans,2018-03-21,29,31.0,Trump 1.0
New Orleans,2018-03-22,52,34.0,Trump 1.0
New Orleans,2018-03-23,40,34.0,Trump 1.0
New Orleans,2018-03-25,2,29.0,Trump 1.0
New Orleans,2018-03-26,39,34.0,Trump 1.0
New Orleans,2018-03-27,30,32.0,Trump 1.0
New Orleans,2018-03-28,24,31.0,Trump 1.0
New Orleans,2018-03-29,34,32.0,Trump 1.0
New Orleans,2018-03-30,34,29.0,Trump 1.0
New Orleans,2018-03-31,1,23.0,Trump 1.0
New Orleans,2018-04-01,2,23.0,Trump 1.0
New Orleans,2018-04-02,42,24.0,Trump 1.0
New Orleans,2018-04-03,33,24.0,Trump 1.0
New Orleans,2018-04-04,49,28.0,Trump 1.0
New Orleans,2018-04-05,52,30.0,Trump 1.0
New Orleans,2018-04-06,39,31.0,Trump 1.0
New Orleans,2018-04-07,2,31.0,Trump 1.0
New Orleans,2018-04-09,25,35.0,Trump 1.0
New Orleans,2018-04-10,36,34.0,Trump 1.0
New Orleans,2018-04-11,35,34.0,Trump 1.0
New Orleans,2018-04-12,50,34.0,Trump 1.0
New Orleans,2018-04-13,42,33.0,Trump 1.0
New Orleans,2018-04-14,2,27.0,Trump 1.0
New Orleans,2018-04-16,32,32.0,Trump 1.0
New Orleans,2018-04-17,54,36.0,Trump 1.0
New Orleans,2018-04-18,31,35.0,Trump 1.0
New Orleans,2018-04-19,37,35.0,Trump 1.0
New Orleans,2018-04-20,41,34.0,Trump 1.0
New Orleans,2018-04-23,34,33.0,Trump 1.0
New Orleans,2018-04-24,28,37.0,Trump 1.0
New Orleans,2018-04-25,28,36.0,Trump 1.0
New Orleans,2018-04-26,34,33.0,Trump 1.0
New Orleans,2018-04-27,43,35.0,Trump 1.0
New Orleans,2018-04-28,5,30.0,Trump 1.0
New Orleans,2018-04-29,2,25.0,Trump 1.0
New Orleans,2018-04-30,50,27.0,Trump 1.0
New Orleans,2018-05-01,21,26.0,Trump 1.0
New Orleans,2018-05-02,35,27.0,Trump 1.0
New Orleans,2018-05-03,30,27.0,Trump 1.0
New Orleans,2018-05-04,30,25.0,Trump 1.0
New Orleans,2018-05-05,4,25.0,Trump 1.0
New Orleans,2018-05-07,47,31.0,Trump 1.0
New Orleans,2018-05-08,41,30.0,Trump 1.0
New Orleans,2018-05-09,42,33.0,Trump 1.0
New Orleans,2018-05-10,33,32.0,Trump 1.0
New Orleans,2018-05-11,41,34.0,Trump 1.0
New Orleans,2018-05-14,44,36.0,Trump 1.0
New Orleans,2018-05-15,32,40.0,Trump 1.0
New Orleans,2018-05-16,26,37.0,Trump 1.0
New Orleans,2018-05-17,37,36.0,Trump 1.0
New Orleans,2018-05-18,40,36.0,Trump 1.0
New Orleans,2018-05-19,3,32.0,Trump 1.0
New Orleans,2018-05-21,35,31.0,Trump 1.0
New Orleans,2018-05-22,30,29.0,Trump 1.0
New Orleans,2018-05-23,33,29.0,Trump 1.0
New Orleans,2018-05-24,37,31.0,Trump 1.0
New Orleans,2018-05-25,49,32.0,Trump 1.0
New Orleans,2018-05-26,4,27.0,Trump 1.0
New Orleans,2018-05-27,3,27.0,Trump 1.0
New Orleans,2018-05-28,2,23.0,Trump 1.0
New Orleans,2018-05-29,30,23.0,Trump 1.0
New Orleans,2018-05-30,40,24.0,Trump 1.0
New Orleans,2018-05-31,50,25.0,Trump 1.0
New Orleans,2018-06-01,35,23.0,Trump 1.0
New Orleans,2018-06-02,1,23.0,Trump 1.0
New Orleans,2018-06-03,4,23.0,Trump 1.0
New Orleans,2018-06-04,33,28.0,Trump 1.0
New Orleans,2018-06-05,32,28.0,Trump 1.0
New Orleans,2018-06-06,41,28.0,Trump 1.0
New Orleans,2018-06-07,37,26.0,Trump 1.0
New Orleans,2018-06-08,44,27.0,Trump 1.0
New Orleans,2018-06-09,3,28.0,Trump 1.0
New Orleans,2018-06-10,2,27.0,Trump 1.0
New Orleans,2018-06-11,36,28.0,Trump 1.0
New Orleans,2018-06-12,31,28.0,Trump 1.0
New Orleans,2018-06-13,33,27.0,Trump 1.0
New Orleans,2018-06-14,37,27.0,Trump 1.0
New Orleans,2018-06-15,42,26.0,Trump 1.0
New Orleans,2018-06-16,16,28.0,Trump 1.0
New Orleans,2018-06-17,8,29.0,Trump 1.0
New Orleans,2018-06-18,29,28.0,Trump 1.0
New Orleans,2018-06-19,55,31.0,Trump 1.0
New Orleans,2018-06-20,39,32.0,Trump 1.0
New Orleans,2018-06-21,46,34.0,Trump 1.0
New Orleans,2018-06-22,40,33.0,Trump 1.0
New Orleans,2018-06-23,4,32.0,Trump 1.0
New Orleans,2018-06-24,5,31.0,Trump 1.0
New Orleans,2018-06-25,38,32.0,Trump 1.0
New Orleans,2018-06-26,29,29.0,Trump 1.0
New Orleans,2018-06-27,26,27.0,Trump 1.0
New Orleans,2018-06-28,42,26.0,Trump 1.0
New Orleans,2018-06-29,39,26.0,Trump 1.0
New Orleans,2018-07-01,5,26.0,Trump 1.0
New Orleans,2018-07-02,32,30.0,Trump 1.0
New Orleans,2018-07-03,43,31.0,Trump 1.0
New Orleans,2018-07-04,2,27.0,Trump 1.0
New Orleans,2018-07-05,34,28.0,Trump 1.0
New Orleans,2018-07-06,45,29.0,Trump 1.0
New Orleans,2018-07-08,1,23.0,Trump 1.0
New Orleans,2018-07-09,41,28.0,Trump 1.0
New Orleans,2018-07-10,35,29.0,Trump 1.0
New Orleans,2018-07-11,29,27.0,Trump 1.0
New Orleans,2018-07-12,43,33.0,Trump 1.0
New Orleans,2018-07-13,41,34.0,Trump 1.0
New Orleans,2018-07-14,1,27.0,Trump 1.0
New Orleans,2018-07-16,28,31.0,Trump 1.0
New Orleans,2018-07-17,37,31.0,Trump 1.0
New Orleans,2018-07-18,33,30.0,Trump 1.0
New Orleans,2018-07-19,43,32.0,Trump 1.0
New Orleans,2018-07-20,34,31.0,Trump 1.0
New Orleans,2018-07-21,14,27.0,Trump 1.0
New Orleans,2018-07-22,2,27.0,Trump 1.0
New Orleans,2018-07-23,34,28.0,Trump 1.0
New Orleans,2018-07-24,35,28.0,Trump 1.0
New Orleans,2018-07-25,44,29.0,Trump 1.0
New Orleans,2018-07-26,39,29.0,Trump 1.0
New Orleans,2018-07-27,39,30.0,Trump 1.0
New Orleans,2018-07-28,3,28.0,Trump 1.0
New Orleans,2018-07-29,1,28.0,Trump 1.0
New Orleans,2018-07-30,30,27.0,Trump 1.0
New Orleans,2018-07-31,37,28.0,Trump 1.0
New Orleans,2018-08-01,46,28.0,Trump 1.0
New Orleans,2018-08-02,42,28.0,Trump 1.0
New Orleans,2018-08-03,48,30.0,Trump 1.0
New Orleans,2018-08-04,1,29.0,Trump 1.0
New Orleans,2018-08-05,3,30.0,Trump 1.0
New Orleans,2018-08-06,39,31.0,Trump 1.0
New Orleans,2018-08-07,25,29.0,Trump 1.0
New Orleans,2018-08-08,29,27.0,Trump 1.0
New Orleans,2018-08-09,47,27.0,Trump 1.0
New Orleans,2018-08-10,34,25.0,Trump 1.0
New Orleans,2018-08-11,2,26.0,Trump 1.0
New Orleans,2018-08-13,43,31.0,Trump 1.0
New Orleans,2018-08-14,32,30.0,Trump 1.0
New Orleans,2018-08-15,47,33.0,Trump 1.0
New Orleans,2018-08-16,31,34.0,Trump 1.0
New Orleans,2018-08-17,41,33.0,Trump 1.0
New Orleans,2018-08-19,1,28.0,Trump 1.0
New Orleans,2018-08-20,32,32.0,Trump 1.0
New Orleans,2018-08-21,39,32.0,Trump 1.0
New Orleans,2018-08-22,47,34.0,Trump 1.0
New Orleans,2018-08-23,67,37.0,Trump 1.0
New Orleans,2018-08-24,51,40.0,Trump 1.0
New Orleans,2018-08-25,11,35.0,Trump 1.0
New Orleans,2018-08-26,5,36.0,Trump 1.0
New Orleans,2018-08-27,37,37.0,Trump 1.0
New Orleans,2018-08-28,42,37.0,Trump 1.0
New Orleans,2018-08-29,43,37.0,Trump 1.0
New Orleans,2018-08-30,50,34.0,Trump 1.0
New Orleans,2018-08-31,40,33.0,Trump 1.0
New Orleans,2018-09-02,2,31.0,Trump 1.0
New Orleans,2018-09-03,1,31.0,Trump 1.0
New Orleans,2018-09-04,28,29.0,Trump 1.0
New Orleans,2018-09-05,45,30.0,Trump 1.0
New Orleans,2018-09-06,39,29.0,Trump 1.0
New Orleans,2018-09-07,57,30.0,Trump 1.0
New Orleans,2018-09-08,3,25.0,Trump 1.0
New Orleans,2018-09-09,1,25.0,Trump 1.0
New Orleans,2018-09-10,35,30.0,Trump 1.0
New Orleans,2018-09-11,43,32.0,Trump 1.0
New Orleans,2018-09-12,48,32.0,Trump 1.0
New Orleans,2018-09-13,28,31.0,Trump 1.0
New Orleans,2018-09-14,38,28.0,Trump 1.0
New Orleans,2018-09-15,4,28.0,Trump 1.0
New Orleans,2018-09-16,4,29.0,Trump 1.0
New Orleans,2018-09-17,39,29.0,Trump 1.0
New Orleans,2018-09-18,70,33.0,Trump 1.0
New Orleans,2018-09-19,47,33.0,Trump 1.0
New Orleans,2018-09-20,59,37.0,Trump 1.0
New Orleans,2018-09-21,33,37.0,Trump 1.0
New Orleans,2018-09-22,1,36.0,Trump 1.0
New Orleans,2018-09-23,6,36.0,Trump 1.0
New Orleans,2018-09-24,47,38.0,Trump 1.0
New Orleans,2018-09-25,37,33.0,Trump 1.0
New Orleans,2018-09-26,34,31.0,Trump 1.0
New Orleans,2018-09-27,44,29.0,Trump 1.0
New Orleans,2018-09-28,38,30.0,Trump 1.0
New Orleans,2018-09-29,1,30.0,Trump 1.0
New Orleans,2018-09-30,1,29.0,Trump 1.0
New York City,2015-10-01,10,24.0,Trump 1.0
New York City,2015-10-02,11,20.0,Trump 1.0
New York City,2015-10-05,5,16.0,Trump 1.0
New York City,2015-10-06,6,10.0,Trump 1.0
New York City,2015-10-07,7,6.0,Trump 1.0
New York City,2015-10-08,8,7.0,Trump 1.0
New York City,2015-10-09,6,8.0,Trump 1.0
New York City,2015-10-13,7,7.0,Trump 1.0
New York City,2015-10-14,8,7.0,Trump 1.0
New York City,2015-10-15,6,7.0,Trump 1.0
New York City,2015-10-16,7,7.0,Trump 1.0
New York City,2015-10-19,6,7.0,Trump 1.0
New York City,2015-10-20,5,6.0,Trump 1.0
New York City,2015-10-21,7,7.0,Trump 1.0
New York City,2015-10-22,11,7.0,Trump 1.0
New York City,2015-10-23,8,7.0,Trump 1.0
New York City,2015-10-26,4,7.0,Trump 1.0
New York City,2015-10-27,10,7.0,Trump 1.0
New York City,2015-10-28,11,8.0,Trump 1.0
New York City,2015-10-29,8,8.0,Trump 1.0
New York City,2015-10-30,21,10.0,Trump 1.0
New York City,2015-11-02,6,10.0,Trump 1.0
New York City,2015-11-03,4,9.0,Trump 1.0
New York City,2015-11-04,12,10.0,Trump 1.0
New York City,2015-11-05,10,10.0,Trump 1.0
New York City,2015-11-06,3,9.0,Trump 1.0
New York City,2015-11-07,1,8.0,Trump 1.0
New York City,2015-11-09,7,6.0,Trump 1.0
New York City,2015-11-10,11,7.0,Trump 1.0
New York City,2015-11-12,7,7.0,Trump 1.0
New York City,2015-11-13,8,7.0,Trump 1.0
New York City,2015-11-16,10,7.0,Trump 1.0
New York City,2015-11-17,4,7.0,Trump 1.0
New York City,2015-11-18,7,8.0,Trump 1.0
New York City,2015-11-19,8,8.0,Trump 1.0
New York City,2015-11-20,13,8.0,Trump 1.0
New York City,2015-11-23,6,8.0,Trump 1.0
New York City,2015-11-24,7,8.0,Trump 1.0
New York City,2015-11-25,9,8.0,Trump 1.0
New York City,2015-11-27,2,7.0,Trump 1.0
New York City,2015-11-30,11,8.0,Trump 1.0
New York City,2015-12-01,7,8.0,Trump 1.0
New York City,2015-12-02,5,7.0,Trump 1.0
New York City,2015-12-03,8,7.0,Trump 1.0
New York City,2015-12-04,7,7.0,Trump 1.0
New York City,2015-12-07,4,6.0,Trump 1.0
New York City,2015-12-08,6,7.0,Trump 1.0
New York City,2015-12-09,13,7.0,Trump 1.0
New York City,2015-12-10,9,7.0,Trump 1.0
New York City,2015-12-11,9,8.0,Trump 1.0
New York City,2015-12-14,6,8.0,Trump 1.0
New York City,2015-12-15,8,8.0,Trump 1.0
New York City,2015-12-16,10,9.0,Trump 1.0
New York City,2015-12-17,11,9.0,Trump 1.0
New York City,2015-12-18,4,8.0,Trump 1.0
New York City,2015-12-21,4,7.0,Trump 1.0
New York City,2015-12-22,8,7.0,Trump 1.0
New York City,2015-12-23,3,7.0,Trump 1.0
New York City,2015-12-24,4,6.0,Trump 1.0
New York City,2015-12-28,2,5.0,Trump 1.0
New York City,2015-12-29,11,5.0,Trump 1.0
New York City,2015-12-30,9,6.0,Trump 1.0
New York City,2015-12-31,4,6.0,Trump 1.0
New York City,2016-01-01,1,5.0,Trump 1.0
New York City,2016-01-04,6,5.0,Trump 1.0
New York City,2016-01-05,6,6.0,Trump 1.0
New York City,2016-01-06,8,6.0,Trump 1.0
New York City,2016-01-07,9,6.0,Trump 1.0
New York City,2016-01-08,7,6.0,Trump 1.0
New York City,2016-01-11,5,6.0,Trump 1.0
New York City,2016-01-12,6,7.0,Trump 1.0
New York City,2016-01-13,6,7.0,Trump 1.0
New York City,2016-01-14,10,7.0,Trump 1.0
New York City,2016-01-15,9,7.0,Trump 1.0
New York City,2016-01-18,2,6.0,Trump 1.0
New York City,2016-01-19,8,7.0,Trump 1.0
New York City,2016-01-20,8,7.0,Trump 1.0
New York City,2016-01-21,7,7.0,Trump 1.0
New York City,2016-01-22,4,7.0,Trump 1.0
New York City,2016-01-25,5,6.0,Trump 1.0
New York City,2016-01-26,3,5.0,Trump 1.0
New York City,2016-01-27,8,6.0,Trump 1.0
New York City,2016-01-28,7,6.0,Trump 1.0
New York City,2016-01-29,7,6.0,Trump 1.0
New York City,2016-02-01,7,6.0,Trump 1.0
New York City,2016-02-02,4,6.0,Trump 1.0
New York City,2016-02-03,5,6.0,Trump 1.0
New York City,2016-02-04,8,7.0,Trump 1.0
New York City,2016-02-05,7,6.0,Trump 1.0
New York City,2016-02-08,1,6.0,Trump 1.0
New York City,2016-02-09,7,6.0,Trump 1.0
New York City,2016-02-10,4,5.0,Trump 1.0
New York City,2016-02-11,13,6.0,Trump 1.0
New York City,2016-02-12,6,7.0,Trump 1.0
New York City,2016-02-16,3,6.0,Trump 1.0
New York City,2016-02-17,12,7.0,Trump 1.0
New York City,2016-02-18,11,8.0,Trump 1.0
New York City,2016-02-19,3,7.0,Trump 1.0
New York City,2016-02-22,9,8.0,Trump 1.0
New York City,2016-02-23,9,8.0,Trump 1.0
New York City,2016-02-24,10,8.0,Trump 1.0
New York City,2016-02-25,13,10.0,Trump 1.0
New York City,2016-02-26,8,9.0,Trump 1.0
New York City,2016-02-29,11,9.0,Trump 1.0
New York City,2016-03-01,12,10.0,Trump 1.0
New York City,2016-03-02,10,10.0,Trump 1.0
New York City,2016-03-03,7,10.0,Trump 1.0
New York City,2016-03-04,8,10.0,Trump 1.0
New York City,2016-03-07,7,9.0,Trump 1.0
New York City,2016-03-08,9,9.0,Trump 1.0
New York City,2016-03-09,7,9.0,Trump 1.0
New York City,2016-03-10,8,8.0,Trump 1.0
New York City,2016-03-11,8,8.0,Trump 1.0
New York City,2016-03-13,1,7.0,Trump 1.0
New York City,2016-03-14,6,7.0,Trump 1.0
New York City,2016-03-15,9,7.0,Trump 1.0
New York City,2016-03-16,6,6.0,Trump 1.0
New York City,2016-03-17,7,6.0,Trump 1.0
New York City,2016-03-18,5,6.0,Trump 1.0
New York City,2016-03-21,5,6.0,Trump 1.0
New York City,2016-03-22,11,7.0,Trump 1.0
New York City,2016-03-23,8,7.0,Trump 1.0
New York City,2016-03-24,2,6.0,Trump 1.0
New York City,2016-03-25,2,6.0,Trump 1.0
New York City,2016-03-28,8,6.0,Trump 1.0
New York City,2016-03-29,6,6.0,Trump 1.0
New York City,2016-03-30,1,5.0,Trump 1.0
New York City,2016-03-31,5,5.0,Trump 1.0
New York City,2016-04-01,13,5.0,Trump 1.0
New York City,2016-04-04,5,6.0,Trump 1.0
New York City,2016-04-05,7,6.0,Trump 1.0
New York City,2016-04-06,2,6.0,Trump 1.0
New York City,2016-04-07,11,6.0,Trump 1.0
New York City,2016-04-08,10,8.0,Trump 1.0
New York City,2016-04-12,6,8.0,Trump 1.0
New York City,2016-04-13,4,6.0,Trump 1.0
New York City,2016-04-14,2,6.0,Trump 1.0
New York City,2016-04-15,4,6.0,Trump 1.0
New York City,2016-04-18,5,6.0,Trump 1.0
New York City,2016-04-19,7,5.0,Trump 1.0
New York City,2016-04-20,3,4.0,Trump 1.0
New York City,2016-04-21,3,4.0,Trump 1.0
New York City,2016-04-22,11,5.0,Trump 1.0
New York City,2016-04-25,8,6.0,Trump 1.0
New York City,2016-04-26,11,7.0,Trump 1.0
New York City,2016-04-27,9,7.0,Trump 1.0
New York City,2016-04-28,2,7.0,Trump 1.0
New York City,2016-04-29,12,8.0,Trump 1.0
New York City,2016-05-02,4,8.0,Trump 1.0
New York City,2016-05-03,11,8.0,Trump 1.0
New York City,2016-05-04,5,8.0,Trump 1.0
New York City,2016-05-05,12,8.0,Trump 1.0
New York City,2016-05-06,6,7.0,Trump 1.0
New York City,2016-05-09,3,8.0,Trump 1.0
New York City,2016-05-10,9,7.0,Trump 1.0
New York City,2016-05-11,3,7.0,Trump 1.0
New York City,2016-05-12,7,6.0,Trump 1.0
New York City,2016-05-13,9,7.0,Trump 1.0
New York City,2016-05-15,1,5.0,Trump 1.0
New York City,2016-05-16,7,6.0,Trump 1.0
New York City,2016-05-17,5,6.0,Trump 1.0
New York City,2016-05-18,6,5.0,Trump 1.0
New York City,2016-05-19,6,6.0,Trump 1.0
New York City,2016-05-20,10,6.0,Trump 1.0
New York City,2016-05-23,4,6.0,Trump 1.0
New York City,2016-05-24,5,6.0,Trump 1.0
New York City,2016-05-25,5,6.0,Trump 1.0
New York City,2016-05-26,5,6.0,Trump 1.0
New York City,2016-05-27,5,6.0,Trump 1.0
New York City,2016-05-31,12,7.0,Trump 1.0
New York City,2016-06-01,5,6.0,Trump 1.0
New York City,2016-06-02,9,7.0,Trump 1.0
New York City,2016-06-03,10,7.0,Trump 1.0
New York City,2016-06-06,8,8.0,Trump 1.0
New York City,2016-06-07,6,8.0,Trump 1.0
New York City,2016-06-08,4,8.0,Trump 1.0
New York City,2016-06-09,2,6.0,Trump 1.0
New York City,2016-06-10,3,6.0,Trump 1.0
New York City,2016-06-13,4,5.0,Trump 1.0
New York City,2016-06-14,1,4.0,Trump 1.0
New York City,2016-06-15,8,4.0,Trump 1.0
New York City,2016-06-16,4,4.0,Trump 1.0
New York City,2016-06-17,4,4.0,Trump 1.0
New York City,2016-06-20,5,4.0,Trump 1.0
New York City,2016-06-21,9,5.0,Trump 1.0
New York City,2016-06-22,6,5.0,Trump 1.0
New York City,2016-06-23,9,6.0,Trump 1.0
New York City,2016-06-24,7,6.0,Trump 1.0
New York City,2016-06-27,7,7.0,Trump 1.0
New York City,2016-06-28,5,7.0,Trump 1.0
New York City,2016-06-29,3,7.0,Trump 1.0
New York City,2016-06-30,6,6.0,Trump 1.0
New York City,2016-07-01,8,6.0,Trump 1.0
New York City,2016-07-05,4,6.0,Trump 1.0
New York City,2016-07-06,3,5.0,Trump 1.0
New York City,2016-07-07,7,5.0,Trump 1.0
New York City,2016-07-08,8,6.0,Trump 1.0
New York City,2016-07-11,10,7.0,Trump 1.0
New York City,2016-07-12,4,6.0,Trump 1.0
New York City,2016-07-13,6,6.0,Trump 1.0
New York City,2016-07-14,4,6.0,Trump 1.0
New York City,2016-07-15,8,7.0,Trump 1.0
New York City,2016-07-18,6,7.0,Trump 1.0
New York City,2016-07-19,4,6.0,Trump 1.0
New York City,2016-07-20,12,6.0,Trump 1.0
New York City,2016-07-21,4,6.0,Trump 1.0
New York City,2016-07-22,4,6.0,Trump 1.0
New York City,2016-07-25,4,6.0,Trump 1.0
New York City,2016-07-26,7,6.0,Trump 1.0
New York City,2016-07-27,9,6.0,Trump 1.0
New York City,2016-07-28,4,6.0,Trump 1.0
New York City,2016-07-29,5,5.0,Trump 1.0
New York City,2016-08-01,1,5.0,Trump 1.0
New York City,2016-08-02,6,5.0,Trump 1.0
New York City,2016-08-03,6,5.0,Trump 1.0
New York City,2016-08-04,6,5.0,Trump 1.0
New York City,2016-08-05,9,5.0,Trump 1.0
New York City,2016-08-08,14,7.0,Trump 1.0
New York City,2016-08-09,22,9.0,Trump 1.0
New York City,2016-08-10,11,11.0,Trump 1.0
New York City,2016-08-11,18,12.0,Trump 1.0
New York City,2016-08-12,13,13.0,Trump 1.0
New York City,2016-08-15,4,13.0,Trump 1.0
New York City,2016-08-16,5,12.0,Trump 1.0
New York City,2016-08-17,8,12.0,Trump 1.0
New York City,2016-08-18,4,9.0,Trump 1.0
New York City,2016-08-19,11,9.0,Trump 1.0
New York City,2016-08-22,2,7.0,Trump 1.0
New York City,2016-08-23,10,6.0,Trump 1.0
New York City,2016-08-24,8,7.0,Trump 1.0
New York City,2016-08-25,6,7.0,Trump 1.0
New York City,2016-08-26,3,6.0,Trump 1.0
New York City,2016-08-29,5,6.0,Trump 1.0
New York City,2016-08-30,5,6.0,Trump 1.0
New York City,2016-08-31,8,6.0,Trump 1.0
New York City,2016-09-01,4,6.0,Trump 1.0
New York City,2016-09-02,9,6.0,Trump 1.0
New York City,2016-09-06,4,5.0,Trump 1.0
New York City,2016-09-07,4,6.0,Trump 1.0
New York City,2016-09-08,8,6.0,Trump 1.0
New York City,2016-09-09,3,6.0,Trump 1.0
New York City,2016-09-12,7,6.0,Trump 1.0
New York City,2016-09-13,12,7.0,Trump 1.0
New York City,2016-09-14,2,6.0,Trump 1.0
New York City,2016-09-15,10,7.0,Trump 1.0
New York City,2016-09-16,12,8.0,Trump 1.0
New York City,2016-09-19,7,8.0,Trump 1.0
New York City,2016-09-20,10,9.0,Trump 1.0
New York City,2016-09-21,7,9.0,Trump 1.0
New York City,2016-09-22,8,8.0,Trump 1.0
New York City,2016-09-23,6,9.0,Trump 1.0
New York City,2016-09-26,5,8.0,Trump 1.0
New York City,2016-09-27,7,7.0,Trump 1.0
New York City,2016-09-28,8,7.0,Trump 1.0
New York City,2016-09-29,4,6.0,Trump 1.0
New York City,2016-09-30,1,6.0,Trump 1.0
New York City,2016-10-03,6,5.0,Trump 1.0
New York City,2016-10-04,4,5.0,Trump 1.0
New York City,2016-10-05,4,5.0,Trump 1.0
New York City,2016-10-06,4,4.0,Trump 1.0
New York City,2016-10-07,6,4.0,Trump 1.0
New York City,2016-10-11,6,4.0,Trump 1.0
New York City,2016-10-12,11,6.0,Trump 1.0
New York City,2016-10-13,4,6.0,Trump 1.0
New York City,2016-10-14,11,7.0,Trump 1.0
New York City,2016-10-17,7,7.0,Trump 1.0
New York City,2016-10-18,3,7.0,Trump 1.0
New York City,2016-10-19,10,7.0,Trump 1.0
New York City,2016-10-20,10,8.0,Trump 1.0
New York City,2016-10-21,8,8.0,Trump 1.0
New York City,2016-10-24,4,8.0,Trump 1.0
New York City,2016-10-25,8,7.0,Trump 1.0
New York City,2016-10-26,11,8.0,Trump 1.0
New York City,2016-10-27,8,8.0,Trump 1.0
New York City,2016-10-28,3,7.0,Trump 1.0
New York City,2016-10-31,2,6.0,Trump 1.0
New York City,2016-11-01,11,7.0,Trump 1.0
New York City,2016-11-02,9,7.0,Trump 1.0
New York City,2016-11-03,8,7.0,Trump 1.0
New York City,2016-11-04,4,6.0,Trump 1.0
New York City,2016-11-07,8,6.0,Trump 1.0
New York City,2016-11-08,7,7.0,Trump 1.0
New York City,2016-11-09,7,8.0,Trump 1.0
New York City,2016-11-10,3,7.0,Trump 1.0
New York City,2016-11-14,5,6.0,Trump 1.0
New York City,2016-11-15,10,6.0,Trump 1.0
New York City,2016-11-16,14,8.0,Trump 1.0
New York City,2016-11-17,8,8.0,Trump 1.0
New York City,2016-11-18,8,8.0,Trump 1.0
New York City,2016-11-21,7,8.0,Trump 1.0
New York City,2016-11-22,8,9.0,Trump 1.0
New York City,2016-11-23,6,9.0,Trump 1.0
New York City,2016-11-25,4,8.0,Trump 1.0
New York City,2016-11-28,7,7.0,Trump 1.0
New York City,2016-11-29,8,7.0,Trump 1.0
New York City,2016-11-30,7,7.0,Trump 1.0
New York City,2016-12-01,5,6.0,Trump 1.0
New York City,2016-12-02,7,6.0,Trump 1.0
New York City,2016-12-05,2,6.0,Trump 1.0
New York City,2016-12-06,8,6.0,Trump 1.0
New York City,2016-12-07,8,6.0,Trump 1.0
New York City,2016-12-08,7,6.0,Trump 1.0
New York City,2016-12-09,8,6.0,Trump 1.0
New York City,2016-12-12,1,6.0,Trump 1.0
New York City,2016-12-13,9,6.0,Trump 1.0
New York City,2016-12-14,7,7.0,Trump 1.0
New York City,2016-12-15,6,7.0,Trump 1.0
New York City,2016-12-16,5,6.0,Trump 1.0
New York City,2016-12-17,1,5.0,Trump 1.0
New York City,2016-12-19,5,5.0,Trump 1.0
New York City,2016-12-20,3,5.0,Trump 1.0
New York City,2016-12-21,3,4.0,Trump 1.0
New York City,2016-12-22,2,4.0,Trump 1.0
New York City,2016-12-23,9,4.0,Trump 1.0
New York City,2016-12-27,3,4.0,Trump 1.0
New York City,2016-12-28,3,4.0,Trump 1.0
New York City,2016-12-29,2,4.0,Trump 1.0
New York City,2016-12-30,5,4.0,Trump 1.0
New York City,2017-01-03,4,4.0,Trump 1.0
New York City,2017-01-04,5,4.0,Trump 1.0
New York City,2017-01-05,9,4.0,Trump 1.0
New York City,2017-01-06,5,5.0,Trump 1.0
New York City,2017-01-09,2,5.0,Trump 1.0
New York City,2017-01-10,4,5.0,Trump 1.0
New York City,2017-01-11,5,5.0,Trump 1.0
New York City,2017-01-12,1,4.0,Trump 1.0
New York City,2017-01-13,5,4.0,Trump 1.0
New York City,2017-01-14,1,3.0,Trump 1.0
New York City,2017-01-17,11,4.0,Trump 1.0
New York City,2017-01-18,7,5.0,Trump 1.0
New York City,2017-01-19,8,5.0,Trump 1.0
New York City,2017-01-20,11,6.0,Trump 1.0
New York City,2017-01-23,3,7.0,Trump 1.0
New York City,2017-01-24,4,6.0,Trump 1.0
New York City,2017-01-25,9,8.0,Trump 1.0
New York City,2017-01-26,8,7.0,Trump 1.0
New York City,2017-01-27,13,8.0,Trump 1.0
New York City,2017-01-30,1,7.0,Trump 1.0
New York City,2017-01-31,9,7.0,Trump 1.0
New York City,2017-02-01,2,7.0,Trump 1.0
New York City,2017-02-02,11,8.0,Trump 1.0
New York City,2017-02-03,11,8.0,Trump 1.0
New York City,2017-02-06,16,9.0,Trump 1.0
New York City,2017-02-07,20,10.0,Trump 1.0
New York City,2017-02-08,21,13.0,Trump 1.0
New York City,2017-02-10,12,13.0,Trump 1.0
New York City,2017-02-11,1,13.0,Trump 1.0
New York City,2017-02-13,1,12.0,Trump 1.0
New York City,2017-02-14,10,12.0,Trump 1.0
New York City,2017-02-15,7,10.0,Trump 1.0
New York City,2017-02-16,11,9.0,Trump 1.0
New York City,2017-02-17,14,8.0,Trump 1.0
New York City,2017-02-20,1,6.0,Trump 1.0
New York City,2017-02-21,10,8.0,Trump 1.0
New York City,2017-02-22,6,8.0,Trump 1.0
New York City,2017-02-23,9,8.0,Trump 1.0
New York City,2017-02-24,9,9.0,Trump 1.0
New York City,2017-02-26,2,7.0,Trump 1.0
New York City,2017-02-27,6,6.0,Trump 1.0
New York City,2017-02-28,10,7.0,Trump 1.0
New York City,2017-03-01,12,8.0,Trump 1.0
New York City,2017-03-02,13,9.0,Trump 1.0
New York City,2017-03-03,12,9.0,Trump 1.0
New York City,2017-03-06,13,10.0,Trump 1.0
New York City,2017-03-07,14,11.0,Trump 1.0
New York City,2017-03-08,12,12.0,Trump 1.0
New York City,2017-03-09,10,12.0,Trump 1.0
New York City,2017-03-10,3,11.0,Trump 1.0
New York City,2017-03-13,9,10.0,Trump 1.0
New York City,2017-03-15,4,9.0,Trump 1.0
New York City,2017-03-16,12,9.0,Trump 1.0
New York City,2017-03-17,10,9.0,Trump 1.0
New York City,2017-03-19,1,7.0,Trump 1.0
New York City,2017-03-20,8,7.0,Trump 1.0
New York City,2017-03-21,12,8.0,Trump 1.0
New York City,2017-03-22,5,7.0,Trump 1.0
New York City,2017-03-23,5,8.0,Trump 1.0
New York City,2017-03-24,11,7.0,Trump 1.0
New York City,2017-03-27,4,7.0,Trump 1.0
New York City,2017-03-28,10,8.0,Trump 1.0
New York City,2017-03-29,6,8.0,Trump 1.0
New York City,2017-03-30,13,8.0,Trump 1.0
New York City,2017-03-31,9,8.0,Trump 1.0
New York City,2017-04-01,11,9.0,Trump 1.0
New York City,2017-04-02,9,9.0,Trump 1.0
New York City,2017-04-03,16,11.0,Trump 1.0
New York City,2017-04-04,5,10.0,Trump 1.0
New York City,2017-04-05,7,10.0,Trump 1.0
New York City,2017-04-06,8,9.0,Trump 1.0
New York City,2017-04-07,6,9.0,Trump 1.0
New York City,2017-04-10,7,8.0,Trump 1.0
New York City,2017-04-11,11,9.0,Trump 1.0
New York City,2017-04-12,9,8.0,Trump 1.0
New York City,2017-04-13,12,9.0,Trump 1.0
New York City,2017-04-14,10,9.0,Trump 1.0
New York City,2017-04-16,1,8.0,Trump 1.0
New York City,2017-04-17,5,8.0,Trump 1.0
New York City,2017-04-18,5,8.0,Trump 1.0
New York City,2017-04-19,12,8.0,Trump 1.0
New York City,2017-04-20,7,7.0,Trump 1.0
New York City,2017-04-21,12,7.0,Trump 1.0
New York City,2017-04-24,7,7.0,Trump 1.0
New York City,2017-04-25,10,8.0,Trump 1.0
New York City,2017-04-26,9,9.0,Trump 1.0
New York City,2017-04-27,13,10.0,Trump 1.0
New York City,2017-04-28,8,9.0,Trump 1.0
New York City,2017-04-29,1,9.0,Trump 1.0
New York City,2017-05-01,4,7.0,Trump 1.0
New York City,2017-05-02,4,7.0,Trump 1.0
New York City,2017-05-03,11,7.0,Trump 1.0
New York City,2017-05-04,10,7.0,Trump 1.0
New York City,2017-05-05,8,7.0,Trump 1.0
New York City,2017-05-07,1,6.0,Trump 1.0
New York City,2017-05-08,4,6.0,Trump 1.0
New York City,2017-05-09,16,8.0,Trump 1.0
New York City,2017-05-10,12,9.0,Trump 1.0
New York City,2017-05-11,10,9.0,Trump 1.0
New York City,2017-05-12,16,10.0,Trump 1.0
New York City,2017-05-15,3,9.0,Trump 1.0
New York City,2017-05-16,9,10.0,Trump 1.0
New York City,2017-05-17,12,11.0,Trump 1.0
New York City,2017-05-18,15,11.0,Trump 1.0
New York City,2017-05-19,12,11.0,Trump 1.0
New York City,2017-05-20,1,10.0,Trump 1.0
New York City,2017-05-21,1,8.0,Trump 1.0
New York City,2017-05-22,4,8.0,Trump 1.0
New York City,2017-05-23,11,8.0,Trump 1.0
New York City,2017-05-24,8,7.0,Trump 1.0
New York City,2017-05-25,7,6.0,Trump 1.0
New York City,2017-05-26,15,7.0,Trump 1.0
New York City,2017-05-30,12,8.0,Trump 1.0
New York City,2017-05-31,19,11.0,Trump 1.0
New York City,2017-06-01,8,11.0,Trump 1.0
New York City,2017-06-02,15,12.0,Trump 1.0
New York City,2017-06-05,22,14.0,Trump 1.0
New York City,2017-06-06,23,16.0,Trump 1.0
New York City,2017-06-07,14,16.0,Trump 1.0
New York City,2017-06-08,17,17.0,Trump 1.0
New York City,2017-06-09,17,17.0,Trump 1.0
New York City,2017-06-11,1,16.0,Trump 1.0
New York City,2017-06-12,6,14.0,Trump 1.0
New York City,2017-06-13,8,12.0,Trump 1.0
New York City,2017-06-14,10,10.0,Trump 1.0
New York City,2017-06-15,16,11.0,Trump 1.0
New York City,2017-06-16,15,10.0,Trump 1.0
New York City,2017-06-17,1,8.0,Trump 1.0
New York City,2017-06-19,3,8.0,Trump 1.0
New York City,2017-06-20,6,8.0,Trump 1.0
New York City,2017-06-21,7,8.0,Trump 1.0
New York City,2017-06-22,13,9.0,Trump 1.0
New York City,2017-06-23,9,8.0,Trump 1.0
New York City,2017-06-26,2,6.0,Trump 1.0
New York City,2017-06-27,12,7.0,Trump 1.0
New York City,2017-06-28,15,9.0,Trump 1.0
New York City,2017-06-29,8,9.0,Trump 1.0
New York City,2017-06-30,11,10.0,Trump 1.0
New York City,2017-07-03,1,8.0,Trump 1.0
New York City,2017-07-05,8,8.0,Trump 1.0
New York City,2017-07-06,11,9.0,Trump 1.0
New York City,2017-07-07,14,10.0,Trump 1.0
New York City,2017-07-10,11,9.0,Trump 1.0
New York City,2017-07-11,16,10.0,Trump 1.0
New York City,2017-07-12,12,10.0,Trump 1.0
New York City,2017-07-13,16,13.0,Trump 1.0
New York City,2017-07-14,12,13.0,Trump 1.0
New York City,2017-07-17,15,14.0,Trump 1.0
New York City,2017-07-18,14,14.0,Trump 1.0
New York City,2017-07-19,20,15.0,Trump 1.0
New York City,2017-07-20,21,16.0,Trump 1.0
New York City,2017-07-21,17,16.0,Trump 1.0
New York City,2017-07-22,9,15.0,Trump 1.0
New York City,2017-07-23,8,15.0,Trump 1.0
New York City,2017-07-24,12,14.0,Trump 1.0
New York City,2017-07-25,26,16.0,Trump 1.0
New York City,2017-07-26,21,16.0,Trump 1.0
New York City,2017-07-27,20,16.0,Trump 1.0
New York City,2017-07-28,8,15.0,Trump 1.0
New York City,2017-07-29,3,14.0,Trump 1.0
New York City,2017-07-31,9,14.0,Trump 1.0
New York City,2017-08-01,21,15.0,Trump 1.0
New York City,2017-08-02,17,14.0,Trump 1.0
New York City,2017-08-03,13,13.0,Trump 1.0
New York City,2017-08-04,22,13.0,Trump 1.0
New York City,2017-08-05,2,12.0,Trump 1.0
New York City,2017-08-07,9,13.0,Trump 1.0
New York City,2017-08-08,14,14.0,Trump 1.0
New York City,2017-08-09,8,12.0,Trump 1.0
New York City,2017-08-10,13,12.0,Trump 1.0
New York City,2017-08-11,13,12.0,Trump 1.0
New York City,2017-08-13,1,9.0,Trump 1.0
New York City,2017-08-14,5,9.0,Trump 1.0
New York City,2017-08-15,13,10.0,Trump 1.0
New York City,2017-08-16,13,9.0,Trump 1.0
New York City,2017-08-17,15,10.0,Trump 1.0
New York City,2017-08-18,5,9.0,Trump 1.0
New York City,2017-08-21,5,8.0,Trump 1.0
New York City,2017-08-22,11,10.0,Trump 1.0
New York City,2017-08-23,10,10.0,Trump 1.0
New York City,2017-08-24,13,10.0,Trump 1.0
New York City,2017-08-25,18,11.0,Trump 1.0
New York City,2017-08-28,4,9.0,Trump 1.0
New York City,2017-08-29,8,10.0,Trump 1.0
New York City,2017-08-30,7,10.0,Trump 1.0
New York City,2017-08-31,9,10.0,Trump 1.0
New York City,2017-09-01,15,11.0,Trump 1.0
New York City,2017-09-02,2,9.0,Trump 1.0
New York City,2017-09-05,3,7.0,Trump 1.0
New York City,2017-09-06,8,7.0,Trump 1.0
New York City,2017-09-07,13,8.0,Trump 1.0
New York City,2017-09-08,17,10.0,Trump 1.0
New York City,2017-09-11,8,9.0,Trump 1.0
New York City,2017-09-12,19,10.0,Trump 1.0
New York City,2017-09-13,9,11.0,Trump 1.0
New York City,2017-09-14,21,14.0,Trump 1.0
New York City,2017-09-15,16,15.0,Trump 1.0
New York City,2017-09-18,12,15.0,Trump 1.0
New York City,2017-09-19,11,14.0,Trump 1.0
New York City,2017-09-20,15,15.0,Trump 1.0
New York City,2017-09-21,12,14.0,Trump 1.0
New York City,2017-09-22,6,13.0,Trump 1.0
New York City,2017-09-24,6,11.0,Trump 1.0
New York City,2017-09-25,18,11.0,Trump 1.0
New York City,2017-09-26,14,12.0,Trump 1.0
New York City,2017-09-27,29,14.0,Trump 1.0
New York City,2017-09-28,11,14.0,Trump 1.0
New York City,2017-09-29,13,14.0,Trump 1.0
New York City,2017-10-02,8,14.0,Trump 1.0
New York City,2017-10-03,7,14.0,Trump 1.0
New York City,2017-10-04,22,15.0,Trump 1.0
New York City,2017-10-05,15,15.0,Trump 1.0
New York City,2017-10-06,20,14.0,Trump 1.0
New York City,2017-10-10,18,15.0,Trump 1.0
New York City,2017-10-11,11,14.0,Trump 1.0
New York City,2017-10-12,15,15.0,Trump 1.0
New York City,2017-10-13,22,18.0,Trump 1.0
New York City,2017-10-14,1,15.0,Trump 1.0
New York City,2017-10-15,1,13.0,Trump 1.0
New York City,2017-10-16,8,11.0,Trump 1.0
New York City,2017-10-17,18,11.0,Trump 1.0
New York City,2017-10-18,20,12.0,Trump 1.0
New York City,2017-10-19,13,12.0,Trump 1.0
New York City,2017-10-20,15,11.0,Trump 1.0
New York City,2017-10-23,3,11.0,Trump 1.0
New York City,2017-10-24,13,13.0,Trump 1.0
New York City,2017-10-25,8,13.0,Trump 1.0
New York City,2017-10-26,11,12.0,Trump 1.0
New York City,2017-10-27,13,11.0,Trump 1.0
New York City,2017-10-30,4,10.0,Trump 1.0
New York City,2017-10-31,18,10.0,Trump 1.0
New York City,2017-11-01,15,12.0,Trump 1.0
New York City,2017-11-02,19,13.0,Trump 1.0
New York City,2017-11-03,11,13.0,Trump 1.0
New York City,2017-11-04,7,12.0,Trump 1.0
New York City,2017-11-05,4,11.0,Trump 1.0
New York City,2017-11-06,9,12.0,Trump 1.0
New York City,2017-11-07,11,11.0,Trump 1.0
New York City,2017-11-08,15,11.0,Trump 1.0
New York City,2017-11-09,27,12.0,Trump 1.0
New York City,2017-11-12,1,11.0,Trump 1.0
New York City,2017-11-13,11,11.0,Trump 1.0
New York City,2017-11-14,25,14.0,Trump 1.0
New York City,2017-11-15,25,16.0,Trump 1.0
New York City,2017-11-16,22,18.0,Trump 1.0
New York City,2017-11-17,21,19.0,Trump 1.0
New York City,2017-11-20,13,17.0,Trump 1.0
New York City,2017-11-21,10,18.0,Trump 1.0
New York City,2017-11-22,13,18.0,Trump 1.0
New York City,2017-11-24,10,16.0,Trump 1.0
New York City,2017-11-27,6,14.0,Trump 1.0
New York City,2017-11-28,10,12.0,Trump 1.0
New York City,2017-11-29,10,10.0,Trump 1.0
New York City,2017-11-30,10,10.0,Trump 1.0
New York City,2017-12-01,10,10.0,Trump 1.0
New York City,2017-12-04,7,9.0,Trump 1.0
New York City,2017-12-05,12,9.0,Trump 1.0
New York City,2017-12-06,17,11.0,Trump 1.0
New York City,2017-12-07,7,10.0,Trump 1.0
New York City,2017-12-08,8,10.0,Trump 1.0
New York City,2017-12-11,12,10.0,Trump 1.0
New York City,2017-12-12,19,12.0,Trump 1.0
New York City,2017-12-13,14,13.0,Trump 1.0
New York City,2017-12-14,7,12.0,Trump 1.0
New York City,2017-12-15,8,11.0,Trump 1.0
New York City,2017-12-16,1,10.0,Trump 1.0
New York City,2017-12-17,1,9.0,Trump 1.0
New York City,2017-12-18,7,8.0,Trump 1.0
New York City,2017-12-19,11,7.0,Trump 1.0
New York City,2017-12-20,9,6.0,Trump 1.0
New York City,2017-12-21,9,7.0,Trump 1.0
New York City,2017-12-22,11,7.0,Trump 1.0
New York City,2017-12-26,1,7.0,Trump 1.0
New York City,2017-12-27,5,8.0,Trump 1.0
New York City,2017-12-28,4,7.0,Trump 1.0
New York City,2017-12-29,9,7.0,Trump 1.0
New York City,2018-01-02,2,6.0,Trump 1.0
New York City,2018-01-03,9,6.0,Trump 1.0
New York City,2018-01-04,2,5.0,Trump 1.0
New York City,2018-01-05,9,6.0,Trump 1.0
New York City,2018-01-06,1,5.0,Trump 1.0
New York City,2018-01-08,6,5.0,Trump 1.0
New York City,2018-01-09,11,6.0,Trump 1.0
New York City,2018-01-10,10,7.0,Trump 1.0
New York City,2018-01-11,11,7.0,Trump 1.0
New York City,2018-01-12,21,10.0,Trump 1.0
New York City,2018-01-15,1,9.0,Trump 1.0
New York City,2018-01-16,11,10.0,Trump 1.0
New York City,2018-01-17,9,11.0,Trump 1.0
New York City,2018-01-18,8,10.0,Trump 1.0
New York City,2018-01-19,27,13.0,Trump 1.0
New York City,2018-01-22,5,12.0,Trump 1.0
New York City,2018-01-23,14,11.0,Trump 1.0
New York City,2018-01-24,13,12.0,Trump 1.0
New York City,2018-01-25,11,12.0,Trump 1.0
New York City,2018-01-26,18,14.0,Trump 1.0
New York City,2018-01-29,12,14.0,Trump 1.0
New York City,2018-01-30,9,12.0,Trump 1.0
New York City,2018-01-31,13,13.0,Trump 1.0
New York City,2018-02-01,18,13.0,Trump 1.0
New York City,2018-02-02,10,13.0,Trump 1.0
New York City,2018-02-05,8,13.0,Trump 1.0
New York City,2018-02-06,13,12.0,Trump 1.0
New York City,2018-02-07,12,12.0,Trump 1.0
New York City,2018-02-08,10,12.0,Trump 1.0
New York City,2018-02-09,11,12.0,Trump 1.0
New York City,2018-02-12,8,10.0,Trump 1.0
New York City,2018-02-13,9,10.0,Trump 1.0
New York City,2018-02-14,14,11.0,Trump 1.0
New York City,2018-02-15,16,11.0,Trump 1.0
New York City,2018-02-16,16,12.0,Trump 1.0
New York City,2018-02-17,1,11.0,Trump 1.0
New York City,2018-02-20,11,11.0,Trump 1.0
New York City,2018-02-21,17,12.0,Trump 1.0
New York City,2018-02-22,10,12.0,Trump 1.0
New York City,2018-02-23,8,11.0,Trump 1.0
New York City,2018-02-26,14,11.0,Trump 1.0
New York City,2018-02-27,24,12.0,Trump 1.0
New York City,2018-02-28,24,15.0,Trump 1.0
New York City,2018-03-01,13,16.0,Trump 1.0
New York City,2018-03-02,15,15.0,Trump 1.0
New York City,2018-03-04,1,14.0,Trump 1.0
New York City,2018-03-05,12,15.0,Trump 1.0
New York City,2018-03-06,7,14.0,Trump 1.0
New York City,2018-03-08,24,14.0,Trump 1.0
New York City,2018-03-09,10,12.0,Trump 1.0
New York City,2018-03-12,14,12.0,Trump 1.0
New York City,2018-03-13,8,11.0,Trump 1.0
New York City,2018-03-14,18,13.0,Trump 1.0
New York City,2018-03-15,15,14.0,Trump 1.0
New York City,2018-03-16,9,14.0,Trump 1.0
New York City,2018-03-18,1,11.0,Trump 1.0
New York City,2018-03-19,10,11.0,Trump 1.0
New York City,2018-03-20,12,10.0,Trump 1.0
New York City,2018-03-21,1,9.0,Trump 1.0
New York City,2018-03-22,10,8.0,Trump 1.0
New York City,2018-03-23,17,9.0,Trump 1.0
New York City,2018-03-26,13,9.0,Trump 1.0
New York City,2018-03-27,17,11.0,Trump 1.0
New York City,2018-03-28,11,12.0,Trump 1.0
New York City,2018-03-29,6,11.0,Trump 1.0
New York City,2018-03-30,11,12.0,Trump 1.0
New York City,2018-04-02,4,11.0,Trump 1.0
New York City,2018-04-03,13,11.0,Trump 1.0
New York City,2018-04-04,12,11.0,Trump 1.0
New York City,2018-04-05,16,10.0,Trump 1.0
New York City,2018-04-06,21,12.0,Trump 1.0
New York City,2018-04-09,46,18.0,Trump 1.0
New York City,2018-04-10,45,22.0,Trump 1.0
New York City,2018-04-11,42,28.0,Trump 1.0
New York City,2018-04-12,44,32.0,Trump 1.0
New York City,2018-04-13,36,36.0,Trump 1.0
New York City,2018-04-14,24,37.0,Trump 1.0
New York City,2018-04-16,13,36.0,Trump 1.0
New York City,2018-04-17,13,31.0,Trump 1.0
New York City,2018-04-18,9,26.0,Trump 1.0
New York City,2018-04-19,9,21.0,Trump 1.0
New York City,2018-04-20,13,17.0,Trump 1.0
New York City,2018-04-23,12,13.0,Trump 1.0
New York City,2018-04-24,15,12.0,Trump 1.0
New York City,2018-04-25,16,12.0,Trump 1.0
New York City,2018-04-26,13,12.0,Trump 1.0
New York City,2018-04-27,13,13.0,Trump 1.0
New York City,2018-04-30,9,13.0,Trump 1.0
New York City,2018-05-01,19,14.0,Trump 1.0
New York City,2018-05-02,12,14.0,Trump 1.0
New York City,2018-05-03,9,13.0,Trump 1.0
New York City,2018-05-04,15,13.0,Trump 1.0
New York City,2018-05-07,10,12.0,Trump 1.0
New York City,2018-05-08,14,13.0,Trump 1.0
New York City,2018-05-09,13,13.0,Trump 1.0
New York City,2018-05-10,12,12.0,Trump 1.0
New York City,2018-05-11,15,13.0,Trump 1.0
New York City,2018-05-14,9,13.0,Trump 1.0
New York City,2018-05-15,7,11.0,Trump 1.0
New York City,2018-05-16,12,12.0,Trump 1.0
New York City,2018-05-17,9,11.0,Trump 1.0
New York City,2018-05-18,13,11.0,Trump 1.0
New York City,2018-05-21,12,11.0,Trump 1.0
New York City,2018-05-22,12,11.0,Trump 1.0
New York City,2018-05-23,11,11.0,Trump 1.0
New York City,2018-05-24,12,12.0,Trump 1.0
New York City,2018-05-25,11,11.0,Trump 1.0
New York City,2018-05-29,8,11.0,Trump 1.0
New York City,2018-05-30,12,11.0,Trump 1.0
New York City,2018-05-31,11,11.0,Trump 1.0
New York City,2018-06-01,16,12.0,Trump 1.0
New York City,2018-06-04,14,12.0,Trump 1.0
New York City,2018-06-05,16,13.0,Trump 1.0
New York City,2018-06-06,14,13.0,Trump 1.0
New York City,2018-06-07,10,13.0,Trump 1.0
New York City,2018-06-08,13,13.0,Trump 1.0
New York City,2018-06-11,10,13.0,Trump 1.0
New York City,2018-06-12,16,13.0,Trump 1.0
New York City,2018-06-13,10,13.0,Trump 1.0
New York City,2018-06-14,11,12.0,Trump 1.0
New York City,2018-06-15,10,11.0,Trump 1.0
New York City,2018-06-16,1,10.0,Trump 1.0
New York City,2018-06-18,12,10.0,Trump 1.0
New York City,2018-06-19,10,10.0,Trump 1.0
New York City,2018-06-20,17,10.0,Trump 1.0
New York City,2018-06-21,16,11.0,Trump 1.0
New York City,2018-06-22,15,12.0,Trump 1.0
New York City,2018-06-25,11,12.0,Trump 1.0
New York City,2018-06-26,15,14.0,Trump 1.0
New York City,2018-06-27,11,14.0,Trump 1.0
New York City,2018-06-28,15,14.0,Trump 1.0
New York City,2018-06-29,21,15.0,Trump 1.0
New York City,2018-06-30,1,13.0,Trump 1.0
New York City,2018-07-02,10,12.0,Trump 1.0
New York City,2018-07-03,11,12.0,Trump 1.0
New York City,2018-07-05,11,11.0,Trump 1.0
New York City,2018-07-06,8,11.0,Trump 1.0
New York City,2018-07-09,11,10.0,Trump 1.0
New York City,2018-07-10,14,9.0,Trump 1.0
New York City,2018-07-11,12,11.0,Trump 1.0
New York City,2018-07-12,15,12.0,Trump 1.0
New York City,2018-07-13,16,12.0,Trump 1.0
New York City,2018-07-16,15,13.0,Trump 1.0
New York City,2018-07-17,29,16.0,Trump 1.0
New York City,2018-07-18,19,17.0,Trump 1.0
New York City,2018-07-19,24,19.0,Trump 1.0
New York City,2018-07-20,13,19.0,Trump 1.0
New York City,2018-07-23,10,18.0,Trump 1.0
New York City,2018-07-24,15,18.0,Trump 1.0
New York City,2018-07-25,13,18.0,Trump 1.0
New York City,2018-07-26,14,15.0,Trump 1.0
New York City,2018-07-27,13,15.0,Trump 1.0
New York City,2018-07-30,9,12.0,Trump 1.0
New York City,2018-07-31,26,14.0,Trump 1.0
New York City,2018-08-01,17,15.0,Trump 1.0
New York City,2018-08-02,12,15.0,Trump 1.0
New York City,2018-08-03,13,15.0,Trump 1.0
New York City,2018-08-05,1,13.0,Trump 1.0
New York City,2018-08-06,7,12.0,Trump 1.0
New York City,2018-08-07,11,12.0,Trump 1.0
New York City,2018-08-08,10,10.0,Trump 1.0
New York City,2018-08-09,12,9.0,Trump 1.0
New York City,2018-08-10,9,9.0,Trump 1.0
New York City,2018-08-13,7,8.0,Trump 1.0
New York City,2018-08-14,17,10.0,Trump 1.0
New York City,2018-08-15,13,11.0,Trump 1.0
New York City,2018-08-16,14,12.0,Trump 1.0
New York City,2018-08-17,9,12.0,Trump 1.0
New York City,2018-08-20,9,11.0,Trump 1.0
New York City,2018-08-21,10,11.0,Trump 1.0
New York City,2018-08-22,11,12.0,Trump 1.0
New York City,2018-08-23,16,12.0,Trump 1.0
New York City,2018-08-24,10,11.0,Trump 1.0
New York City,2018-08-27,6,10.0,Trump 1.0
New York City,2018-08-28,13,11.0,Trump 1.0
New York City,2018-08-29,11,11.0,Trump 1.0
New York City,2018-08-30,13,11.0,Trump 1.0
New York City,2018-08-31,10,11.0,Trump 1.0
New York City,2018-09-01,1,9.0,Trump 1.0
New York City,2018-09-04,6,9.0,Trump 1.0
New York City,2018-09-05,10,9.0,Trump 1.0
New York City,2018-09-06,13,9.0,Trump 1.0
New York City,2018-09-07,23,11.0,Trump 1.0
New York City,2018-09-10,11,11.0,Trump 1.0
New York City,2018-09-11,24,13.0,Trump 1.0
New York City,2018-09-12,17,15.0,Trump 1.0
New York City,2018-09-13,18,17.0,Trump 1.0
New York City,2018-09-14,11,17.0,Trump 1.0
New York City,2018-09-17,7,16.0,Trump 1.0
New York City,2018-09-18,9,14.0,Trump 1.0
New York City,2018-09-19,7,13.0,Trump 1.0
New York City,2018-09-20,13,12.0,Trump 1.0
New York City,2018-09-21,9,11.0,Trump 1.0
New York City,2018-09-24,6,9.0,Trump 1.0
New York City,2018-09-25,15,9.0,Trump 1.0
New York City,2018-09-26,13,10.0,Trump 1.0
New York City,2018-09-27,20,12.0,Trump 1.0
New York City,2018-09-28,11,12.0,Trump 1.0
Newark,2015-10-01,12,12.0,Trump 1.0
Newark,2015-10-02,8,12.0,Trump 1.0
Newark,2015-10-05,7,12.0,Trump 1.0
Newark,2015-10-06,6,11.0,Trump 1.0
Newark,2015-10-07,5,10.0,Trump 1.0
Newark,2015-10-08,11,9.0,Trump 1.0
Newark,2015-10-09,14,9.0,Trump 1.0
Newark,2015-10-13,5,8.0,Trump 1.0
Newark,2015-10-14,11,8.0,Trump 1.0
Newark,2015-10-15,9,9.0,Trump 1.0
Newark,2015-10-16,6,9.0,Trump 1.0
Newark,2015-10-19,12,10.0,Trump 1.0
Newark,2015-10-20,12,10.0,Trump 1.0
Newark,2015-10-21,14,10.0,Trump 1.0
Newark,2015-10-22,15,11.0,Trump 1.0
Newark,2015-10-23,7,11.0,Trump 1.0
Newark,2015-10-24,1,10.0,Trump 1.0
Newark,2015-10-26,6,10.0,Trump 1.0
Newark,2015-10-27,8,9.0,Trump 1.0
Newark,2015-10-28,5,8.0,Trump 1.0
Newark,2015-10-29,8,7.0,Trump 1.0
Newark,2015-10-30,41,11.0,Trump 1.0
Newark,2015-11-02,13,12.0,Trump 1.0
Newark,2015-11-03,10,13.0,Trump 1.0
Newark,2015-11-04,12,14.0,Trump 1.0
Newark,2015-11-05,5,13.0,Trump 1.0
Newark,2015-11-06,3,13.0,Trump 1.0
Newark,2015-11-09,9,13.0,Trump 1.0
Newark,2015-11-10,9,9.0,Trump 1.0
Newark,2015-11-12,7,8.0,Trump 1.0
Newark,2015-11-13,12,8.0,Trump 1.0
Newark,2015-11-16,12,8.0,Trump 1.0
Newark,2015-11-17,11,9.0,Trump 1.0
Newark,2015-11-18,10,10.0,Trump 1.0
Newark,2015-11-19,11,10.0,Trump 1.0
Newark,2015-11-20,11,11.0,Trump 1.0
Newark,2015-11-21,1,10.0,Trump 1.0
Newark,2015-11-23,6,9.0,Trump 1.0
Newark,2015-11-24,10,9.0,Trump 1.0
Newark,2015-11-25,6,8.0,Trump 1.0
Newark,2015-11-27,2,7.0,Trump 1.0
Newark,2015-11-30,6,6.0,Trump 1.0
Newark,2015-12-01,8,6.0,Trump 1.0
Newark,2015-12-02,9,7.0,Trump 1.0
Newark,2015-12-03,7,7.0,Trump 1.0
Newark,2015-12-04,4,6.0,Trump 1.0
Newark,2015-12-06,1,5.0,Trump 1.0
Newark,2015-12-07,19,8.0,Trump 1.0
Newark,2015-12-08,6,8.0,Trump 1.0
Newark,2015-12-09,14,9.0,Trump 1.0
Newark,2015-12-10,9,9.0,Trump 1.0
Newark,2015-12-11,6,8.0,Trump 1.0
Newark,2015-12-13,2,8.0,Trump 1.0
Newark,2015-12-14,4,9.0,Trump 1.0
Newark,2015-12-15,8,7.0,Trump 1.0
Newark,2015-12-16,8,7.0,Trump 1.0
Newark,2015-12-17,7,6.0,Trump 1.0
Newark,2015-12-18,7,6.0,Trump 1.0
Newark,2015-12-21,2,5.0,Trump 1.0
Newark,2015-12-22,5,6.0,Trump 1.0
Newark,2015-12-23,11,7.0,Trump 1.0
Newark,2015-12-28,2,6.0,Trump 1.0
Newark,2015-12-29,7,6.0,Trump 1.0
Newark,2015-12-30,7,6.0,Trump 1.0
Newark,2015-12-31,3,5.0,Trump 1.0
Newark,2016-01-05,10,6.0,Trump 1.0
Newark,2016-01-06,9,7.0,Trump 1.0
Newark,2016-01-07,12,7.0,Trump 1.0
Newark,2016-01-08,4,7.0,Trump 1.0
Newark,2016-01-11,7,7.0,Trump 1.0
Newark,2016-01-12,6,7.0,Trump 1.0
Newark,2016-01-13,14,9.0,Trump 1.0
Newark,2016-01-14,14,9.0,Trump 1.0
Newark,2016-01-15,6,9.0,Trump 1.0
Newark,2016-01-16,1,7.0,Trump 1.0
Newark,2016-01-19,8,8.0,Trump 1.0
Newark,2016-01-20,5,8.0,Trump 1.0
Newark,2016-01-21,2,7.0,Trump 1.0
Newark,2016-01-22,9,6.0,Trump 1.0
Newark,2016-01-25,7,5.0,Trump 1.0
Newark,2016-01-26,5,5.0,Trump 1.0
Newark,2016-01-27,7,6.0,Trump 1.0
Newark,2016-01-28,4,6.0,Trump 1.0
Newark,2016-01-29,7,6.0,Trump 1.0
Newark,2016-02-01,5,6.0,Trump 1.0
Newark,2016-02-02,4,6.0,Trump 1.0
Newark,2016-02-03,12,6.0,Trump 1.0
Newark,2016-02-04,7,7.0,Trump 1.0
Newark,2016-02-05,6,6.0,Trump 1.0
Newark,2016-02-08,6,7.0,Trump 1.0
Newark,2016-02-09,8,7.0,Trump 1.0
Newark,2016-02-10,11,8.0,Trump 1.0
Newark,2016-02-11,12,9.0,Trump 1.0
Newark,2016-02-12,9,8.0,Trump 1.0
Newark,2016-02-16,12,9.0,Trump 1.0
Newark,2016-02-17,9,10.0,Trump 1.0
Newark,2016-02-18,8,10.0,Trump 1.0
Newark,2016-02-19,4,9.0,Trump 1.0
Newark,2016-02-22,8,9.0,Trump 1.0
Newark,2016-02-23,10,9.0,Trump 1.0
Newark,2016-02-24,5,8.0,Trump 1.0
Newark,2016-02-25,5,7.0,Trump 1.0
Newark,2016-02-26,8,7.0,Trump 1.0
Newark,2016-02-28,1,6.0,Trump 1.0
Newark,2016-02-29,10,7.0,Trump 1.0
Newark,2016-03-01,7,7.0,Trump 1.0
Newark,2016-03-02,9,6.0,Trump 1.0
Newark,2016-03-03,11,7.0,Trump 1.0
Newark,2016-03-04,6,7.0,Trump 1.0
Newark,2016-03-05,4,7.0,Trump 1.0
Newark,2016-03-06,1,7.0,Trump 1.0
Newark,2016-03-07,10,7.0,Trump 1.0
Newark,2016-03-08,11,7.0,Trump 1.0
Newark,2016-03-09,6,7.0,Trump 1.0
Newark,2016-03-10,6,6.0,Trump 1.0
Newark,2016-03-11,8,7.0,Trump 1.0
Newark,2016-03-14,9,7.0,Trump 1.0
Newark,2016-03-15,6,8.0,Trump 1.0
Newark,2016-03-16,7,8.0,Trump 1.0
Newark,2016-03-17,14,8.0,Trump 1.0
Newark,2016-03-18,9,8.0,Trump 1.0
Newark,2016-03-19,1,8.0,Trump 1.0
Newark,2016-03-21,9,8.0,Trump 1.0
Newark,2016-03-22,4,7.0,Trump 1.0
Newark,2016-03-23,14,8.0,Trump 1.0
Newark,2016-03-24,7,8.0,Trump 1.0
Newark,2016-03-25,7,7.0,Trump 1.0
Newark,2016-03-28,2,6.0,Trump 1.0
Newark,2016-03-29,10,8.0,Trump 1.0
Newark,2016-03-30,6,7.0,Trump 1.0
Newark,2016-03-31,8,8.0,Trump 1.0
Newark,2016-04-01,7,7.0,Trump 1.0
Newark,2016-04-02,1,6.0,Trump 1.0
Newark,2016-04-04,21,8.0,Trump 1.0
Newark,2016-04-05,17,10.0,Trump 1.0
Newark,2016-04-06,15,11.0,Trump 1.0
Newark,2016-04-07,19,13.0,Trump 1.0
Newark,2016-04-08,5,12.0,Trump 1.0
Newark,2016-04-11,8,12.0,Trump 1.0
Newark,2016-04-12,5,13.0,Trump 1.0
Newark,2016-04-13,5,11.0,Trump 1.0
Newark,2016-04-14,12,10.0,Trump 1.0
Newark,2016-04-15,5,8.0,Trump 1.0
Newark,2016-04-16,2,6.0,Trump 1.0
Newark,2016-04-18,4,6.0,Trump 1.0
Newark,2016-04-19,6,6.0,Trump 1.0
Newark,2016-04-20,8,6.0,Trump 1.0
Newark,2016-04-21,3,6.0,Trump 1.0
Newark,2016-04-22,8,5.0,Trump 1.0
Newark,2016-04-25,9,6.0,Trump 1.0
Newark,2016-04-26,7,6.0,Trump 1.0
Newark,2016-04-27,7,7.0,Trump 1.0
Newark,2016-04-28,11,8.0,Trump 1.0
Newark,2016-04-29,13,8.0,Trump 1.0
Newark,2016-05-02,9,9.0,Trump 1.0
Newark,2016-05-03,9,9.0,Trump 1.0
Newark,2016-05-04,10,9.0,Trump 1.0
Newark,2016-05-05,9,10.0,Trump 1.0
Newark,2016-05-06,9,10.0,Trump 1.0
Newark,2016-05-07,1,9.0,Trump 1.0
Newark,2016-05-09,4,7.0,Trump 1.0
Newark,2016-05-10,10,7.0,Trump 1.0
Newark,2016-05-11,10,8.0,Trump 1.0
Newark,2016-05-12,7,7.0,Trump 1.0
Newark,2016-05-13,7,7.0,Trump 1.0
Newark,2016-05-14,1,6.0,Trump 1.0
Newark,2016-05-16,30,10.0,Trump 1.0
Newark,2016-05-17,22,12.0,Trump 1.0
Newark,2016-05-18,10,12.0,Trump 1.0
Newark,2016-05-19,5,12.0,Trump 1.0
Newark,2016-05-20,3,11.0,Trump 1.0
Newark,2016-05-23,8,11.0,Trump 1.0
Newark,2016-05-24,7,12.0,Trump 1.0
Newark,2016-05-25,8,9.0,Trump 1.0
Newark,2016-05-26,5,7.0,Trump 1.0
Newark,2016-05-27,2,5.0,Trump 1.0
Newark,2016-05-28,1,5.0,Trump 1.0
Newark,2016-05-31,8,6.0,Trump 1.0
Newark,2016-06-01,10,6.0,Trump 1.0
Newark,2016-06-02,14,7.0,Trump 1.0
Newark,2016-06-03,10,7.0,Trump 1.0
Newark,2016-06-06,7,7.0,Trump 1.0
Newark,2016-06-07,7,8.0,Trump 1.0
Newark,2016-06-08,3,8.0,Trump 1.0
Newark,2016-06-09,6,8.0,Trump 1.0
Newark,2016-06-10,12,8.0,Trump 1.0
Newark,2016-06-13,8,8.0,Trump 1.0
Newark,2016-06-14,12,8.0,Trump 1.0
Newark,2016-06-15,7,8.0,Trump 1.0
Newark,2016-06-16,9,8.0,Trump 1.0
Newark,2016-06-17,8,9.0,Trump 1.0
Newark,2016-06-20,14,10.0,Trump 1.0
Newark,2016-06-21,5,9.0,Trump 1.0
Newark,2016-06-22,13,10.0,Trump 1.0
Newark,2016-06-23,7,9.0,Trump 1.0
Newark,2016-06-24,11,10.0,Trump 1.0
Newark,2016-06-27,9,10.0,Trump 1.0
Newark,2016-06-28,6,9.0,Trump 1.0
Newark,2016-06-29,20,10.0,Trump 1.0
Newark,2016-06-30,11,11.0,Trump 1.0
Newark,2016-07-01,4,10.0,Trump 1.0
Newark,2016-07-05,8,10.0,Trump 1.0
Newark,2016-07-06,6,9.0,Trump 1.0
Newark,2016-07-07,10,9.0,Trump 1.0
Newark,2016-07-08,13,10.0,Trump 1.0
Newark,2016-07-11,9,9.0,Trump 1.0
Newark,2016-07-12,10,9.0,Trump 1.0
Newark,2016-07-13,9,9.0,Trump 1.0
Newark,2016-07-14,11,10.0,Trump 1.0
Newark,2016-07-15,10,10.0,Trump 1.0
Newark,2016-07-18,14,11.0,Trump 1.0
Newark,2016-07-19,11,11.0,Trump 1.0
Newark,2016-07-20,9,11.0,Trump 1.0
Newark,2016-07-21,14,11.0,Trump 1.0
Newark,2016-07-22,14,12.0,Trump 1.0
Newark,2016-07-25,6,11.0,Trump 1.0
Newark,2016-07-26,11,11.0,Trump 1.0
Newark,2016-07-27,11,11.0,Trump 1.0
Newark,2016-07-28,8,10.0,Trump 1.0
Newark,2016-07-29,6,10.0,Trump 1.0
Newark,2016-08-01,3,8.0,Trump 1.0
Newark,2016-08-02,2,7.0,Trump 1.0
Newark,2016-08-03,9,7.0,Trump 1.0
Newark,2016-08-04,9,7.0,Trump 1.0
Newark,2016-08-05,6,6.0,Trump 1.0
Newark,2016-08-08,8,6.0,Trump 1.0
Newark,2016-08-09,7,6.0,Trump 1.0
Newark,2016-08-10,5,7.0,Trump 1.0
Newark,2016-08-11,8,7.0,Trump 1.0
Newark,2016-08-12,10,8.0,Trump 1.0
Newark,2016-08-15,10,8.0,Trump 1.0
Newark,2016-08-16,8,8.0,Trump 1.0
Newark,2016-08-17,5,8.0,Trump 1.0
Newark,2016-08-18,21,10.0,Trump 1.0
Newark,2016-08-19,7,10.0,Trump 1.0
Newark,2016-08-22,4,9.0,Trump 1.0
Newark,2016-08-23,13,10.0,Trump 1.0
Newark,2016-08-24,11,10.0,Trump 1.0
Newark,2016-08-25,4,9.0,Trump 1.0
Newark,2016-08-26,4,9.0,Trump 1.0
Newark,2016-08-29,6,7.0,Trump 1.0
Newark,2016-08-30,5,7.0,Trump 1.0
Newark,2016-08-31,9,7.0,Trump 1.0
Newark,2016-09-01,9,7.0,Trump 1.0
Newark,2016-09-02,12,7.0,Trump 1.0
Newark,2016-09-06,5,7.0,Trump 1.0
Newark,2016-09-07,7,8.0,Trump 1.0
Newark,2016-09-08,6,8.0,Trump 1.0
Newark,2016-09-09,7,8.0,Trump 1.0
Newark,2016-09-12,18,9.0,Trump 1.0
Newark,2016-09-13,5,9.0,Trump 1.0
Newark,2016-09-14,9,8.0,Trump 1.0
Newark,2016-09-15,8,9.0,Trump 1.0
Newark,2016-09-16,6,8.0,Trump 1.0
Newark,2016-09-19,10,9.0,Trump 1.0
Newark,2016-09-20,9,9.0,Trump 1.0
Newark,2016-09-21,10,8.0,Trump 1.0
Newark,2016-09-22,2,8.0,Trump 1.0
Newark,2016-09-23,5,7.0,Trump 1.0
Newark,2016-09-26,9,7.0,Trump 1.0
Newark,2016-09-27,7,7.0,Trump 1.0
Newark,2016-09-28,6,7.0,Trump 1.0
Newark,2016-09-29,11,7.0,Trump 1.0
Newark,2016-09-30,8,7.0,Trump 1.0
Newark,2016-10-03,7,8.0,Trump 1.0
Newark,2016-10-04,6,8.0,Trump 1.0
Newark,2016-10-05,8,8.0,Trump 1.0
Newark,2016-10-06,7,8.0,Trump 1.0
Newark,2016-10-07,10,8.0,Trump 1.0
Newark,2016-10-09,1,7.0,Trump 1.0
Newark,2016-10-11,4,6.0,Trump 1.0
Newark,2016-10-12,15,7.0,Trump 1.0
Newark,2016-10-13,9,8.0,Trump 1.0
Newark,2016-10-14,14,9.0,Trump 1.0
Newark,2016-10-17,6,8.0,Trump 1.0
Newark,2016-10-18,14,9.0,Trump 1.0
Newark,2016-10-19,10,10.0,Trump 1.0
Newark,2016-10-20,9,11.0,Trump 1.0
Newark,2016-10-21,6,10.0,Trump 1.0
Newark,2016-10-24,10,10.0,Trump 1.0
Newark,2016-10-25,3,8.0,Trump 1.0
Newark,2016-10-26,10,9.0,Trump 1.0
Newark,2016-10-27,9,8.0,Trump 1.0
Newark,2016-10-28,9,8.0,Trump 1.0
Newark,2016-10-31,7,8.0,Trump 1.0
Newark,2016-11-01,11,8.0,Trump 1.0
Newark,2016-11-02,8,8.0,Trump 1.0
Newark,2016-11-03,8,9.0,Trump 1.0
Newark,2016-11-04,10,9.0,Trump 1.0
Newark,2016-11-05,1,8.0,Trump 1.0
Newark,2016-11-07,7,7.0,Trump 1.0
Newark,2016-11-08,6,7.0,Trump 1.0
Newark,2016-11-09,10,7.0,Trump 1.0
Newark,2016-11-10,14,8.0,Trump 1.0
Newark,2016-11-14,7,8.0,Trump 1.0
Newark,2016-11-15,10,8.0,Trump 1.0
Newark,2016-11-16,13,10.0,Trump 1.0
Newark,2016-11-17,8,10.0,Trump 1.0
Newark,2016-11-18,14,11.0,Trump 1.0
Newark,2016-11-21,10,11.0,Trump 1.0
Newark,2016-11-22,9,10.0,Trump 1.0
Newark,2016-11-23,8,10.0,Trump 1.0
Newark,2016-11-25,7,10.0,Trump 1.0
Newark,2016-11-26,1,8.0,Trump 1.0
Newark,2016-11-28,4,8.0,Trump 1.0
Newark,2016-11-29,8,7.0,Trump 1.0
Newark,2016-11-30,7,6.0,Trump 1.0
Newark,2016-12-01,5,6.0,Trump 1.0
Newark,2016-12-02,1,5.0,Trump 1.0
Newark,2016-12-05,23,7.0,Trump 1.0
Newark,2016-12-06,25,10.0,Trump 1.0
Newark,2016-12-07,18,12.0,Trump 1.0
Newark,2016-12-08,22,14.0,Trump 1.0
Newark,2016-12-09,13,15.0,Trump 1.0
Newark,2016-12-12,8,16.0,Trump 1.0
Newark,2016-12-13,7,17.0,Trump 1.0
Newark,2016-12-14,7,14.0,Trump 1.0
Newark,2016-12-15,5,11.0,Trump 1.0
Newark,2016-12-16,6,10.0,Trump 1.0
Newark,2016-12-19,11,8.0,Trump 1.0
Newark,2016-12-20,10,8.0,Trump 1.0
Newark,2016-12-21,5,7.0,Trump 1.0
Newark,2016-12-22,13,8.0,Trump 1.0
Newark,2016-12-23,3,8.0,Trump 1.0
Newark,2016-12-27,8,8.0,Trump 1.0
Newark,2016-12-28,2,7.0,Trump 1.0
Newark,2016-12-29,3,6.0,Trump 1.0
Newark,2016-12-30,7,6.0,Trump 1.0
Newark,2017-01-03,6,6.0,Trump 1.0
Newark,2017-01-04,7,5.0,Trump 1.0
Newark,2017-01-05,9,6.0,Trump 1.0
Newark,2017-01-06,10,6.0,Trump 1.0
Newark,2017-01-09,7,7.0,Trump 1.0
Newark,2017-01-10,15,9.0,Trump 1.0
Newark,2017-01-11,19,10.0,Trump 1.0
Newark,2017-01-12,14,12.0,Trump 1.0
Newark,2017-01-13,7,12.0,Trump 1.0
Newark,2017-01-17,15,12.0,Trump 1.0
Newark,2017-01-18,6,12.0,Trump 1.0
Newark,2017-01-19,11,12.0,Trump 1.0
Newark,2017-01-20,11,12.0,Trump 1.0
Newark,2017-01-23,6,10.0,Trump 1.0
Newark,2017-01-24,11,10.0,Trump 1.0
Newark,2017-01-25,6,9.0,Trump 1.0
Newark,2017-01-26,20,10.0,Trump 1.0
Newark,2017-01-27,9,11.0,Trump 1.0
Newark,2017-01-30,17,11.0,Trump 1.0
Newark,2017-01-31,9,11.0,Trump 1.0
Newark,2017-02-01,8,11.0,Trump 1.0
Newark,2017-02-02,15,12.0,Trump 1.0
Newark,2017-02-03,10,13.0,Trump 1.0
Newark,2017-02-05,1,10.0,Trump 1.0
Newark,2017-02-06,15,11.0,Trump 1.0
Newark,2017-02-07,22,11.0,Trump 1.0
Newark,2017-02-08,14,12.0,Trump 1.0
Newark,2017-02-10,10,12.0,Trump 1.0
Newark,2017-02-12,1,10.0,Trump 1.0
Newark,2017-02-13,15,11.0,Trump 1.0
Newark,2017-02-14,12,13.0,Trump 1.0
Newark,2017-02-15,9,12.0,Trump 1.0
Newark,2017-02-16,17,11.0,Trump 1.0
Newark,2017-02-17,13,11.0,Trump 1.0
Newark,2017-02-19,1,10.0,Trump 1.0
Newark,2017-02-21,27,13.0,Trump 1.0
Newark,2017-02-22,24,15.0,Trump 1.0
Newark,2017-02-23,10,14.0,Trump 1.0
Newark,2017-02-24,10,15.0,Trump 1.0
Newark,2017-02-27,18,15.0,Trump 1.0
Newark,2017-02-28,10,14.0,Trump 1.0
Newark,2017-03-01,6,15.0,Trump 1.0
Newark,2017-03-02,9,12.0,Trump 1.0
Newark,2017-03-03,4,10.0,Trump 1.0
Newark,2017-03-04,1,8.0,Trump 1.0
Newark,2017-03-05,1,7.0,Trump 1.0
Newark,2017-03-06,15,7.0,Trump 1.0
Newark,2017-03-07,22,8.0,Trump 1.0
Newark,2017-03-08,12,9.0,Trump 1.0
Newark,2017-03-09,17,10.0,Trump 1.0
Newark,2017-03-10,12,11.0,Trump 1.0
Newark,2017-03-13,16,14.0,Trump 1.0
Newark,2017-03-15,8,15.0,Trump 1.0
Newark,2017-03-16,22,16.0,Trump 1.0
Newark,2017-03-17,14,14.0,Trump 1.0
Newark,2017-03-19,2,13.0,Trump 1.0
Newark,2017-03-20,15,13.0,Trump 1.0
Newark,2017-03-21,16,13.0,Trump 1.0
Newark,2017-03-22,16,13.0,Trump 1.0
Newark,2017-03-23,9,13.0,Trump 1.0
Newark,2017-03-24,15,12.0,Trump 1.0
Newark,2017-03-25,1,11.0,Trump 1.0
Newark,2017-03-27,15,12.0,Trump 1.0
Newark,2017-03-28,22,13.0,Trump 1.0
Newark,2017-03-29,8,12.0,Trump 1.0
Newark,2017-03-30,17,12.0,Trump 1.0
Newark,2017-03-31,8,12.0,Trump 1.0
Newark,2017-04-03,18,13.0,Trump 1.0
Newark,2017-04-04,6,13.0,Trump 1.0
Newark,2017-04-05,20,14.0,Trump 1.0
Newark,2017-04-06,15,13.0,Trump 1.0
Newark,2017-04-07,17,14.0,Trump 1.0
Newark,2017-04-08,1,12.0,Trump 1.0
Newark,2017-04-10,6,12.0,Trump 1.0
Newark,2017-04-11,16,12.0,Trump 1.0
Newark,2017-04-12,19,13.0,Trump 1.0
Newark,2017-04-13,13,12.0,Trump 1.0
Newark,2017-04-14,7,11.0,Trump 1.0
Newark,2017-04-15,1,9.0,Trump 1.0
Newark,2017-04-17,14,11.0,Trump 1.0
Newark,2017-04-18,6,11.0,Trump 1.0
Newark,2017-04-19,23,12.0,Trump 1.0
Newark,2017-04-20,17,12.0,Trump 1.0
Newark,2017-04-21,14,12.0,Trump 1.0
Newark,2017-04-24,14,13.0,Trump 1.0
Newark,2017-04-25,12,14.0,Trump 1.0
Newark,2017-04-26,13,14.0,Trump 1.0
Newark,2017-04-27,10,15.0,Trump 1.0
Newark,2017-04-28,14,13.0,Trump 1.0
Newark,2017-04-30,2,11.0,Trump 1.0
Newark,2017-05-01,5,10.0,Trump 1.0
Newark,2017-05-02,33,13.0,Trump 1.0
Newark,2017-05-03,18,14.0,Trump 1.0
Newark,2017-05-04,9,13.0,Trump 1.0
Newark,2017-05-05,5,12.0,Trump 1.0
Newark,2017-05-06,1,10.0,Trump 1.0
Newark,2017-05-08,22,13.0,Trump 1.0
Newark,2017-05-09,14,15.0,Trump 1.0
Newark,2017-05-10,11,11.0,Trump 1.0
Newark,2017-05-11,10,10.0,Trump 1.0
Newark,2017-05-12,13,11.0,Trump 1.0
Newark,2017-05-15,5,11.0,Trump 1.0
Newark,2017-05-16,14,13.0,Trump 1.0
Newark,2017-05-17,9,11.0,Trump 1.0
Newark,2017-05-18,10,10.0,Trump 1.0
Newark,2017-05-19,12,10.0,Trump 1.0
Newark,2017-05-20,2,9.0,Trump 1.0
Newark,2017-05-22,3,8.0,Trump 1.0
Newark,2017-05-23,17,10.0,Trump 1.0
Newark,2017-05-24,20,10.0,Trump 1.0
Newark,2017-05-25,11,11.0,Trump 1.0
Newark,2017-05-26,6,10.0,Trump 1.0
Newark,2017-05-27,2,9.0,Trump 1.0
Newark,2017-05-29,1,9.0,Trump 1.0
Newark,2017-05-30,10,10.0,Trump 1.0
Newark,2017-05-31,10,9.0,Trump 1.0
Newark,2017-06-01,9,7.0,Trump 1.0
Newark,2017-06-02,14,7.0,Trump 1.0
Newark,2017-06-04,2,7.0,Trump 1.0
Newark,2017-06-05,28,11.0,Trump 1.0
Newark,2017-06-06,29,15.0,Trump 1.0
Newark,2017-06-07,39,19.0,Trump 1.0
Newark,2017-06-08,19,20.0,Trump 1.0
Newark,2017-06-09,18,21.0,Trump 1.0
Newark,2017-06-10,1,19.0,Trump 1.0
Newark,2017-06-12,4,20.0,Trump 1.0
Newark,2017-06-13,7,17.0,Trump 1.0
Newark,2017-06-14,6,13.0,Trump 1.0
Newark,2017-06-15,11,9.0,Trump 1.0
Newark,2017-06-16,9,8.0,Trump 1.0
Newark,2017-06-19,7,6.0,Trump 1.0
Newark,2017-06-20,12,8.0,Trump 1.0
Newark,2017-06-21,13,9.0,Trump 1.0
Newark,2017-06-22,9,10.0,Trump 1.0
Newark,2017-06-23,11,10.0,Trump 1.0
Newark,2017-06-24,1,9.0,Trump 1.0
Newark,2017-06-26,13,9.0,Trump 1.0
Newark,2017-06-27,12,10.0,Trump 1.0
Newark,2017-06-28,19,11.0,Trump 1.0
Newark,2017-06-29,19,12.0,Trump 1.0
Newark,2017-06-30,13,13.0,Trump 1.0
Newark,2017-07-03,9,12.0,Trump 1.0
Newark,2017-07-05,5,13.0,Trump 1.0
Newark,2017-07-06,9,12.0,Trump 1.0
Newark,2017-07-07,9,12.0,Trump 1.0
Newark,2017-07-10,10,11.0,Trump 1.0
Newark,2017-07-11,19,11.0,Trump 1.0
Newark,2017-07-12,12,10.0,Trump 1.0
Newark,2017-07-13,22,12.0,Trump 1.0
Newark,2017-07-14,9,13.0,Trump 1.0
Newark,2017-07-17,9,13.0,Trump 1.0
Newark,2017-07-18,11,13.0,Trump 1.0
Newark,2017-07-19,15,14.0,Trump 1.0
Newark,2017-07-20,18,14.0,Trump 1.0
Newark,2017-07-21,18,15.0,Trump 1.0
Newark,2017-07-22,1,12.0,Trump 1.0
Newark,2017-07-23,3,11.0,Trump 1.0
Newark,2017-07-24,11,11.0,Trump 1.0
Newark,2017-07-25,9,11.0,Trump 1.0
Newark,2017-07-26,13,10.0,Trump 1.0
Newark,2017-07-27,8,9.0,Trump 1.0
Newark,2017-07-28,10,8.0,Trump 1.0
Newark,2017-07-31,22,11.0,Trump 1.0
Newark,2017-08-01,7,11.0,Trump 1.0
Newark,2017-08-02,11,11.0,Trump 1.0
Newark,2017-08-03,8,11.0,Trump 1.0
Newark,2017-08-04,12,11.0,Trump 1.0
Newark,2017-08-05,1,10.0,Trump 1.0
Newark,2017-08-07,7,10.0,Trump 1.0
Newark,2017-08-08,8,8.0,Trump 1.0
Newark,2017-08-09,7,8.0,Trump 1.0
Newark,2017-08-10,16,8.0,Trump 1.0
Newark,2017-08-11,16,10.0,Trump 1.0
Newark,2017-08-14,13,10.0,Trump 1.0
Newark,2017-08-15,24,13.0,Trump 1.0
Newark,2017-08-16,12,14.0,Trump 1.0
Newark,2017-08-17,9,14.0,Trump 1.0
Newark,2017-08-18,19,16.0,Trump 1.0
Newark,2017-08-21,7,14.0,Trump 1.0
Newark,2017-08-22,25,16.0,Trump 1.0
Newark,2017-08-23,9,15.0,Trump 1.0
Newark,2017-08-24,8,13.0,Trump 1.0
Newark,2017-08-25,12,13.0,Trump 1.0
Newark,2017-08-28,8,13.0,Trump 1.0
Newark,2017-08-29,15,12.0,Trump 1.0
Newark,2017-08-30,19,14.0,Trump 1.0
Newark,2017-08-31,14,12.0,Trump 1.0
Newark,2017-09-01,12,13.0,Trump 1.0
Newark,2017-09-03,7,12.0,Trump 1.0
Newark,2017-09-04,1,11.0,Trump 1.0
Newark,2017-09-05,10,11.0,Trump 1.0
Newark,2017-09-06,19,12.0,Trump 1.0
Newark,2017-09-07,6,10.0,Trump 1.0
Newark,2017-09-08,14,10.0,Trump 1.0
Newark,2017-09-11,16,10.0,Trump 1.0
Newark,2017-09-12,14,11.0,Trump 1.0
Newark,2017-09-13,11,13.0,Trump 1.0
Newark,2017-09-14,7,12.0,Trump 1.0
Newark,2017-09-15,15,12.0,Trump 1.0
Newark,2017-09-18,9,12.0,Trump 1.0
Newark,2017-09-19,16,13.0,Trump 1.0
Newark,2017-09-20,20,13.0,Trump 1.0
Newark,2017-09-21,11,13.0,Trump 1.0
Newark,2017-09-22,27,15.0,Trump 1.0
Newark,2017-09-25,17,16.0,Trump 1.0
Newark,2017-09-26,23,18.0,Trump 1.0
Newark,2017-09-27,20,19.0,Trump 1.0
Newark,2017-09-28,11,18.0,Trump 1.0
Newark,2017-09-29,10,17.0,Trump 1.0
Newark,2017-09-30,1,16.0,Trump 1.0
Newark,2017-10-02,7,13.0,Trump 1.0
Newark,2017-10-03,17,13.0,Trump 1.0
Newark,2017-10-04,19,12.0,Trump 1.0
Newark,2017-10-05,9,11.0,Trump 1.0
Newark,2017-10-06,22,12.0,Trump 1.0
Newark,2017-10-07,2,11.0,Trump 1.0
Newark,2017-10-10,14,13.0,Trump 1.0
Newark,2017-10-11,21,15.0,Trump 1.0
Newark,2017-10-12,20,15.0,Trump 1.0
Newark,2017-10-13,12,14.0,Trump 1.0
Newark,2017-10-15,1,13.0,Trump 1.0
Newark,2017-10-16,13,12.0,Trump 1.0
Newark,2017-10-17,24,15.0,Trump 1.0
Newark,2017-10-18,26,17.0,Trump 1.0
Newark,2017-10-19,14,16.0,Trump 1.0
Newark,2017-10-20,17,15.0,Trump 1.0
Newark,2017-10-23,8,15.0,Trump 1.0
Newark,2017-10-24,22,18.0,Trump 1.0
Newark,2017-10-25,14,18.0,Trump 1.0
Newark,2017-10-26,24,18.0,Trump 1.0
Newark,2017-10-27,24,18.0,Trump 1.0
Newark,2017-10-30,8,17.0,Trump 1.0
Newark,2017-10-31,12,16.0,Trump 1.0
Newark,2017-11-01,14,17.0,Trump 1.0
Newark,2017-11-02,5,14.0,Trump 1.0
Newark,2017-11-03,15,15.0,Trump 1.0
Newark,2017-11-04,1,11.0,Trump 1.0
Newark,2017-11-06,13,10.0,Trump 1.0
Newark,2017-11-07,11,10.0,Trump 1.0
Newark,2017-11-08,16,11.0,Trump 1.0
Newark,2017-11-09,13,11.0,Trump 1.0
Newark,2017-11-13,9,11.0,Trump 1.0
Newark,2017-11-14,8,10.0,Trump 1.0
Newark,2017-11-15,15,12.0,Trump 1.0
Newark,2017-11-16,21,13.0,Trump 1.0
Newark,2017-11-17,13,14.0,Trump 1.0
Newark,2017-11-18,1,11.0,Trump 1.0
Newark,2017-11-20,13,11.0,Trump 1.0
Newark,2017-11-21,13,12.0,Trump 1.0
Newark,2017-11-22,8,12.0,Trump 1.0
Newark,2017-11-23,4,10.0,Trump 1.0
Newark,2017-11-24,10,9.0,Trump 1.0
Newark,2017-11-27,13,9.0,Trump 1.0
Newark,2017-11-28,15,11.0,Trump 1.0
Newark,2017-11-29,10,10.0,Trump 1.0
Newark,2017-11-30,12,10.0,Trump 1.0
Newark,2017-12-01,20,12.0,Trump 1.0
Newark,2017-12-02,1,12.0,Trump 1.0
Newark,2017-12-04,23,13.0,Trump 1.0
Newark,2017-12-05,28,16.0,Trump 1.0
Newark,2017-12-06,24,17.0,Trump 1.0
Newark,2017-12-07,31,20.0,Trump 1.0
Newark,2017-12-08,18,21.0,Trump 1.0
Newark,2017-12-09,1,18.0,Trump 1.0
Newark,2017-12-11,7,19.0,Trump 1.0
Newark,2017-12-12,12,17.0,Trump 1.0
Newark,2017-12-13,10,15.0,Trump 1.0
Newark,2017-12-14,15,13.0,Trump 1.0
Newark,2017-12-15,14,11.0,Trump 1.0
Newark,2017-12-17,1,9.0,Trump 1.0
Newark,2017-12-18,7,9.0,Trump 1.0
Newark,2017-12-19,12,10.0,Trump 1.0
Newark,2017-12-20,10,10.0,Trump 1.0
Newark,2017-12-21,5,9.0,Trump 1.0
Newark,2017-12-22,10,8.0,Trump 1.0
Newark,2017-12-26,8,8.0,Trump 1.0
Newark,2017-12-27,16,10.0,Trump 1.0
Newark,2017-12-28,7,10.0,Trump 1.0
Newark,2017-12-29,12,10.0,Trump 1.0
Newark,2017-12-30,1,8.0,Trump 1.0
Newark,2018-01-02,7,9.0,Trump 1.0
Newark,2018-01-03,11,9.0,Trump 1.0
Newark,2018-01-05,8,9.0,Trump 1.0
Newark,2018-01-06,1,7.0,Trump 1.0
Newark,2018-01-08,9,7.0,Trump 1.0
Newark,2018-01-09,12,7.0,Trump 1.0
Newark,2018-01-10,15,9.0,Trump 1.0
Newark,2018-01-11,11,10.0,Trump 1.0
Newark,2018-01-12,20,11.0,Trump 1.0
Newark,2018-01-13,1,10.0,Trump 1.0
Newark,2018-01-15,1,10.0,Trump 1.0
Newark,2018-01-16,10,10.0,Trump 1.0
Newark,2018-01-17,11,10.0,Trump 1.0
Newark,2018-01-18,19,10.0,Trump 1.0
Newark,2018-01-19,18,11.0,Trump 1.0
Newark,2018-01-20,1,9.0,Trump 1.0
Newark,2018-01-22,8,10.0,Trump 1.0
Newark,2018-01-23,14,12.0,Trump 1.0
Newark,2018-01-24,16,12.0,Trump 1.0
Newark,2018-01-25,14,13.0,Trump 1.0
Newark,2018-01-26,14,12.0,Trump 1.0
Newark,2018-01-27,2,10.0,Trump 1.0
Newark,2018-01-28,1,10.0,Trump 1.0
Newark,2018-01-29,11,10.0,Trump 1.0
Newark,2018-01-30,16,11.0,Trump 1.0
Newark,2018-01-31,13,10.0,Trump 1.0
Newark,2018-02-01,10,10.0,Trump 1.0
Newark,2018-02-02,13,9.0,Trump 1.0
Newark,2018-02-03,1,9.0,Trump 1.0
Newark,2018-02-05,14,11.0,Trump 1.0
Newark,2018-02-06,19,12.0,Trump 1.0
Newark,2018-02-07,12,12.0,Trump 1.0
Newark,2018-02-08,6,11.0,Trump 1.0
Newark,2018-02-09,10,11.0,Trump 1.0
Newark,2018-02-12,9,10.0,Trump 1.0
Newark,2018-02-13,10,11.0,Trump 1.0
Newark,2018-02-14,19,12.0,Trump 1.0
Newark,2018-02-15,16,12.0,Trump 1.0
Newark,2018-02-16,11,12.0,Trump 1.0
Newark,2018-02-17,1,11.0,Trump 1.0
Newark,2018-02-18,1,10.0,Trump 1.0
Newark,2018-02-19,1,8.0,Trump 1.0
Newark,2018-02-20,14,9.0,Trump 1.0
Newark,2018-02-21,11,8.0,Trump 1.0
Newark,2018-02-22,13,7.0,Trump 1.0
Newark,2018-02-23,21,9.0,Trump 1.0
Newark,2018-02-24,2,9.0,Trump 1.0
Newark,2018-02-25,2,9.0,Trump 1.0
Newark,2018-02-26,20,12.0,Trump 1.0
Newark,2018-02-27,16,12.0,Trump 1.0
Newark,2018-02-28,17,13.0,Trump 1.0
Newark,2018-03-01,15,13.0,Trump 1.0
Newark,2018-03-02,15,12.0,Trump 1.0
Newark,2018-03-03,2,12.0,Trump 1.0
Newark,2018-03-04,4,13.0,Trump 1.0
Newark,2018-03-05,12,12.0,Trump 1.0
Newark,2018-03-06,12,11.0,Trump 1.0
Newark,2018-03-08,10,10.0,Trump 1.0
Newark,2018-03-09,7,9.0,Trump 1.0
Newark,2018-03-10,1,7.0,Trump 1.0
Newark,2018-03-11,1,7.0,Trump 1.0
Newark,2018-03-12,14,8.0,Trump 1.0
Newark,2018-03-13,7,7.0,Trump 1.0
Newark,2018-03-14,17,8.0,Trump 1.0
Newark,2018-03-15,19,9.0,Trump 1.0
Newark,2018-03-16,14,10.0,Trump 1.0
Newark,2018-03-19,26,14.0,Trump 1.0
Newark,2018-03-20,8,15.0,Trump 1.0
Newark,2018-03-22,6,14.0,Trump 1.0
Newark,2018-03-23,13,15.0,Trump 1.0
Newark,2018-03-26,12,14.0,Trump 1.0
Newark,2018-03-27,2,12.0,Trump 1.0
Newark,2018-03-28,9,11.0,Trump 1.0
Newark,2018-03-29,10,9.0,Trump 1.0
Newark,2018-03-30,9,9.0,Trump 1.0
Newark,2018-04-01,1,8.0,Trump 1.0
Newark,2018-04-02,2,6.0,Trump 1.0
Newark,2018-04-03,9,6.0,Trump 1.0
Newark,2018-04-04,16,8.0,Trump 1.0
Newark,2018-04-05,6,8.0,Trump 1.0
Newark,2018-04-06,7,7.0,Trump 1.0
Newark,2018-04-09,17,8.0,Trump 1.0
Newark,2018-04-10,20,11.0,Trump 1.0
Newark,2018-04-11,13,13.0,Trump 1.0
Newark,2018-04-12,14,13.0,Trump 1.0
Newark,2018-04-13,16,13.0,Trump 1.0
Newark,2018-04-14,1,13.0,Trump 1.0
Newark,2018-04-16,15,14.0,Trump 1.0
Newark,2018-04-17,21,14.0,Trump 1.0
Newark,2018-04-18,10,13.0,Trump 1.0
Newark,2018-04-19,24,14.0,Trump 1.0
Newark,2018-04-20,9,14.0,Trump 1.0
Newark,2018-04-21,1,12.0,Trump 1.0
Newark,2018-04-23,10,13.0,Trump 1.0
Newark,2018-04-24,24,14.0,Trump 1.0
Newark,2018-04-25,9,12.0,Trump 1.0
Newark,2018-04-26,10,12.0,Trump 1.0
Newark,2018-04-27,9,10.0,Trump 1.0
Newark,2018-04-29,1,9.0,Trump 1.0
Newark,2018-04-30,9,10.0,Trump 1.0
Newark,2018-05-01,21,12.0,Trump 1.0
Newark,2018-05-02,10,10.0,Trump 1.0
Newark,2018-05-03,19,11.0,Trump 1.0
Newark,2018-05-04,12,12.0,Trump 1.0
Newark,2018-05-05,1,10.0,Trump 1.0
Newark,2018-05-06,1,10.0,Trump 1.0
Newark,2018-05-07,7,10.0,Trump 1.0
Newark,2018-05-08,12,9.0,Trump 1.0
Newark,2018-05-09,17,10.0,Trump 1.0
Newark,2018-05-10,9,8.0,Trump 1.0
Newark,2018-05-11,10,8.0,Trump 1.0
Newark,2018-05-14,8,9.0,Trump 1.0
Newark,2018-05-15,8,10.0,Trump 1.0
Newark,2018-05-16,18,12.0,Trump 1.0
Newark,2018-05-17,9,11.0,Trump 1.0
Newark,2018-05-18,7,10.0,Trump 1.0
Newark,2018-05-21,10,10.0,Trump 1.0
Newark,2018-05-22,14,11.0,Trump 1.0
Newark,2018-05-23,6,10.0,Trump 1.0
Newark,2018-05-24,10,11.0,Trump 1.0
Newark,2018-05-25,14,10.0,Trump 1.0
Newark,2018-05-26,1,9.0,Trump 1.0
Newark,2018-05-27,1,8.0,Trump 1.0
Newark,2018-05-28,2,7.0,Trump 1.0
Newark,2018-05-29,14,7.0,Trump 1.0
Newark,2018-05-30,11,8.0,Trump 1.0
Newark,2018-05-31,13,8.0,Trump 1.0
Newark,2018-06-01,9,7.0,Trump 1.0
Newark,2018-06-03,5,8.0,Trump 1.0
Newark,2018-06-04,25,11.0,Trump 1.0
Newark,2018-06-05,22,14.0,Trump 1.0
Newark,2018-06-06,31,17.0,Trump 1.0
Newark,2018-06-07,15,17.0,Trump 1.0
Newark,2018-06-08,12,17.0,Trump 1.0
Newark,2018-06-10,2,16.0,Trump 1.0
Newark,2018-06-11,14,17.0,Trump 1.0
Newark,2018-06-12,8,15.0,Trump 1.0
Newark,2018-06-13,10,13.0,Trump 1.0
Newark,2018-06-14,11,10.0,Trump 1.0
Newark,2018-06-15,9,9.0,Trump 1.0
Newark,2018-06-16,1,8.0,Trump 1.0
Newark,2018-06-18,11,9.0,Trump 1.0
Newark,2018-06-19,13,9.0,Trump 1.0
Newark,2018-06-20,9,9.0,Trump 1.0
Newark,2018-06-21,11,9.0,Trump 1.0
Newark,2018-06-22,8,9.0,Trump 1.0
Newark,2018-06-23,1,8.0,Trump 1.0
Newark,2018-06-24,4,8.0,Trump 1.0
Newark,2018-06-25,10,8.0,Trump 1.0
Newark,2018-06-26,16,8.0,Trump 1.0
Newark,2018-06-27,10,9.0,Trump 1.0
Newark,2018-06-28,12,9.0,Trump 1.0
Newark,2018-06-29,17,10.0,Trump 1.0
Newark,2018-06-30,1,10.0,Trump 1.0
Newark,2018-07-02,12,11.0,Trump 1.0
Newark,2018-07-03,14,12.0,Trump 1.0
Newark,2018-07-05,11,11.0,Trump 1.0
Newark,2018-07-06,8,11.0,Trump 1.0
Newark,2018-07-07,4,10.0,Trump 1.0
Newark,2018-07-08,1,7.0,Trump 1.0
Newark,2018-07-09,11,9.0,Trump 1.0
Newark,2018-07-10,12,9.0,Trump 1.0
Newark,2018-07-11,22,10.0,Trump 1.0
Newark,2018-07-12,13,10.0,Trump 1.0
Newark,2018-07-13,18,12.0,Trump 1.0
Newark,2018-07-14,1,11.0,Trump 1.0
Newark,2018-07-16,13,13.0,Trump 1.0
Newark,2018-07-17,6,12.0,Trump 1.0
Newark,2018-07-18,10,12.0,Trump 1.0
Newark,2018-07-19,12,10.0,Trump 1.0
Newark,2018-07-20,14,11.0,Trump 1.0
Newark,2018-07-21,1,8.0,Trump 1.0
Newark,2018-07-23,7,9.0,Trump 1.0
Newark,2018-07-24,12,9.0,Trump 1.0
Newark,2018-07-25,8,9.0,Trump 1.0
Newark,2018-07-26,12,9.0,Trump 1.0
Newark,2018-07-27,16,10.0,Trump 1.0
Newark,2018-07-30,9,9.0,Trump 1.0
Newark,2018-07-31,16,11.0,Trump 1.0
Newark,2018-08-01,17,13.0,Trump 1.0
Newark,2018-08-02,11,13.0,Trump 1.0
Newark,2018-08-03,12,13.0,Trump 1.0
Newark,2018-08-06,5,12.0,Trump 1.0
Newark,2018-08-07,11,12.0,Trump 1.0
Newark,2018-08-08,5,11.0,Trump 1.0
Newark,2018-08-09,7,10.0,Trump 1.0
Newark,2018-08-10,10,9.0,Trump 1.0
Newark,2018-08-12,2,7.0,Trump 1.0
Newark,2018-08-13,9,7.0,Trump 1.0
Newark,2018-08-14,12,8.0,Trump 1.0
Newark,2018-08-15,15,9.0,Trump 1.0
Newark,2018-08-16,10,9.0,Trump 1.0
Newark,2018-08-17,5,9.0,Trump 1.0
Newark,2018-08-19,1,8.0,Trump 1.0
Newark,2018-08-20,11,9.0,Trump 1.0
Newark,2018-08-21,10,9.0,Trump 1.0
Newark,2018-08-22,18,10.0,Trump 1.0
Newark,2018-08-23,8,9.0,Trump 1.0
Newark,2018-08-24,10,9.0,Trump 1.0
Newark,2018-08-25,2,9.0,Trump 1.0
Newark,2018-08-26,1,9.0,Trump 1.0
Newark,2018-08-27,16,9.0,Trump 1.0
Newark,2018-08-28,10,9.0,Trump 1.0
Newark,2018-08-29,10,8.0,Trump 1.0
Newark,2018-08-30,11,9.0,Trump 1.0
Newark,2018-08-31,12,9.0,Trump 1.0
Newark,2018-09-01,1,9.0,Trump 1.0
Newark,2018-09-03,1,9.0,Trump 1.0
Newark,2018-09-04,10,8.0,Trump 1.0
Newark,2018-09-05,15,9.0,Trump 1.0
Newark,2018-09-06,13,9.0,Trump 1.0
Newark,2018-09-07,15,10.0,Trump 1.0
Newark,2018-09-09,3,8.0,Trump 1.0
Newark,2018-09-10,10,10.0,Trump 1.0
Newark,2018-09-11,15,12.0,Trump 1.0
Newark,2018-09-12,21,13.0,Trump 1.0
Newark,2018-09-13,10,12.0,Trump 1.0
Newark,2018-09-14,16,13.0,Trump 1.0
Newark,2018-09-15,1,11.0,Trump 1.0
Newark,2018-09-17,12,12.0,Trump 1.0
Newark,2018-09-18,8,12.0,Trump 1.0
Newark,2018-09-19,19,12.0,Trump 1.0
Newark,2018-09-20,8,11.0,Trump 1.0
Newark,2018-09-21,14,11.0,Trump 1.0
Newark,2018-09-22,1,9.0,Trump 1.0
Newark,2018-09-24,6,10.0,Trump 1.0
Newark,2018-09-25,15,10.0,Trump 1.0
Newark,2018-09-26,15,11.0,Trump 1.0
Newark,2018-09-27,13,10.0,Trump 1.0
Newark,2018-09-28,7,10.0,Trump 1.0
Newark,2018-09-29,1,8.0,Trump 1.0
Newark,2018-09-30,3,9.0,Trump 1.0
Philadelphia,2015-10-01,13,10.0,Trump 1.0
Philadelphia,2015-10-02,11,9.0,Trump 1.0
Philadelphia,2015-10-04,2,7.0,Trump 1.0
Philadelphia,2015-10-05,11,7.0,Trump 1.0
Philadelphia,2015-10-06,8,7.0,Trump 1.0
Philadelphia,2015-10-07,13,9.0,Trump 1.0
Philadelphia,2015-10-08,13,10.0,Trump 1.0
Philadelphia,2015-10-09,23,12.0,Trump 1.0
Philadelphia,2015-10-13,13,12.0,Trump 1.0
Philadelphia,2015-10-14,11,13.0,Trump 1.0
Philadelphia,2015-10-15,13,13.0,Trump 1.0
Philadelphia,2015-10-16,12,14.0,Trump 1.0
Philadelphia,2015-10-18,1,12.0,Trump 1.0
Philadelphia,2015-10-19,14,12.0,Trump 1.0
Philadelphia,2015-10-20,19,12.0,Trump 1.0
Philadelphia,2015-10-21,19,13.0,Trump 1.0
Philadelphia,2015-10-22,7,12.0,Trump 1.0
Philadelphia,2015-10-23,10,12.0,Trump 1.0
Philadelphia,2015-10-26,8,11.0,Trump 1.0
Philadelphia,2015-10-27,6,12.0,Trump 1.0
Philadelphia,2015-10-28,14,12.0,Trump 1.0
Philadelphia,2015-10-29,4,10.0,Trump 1.0
Philadelphia,2015-10-30,160,30.0,Trump 1.0
Philadelphia,2015-11-02,67,38.0,Trump 1.0
Philadelphia,2015-11-03,18,40.0,Trump 1.0
Philadelphia,2015-11-04,12,40.0,Trump 1.0
Philadelphia,2015-11-05,15,41.0,Trump 1.0
Philadelphia,2015-11-06,20,42.0,Trump 1.0
Philadelphia,2015-11-08,1,42.0,Trump 1.0
Philadelphia,2015-11-09,5,20.0,Trump 1.0
Philadelphia,2015-11-10,22,13.0,Trump 1.0
Philadelphia,2015-11-12,11,12.0,Trump 1.0
Philadelphia,2015-11-13,18,13.0,Trump 1.0
Philadelphia,2015-11-16,11,13.0,Trump 1.0
Philadelphia,2015-11-17,9,11.0,Trump 1.0
Philadelphia,2015-11-18,7,12.0,Trump 1.0
Philadelphia,2015-11-19,12,13.0,Trump 1.0
Philadelphia,2015-11-20,12,11.0,Trump 1.0
Philadelphia,2015-11-22,1,10.0,Trump 1.0
Philadelphia,2015-11-23,13,9.0,Trump 1.0
Philadelphia,2015-11-24,10,9.0,Trump 1.0
Philadelphia,2015-11-25,13,10.0,Trump 1.0
Philadelphia,2015-11-27,7,10.0,Trump 1.0
Philadelphia,2015-11-28,1,8.0,Trump 1.0
Philadelphia,2015-11-30,20,9.0,Trump 1.0
Philadelphia,2015-12-01,16,11.0,Trump 1.0
Philadelphia,2015-12-02,20,12.0,Trump 1.0
Philadelphia,2015-12-03,18,14.0,Trump 1.0
Philadelphia,2015-12-04,17,14.0,Trump 1.0
Philadelphia,2015-12-07,16,15.0,Trump 1.0
Philadelphia,2015-12-08,12,17.0,Trump 1.0
Philadelphia,2015-12-09,17,17.0,Trump 1.0
Philadelphia,2015-12-10,7,15.0,Trump 1.0
Philadelphia,2015-12-11,25,16.0,Trump 1.0
Philadelphia,2015-12-14,12,15.0,Trump 1.0
Philadelphia,2015-12-15,15,15.0,Trump 1.0
Philadelphia,2015-12-16,11,14.0,Trump 1.0
Philadelphia,2015-12-17,15,15.0,Trump 1.0
Philadelphia,2015-12-18,17,15.0,Trump 1.0
Philadelphia,2015-12-21,9,15.0,Trump 1.0
Philadelphia,2015-12-22,15,13.0,Trump 1.0
Philadelphia,2015-12-23,5,12.0,Trump 1.0
Philadelphia,2015-12-24,17,13.0,Trump 1.0
Philadelphia,2015-12-28,14,13.0,Trump 1.0
Philadelphia,2015-12-29,5,12.0,Trump 1.0
Philadelphia,2015-12-30,6,10.0,Trump 1.0
Philadelphia,2015-12-31,22,12.0,Trump 1.0
Philadelphia,2016-01-02,1,10.0,Trump 1.0
Philadelphia,2016-01-04,10,11.0,Trump 1.0
Philadelphia,2016-01-05,10,10.0,Trump 1.0
Philadelphia,2016-01-06,10,9.0,Trump 1.0
Philadelphia,2016-01-07,27,12.0,Trump 1.0
Philadelphia,2016-01-08,15,14.0,Trump 1.0
Philadelphia,2016-01-10,4,11.0,Trump 1.0
Philadelphia,2016-01-11,13,13.0,Trump 1.0
Philadelphia,2016-01-12,11,13.0,Trump 1.0
Philadelphia,2016-01-13,13,13.0,Trump 1.0
Philadelphia,2016-01-14,10,13.0,Trump 1.0
Philadelphia,2016-01-15,29,14.0,Trump 1.0
Philadelphia,2016-01-18,1,12.0,Trump 1.0
Philadelphia,2016-01-19,13,13.0,Trump 1.0
Philadelphia,2016-01-20,12,13.0,Trump 1.0
Philadelphia,2016-01-21,15,13.0,Trump 1.0
Philadelphia,2016-01-22,13,13.0,Trump 1.0
Philadelphia,2016-01-25,9,13.0,Trump 1.0
Philadelphia,2016-01-26,14,11.0,Trump 1.0
Philadelphia,2016-01-27,18,13.0,Trump 1.0
Philadelphia,2016-01-28,7,13.0,Trump 1.0
Philadelphia,2016-01-29,15,13.0,Trump 1.0
Philadelphia,2016-02-01,5,12.0,Trump 1.0
Philadelphia,2016-02-02,11,11.0,Trump 1.0
Philadelphia,2016-02-03,15,12.0,Trump 1.0
Philadelphia,2016-02-04,10,12.0,Trump 1.0
Philadelphia,2016-02-05,18,12.0,Trump 1.0
Philadelphia,2016-02-07,6,11.0,Trump 1.0
Philadelphia,2016-02-08,9,11.0,Trump 1.0
Philadelphia,2016-02-09,14,12.0,Trump 1.0
Philadelphia,2016-02-10,13,12.0,Trump 1.0
Philadelphia,2016-02-11,9,11.0,Trump 1.0
Philadelphia,2016-02-12,25,13.0,Trump 1.0
Philadelphia,2016-02-16,7,12.0,Trump 1.0
Philadelphia,2016-02-17,9,12.0,Trump 1.0
Philadelphia,2016-02-18,19,14.0,Trump 1.0
Philadelphia,2016-02-19,12,13.0,Trump 1.0
Philadelphia,2016-02-21,4,12.0,Trump 1.0
Philadelphia,2016-02-22,15,13.0,Trump 1.0
Philadelphia,2016-02-23,10,11.0,Trump 1.0
Philadelphia,2016-02-24,10,11.0,Trump 1.0
Philadelphia,2016-02-25,11,12.0,Trump 1.0
Philadelphia,2016-02-26,24,12.0,Trump 1.0
Philadelphia,2016-02-29,7,12.0,Trump 1.0
Philadelphia,2016-03-01,17,13.0,Trump 1.0
Philadelphia,2016-03-02,6,12.0,Trump 1.0
Philadelphia,2016-03-03,13,13.0,Trump 1.0
Philadelphia,2016-03-04,18,14.0,Trump 1.0
Philadelphia,2016-03-07,6,13.0,Trump 1.0
Philadelphia,2016-03-08,11,11.0,Trump 1.0
Philadelphia,2016-03-09,12,12.0,Trump 1.0
Philadelphia,2016-03-10,13,11.0,Trump 1.0
Philadelphia,2016-03-11,22,14.0,Trump 1.0
Philadelphia,2016-03-14,7,13.0,Trump 1.0
Philadelphia,2016-03-15,11,12.0,Trump 1.0
Philadelphia,2016-03-16,5,12.0,Trump 1.0
Philadelphia,2016-03-17,10,11.0,Trump 1.0
Philadelphia,2016-03-18,12,11.0,Trump 1.0
Philadelphia,2016-03-21,11,11.0,Trump 1.0
Philadelphia,2016-03-22,12,10.0,Trump 1.0
Philadelphia,2016-03-23,6,10.0,Trump 1.0
Philadelphia,2016-03-24,14,10.0,Trump 1.0
Philadelphia,2016-03-25,28,13.0,Trump 1.0
Philadelphia,2016-03-28,6,13.0,Trump 1.0
Philadelphia,2016-03-29,9,12.0,Trump 1.0
Philadelphia,2016-03-30,11,12.0,Trump 1.0
Philadelphia,2016-03-31,13,12.0,Trump 1.0
Philadelphia,2016-04-01,18,14.0,Trump 1.0
Philadelphia,2016-04-04,8,13.0,Trump 1.0
Philadelphia,2016-04-05,10,11.0,Trump 1.0
Philadelphia,2016-04-06,17,12.0,Trump 1.0
Philadelphia,2016-04-07,12,13.0,Trump 1.0
Philadelphia,2016-04-08,12,13.0,Trump 1.0
Philadelphia,2016-04-11,13,13.0,Trump 1.0
Philadelphia,2016-04-12,10,12.0,Trump 1.0
Philadelphia,2016-04-13,11,12.0,Trump 1.0
Philadelphia,2016-04-14,7,12.0,Trump 1.0
Philadelphia,2016-04-15,18,12.0,Trump 1.0
Philadelphia,2016-04-18,9,11.0,Trump 1.0
Philadelphia,2016-04-19,7,11.0,Trump 1.0
Philadelphia,2016-04-20,17,11.0,Trump 1.0
Philadelphia,2016-04-21,9,11.0,Trump 1.0
Philadelphia,2016-04-22,18,12.0,Trump 1.0
Philadelphia,2016-04-24,2,11.0,Trump 1.0
Philadelphia,2016-04-25,8,10.0,Trump 1.0
Philadelphia,2016-04-26,9,10.0,Trump 1.0
Philadelphia,2016-04-27,6,10.0,Trump 1.0
Philadelphia,2016-04-28,8,9.0,Trump 1.0
Philadelphia,2016-04-29,22,10.0,Trump 1.0
Philadelphia,2016-05-01,7,9.0,Trump 1.0
Philadelphia,2016-05-02,24,12.0,Trump 1.0
Philadelphia,2016-05-03,30,15.0,Trump 1.0
Philadelphia,2016-05-04,25,17.0,Trump 1.0
Philadelphia,2016-05-05,17,19.0,Trump 1.0
Philadelphia,2016-05-06,32,22.0,Trump 1.0
Philadelphia,2016-05-07,3,20.0,Trump 1.0
Philadelphia,2016-05-09,15,21.0,Trump 1.0
Philadelphia,2016-05-10,14,19.0,Trump 1.0
Philadelphia,2016-05-11,14,17.0,Trump 1.0
Philadelphia,2016-05-12,9,15.0,Trump 1.0
Philadelphia,2016-05-13,9,14.0,Trump 1.0
Philadelphia,2016-05-16,10,11.0,Trump 1.0
Philadelphia,2016-05-17,12,12.0,Trump 1.0
Philadelphia,2016-05-18,5,10.0,Trump 1.0
Philadelphia,2016-05-19,20,11.0,Trump 1.0
Philadelphia,2016-05-20,15,11.0,Trump 1.0
Philadelphia,2016-05-23,6,11.0,Trump 1.0
Philadelphia,2016-05-24,11,11.0,Trump 1.0
Philadelphia,2016-05-25,11,11.0,Trump 1.0
Philadelphia,2016-05-26,14,12.0,Trump 1.0
Philadelphia,2016-05-27,24,14.0,Trump 1.0
Philadelphia,2016-05-29,1,12.0,Trump 1.0
Philadelphia,2016-05-31,10,11.0,Trump 1.0
Philadelphia,2016-06-01,12,12.0,Trump 1.0
Philadelphia,2016-06-02,13,12.0,Trump 1.0
Philadelphia,2016-06-03,19,13.0,Trump 1.0
Philadelphia,2016-06-05,1,11.0,Trump 1.0
Philadelphia,2016-06-06,5,9.0,Trump 1.0
Philadelphia,2016-06-07,11,10.0,Trump 1.0
Philadelphia,2016-06-08,12,10.0,Trump 1.0
Philadelphia,2016-06-09,13,11.0,Trump 1.0
Philadelphia,2016-06-10,25,12.0,Trump 1.0
Philadelphia,2016-06-12,2,10.0,Trump 1.0
Philadelphia,2016-06-13,10,11.0,Trump 1.0
Philadelphia,2016-06-14,20,13.0,Trump 1.0
Philadelphia,2016-06-15,13,14.0,Trump 1.0
Philadelphia,2016-06-16,10,13.0,Trump 1.0
Philadelphia,2016-06-17,26,15.0,Trump 1.0
Philadelphia,2016-06-20,7,13.0,Trump 1.0
Philadelphia,2016-06-21,13,14.0,Trump 1.0
Philadelphia,2016-06-22,18,15.0,Trump 1.0
Philadelphia,2016-06-23,9,14.0,Trump 1.0
Philadelphia,2016-06-24,16,14.0,Trump 1.0
Philadelphia,2016-06-26,2,13.0,Trump 1.0
Philadelphia,2016-06-27,5,10.0,Trump 1.0
Philadelphia,2016-06-28,12,11.0,Trump 1.0
Philadelphia,2016-06-29,16,11.0,Trump 1.0
Philadelphia,2016-06-30,15,11.0,Trump 1.0
Philadelphia,2016-07-01,19,12.0,Trump 1.0
Philadelphia,2016-07-05,7,11.0,Trump 1.0
Philadelphia,2016-07-06,11,12.0,Trump 1.0
Philadelphia,2016-07-07,9,13.0,Trump 1.0
Philadelphia,2016-07-08,14,13.0,Trump 1.0
Philadelphia,2016-07-11,15,13.0,Trump 1.0
Philadelphia,2016-07-12,14,13.0,Trump 1.0
Philadelphia,2016-07-13,13,12.0,Trump 1.0
Philadelphia,2016-07-14,17,13.0,Trump 1.0
Philadelphia,2016-07-15,22,15.0,Trump 1.0
Philadelphia,2016-07-18,10,15.0,Trump 1.0
Philadelphia,2016-07-19,10,14.0,Trump 1.0
Philadelphia,2016-07-20,19,15.0,Trump 1.0
Philadelphia,2016-07-21,14,15.0,Trump 1.0
Philadelphia,2016-07-22,13,15.0,Trump 1.0
Philadelphia,2016-07-24,3,13.0,Trump 1.0
Philadelphia,2016-07-25,11,11.0,Trump 1.0
Philadelphia,2016-07-26,10,11.0,Trump 1.0
Philadelphia,2016-07-27,9,11.0,Trump 1.0
Philadelphia,2016-07-28,11,10.0,Trump 1.0
Philadelphia,2016-07-29,26,12.0,Trump 1.0
Philadelphia,2016-08-01,4,11.0,Trump 1.0
Philadelphia,2016-08-02,12,12.0,Trump 1.0
Philadelphia,2016-08-03,21,13.0,Trump 1.0
Philadelphia,2016-08-04,2,12.0,Trump 1.0
Philadelphia,2016-08-05,11,12.0,Trump 1.0
Philadelphia,2016-08-08,4,11.0,Trump 1.0
Philadelphia,2016-08-09,15,10.0,Trump 1.0
Philadelphia,2016-08-10,9,11.0,Trump 1.0
Philadelphia,2016-08-11,9,10.0,Trump 1.0
Philadelphia,2016-08-12,18,10.0,Trump 1.0
Philadelphia,2016-08-13,8,11.0,Trump 1.0
Philadelphia,2016-08-14,1,9.0,Trump 1.0
Philadelphia,2016-08-15,20,11.0,Trump 1.0
Philadelphia,2016-08-16,34,14.0,Trump 1.0
Philadelphia,2016-08-17,21,16.0,Trump 1.0
Philadelphia,2016-08-18,23,18.0,Trump 1.0
Philadelphia,2016-08-19,17,18.0,Trump 1.0
Philadelphia,2016-08-21,3,17.0,Trump 1.0
Philadelphia,2016-08-22,19,20.0,Trump 1.0
Philadelphia,2016-08-23,23,20.0,Trump 1.0
Philadelphia,2016-08-24,17,18.0,Trump 1.0
Philadelphia,2016-08-25,17,17.0,Trump 1.0
Philadelphia,2016-08-26,18,16.0,Trump 1.0
Philadelphia,2016-08-29,7,15.0,Trump 1.0
Philadelphia,2016-08-30,12,16.0,Trump 1.0
Philadelphia,2016-08-31,17,16.0,Trump 1.0
Philadelphia,2016-09-01,7,14.0,Trump 1.0
Philadelphia,2016-09-02,18,14.0,Trump 1.0
Philadelphia,2016-09-06,14,13.0,Trump 1.0
Philadelphia,2016-09-07,10,12.0,Trump 1.0
Philadelphia,2016-09-08,11,13.0,Trump 1.0
Philadelphia,2016-09-09,13,13.0,Trump 1.0
Philadelphia,2016-09-11,2,11.0,Trump 1.0
Philadelphia,2016-09-12,10,11.0,Trump 1.0
Philadelphia,2016-09-13,15,11.0,Trump 1.0
Philadelphia,2016-09-14,7,10.0,Trump 1.0
Philadelphia,2016-09-15,7,9.0,Trump 1.0
Philadelphia,2016-09-16,19,10.0,Trump 1.0
Philadelphia,2016-09-19,4,9.0,Trump 1.0
Philadelphia,2016-09-20,13,11.0,Trump 1.0
Philadelphia,2016-09-21,15,11.0,Trump 1.0
Philadelphia,2016-09-22,3,10.0,Trump 1.0
Philadelphia,2016-09-23,7,10.0,Trump 1.0
Philadelphia,2016-09-24,1,9.0,Trump 1.0
Philadelphia,2016-09-26,14,8.0,Trump 1.0
Philadelphia,2016-09-27,8,9.0,Trump 1.0
Philadelphia,2016-09-28,8,8.0,Trump 1.0
Philadelphia,2016-09-29,10,7.0,Trump 1.0
Philadelphia,2016-09-30,24,10.0,Trump 1.0
Philadelphia,2016-10-02,1,9.0,Trump 1.0
Philadelphia,2016-10-03,8,10.0,Trump 1.0
Philadelphia,2016-10-04,17,11.0,Trump 1.0
Philadelphia,2016-10-05,10,11.0,Trump 1.0
Philadelphia,2016-10-06,14,12.0,Trump 1.0
Philadelphia,2016-10-07,15,13.0,Trump 1.0
Philadelphia,2016-10-10,4,10.0,Trump 1.0
Philadelphia,2016-10-11,11,11.0,Trump 1.0
Philadelphia,2016-10-12,15,12.0,Trump 1.0
Philadelphia,2016-10-13,13,12.0,Trump 1.0
Philadelphia,2016-10-14,23,14.0,Trump 1.0
Philadelphia,2016-10-16,2,12.0,Trump 1.0
Philadelphia,2016-10-17,11,11.0,Trump 1.0
Philadelphia,2016-10-18,22,14.0,Trump 1.0
Philadelphia,2016-10-19,9,14.0,Trump 1.0
Philadelphia,2016-10-20,10,13.0,Trump 1.0
Philadelphia,2016-10-21,19,14.0,Trump 1.0
Philadelphia,2016-10-23,1,11.0,Trump 1.0
Philadelphia,2016-10-24,9,12.0,Trump 1.0
Philadelphia,2016-10-25,11,12.0,Trump 1.0
Philadelphia,2016-10-26,14,10.0,Trump 1.0
Philadelphia,2016-10-27,8,10.0,Trump 1.0
Philadelphia,2016-10-28,19,12.0,Trump 1.0
Philadelphia,2016-10-31,11,10.0,Trump 1.0
Philadelphia,2016-11-01,11,12.0,Trump 1.0
Philadelphia,2016-11-02,14,13.0,Trump 1.0
Philadelphia,2016-11-03,11,13.0,Trump 1.0
Philadelphia,2016-11-04,20,13.0,Trump 1.0
Philadelphia,2016-11-07,9,14.0,Trump 1.0
Philadelphia,2016-11-08,11,12.0,Trump 1.0
Philadelphia,2016-11-09,13,13.0,Trump 1.0
Philadelphia,2016-11-10,18,14.0,Trump 1.0
Philadelphia,2016-11-14,10,13.0,Trump 1.0
Philadelphia,2016-11-15,11,13.0,Trump 1.0
Philadelphia,2016-11-16,15,12.0,Trump 1.0
Philadelphia,2016-11-17,15,13.0,Trump 1.0
Philadelphia,2016-11-18,14,14.0,Trump 1.0
Philadelphia,2016-11-21,6,13.0,Trump 1.0
Philadelphia,2016-11-22,15,12.0,Trump 1.0
Philadelphia,2016-11-23,18,13.0,Trump 1.0
Philadelphia,2016-11-25,12,14.0,Trump 1.0
Philadelphia,2016-11-26,2,12.0,Trump 1.0
Philadelphia,2016-11-28,10,11.0,Trump 1.0
Philadelphia,2016-11-29,11,11.0,Trump 1.0
Philadelphia,2016-11-30,14,12.0,Trump 1.0
Philadelphia,2016-12-01,20,12.0,Trump 1.0
Philadelphia,2016-12-02,29,14.0,Trump 1.0
Philadelphia,2016-12-05,13,14.0,Trump 1.0
Philadelphia,2016-12-06,5,15.0,Trump 1.0
Philadelphia,2016-12-07,14,15.0,Trump 1.0
Philadelphia,2016-12-08,9,15.0,Trump 1.0
Philadelphia,2016-12-09,22,16.0,Trump 1.0
Philadelphia,2016-12-11,1,13.0,Trump 1.0
Philadelphia,2016-12-12,7,10.0,Trump 1.0
Philadelphia,2016-12-13,11,10.0,Trump 1.0
Philadelphia,2016-12-14,16,11.0,Trump 1.0
Philadelphia,2016-12-15,15,12.0,Trump 1.0
Philadelphia,2016-12-16,25,14.0,Trump 1.0
Philadelphia,2016-12-19,7,12.0,Trump 1.0
Philadelphia,2016-12-20,14,14.0,Trump 1.0
Philadelphia,2016-12-21,21,16.0,Trump 1.0
Philadelphia,2016-12-22,11,16.0,Trump 1.0
Philadelphia,2016-12-23,24,17.0,Trump 1.0
Philadelphia,2016-12-27,6,15.0,Trump 1.0
Philadelphia,2016-12-28,3,12.0,Trump 1.0
Philadelphia,2016-12-29,7,12.0,Trump 1.0
Philadelphia,2016-12-30,20,13.0,Trump 1.0
Philadelphia,2017-01-03,7,11.0,Trump 1.0
Philadelphia,2017-01-04,10,11.0,Trump 1.0
Philadelphia,2017-01-05,11,9.0,Trump 1.0
Philadelphia,2017-01-06,14,10.0,Trump 1.0
Philadelphia,2017-01-09,15,12.0,Trump 1.0
Philadelphia,2017-01-10,15,13.0,Trump 1.0
Philadelphia,2017-01-11,8,11.0,Trump 1.0
Philadelphia,2017-01-12,9,12.0,Trump 1.0
Philadelphia,2017-01-13,17,13.0,Trump 1.0
Philadelphia,2017-01-17,12,13.0,Trump 1.0
Philadelphia,2017-01-18,13,13.0,Trump 1.0
Philadelphia,2017-01-19,8,12.0,Trump 1.0
Philadelphia,2017-01-20,22,13.0,Trump 1.0
Philadelphia,2017-01-22,1,12.0,Trump 1.0
Philadelphia,2017-01-23,9,12.0,Trump 1.0
Philadelphia,2017-01-24,11,11.0,Trump 1.0
Philadelphia,2017-01-25,18,12.0,Trump 1.0
Philadelphia,2017-01-26,13,12.0,Trump 1.0
Philadelphia,2017-01-27,14,13.0,Trump 1.0
Philadelphia,2017-01-30,10,11.0,Trump 1.0
Philadelphia,2017-01-31,13,13.0,Trump 1.0
Philadelphia,2017-02-01,26,15.0,Trump 1.0
Philadelphia,2017-02-02,20,16.0,Trump 1.0
Philadelphia,2017-02-03,33,18.0,Trump 1.0
Philadelphia,2017-02-05,2,17.0,Trump 1.0
Philadelphia,2017-02-06,15,17.0,Trump 1.0
Philadelphia,2017-02-07,24,19.0,Trump 1.0
Philadelphia,2017-02-08,29,21.0,Trump 1.0
Philadelphia,2017-02-09,3,18.0,Trump 1.0
Philadelphia,2017-02-10,22,18.0,Trump 1.0
Philadelphia,2017-02-11,3,14.0,Trump 1.0
Philadelphia,2017-02-12,1,14.0,Trump 1.0
Philadelphia,2017-02-13,16,14.0,Trump 1.0
Philadelphia,2017-02-14,29,15.0,Trump 1.0
Philadelphia,2017-02-15,18,13.0,Trump 1.0
Philadelphia,2017-02-16,13,15.0,Trump 1.0
Philadelphia,2017-02-17,23,15.0,Trump 1.0
Philadelphia,2017-02-18,1,14.0,Trump 1.0
Philadelphia,2017-02-19,2,15.0,Trump 1.0
Philadelphia,2017-02-21,16,15.0,Trump 1.0
Philadelphia,2017-02-22,22,14.0,Trump 1.0
Philadelphia,2017-02-23,9,12.0,Trump 1.0
Philadelphia,2017-02-24,21,13.0,Trump 1.0
Philadelphia,2017-02-25,4,11.0,Trump 1.0
Philadelphia,2017-02-26,2,11.0,Trump 1.0
Philadelphia,2017-02-27,35,16.0,Trump 1.0
Philadelphia,2017-02-28,35,18.0,Trump 1.0
Philadelphia,2017-03-01,37,20.0,Trump 1.0
Philadelphia,2017-03-02,29,23.0,Trump 1.0
Philadelphia,2017-03-03,30,25.0,Trump 1.0
Philadelphia,2017-03-05,17,26.0,Trump 1.0
Philadelphia,2017-03-06,35,31.0,Trump 1.0
Philadelphia,2017-03-07,38,32.0,Trump 1.0
Philadelphia,2017-03-08,33,31.0,Trump 1.0
Philadelphia,2017-03-09,24,29.0,Trump 1.0
Philadelphia,2017-03-10,29,29.0,Trump 1.0
Philadelphia,2017-03-11,1,25.0,Trump 1.0
Philadelphia,2017-03-12,1,23.0,Trump 1.0
Philadelphia,2017-03-13,18,21.0,Trump 1.0
Philadelphia,2017-03-14,1,15.0,Trump 1.0
Philadelphia,2017-03-15,12,12.0,Trump 1.0
Philadelphia,2017-03-16,23,12.0,Trump 1.0
Philadelphia,2017-03-17,15,10.0,Trump 1.0
Philadelphia,2017-03-20,17,12.0,Trump 1.0
Philadelphia,2017-03-21,15,14.0,Trump 1.0
Philadelphia,2017-03-22,10,13.0,Trump 1.0
Philadelphia,2017-03-23,30,17.0,Trump 1.0
Philadelphia,2017-03-24,24,19.0,Trump 1.0
Philadelphia,2017-03-25,1,16.0,Trump 1.0
Philadelphia,2017-03-26,1,14.0,Trump 1.0
Philadelphia,2017-03-27,17,14.0,Trump 1.0
Philadelphia,2017-03-28,23,15.0,Trump 1.0
Philadelphia,2017-03-29,15,16.0,Trump 1.0
Philadelphia,2017-03-30,24,15.0,Trump 1.0
Philadelphia,2017-03-31,19,14.0,Trump 1.0
Philadelphia,2017-04-02,2,14.0,Trump 1.0
Philadelphia,2017-04-03,10,16.0,Trump 1.0
Philadelphia,2017-04-04,10,15.0,Trump 1.0
Philadelphia,2017-04-05,31,16.0,Trump 1.0
Philadelphia,2017-04-06,16,16.0,Trump 1.0
Philadelphia,2017-04-07,24,16.0,Trump 1.0
Philadelphia,2017-04-09,3,14.0,Trump 1.0
Philadelphia,2017-04-10,19,16.0,Trump 1.0
Philadelphia,2017-04-11,18,17.0,Trump 1.0
Philadelphia,2017-04-12,20,19.0,Trump 1.0
Philadelphia,2017-04-13,23,18.0,Trump 1.0
Philadelphia,2017-04-14,24,19.0,Trump 1.0
Philadelphia,2017-04-16,4,16.0,Trump 1.0
Philadelphia,2017-04-17,21,18.0,Trump 1.0
Philadelphia,2017-04-18,21,19.0,Trump 1.0
Philadelphia,2017-04-19,31,21.0,Trump 1.0
Philadelphia,2017-04-20,24,21.0,Trump 1.0
Philadelphia,2017-04-21,31,22.0,Trump 1.0
Philadelphia,2017-04-22,4,19.0,Trump 1.0
Philadelphia,2017-04-23,2,19.0,Trump 1.0
Philadelphia,2017-04-24,14,18.0,Trump 1.0
Philadelphia,2017-04-25,24,19.0,Trump 1.0
Philadelphia,2017-04-26,43,20.0,Trump 1.0
Philadelphia,2017-04-27,9,18.0,Trump 1.0
Philadelphia,2017-04-28,12,15.0,Trump 1.0
Philadelphia,2017-05-01,16,17.0,Trump 1.0
Philadelphia,2017-05-02,21,20.0,Trump 1.0
Philadelphia,2017-05-03,16,20.0,Trump 1.0
Philadelphia,2017-05-04,16,19.0,Trump 1.0
Philadelphia,2017-05-05,23,16.0,Trump 1.0
Philadelphia,2017-05-08,14,17.0,Trump 1.0
Philadelphia,2017-05-09,16,17.0,Trump 1.0
Philadelphia,2017-05-10,17,18.0,Trump 1.0
Philadelphia,2017-05-11,19,17.0,Trump 1.0
Philadelphia,2017-05-12,19,18.0,Trump 1.0
Philadelphia,2017-05-13,1,16.0,Trump 1.0
Philadelphia,2017-05-15,42,18.0,Trump 1.0
Philadelphia,2017-05-16,34,21.0,Trump 1.0
Philadelphia,2017-05-17,49,26.0,Trump 1.0
Philadelphia,2017-05-18,14,25.0,Trump 1.0
Philadelphia,2017-05-19,39,28.0,Trump 1.0
Philadelphia,2017-05-20,5,26.0,Trump 1.0
Philadelphia,2017-05-21,7,27.0,Trump 1.0
Philadelphia,2017-05-22,9,22.0,Trump 1.0
Philadelphia,2017-05-23,28,22.0,Trump 1.0
Philadelphia,2017-05-24,25,18.0,Trump 1.0
Philadelphia,2017-05-25,13,18.0,Trump 1.0
Philadelphia,2017-05-26,32,17.0,Trump 1.0
Philadelphia,2017-05-28,1,16.0,Trump 1.0
Philadelphia,2017-05-29,7,16.0,Trump 1.0
Philadelphia,2017-05-30,16,17.0,Trump 1.0
Philadelphia,2017-05-31,19,16.0,Trump 1.0
Philadelphia,2017-06-01,15,15.0,Trump 1.0
Philadelphia,2017-06-02,20,16.0,Trump 1.0
Philadelphia,2017-06-05,14,13.0,Trump 1.0
Philadelphia,2017-06-06,19,16.0,Trump 1.0
Philadelphia,2017-06-07,22,18.0,Trump 1.0
Philadelphia,2017-06-08,10,17.0,Trump 1.0
Philadelphia,2017-06-09,33,19.0,Trump 1.0
Philadelphia,2017-06-12,11,18.0,Trump 1.0
Philadelphia,2017-06-13,28,20.0,Trump 1.0
Philadelphia,2017-06-14,15,20.0,Trump 1.0
Philadelphia,2017-06-15,16,19.0,Trump 1.0
Philadelphia,2017-06-16,17,19.0,Trump 1.0
Philadelphia,2017-06-18,1,17.0,Trump 1.0
Philadelphia,2017-06-19,14,15.0,Trump 1.0
Philadelphia,2017-06-20,21,16.0,Trump 1.0
Philadelphia,2017-06-21,17,14.0,Trump 1.0
Philadelphia,2017-06-22,26,16.0,Trump 1.0
Philadelphia,2017-06-23,27,18.0,Trump 1.0
Philadelphia,2017-06-24,2,15.0,Trump 1.0
Philadelphia,2017-06-26,13,17.0,Trump 1.0
Philadelphia,2017-06-27,22,18.0,Trump 1.0
Philadelphia,2017-06-28,12,17.0,Trump 1.0
Philadelphia,2017-06-29,27,18.0,Trump 1.0
Philadelphia,2017-06-30,24,18.0,Trump 1.0
Philadelphia,2017-07-03,7,15.0,Trump 1.0
Philadelphia,2017-07-05,12,17.0,Trump 1.0
Philadelphia,2017-07-06,21,18.0,Trump 1.0
Philadelphia,2017-07-07,13,17.0,Trump 1.0
Philadelphia,2017-07-08,2,15.0,Trump 1.0
Philadelphia,2017-07-09,1,11.0,Trump 1.0
Philadelphia,2017-07-10,18,11.0,Trump 1.0
Philadelphia,2017-07-11,20,12.0,Trump 1.0
Philadelphia,2017-07-12,26,14.0,Trump 1.0
Philadelphia,2017-07-13,20,14.0,Trump 1.0
Philadelphia,2017-07-14,16,15.0,Trump 1.0
Philadelphia,2017-07-15,1,15.0,Trump 1.0
Philadelphia,2017-07-16,1,15.0,Trump 1.0
Philadelphia,2017-07-17,18,15.0,Trump 1.0
Philadelphia,2017-07-18,23,15.0,Trump 1.0
Philadelphia,2017-07-19,29,15.0,Trump 1.0
Philadelphia,2017-07-20,13,14.0,Trump 1.0
Philadelphia,2017-07-21,40,18.0,Trump 1.0
Philadelphia,2017-07-22,2,18.0,Trump 1.0
Philadelphia,2017-07-24,17,20.0,Trump 1.0
Philadelphia,2017-07-25,25,21.0,Trump 1.0
Philadelphia,2017-07-26,16,20.0,Trump 1.0
Philadelphia,2017-07-27,20,19.0,Trump 1.0
Philadelphia,2017-07-28,17,20.0,Trump 1.0
Philadelphia,2017-07-29,1,14.0,Trump 1.0
Philadelphia,2017-07-30,4,14.0,Trump 1.0
Philadelphia,2017-07-31,21,15.0,Trump 1.0
Philadelphia,2017-08-01,29,15.0,Trump 1.0
Philadelphia,2017-08-02,14,15.0,Trump 1.0
Philadelphia,2017-08-03,22,15.0,Trump 1.0
Philadelphia,2017-08-04,48,20.0,Trump 1.0
Philadelphia,2017-08-07,10,21.0,Trump 1.0
Philadelphia,2017-08-08,10,22.0,Trump 1.0
Philadelphia,2017-08-09,20,22.0,Trump 1.0
Philadelphia,2017-08-10,12,19.0,Trump 1.0
Philadelphia,2017-08-11,22,21.0,Trump 1.0
Philadelphia,2017-08-14,16,20.0,Trump 1.0
Philadelphia,2017-08-15,20,16.0,Trump 1.0
Philadelphia,2017-08-16,16,17.0,Trump 1.0
Philadelphia,2017-08-17,11,17.0,Trump 1.0
Philadelphia,2017-08-18,26,18.0,Trump 1.0
Philadelphia,2017-08-21,12,18.0,Trump 1.0
Philadelphia,2017-08-22,27,18.0,Trump 1.0
Philadelphia,2017-08-23,13,18.0,Trump 1.0
Philadelphia,2017-08-24,23,18.0,Trump 1.0
Philadelphia,2017-08-25,30,20.0,Trump 1.0
Philadelphia,2017-08-28,19,21.0,Trump 1.0
Philadelphia,2017-08-29,19,20.0,Trump 1.0
Philadelphia,2017-08-30,16,21.0,Trump 1.0
Philadelphia,2017-08-31,13,19.0,Trump 1.0
Philadelphia,2017-09-01,26,21.0,Trump 1.0
Philadelphia,2017-09-03,1,18.0,Trump 1.0
Philadelphia,2017-09-05,11,15.0,Trump 1.0
Philadelphia,2017-09-06,19,15.0,Trump 1.0
Philadelphia,2017-09-07,22,15.0,Trump 1.0
Philadelphia,2017-09-08,17,16.0,Trump 1.0
Philadelphia,2017-09-09,3,14.0,Trump 1.0
Philadelphia,2017-09-10,3,11.0,Trump 1.0
Philadelphia,2017-09-11,13,13.0,Trump 1.0
Philadelphia,2017-09-12,22,14.0,Trump 1.0
Philadelphia,2017-09-13,26,15.0,Trump 1.0
Philadelphia,2017-09-14,17,14.0,Trump 1.0
Philadelphia,2017-09-15,20,15.0,Trump 1.0
Philadelphia,2017-09-17,7,15.0,Trump 1.0
Philadelphia,2017-09-18,34,20.0,Trump 1.0
Philadelphia,2017-09-19,23,21.0,Trump 1.0
Philadelphia,2017-09-20,27,22.0,Trump 1.0
Philadelphia,2017-09-21,14,20.0,Trump 1.0
Philadelphia,2017-09-22,22,21.0,Trump 1.0
Philadelphia,2017-09-23,2,18.0,Trump 1.0
Philadelphia,2017-09-24,26,21.0,Trump 1.0
Philadelphia,2017-09-25,28,20.0,Trump 1.0
Philadelphia,2017-09-26,45,23.0,Trump 1.0
Philadelphia,2017-09-27,32,24.0,Trump 1.0
Philadelphia,2017-09-28,9,23.0,Trump 1.0
Philadelphia,2017-09-29,19,23.0,Trump 1.0
Philadelphia,2017-09-30,1,23.0,Trump 1.0
Philadelphia,2017-10-01,2,19.0,Trump 1.0
Philadelphia,2017-10-02,11,17.0,Trump 1.0
Philadelphia,2017-10-03,31,15.0,Trump 1.0
Philadelphia,2017-10-04,25,14.0,Trump 1.0
Philadelphia,2017-10-05,21,16.0,Trump 1.0
Philadelphia,2017-10-06,29,17.0,Trump 1.0
Philadelphia,2017-10-08,3,17.0,Trump 1.0
Philadelphia,2017-10-09,2,17.0,Trump 1.0
Philadelphia,2017-10-10,23,19.0,Trump 1.0
Philadelphia,2017-10-11,25,18.0,Trump 1.0
Philadelphia,2017-10-12,38,20.0,Trump 1.0
Philadelphia,2017-10-13,16,19.0,Trump 1.0
Philadelphia,2017-10-14,2,16.0,Trump 1.0
Philadelphia,2017-10-16,11,17.0,Trump 1.0
Philadelphia,2017-10-17,27,20.0,Trump 1.0
Philadelphia,2017-10-18,22,20.0,Trump 1.0
Philadelphia,2017-10-19,15,19.0,Trump 1.0
Philadelphia,2017-10-20,30,18.0,Trump 1.0
Philadelphia,2017-10-22,1,15.0,Trump 1.0
Philadelphia,2017-10-23,18,18.0,Trump 1.0
Philadelphia,2017-10-24,19,19.0,Trump 1.0
Philadelphia,2017-10-25,25,19.0,Trump 1.0
Philadelphia,2017-10-26,19,18.0,Trump 1.0
Philadelphia,2017-10-27,27,20.0,Trump 1.0
Philadelphia,2017-10-29,1,16.0,Trump 1.0
Philadelphia,2017-10-30,10,17.0,Trump 1.0
Philadelphia,2017-10-31,28,18.0,Trump 1.0
Philadelphia,2017-11-01,30,20.0,Trump 1.0
Philadelphia,2017-11-02,19,19.0,Trump 1.0
Philadelphia,2017-11-03,37,22.0,Trump 1.0
Philadelphia,2017-11-04,1,18.0,Trump 1.0
Philadelphia,2017-11-06,11,19.0,Trump 1.0
Philadelphia,2017-11-07,31,22.0,Trump 1.0
Philadelphia,2017-11-08,18,21.0,Trump 1.0
Philadelphia,2017-11-09,39,22.0,Trump 1.0
Philadelphia,2017-11-11,1,20.0,Trump 1.0
Philadelphia,2017-11-13,11,16.0,Trump 1.0
Philadelphia,2017-11-14,18,18.0,Trump 1.0
Philadelphia,2017-11-15,19,20.0,Trump 1.0
Philadelphia,2017-11-16,18,18.0,Trump 1.0
Philadelphia,2017-11-17,21,18.0,Trump 1.0
Philadelphia,2017-11-18,3,13.0,Trump 1.0
Philadelphia,2017-11-20,11,14.0,Trump 1.0
Philadelphia,2017-11-21,19,16.0,Trump 1.0
Philadelphia,2017-11-22,20,16.0,Trump 1.0
Philadelphia,2017-11-24,10,15.0,Trump 1.0
Philadelphia,2017-11-27,19,15.0,Trump 1.0
Philadelphia,2017-11-28,32,16.0,Trump 1.0
Philadelphia,2017-11-29,25,19.0,Trump 1.0
Philadelphia,2017-11-30,19,21.0,Trump 1.0
Philadelphia,2017-12-01,37,23.0,Trump 1.0
Philadelphia,2017-12-03,4,21.0,Trump 1.0
Philadelphia,2017-12-04,12,21.0,Trump 1.0
Philadelphia,2017-12-05,26,22.0,Trump 1.0
Philadelphia,2017-12-06,19,20.0,Trump 1.0
Philadelphia,2017-12-07,27,21.0,Trump 1.0
Philadelphia,2017-12-08,27,22.0,Trump 1.0
Philadelphia,2017-12-11,22,20.0,Trump 1.0
Philadelphia,2017-12-12,19,22.0,Trump 1.0
Philadelphia,2017-12-13,10,21.0,Trump 1.0
Philadelphia,2017-12-14,13,20.0,Trump 1.0
Philadelphia,2017-12-15,25,20.0,Trump 1.0
Philadelphia,2017-12-18,23,20.0,Trump 1.0
Philadelphia,2017-12-19,12,18.0,Trump 1.0
Philadelphia,2017-12-20,16,17.0,Trump 1.0
Philadelphia,2017-12-21,23,17.0,Trump 1.0
Philadelphia,2017-12-22,18,19.0,Trump 1.0
Philadelphia,2017-12-24,1,17.0,Trump 1.0
Philadelphia,2017-12-25,2,14.0,Trump 1.0
Philadelphia,2017-12-26,3,11.0,Trump 1.0
Philadelphia,2017-12-27,9,10.0,Trump 1.0
Philadelphia,2017-12-28,12,10.0,Trump 1.0
Philadelphia,2017-12-29,14,8.0,Trump 1.0
Philadelphia,2017-12-31,2,6.0,Trump 1.0
Philadelphia,2018-01-02,18,9.0,Trump 1.0
Philadelphia,2018-01-03,7,9.0,Trump 1.0
Philadelphia,2018-01-04,10,10.0,Trump 1.0
Philadelphia,2018-01-05,28,13.0,Trump 1.0
Philadelphia,2018-01-06,1,11.0,Trump 1.0
Philadelphia,2018-01-08,13,11.0,Trump 1.0
Philadelphia,2018-01-09,17,13.0,Trump 1.0
Philadelphia,2018-01-10,22,14.0,Trump 1.0
Philadelphia,2018-01-11,14,15.0,Trump 1.0
Philadelphia,2018-01-12,31,18.0,Trump 1.0
Philadelphia,2018-01-15,1,14.0,Trump 1.0
Philadelphia,2018-01-16,12,16.0,Trump 1.0
Philadelphia,2018-01-17,8,15.0,Trump 1.0
Philadelphia,2018-01-18,10,14.0,Trump 1.0
Philadelphia,2018-01-19,33,16.0,Trump 1.0
Philadelphia,2018-01-21,2,14.0,Trump 1.0
Philadelphia,2018-01-22,15,12.0,Trump 1.0
Philadelphia,2018-01-23,37,17.0,Trump 1.0
Philadelphia,2018-01-24,27,19.0,Trump 1.0
Philadelphia,2018-01-25,15,20.0,Trump 1.0
Philadelphia,2018-01-26,33,23.0,Trump 1.0
Philadelphia,2018-01-29,23,22.0,Trump 1.0
Philadelphia,2018-01-30,18,24.0,Trump 1.0
Philadelphia,2018-01-31,27,26.0,Trump 1.0
Philadelphia,2018-02-01,37,26.0,Trump 1.0
Philadelphia,2018-02-02,21,25.0,Trump 1.0
Philadelphia,2018-02-03,3,23.0,Trump 1.0
Philadelphia,2018-02-05,12,20.0,Trump 1.0
Philadelphia,2018-02-06,13,19.0,Trump 1.0
Philadelphia,2018-02-07,13,18.0,Trump 1.0
Philadelphia,2018-02-08,11,16.0,Trump 1.0
Philadelphia,2018-02-09,39,16.0,Trump 1.0
Philadelphia,2018-02-10,4,14.0,Trump 1.0
Philadelphia,2018-02-12,12,15.0,Trump 1.0
Philadelphia,2018-02-13,24,17.0,Trump 1.0
Philadelphia,2018-02-14,22,18.0,Trump 1.0
Philadelphia,2018-02-15,14,18.0,Trump 1.0
Philadelphia,2018-02-16,37,22.0,Trump 1.0
Philadelphia,2018-02-18,2,16.0,Trump 1.0
Philadelphia,2018-02-20,23,19.0,Trump 1.0
Philadelphia,2018-02-21,25,21.0,Trump 1.0
Philadelphia,2018-02-22,32,22.0,Trump 1.0
Philadelphia,2018-02-23,31,23.0,Trump 1.0
Philadelphia,2018-02-24,2,22.0,Trump 1.0
Philadelphia,2018-02-25,2,17.0,Trump 1.0
Philadelphia,2018-02-26,7,17.0,Trump 1.0
Philadelphia,2018-02-27,15,16.0,Trump 1.0
Philadelphia,2018-02-28,37,18.0,Trump 1.0
Philadelphia,2018-03-01,16,16.0,Trump 1.0
Philadelphia,2018-03-02,22,14.0,Trump 1.0
Philadelphia,2018-03-05,19,17.0,Trump 1.0
Philadelphia,2018-03-06,26,20.0,Trump 1.0
Philadelphia,2018-03-07,4,20.0,Trump 1.0
Philadelphia,2018-03-08,13,20.0,Trump 1.0
Philadelphia,2018-03-09,22,17.0,Trump 1.0
Philadelphia,2018-03-11,2,15.0,Trump 1.0
Philadelphia,2018-03-12,16,15.0,Trump 1.0
Philadelphia,2018-03-13,31,16.0,Trump 1.0
Philadelphia,2018-03-14,32,17.0,Trump 1.0
Philadelphia,2018-03-15,19,19.0,Trump 1.0
Philadelphia,2018-03-16,26,21.0,Trump 1.0
Philadelphia,2018-03-17,3,18.0,Trump 1.0
Philadelphia,2018-03-18,1,18.0,Trump 1.0
Philadelphia,2018-03-19,22,19.0,Trump 1.0
Philadelphia,2018-03-20,11,16.0,Trump 1.0
Philadelphia,2018-03-21,13,14.0,Trump 1.0
Philadelphia,2018-03-22,9,12.0,Trump 1.0
Philadelphia,2018-03-23,25,12.0,Trump 1.0
Philadelphia,2018-03-25,1,12.0,Trump 1.0
Philadelphia,2018-03-26,10,13.0,Trump 1.0
Philadelphia,2018-03-27,17,12.0,Trump 1.0
Philadelphia,2018-03-28,17,13.0,Trump 1.0
Philadelphia,2018-03-29,19,14.0,Trump 1.0
Philadelphia,2018-03-30,13,15.0,Trump 1.0
Philadelphia,2018-04-01,1,11.0,Trump 1.0
Philadelphia,2018-04-02,10,12.0,Trump 1.0
Philadelphia,2018-04-03,19,14.0,Trump 1.0
Philadelphia,2018-04-04,30,16.0,Trump 1.0
Philadelphia,2018-04-05,15,15.0,Trump 1.0
Philadelphia,2018-04-06,16,15.0,Trump 1.0
Philadelphia,2018-04-07,2,13.0,Trump 1.0
Philadelphia,2018-04-08,1,13.0,Trump 1.0
Philadelphia,2018-04-09,14,14.0,Trump 1.0
Philadelphia,2018-04-10,22,14.0,Trump 1.0
Philadelphia,2018-04-11,29,14.0,Trump 1.0
Philadelphia,2018-04-12,23,15.0,Trump 1.0
Philadelphia,2018-04-13,21,16.0,Trump 1.0
Philadelphia,2018-04-15,1,16.0,Trump 1.0
Philadelphia,2018-04-16,4,16.0,Trump 1.0
Philadelphia,2018-04-17,26,18.0,Trump 1.0
Philadelphia,2018-04-18,21,18.0,Trump 1.0
Philadelphia,2018-04-19,16,16.0,Trump 1.0
Philadelphia,2018-04-20,34,18.0,Trump 1.0
Philadelphia,2018-04-23,11,16.0,Trump 1.0
Philadelphia,2018-04-24,26,20.0,Trump 1.0
Philadelphia,2018-04-25,15,21.0,Trump 1.0
Philadelphia,2018-04-26,13,19.0,Trump 1.0
Philadelphia,2018-04-27,21,19.0,Trump 1.0
Philadelphia,2018-04-28,1,17.0,Trump 1.0
Philadelphia,2018-04-29,3,13.0,Trump 1.0
Philadelphia,2018-04-30,21,14.0,Trump 1.0
Philadelphia,2018-05-01,16,13.0,Trump 1.0
Philadelphia,2018-05-02,16,13.0,Trump 1.0
Philadelphia,2018-05-03,17,14.0,Trump 1.0
Philadelphia,2018-05-04,20,13.0,Trump 1.0
Philadelphia,2018-05-05,2,14.0,Trump 1.0
Philadelphia,2018-05-07,9,14.0,Trump 1.0
Philadelphia,2018-05-08,13,13.0,Trump 1.0
Philadelphia,2018-05-09,30,15.0,Trump 1.0
Philadelphia,2018-05-10,15,15.0,Trump 1.0
Philadelphia,2018-05-11,20,16.0,Trump 1.0
Philadelphia,2018-05-13,1,13.0,Trump 1.0
Philadelphia,2018-05-14,17,15.0,Trump 1.0
Philadelphia,2018-05-15,31,18.0,Trump 1.0
Philadelphia,2018-05-16,19,19.0,Trump 1.0
Philadelphia,2018-05-17,15,17.0,Trump 1.0
Philadelphia,2018-05-18,29,19.0,Trump 1.0
Philadelphia,2018-05-19,7,17.0,Trump 1.0
Philadelphia,2018-05-20,5,18.0,Trump 1.0
Philadelphia,2018-05-21,14,17.0,Trump 1.0
Philadelphia,2018-05-22,22,16.0,Trump 1.0
Philadelphia,2018-05-23,19,16.0,Trump 1.0
Philadelphia,2018-05-24,18,16.0,Trump 1.0
Philadelphia,2018-05-25,23,15.0,Trump 1.0
Philadelphia,2018-05-27,3,15.0,Trump 1.0
Philadelphia,2018-05-28,6,15.0,Trump 1.0
Philadelphia,2018-05-29,12,15.0,Trump 1.0
Philadelphia,2018-05-30,21,15.0,Trump 1.0
Philadelphia,2018-05-31,14,14.0,Trump 1.0
Philadelphia,2018-06-01,13,13.0,Trump 1.0
Philadelphia,2018-06-02,1,10.0,Trump 1.0
Philadelphia,2018-06-04,16,12.0,Trump 1.0
Philadelphia,2018-06-05,15,13.0,Trump 1.0
Philadelphia,2018-06-06,19,14.0,Trump 1.0
Philadelphia,2018-06-07,26,15.0,Trump 1.0
Philadelphia,2018-06-08,16,15.0,Trump 1.0
Philadelphia,2018-06-10,1,13.0,Trump 1.0
Philadelphia,2018-06-11,19,16.0,Trump 1.0
Philadelphia,2018-06-12,13,16.0,Trump 1.0
Philadelphia,2018-06-13,12,15.0,Trump 1.0
Philadelphia,2018-06-14,9,14.0,Trump 1.0
Philadelphia,2018-06-15,21,13.0,Trump 1.0
Philadelphia,2018-06-16,1,11.0,Trump 1.0
Philadelphia,2018-06-17,1,11.0,Trump 1.0
Philadelphia,2018-06-18,23,11.0,Trump 1.0
Philadelphia,2018-06-19,21,13.0,Trump 1.0
Philadelphia,2018-06-20,18,13.0,Trump 1.0
Philadelphia,2018-06-21,22,15.0,Trump 1.0
Philadelphia,2018-06-22,25,16.0,Trump 1.0
Philadelphia,2018-06-25,18,18.0,Trump 1.0
Philadelphia,2018-06-26,26,22.0,Trump 1.0
Philadelphia,2018-06-27,16,21.0,Trump 1.0
Philadelphia,2018-06-28,14,20.0,Trump 1.0
Philadelphia,2018-06-29,30,22.0,Trump 1.0
Philadelphia,2018-07-01,1,19.0,Trump 1.0
Philadelphia,2018-07-02,8,16.0,Trump 1.0
Philadelphia,2018-07-03,16,16.0,Trump 1.0
Philadelphia,2018-07-04,1,12.0,Trump 1.0
Philadelphia,2018-07-05,10,11.0,Trump 1.0
Philadelphia,2018-07-06,13,11.0,Trump 1.0
Philadelphia,2018-07-07,1,7.0,Trump 1.0
Philadelphia,2018-07-08,2,7.0,Trump 1.0
Philadelphia,2018-07-09,15,8.0,Trump 1.0
Philadelphia,2018-07-10,14,8.0,Trump 1.0
Philadelphia,2018-07-11,31,12.0,Trump 1.0
Philadelphia,2018-07-12,6,12.0,Trump 1.0
Philadelphia,2018-07-13,21,13.0,Trump 1.0
Philadelphia,2018-07-14,2,13.0,Trump 1.0
Philadelphia,2018-07-15,2,13.0,Trump 1.0
Philadelphia,2018-07-16,14,13.0,Trump 1.0
Philadelphia,2018-07-17,11,12.0,Trump 1.0
Philadelphia,2018-07-18,18,11.0,Trump 1.0
Philadelphia,2018-07-19,14,12.0,Trump 1.0
Philadelphia,2018-07-20,34,14.0,Trump 1.0
Philadelphia,2018-07-21,2,14.0,Trump 1.0
Philadelphia,2018-07-22,2,14.0,Trump 1.0
Philadelphia,2018-07-23,15,14.0,Trump 1.0
Philadelphia,2018-07-24,13,14.0,Trump 1.0
Philadelphia,2018-07-25,15,14.0,Trump 1.0
Philadelphia,2018-07-26,19,14.0,Trump 1.0
Philadelphia,2018-07-27,21,12.0,Trump 1.0
Philadelphia,2018-07-29,1,12.0,Trump 1.0
Philadelphia,2018-07-30,23,15.0,Trump 1.0
Philadelphia,2018-07-31,19,16.0,Trump 1.0
Philadelphia,2018-08-01,14,16.0,Trump 1.0
Philadelphia,2018-08-02,14,16.0,Trump 1.0
Philadelphia,2018-08-03,26,17.0,Trump 1.0
Philadelphia,2018-08-04,4,14.0,Trump 1.0
Philadelphia,2018-08-05,1,14.0,Trump 1.0
Philadelphia,2018-08-06,12,13.0,Trump 1.0
Philadelphia,2018-08-07,20,13.0,Trump 1.0
Philadelphia,2018-08-08,21,14.0,Trump 1.0
Philadelphia,2018-08-09,14,14.0,Trump 1.0
Philadelphia,2018-08-10,18,13.0,Trump 1.0
Philadelphia,2018-08-12,2,13.0,Trump 1.0
Philadelphia,2018-08-13,12,14.0,Trump 1.0
Philadelphia,2018-08-14,19,15.0,Trump 1.0
Philadelphia,2018-08-15,20,15.0,Trump 1.0
Philadelphia,2018-08-16,10,14.0,Trump 1.0
Philadelphia,2018-08-17,23,15.0,Trump 1.0
Philadelphia,2018-08-18,1,12.0,Trump 1.0
Philadelphia,2018-08-19,1,12.0,Trump 1.0
Philadelphia,2018-08-20,12,12.0,Trump 1.0
Philadelphia,2018-08-21,20,12.0,Trump 1.0
Philadelphia,2018-08-22,18,12.0,Trump 1.0
Philadelphia,2018-08-23,13,13.0,Trump 1.0
Philadelphia,2018-08-24,22,12.0,Trump 1.0
Philadelphia,2018-08-25,1,12.0,Trump 1.0
Philadelphia,2018-08-26,2,13.0,Trump 1.0
Philadelphia,2018-08-27,21,14.0,Trump 1.0
Philadelphia,2018-08-28,29,15.0,Trump 1.0
Philadelphia,2018-08-29,21,16.0,Trump 1.0
Philadelphia,2018-08-30,14,16.0,Trump 1.0
Philadelphia,2018-08-31,22,16.0,Trump 1.0
Philadelphia,2018-09-03,1,16.0,Trump 1.0
Philadelphia,2018-09-04,17,18.0,Trump 1.0
Philadelphia,2018-09-05,18,17.0,Trump 1.0
Philadelphia,2018-09-06,23,17.0,Trump 1.0
Philadelphia,2018-09-07,24,17.0,Trump 1.0
Philadelphia,2018-09-08,1,15.0,Trump 1.0
Philadelphia,2018-09-09,2,12.0,Trump 1.0
Philadelphia,2018-09-10,17,15.0,Trump 1.0
Philadelphia,2018-09-11,15,14.0,Trump 1.0
Philadelphia,2018-09-12,13,14.0,Trump 1.0
Philadelphia,2018-09-13,17,13.0,Trump 1.0
Philadelphia,2018-09-14,19,12.0,Trump 1.0
Philadelphia,2018-09-17,13,14.0,Trump 1.0
Philadelphia,2018-09-18,20,16.0,Trump 1.0
Philadelphia,2018-09-19,16,16.0,Trump 1.0
Philadelphia,2018-09-20,22,17.0,Trump 1.0
Philadelphia,2018-09-21,19,18.0,Trump 1.0
Philadelphia,2018-09-23,4,16.0,Trump 1.0
Philadelphia,2018-09-24,14,15.0,Trump 1.0
Philadelphia,2018-09-25,20,16.0,Trump 1.0
Philadelphia,2018-09-26,18,16.0,Trump 1.0
Philadelphia,2018-09-27,13,16.0,Trump 1.0
Philadelphia,2018-09-28,17,15.0,Trump 1.0
Philadelphia,2018-09-30,2,13.0,Trump 1.0
Phoenix,2015-10-01,21,15.0,Trump 1.0
Phoenix,2015-10-02,28,17.0,Trump 1.0
Phoenix,2015-10-03,11,16.0,Trump 1.0
Phoenix,2015-10-04,9,14.0,Trump 1.0
Phoenix,2015-10-05,14,15.0,Trump 1.0
Phoenix,2015-10-06,25,16.0,Trump 1.0
Phoenix,2015-10-07,28,19.0,Trump 1.0
Phoenix,2015-10-08,34,21.0,Trump 1.0
Phoenix,2015-10-09,20,20.0,Trump 1.0
Phoenix,2015-10-10,11,20.0,Trump 1.0
Phoenix,2015-10-11,8,20.0,Trump 1.0
Phoenix,2015-10-12,22,21.0,Trump 1.0
Phoenix,2015-10-13,22,21.0,Trump 1.0
Phoenix,2015-10-14,27,21.0,Trump 1.0
Phoenix,2015-10-15,26,19.0,Trump 1.0
Phoenix,2015-10-16,18,19.0,Trump 1.0
Phoenix,2015-10-17,21,21.0,Trump 1.0
Phoenix,2015-10-18,8,21.0,Trump 1.0
Phoenix,2015-10-19,9,19.0,Trump 1.0
Phoenix,2015-10-20,18,18.0,Trump 1.0
Phoenix,2015-10-21,18,17.0,Trump 1.0
Phoenix,2015-10-22,32,18.0,Trump 1.0
Phoenix,2015-10-23,20,18.0,Trump 1.0
Phoenix,2015-10-24,10,16.0,Trump 1.0
Phoenix,2015-10-25,8,16.0,Trump 1.0
Phoenix,2015-10-26,16,17.0,Trump 1.0
Phoenix,2015-10-27,17,17.0,Trump 1.0
Phoenix,2015-10-28,19,17.0,Trump 1.0
Phoenix,2015-10-29,21,16.0,Trump 1.0
Phoenix,2015-10-30,32,18.0,Trump 1.0
Phoenix,2015-10-31,5,17.0,Trump 1.0
Phoenix,2015-11-01,9,17.0,Trump 1.0
Phoenix,2015-11-02,20,18.0,Trump 1.0
Phoenix,2015-11-03,20,18.0,Trump 1.0
Phoenix,2015-11-04,32,20.0,Trump 1.0
Phoenix,2015-11-05,19,20.0,Trump 1.0
Phoenix,2015-11-06,17,17.0,Trump 1.0
Phoenix,2015-11-07,8,18.0,Trump 1.0
Phoenix,2015-11-08,6,17.0,Trump 1.0
Phoenix,2015-11-09,14,17.0,Trump 1.0
Phoenix,2015-11-10,11,15.0,Trump 1.0
Phoenix,2015-11-11,14,13.0,Trump 1.0
Phoenix,2015-11-12,11,12.0,Trump 1.0
Phoenix,2015-11-13,25,13.0,Trump 1.0
Phoenix,2015-11-14,4,12.0,Trump 1.0
Phoenix,2015-11-15,7,12.0,Trump 1.0
Phoenix,2015-11-16,9,12.0,Trump 1.0
Phoenix,2015-11-17,13,12.0,Trump 1.0
Phoenix,2015-11-18,23,13.0,Trump 1.0
Phoenix,2015-11-19,19,14.0,Trump 1.0
Phoenix,2015-11-20,14,13.0,Trump 1.0
Phoenix,2015-11-21,9,13.0,Trump 1.0
Phoenix,2015-11-22,8,14.0,Trump 1.0
Phoenix,2015-11-23,12,14.0,Trump 1.0
Phoenix,2015-11-24,17,15.0,Trump 1.0
Phoenix,2015-11-25,15,13.0,Trump 1.0
Phoenix,2015-11-26,6,12.0,Trump 1.0
Phoenix,2015-11-27,6,10.0,Trump 1.0
Phoenix,2015-11-28,4,10.0,Trump 1.0
Phoenix,2015-11-29,6,9.0,Trump 1.0
Phoenix,2015-11-30,8,9.0,Trump 1.0
Phoenix,2015-12-01,36,12.0,Trump 1.0
Phoenix,2015-12-02,21,12.0,Trump 1.0
Phoenix,2015-12-03,20,14.0,Trump 1.0
Phoenix,2015-12-04,17,16.0,Trump 1.0
Phoenix,2015-12-05,18,18.0,Trump 1.0
Phoenix,2015-12-06,15,19.0,Trump 1.0
Phoenix,2015-12-07,15,20.0,Trump 1.0
Phoenix,2015-12-08,15,17.0,Trump 1.0
Phoenix,2015-12-09,18,17.0,Trump 1.0
Phoenix,2015-12-10,23,17.0,Trump 1.0
Phoenix,2015-12-11,17,17.0,Trump 1.0
Phoenix,2015-12-12,14,17.0,Trump 1.0
Phoenix,2015-12-13,4,15.0,Trump 1.0
Phoenix,2015-12-14,5,14.0,Trump 1.0
Phoenix,2015-12-15,26,15.0,Trump 1.0
Phoenix,2015-12-16,16,15.0,Trump 1.0
Phoenix,2015-12-17,25,15.0,Trump 1.0
Phoenix,2015-12-18,26,17.0,Trump 1.0
Phoenix,2015-12-19,11,16.0,Trump 1.0
Phoenix,2015-12-20,9,17.0,Trump 1.0
Phoenix,2015-12-21,14,18.0,Trump 1.0
Phoenix,2015-12-22,7,15.0,Trump 1.0
Phoenix,2015-12-23,19,16.0,Trump 1.0
Phoenix,2015-12-24,9,14.0,Trump 1.0
Phoenix,2015-12-25,11,11.0,Trump 1.0
Phoenix,2015-12-26,6,11.0,Trump 1.0
Phoenix,2015-12-27,5,10.0,Trump 1.0
Phoenix,2015-12-28,8,9.0,Trump 1.0
Phoenix,2015-12-29,10,10.0,Trump 1.0
Phoenix,2015-12-30,18,10.0,Trump 1.0
Phoenix,2015-12-31,10,10.0,Trump 1.0
Phoenix,2016-01-01,16,10.0,Trump 1.0
Phoenix,2016-01-02,5,10.0,Trump 1.0
Phoenix,2016-01-03,10,11.0,Trump 1.0
Phoenix,2016-01-04,8,11.0,Trump 1.0
Phoenix,2016-01-05,9,11.0,Trump 1.0
Phoenix,2016-01-06,23,12.0,Trump 1.0
Phoenix,2016-01-07,18,13.0,Trump 1.0
Phoenix,2016-01-08,17,13.0,Trump 1.0
Phoenix,2016-01-09,11,14.0,Trump 1.0
Phoenix,2016-01-10,8,13.0,Trump 1.0
Phoenix,2016-01-11,15,14.0,Trump 1.0
Phoenix,2016-01-12,9,14.0,Trump 1.0
Phoenix,2016-01-13,20,14.0,Trump 1.0
Phoenix,2016-01-14,13,13.0,Trump 1.0
Phoenix,2016-01-15,12,13.0,Trump 1.0
Phoenix,2016-01-16,11,13.0,Trump 1.0
Phoenix,2016-01-17,11,13.0,Trump 1.0
Phoenix,2016-01-18,14,13.0,Trump 1.0
Phoenix,2016-01-19,19,14.0,Trump 1.0
Phoenix,2016-01-20,14,13.0,Trump 1.0
Phoenix,2016-01-21,14,14.0,Trump 1.0
Phoenix,2016-01-22,18,14.0,Trump 1.0
Phoenix,2016-01-23,7,14.0,Trump 1.0
Phoenix,2016-01-24,2,13.0,Trump 1.0
Phoenix,2016-01-25,20,13.0,Trump 1.0
Phoenix,2016-01-26,11,12.0,Trump 1.0
Phoenix,2016-01-27,23,14.0,Trump 1.0
Phoenix,2016-01-28,17,14.0,Trump 1.0
Phoenix,2016-01-29,21,14.0,Trump 1.0
Phoenix,2016-01-30,10,15.0,Trump 1.0
Phoenix,2016-01-31,11,16.0,Trump 1.0
Phoenix,2016-02-01,27,17.0,Trump 1.0
Phoenix,2016-02-02,15,18.0,Trump 1.0
Phoenix,2016-02-03,15,17.0,Trump 1.0
Phoenix,2016-02-04,22,17.0,Trump 1.0
Phoenix,2016-02-05,13,16.0,Trump 1.0
Phoenix,2016-02-06,13,17.0,Trump 1.0
Phoenix,2016-02-07,11,17.0,Trump 1.0
Phoenix,2016-02-08,18,15.0,Trump 1.0
Phoenix,2016-02-09,14,15.0,Trump 1.0
Phoenix,2016-02-10,21,16.0,Trump 1.0
Phoenix,2016-02-11,27,17.0,Trump 1.0
Phoenix,2016-02-12,14,17.0,Trump 1.0
Phoenix,2016-02-13,9,16.0,Trump 1.0
Phoenix,2016-02-14,8,16.0,Trump 1.0
Phoenix,2016-02-15,5,14.0,Trump 1.0
Phoenix,2016-02-16,17,14.0,Trump 1.0
Phoenix,2016-02-17,18,14.0,Trump 1.0
Phoenix,2016-02-18,24,14.0,Trump 1.0
Phoenix,2016-02-19,23,15.0,Trump 1.0
Phoenix,2016-02-20,6,14.0,Trump 1.0
Phoenix,2016-02-21,6,14.0,Trump 1.0
Phoenix,2016-02-22,9,15.0,Trump 1.0
Phoenix,2016-02-23,20,15.0,Trump 1.0
Phoenix,2016-02-24,17,15.0,Trump 1.0
Phoenix,2016-02-25,15,14.0,Trump 1.0
Phoenix,2016-02-26,29,15.0,Trump 1.0
Phoenix,2016-02-27,11,15.0,Trump 1.0
Phoenix,2016-02-28,14,16.0,Trump 1.0
Phoenix,2016-02-29,15,17.0,Trump 1.0
Phoenix,2016-03-01,12,16.0,Trump 1.0
Phoenix,2016-03-02,26,17.0,Trump 1.0
Phoenix,2016-03-03,17,18.0,Trump 1.0
Phoenix,2016-03-04,18,16.0,Trump 1.0
Phoenix,2016-03-05,7,16.0,Trump 1.0
Phoenix,2016-03-06,9,15.0,Trump 1.0
Phoenix,2016-03-07,13,15.0,Trump 1.0
Phoenix,2016-03-08,22,16.0,Trump 1.0
Phoenix,2016-03-09,18,15.0,Trump 1.0
Phoenix,2016-03-10,16,15.0,Trump 1.0
Phoenix,2016-03-11,19,15.0,Trump 1.0
Phoenix,2016-03-12,15,16.0,Trump 1.0
Phoenix,2016-03-13,8,16.0,Trump 1.0
Phoenix,2016-03-14,20,17.0,Trump 1.0
Phoenix,2016-03-15,18,16.0,Trump 1.0
Phoenix,2016-03-16,14,16.0,Trump 1.0
Phoenix,2016-03-17,21,16.0,Trump 1.0
Phoenix,2016-03-18,17,16.0,Trump 1.0
Phoenix,2016-03-19,7,15.0,Trump 1.0
Phoenix,2016-03-20,6,15.0,Trump 1.0
Phoenix,2016-03-21,12,14.0,Trump 1.0
Phoenix,2016-03-22,12,13.0,Trump 1.0
Phoenix,2016-03-23,14,13.0,Trump 1.0
Phoenix,2016-03-24,15,12.0,Trump 1.0
Phoenix,2016-03-25,9,11.0,Trump 1.0
Phoenix,2016-03-26,8,11.0,Trump 1.0
Phoenix,2016-03-27,11,12.0,Trump 1.0
Phoenix,2016-03-28,21,13.0,Trump 1.0
Phoenix,2016-03-29,16,13.0,Trump 1.0
Phoenix,2016-03-30,21,14.0,Trump 1.0
Phoenix,2016-03-31,12,14.0,Trump 1.0
Phoenix,2016-04-01,17,15.0,Trump 1.0
Phoenix,2016-04-02,11,16.0,Trump 1.0
Phoenix,2016-04-03,7,15.0,Trump 1.0
Phoenix,2016-04-04,8,13.0,Trump 1.0
Phoenix,2016-04-05,21,14.0,Trump 1.0
Phoenix,2016-04-06,21,14.0,Trump 1.0
Phoenix,2016-04-07,20,15.0,Trump 1.0
Phoenix,2016-04-08,19,15.0,Trump 1.0
Phoenix,2016-04-09,9,15.0,Trump 1.0
Phoenix,2016-04-10,8,15.0,Trump 1.0
Phoenix,2016-04-11,10,15.0,Trump 1.0
Phoenix,2016-04-12,15,15.0,Trump 1.0
Phoenix,2016-04-13,11,13.0,Trump 1.0
Phoenix,2016-04-14,15,12.0,Trump 1.0
Phoenix,2016-04-15,22,13.0,Trump 1.0
Phoenix,2016-04-16,8,13.0,Trump 1.0
Phoenix,2016-04-17,12,13.0,Trump 1.0
Phoenix,2016-04-18,10,13.0,Trump 1.0
Phoenix,2016-04-19,18,14.0,Trump 1.0
Phoenix,2016-04-20,11,14.0,Trump 1.0
Phoenix,2016-04-21,25,15.0,Trump 1.0
Phoenix,2016-04-22,21,15.0,Trump 1.0
Phoenix,2016-04-23,13,16.0,Trump 1.0
Phoenix,2016-04-24,9,15.0,Trump 1.0
Phoenix,2016-04-25,13,16.0,Trump 1.0
Phoenix,2016-04-26,11,15.0,Trump 1.0
Phoenix,2016-04-27,21,16.0,Trump 1.0
Phoenix,2016-04-28,14,15.0,Trump 1.0
Phoenix,2016-04-29,23,15.0,Trump 1.0
Phoenix,2016-04-30,5,14.0,Trump 1.0
Phoenix,2016-05-01,6,13.0,Trump 1.0
Phoenix,2016-05-02,14,13.0,Trump 1.0
Phoenix,2016-05-03,14,14.0,Trump 1.0
Phoenix,2016-05-04,14,13.0,Trump 1.0
Phoenix,2016-05-05,18,13.0,Trump 1.0
Phoenix,2016-05-06,14,12.0,Trump 1.0
Phoenix,2016-05-07,5,12.0,Trump 1.0
Phoenix,2016-05-08,12,13.0,Trump 1.0
Phoenix,2016-05-09,9,12.0,Trump 1.0
Phoenix,2016-05-10,18,13.0,Trump 1.0
Phoenix,2016-05-11,14,13.0,Trump 1.0
Phoenix,2016-05-12,19,13.0,Trump 1.0
Phoenix,2016-05-13,30,15.0,Trump 1.0
Phoenix,2016-05-14,13,16.0,Trump 1.0
Phoenix,2016-05-15,8,16.0,Trump 1.0
Phoenix,2016-05-16,6,15.0,Trump 1.0
Phoenix,2016-05-17,12,15.0,Trump 1.0
Phoenix,2016-05-18,13,14.0,Trump 1.0
Phoenix,2016-05-19,18,14.0,Trump 1.0
Phoenix,2016-05-20,25,14.0,Trump 1.0
Phoenix,2016-05-21,6,13.0,Trump 1.0
Phoenix,2016-05-22,5,12.0,Trump 1.0
Phoenix,2016-05-23,18,14.0,Trump 1.0
Phoenix,2016-05-24,12,14.0,Trump 1.0
Phoenix,2016-05-25,12,14.0,Trump 1.0
Phoenix,2016-05-26,18,14.0,Trump 1.0
Phoenix,2016-05-27,13,12.0,Trump 1.0
Phoenix,2016-05-28,13,13.0,Trump 1.0
Phoenix,2016-05-29,6,13.0,Trump 1.0
Phoenix,2016-05-30,4,11.0,Trump 1.0
Phoenix,2016-05-31,5,10.0,Trump 1.0
Phoenix,2016-06-01,15,11.0,Trump 1.0
Phoenix,2016-06-02,16,10.0,Trump 1.0
Phoenix,2016-06-03,26,12.0,Trump 1.0
Phoenix,2016-06-04,12,12.0,Trump 1.0
Phoenix,2016-06-05,9,12.0,Trump 1.0
Phoenix,2016-06-06,14,14.0,Trump 1.0
Phoenix,2016-06-07,13,15.0,Trump 1.0
Phoenix,2016-06-08,17,15.0,Trump 1.0
Phoenix,2016-06-09,22,16.0,Trump 1.0
Phoenix,2016-06-10,17,15.0,Trump 1.0
Phoenix,2016-06-11,10,15.0,Trump 1.0
Phoenix,2016-06-12,10,15.0,Trump 1.0
Phoenix,2016-06-13,10,14.0,Trump 1.0
Phoenix,2016-06-14,7,13.0,Trump 1.0
Phoenix,2016-06-15,15,13.0,Trump 1.0
Phoenix,2016-06-16,24,13.0,Trump 1.0
Phoenix,2016-06-17,21,14.0,Trump 1.0
Phoenix,2016-06-18,8,14.0,Trump 1.0
Phoenix,2016-06-19,11,14.0,Trump 1.0
Phoenix,2016-06-20,5,13.0,Trump 1.0
Phoenix,2016-06-21,13,14.0,Trump 1.0
Phoenix,2016-06-22,12,13.0,Trump 1.0
Phoenix,2016-06-23,13,12.0,Trump 1.0
Phoenix,2016-06-24,7,10.0,Trump 1.0
Phoenix,2016-06-25,13,11.0,Trump 1.0
Phoenix,2016-06-26,4,10.0,Trump 1.0
Phoenix,2016-06-27,5,10.0,Trump 1.0
Phoenix,2016-06-28,15,10.0,Trump 1.0
Phoenix,2016-06-29,13,10.0,Trump 1.0
Phoenix,2016-06-30,10,10.0,Trump 1.0
Phoenix,2016-07-01,11,10.0,Trump 1.0
Phoenix,2016-07-02,11,10.0,Trump 1.0
Phoenix,2016-07-03,6,10.0,Trump 1.0
Phoenix,2016-07-04,2,10.0,Trump 1.0
Phoenix,2016-07-05,11,9.0,Trump 1.0
Phoenix,2016-07-06,28,11.0,Trump 1.0
Phoenix,2016-07-07,22,13.0,Trump 1.0
Phoenix,2016-07-08,16,14.0,Trump 1.0
Phoenix,2016-07-09,2,12.0,Trump 1.0
Phoenix,2016-07-10,5,12.0,Trump 1.0
Phoenix,2016-07-11,17,14.0,Trump 1.0
Phoenix,2016-07-12,17,15.0,Trump 1.0
Phoenix,2016-07-13,14,13.0,Trump 1.0
Phoenix,2016-07-14,15,12.0,Trump 1.0
Phoenix,2016-07-15,14,12.0,Trump 1.0
Phoenix,2016-07-16,7,13.0,Trump 1.0
Phoenix,2016-07-17,7,13.0,Trump 1.0
Phoenix,2016-07-18,8,12.0,Trump 1.0
Phoenix,2016-07-19,13,11.0,Trump 1.0
Phoenix,2016-07-20,14,11.0,Trump 1.0
Phoenix,2016-07-21,12,11.0,Trump 1.0
Phoenix,2016-07-22,14,11.0,Trump 1.0
Phoenix,2016-07-23,7,11.0,Trump 1.0
Phoenix,2016-07-24,8,11.0,Trump 1.0
Phoenix,2016-07-25,12,11.0,Trump 1.0
Phoenix,2016-07-26,8,11.0,Trump 1.0
Phoenix,2016-07-27,19,11.0,Trump 1.0
Phoenix,2016-07-28,12,11.0,Trump 1.0
Phoenix,2016-07-29,15,12.0,Trump 1.0
Phoenix,2016-07-30,11,12.0,Trump 1.0
Phoenix,2016-07-31,10,12.0,Trump 1.0
Phoenix,2016-08-01,8,12.0,Trump 1.0
Phoenix,2016-08-02,15,13.0,Trump 1.0
Phoenix,2016-08-03,24,14.0,Trump 1.0
Phoenix,2016-08-04,14,14.0,Trump 1.0
Phoenix,2016-08-05,14,14.0,Trump 1.0
Phoenix,2016-08-06,11,14.0,Trump 1.0
Phoenix,2016-08-07,7,13.0,Trump 1.0
Phoenix,2016-08-08,9,13.0,Trump 1.0
Phoenix,2016-08-09,13,13.0,Trump 1.0
Phoenix,2016-08-10,20,13.0,Trump 1.0
Phoenix,2016-08-11,16,13.0,Trump 1.0
Phoenix,2016-08-12,10,12.0,Trump 1.0
Phoenix,2016-08-13,8,12.0,Trump 1.0
Phoenix,2016-08-14,8,12.0,Trump 1.0
Phoenix,2016-08-15,11,12.0,Trump 1.0
Phoenix,2016-08-16,17,13.0,Trump 1.0
Phoenix,2016-08-17,21,13.0,Trump 1.0
Phoenix,2016-08-18,14,13.0,Trump 1.0
Phoenix,2016-08-19,7,12.0,Trump 1.0
Phoenix,2016-08-20,13,13.0,Trump 1.0
Phoenix,2016-08-21,3,12.0,Trump 1.0
Phoenix,2016-08-22,8,12.0,Trump 1.0
Phoenix,2016-08-23,12,11.0,Trump 1.0
Phoenix,2016-08-24,18,11.0,Trump 1.0
Phoenix,2016-08-25,8,10.0,Trump 1.0
Phoenix,2016-08-26,11,10.0,Trump 1.0
Phoenix,2016-08-27,3,9.0,Trump 1.0
Phoenix,2016-08-28,8,10.0,Trump 1.0
Phoenix,2016-08-29,8,10.0,Trump 1.0
Phoenix,2016-08-30,19,11.0,Trump 1.0
Phoenix,2016-08-31,20,11.0,Trump 1.0
Phoenix,2016-09-01,25,13.0,Trump 1.0
Phoenix,2016-09-02,9,13.0,Trump 1.0
Phoenix,2016-09-03,3,13.0,Trump 1.0
Phoenix,2016-09-04,9,13.0,Trump 1.0
Phoenix,2016-09-05,3,13.0,Trump 1.0
Phoenix,2016-09-06,10,11.0,Trump 1.0
Phoenix,2016-09-07,16,11.0,Trump 1.0
Phoenix,2016-09-08,20,10.0,Trump 1.0
Phoenix,2016-09-09,20,12.0,Trump 1.0
Phoenix,2016-09-10,6,12.0,Trump 1.0
Phoenix,2016-09-11,11,12.0,Trump 1.0
Phoenix,2016-09-12,8,13.0,Trump 1.0
Phoenix,2016-09-13,20,14.0,Trump 1.0
Phoenix,2016-09-14,17,15.0,Trump 1.0
Phoenix,2016-09-15,24,15.0,Trump 1.0
Phoenix,2016-09-16,18,15.0,Trump 1.0
Phoenix,2016-09-17,8,15.0,Trump 1.0
Phoenix,2016-09-18,12,15.0,Trump 1.0
Phoenix,2016-09-19,12,16.0,Trump 1.0
Phoenix,2016-09-20,9,14.0,Trump 1.0
Phoenix,2016-09-21,13,14.0,Trump 1.0
Phoenix,2016-09-22,18,13.0,Trump 1.0
Phoenix,2016-09-23,9,12.0,Trump 1.0
Phoenix,2016-09-24,12,12.0,Trump 1.0
Phoenix,2016-09-25,9,12.0,Trump 1.0
Phoenix,2016-09-26,20,13.0,Trump 1.0
Phoenix,2016-09-27,19,14.0,Trump 1.0
Phoenix,2016-09-28,20,15.0,Trump 1.0
Phoenix,2016-09-29,12,14.0,Trump 1.0
Phoenix,2016-09-30,13,15.0,Trump 1.0
Phoenix,2016-10-01,12,15.0,Trump 1.0
Phoenix,2016-10-02,9,15.0,Trump 1.0
Phoenix,2016-10-03,12,14.0,Trump 1.0
Phoenix,2016-10-04,14,13.0,Trump 1.0
Phoenix,2016-10-05,14,12.0,Trump 1.0
Phoenix,2016-10-06,24,14.0,Trump 1.0
Phoenix,2016-10-07,14,14.0,Trump 1.0
Phoenix,2016-10-08,14,14.0,Trump 1.0
Phoenix,2016-10-09,13,15.0,Trump 1.0
Phoenix,2016-10-10,12,15.0,Trump 1.0
Phoenix,2016-10-11,16,15.0,Trump 1.0
Phoenix,2016-10-12,23,17.0,Trump 1.0
Phoenix,2016-10-13,23,16.0,Trump 1.0
Phoenix,2016-10-14,12,16.0,Trump 1.0
Phoenix,2016-10-15,10,16.0,Trump 1.0
Phoenix,2016-10-16,2,14.0,Trump 1.0
Phoenix,2016-10-17,9,14.0,Trump 1.0
Phoenix,2016-10-18,26,15.0,Trump 1.0
Phoenix,2016-10-19,37,17.0,Trump 1.0
Phoenix,2016-10-20,17,16.0,Trump 1.0
Phoenix,2016-10-21,17,17.0,Trump 1.0
Phoenix,2016-10-22,12,17.0,Trump 1.0
Phoenix,2016-10-23,6,18.0,Trump 1.0
Phoenix,2016-10-24,9,18.0,Trump 1.0
Phoenix,2016-10-25,14,16.0,Trump 1.0
Phoenix,2016-10-26,17,13.0,Trump 1.0
Phoenix,2016-10-27,29,15.0,Trump 1.0
Phoenix,2016-10-28,24,16.0,Trump 1.0
Phoenix,2016-10-29,14,16.0,Trump 1.0
Phoenix,2016-10-30,17,18.0,Trump 1.0
Phoenix,2016-10-31,17,19.0,Trump 1.0
Phoenix,2016-11-01,14,19.0,Trump 1.0
Phoenix,2016-11-02,24,20.0,Trump 1.0
Phoenix,2016-11-03,16,18.0,Trump 1.0
Phoenix,2016-11-04,14,17.0,Trump 1.0
Phoenix,2016-11-05,8,16.0,Trump 1.0
Phoenix,2016-11-06,7,14.0,Trump 1.0
Phoenix,2016-11-07,16,14.0,Trump 1.0
Phoenix,2016-11-08,17,15.0,Trump 1.0
Phoenix,2016-11-09,26,15.0,Trump 1.0
Phoenix,2016-11-10,15,15.0,Trump 1.0
Phoenix,2016-11-11,7,14.0,Trump 1.0
Phoenix,2016-11-12,4,13.0,Trump 1.0
Phoenix,2016-11-13,5,13.0,Trump 1.0
Phoenix,2016-11-14,9,12.0,Trump 1.0
Phoenix,2016-11-15,13,11.0,Trump 1.0
Phoenix,2016-11-16,20,10.0,Trump 1.0
Phoenix,2016-11-17,18,11.0,Trump 1.0
Phoenix,2016-11-18,16,12.0,Trump 1.0
Phoenix,2016-11-19,12,13.0,Trump 1.0
Phoenix,2016-11-20,14,15.0,Trump 1.0
Phoenix,2016-11-21,9,15.0,Trump 1.0
Phoenix,2016-11-22,12,14.0,Trump 1.0
Phoenix,2016-11-23,6,12.0,Trump 1.0
Phoenix,2016-11-24,16,12.0,Trump 1.0
Phoenix,2016-11-25,5,11.0,Trump 1.0
Phoenix,2016-11-26,11,10.0,Trump 1.0
Phoenix,2016-11-27,9,10.0,Trump 1.0
Phoenix,2016-11-28,16,11.0,Trump 1.0
Phoenix,2016-11-29,14,11.0,Trump 1.0
Phoenix,2016-11-30,33,15.0,Trump 1.0
Phoenix,2016-12-01,24,16.0,Trump 1.0
Phoenix,2016-12-02,7,16.0,Trump 1.0
Phoenix,2016-12-03,8,16.0,Trump 1.0
Phoenix,2016-12-04,8,16.0,Trump 1.0
Phoenix,2016-12-05,17,16.0,Trump 1.0
Phoenix,2016-12-06,18,16.0,Trump 1.0
Phoenix,2016-12-07,18,14.0,Trump 1.0
Phoenix,2016-12-08,16,13.0,Trump 1.0
Phoenix,2016-12-09,21,15.0,Trump 1.0
Phoenix,2016-12-10,22,17.0,Trump 1.0
Phoenix,2016-12-11,12,18.0,Trump 1.0
Phoenix,2016-12-12,13,17.0,Trump 1.0
Phoenix,2016-12-13,20,17.0,Trump 1.0
Phoenix,2016-12-14,10,16.0,Trump 1.0
Phoenix,2016-12-15,20,17.0,Trump 1.0
Phoenix,2016-12-16,15,16.0,Trump 1.0
Phoenix,2016-12-17,5,14.0,Trump 1.0
Phoenix,2016-12-18,14,14.0,Trump 1.0
Phoenix,2016-12-19,15,14.0,Trump 1.0
Phoenix,2016-12-20,15,13.0,Trump 1.0
Phoenix,2016-12-21,25,16.0,Trump 1.0
Phoenix,2016-12-22,10,14.0,Trump 1.0
Phoenix,2016-12-23,13,14.0,Trump 1.0
Phoenix,2016-12-24,12,15.0,Trump 1.0
Phoenix,2016-12-25,6,14.0,Trump 1.0
Phoenix,2016-12-26,8,13.0,Trump 1.0
Phoenix,2016-12-27,7,12.0,Trump 1.0
Phoenix,2016-12-28,12,10.0,Trump 1.0
Phoenix,2016-12-29,17,11.0,Trump 1.0
Phoenix,2016-12-30,13,11.0,Trump 1.0
Phoenix,2016-12-31,5,10.0,Trump 1.0
Phoenix,2017-01-01,14,11.0,Trump 1.0
Phoenix,2017-01-02,8,11.0,Trump 1.0
Phoenix,2017-01-03,6,11.0,Trump 1.0
Phoenix,2017-01-04,16,11.0,Trump 1.0
Phoenix,2017-01-05,22,12.0,Trump 1.0
Phoenix,2017-01-06,18,13.0,Trump 1.0
Phoenix,2017-01-07,13,14.0,Trump 1.0
Phoenix,2017-01-08,11,13.0,Trump 1.0
Phoenix,2017-01-09,11,14.0,Trump 1.0
Phoenix,2017-01-10,14,15.0,Trump 1.0
Phoenix,2017-01-11,18,15.0,Trump 1.0
Phoenix,2017-01-12,19,15.0,Trump 1.0
Phoenix,2017-01-13,18,15.0,Trump 1.0
Phoenix,2017-01-14,12,15.0,Trump 1.0
Phoenix,2017-01-15,18,16.0,Trump 1.0
Phoenix,2017-01-16,9,15.0,Trump 1.0
Phoenix,2017-01-17,11,15.0,Trump 1.0
Phoenix,2017-01-18,22,16.0,Trump 1.0
Phoenix,2017-01-19,21,16.0,Trump 1.0
Phoenix,2017-01-20,23,17.0,Trump 1.0
Phoenix,2017-01-21,19,18.0,Trump 1.0
Phoenix,2017-01-22,5,16.0,Trump 1.0
Phoenix,2017-01-23,13,16.0,Trump 1.0
Phoenix,2017-01-24,11,16.0,Trump 1.0
Phoenix,2017-01-25,22,16.0,Trump 1.0
Phoenix,2017-01-26,17,16.0,Trump 1.0
Phoenix,2017-01-27,24,16.0,Trump 1.0
Phoenix,2017-01-28,13,15.0,Trump 1.0
Phoenix,2017-01-29,10,16.0,Trump 1.0
Phoenix,2017-01-30,17,16.0,Trump 1.0
Phoenix,2017-01-31,15,17.0,Trump 1.0
Phoenix,2017-02-01,29,18.0,Trump 1.0
Phoenix,2017-02-02,25,19.0,Trump 1.0
Phoenix,2017-02-03,17,18.0,Trump 1.0
Phoenix,2017-02-04,9,17.0,Trump 1.0
Phoenix,2017-02-05,11,18.0,Trump 1.0
Phoenix,2017-02-06,14,17.0,Trump 1.0
Phoenix,2017-02-07,27,19.0,Trump 1.0
Phoenix,2017-02-08,22,18.0,Trump 1.0
Phoenix,2017-02-09,22,17.0,Trump 1.0
Phoenix,2017-02-10,28,19.0,Trump 1.0
Phoenix,2017-02-11,15,20.0,Trump 1.0
Phoenix,2017-02-12,10,20.0,Trump 1.0
Phoenix,2017-02-13,15,20.0,Trump 1.0
Phoenix,2017-02-14,22,19.0,Trump 1.0
Phoenix,2017-02-15,30,20.0,Trump 1.0
Phoenix,2017-02-16,23,20.0,Trump 1.0
Phoenix,2017-02-17,18,19.0,Trump 1.0
Phoenix,2017-02-18,11,18.0,Trump 1.0
Phoenix,2017-02-19,6,18.0,Trump 1.0
Phoenix,2017-02-20,9,17.0,Trump 1.0
Phoenix,2017-02-21,8,15.0,Trump 1.0
Phoenix,2017-02-22,7,12.0,Trump 1.0
Phoenix,2017-02-23,11,10.0,Trump 1.0
Phoenix,2017-02-24,8,9.0,Trump 1.0
Phoenix,2017-02-25,18,10.0,Trump 1.0
Phoenix,2017-02-26,18,11.0,Trump 1.0
Phoenix,2017-02-27,22,13.0,Trump 1.0
Phoenix,2017-02-28,25,16.0,Trump 1.0
Phoenix,2017-03-01,26,18.0,Trump 1.0
Phoenix,2017-03-02,19,19.0,Trump 1.0
Phoenix,2017-03-03,22,21.0,Trump 1.0
Phoenix,2017-03-04,13,21.0,Trump 1.0
Phoenix,2017-03-05,18,21.0,Trump 1.0
Phoenix,2017-03-06,29,22.0,Trump 1.0
Phoenix,2017-03-07,18,21.0,Trump 1.0
Phoenix,2017-03-08,24,20.0,Trump 1.0
Phoenix,2017-03-09,25,21.0,Trump 1.0
Phoenix,2017-03-10,15,20.0,Trump 1.0
Phoenix,2017-03-11,17,21.0,Trump 1.0
Phoenix,2017-03-12,15,20.0,Trump 1.0
Phoenix,2017-03-13,20,19.0,Trump 1.0
Phoenix,2017-03-14,13,18.0,Trump 1.0
Phoenix,2017-03-15,10,16.0,Trump 1.0
Phoenix,2017-03-16,12,15.0,Trump 1.0
Phoenix,2017-03-17,14,14.0,Trump 1.0
Phoenix,2017-03-18,16,14.0,Trump 1.0
Phoenix,2017-03-19,13,14.0,Trump 1.0
Phoenix,2017-03-20,9,12.0,Trump 1.0
Phoenix,2017-03-21,14,13.0,Trump 1.0
Phoenix,2017-03-22,18,14.0,Trump 1.0
Phoenix,2017-03-23,12,14.0,Trump 1.0
Phoenix,2017-03-24,20,15.0,Trump 1.0
Phoenix,2017-03-25,15,14.0,Trump 1.0
Phoenix,2017-03-26,12,14.0,Trump 1.0
Phoenix,2017-03-27,18,16.0,Trump 1.0
Phoenix,2017-03-28,19,16.0,Trump 1.0
Phoenix,2017-03-29,21,17.0,Trump 1.0
Phoenix,2017-03-30,21,18.0,Trump 1.0
Phoenix,2017-03-31,16,17.0,Trump 1.0
Phoenix,2017-04-01,10,17.0,Trump 1.0
Phoenix,2017-04-02,11,17.0,Trump 1.0
Phoenix,2017-04-03,9,15.0,Trump 1.0
Phoenix,2017-04-04,33,17.0,Trump 1.0
Phoenix,2017-04-05,29,18.0,Trump 1.0
Phoenix,2017-04-06,25,19.0,Trump 1.0
Phoenix,2017-04-07,17,19.0,Trump 1.0
Phoenix,2017-04-08,20,21.0,Trump 1.0
Phoenix,2017-04-09,15,21.0,Trump 1.0
Phoenix,2017-04-10,9,21.0,Trump 1.0
Phoenix,2017-04-11,20,19.0,Trump 1.0
Phoenix,2017-04-12,14,17.0,Trump 1.0
Phoenix,2017-04-13,15,16.0,Trump 1.0
Phoenix,2017-04-14,12,15.0,Trump 1.0
Phoenix,2017-04-15,7,13.0,Trump 1.0
Phoenix,2017-04-16,15,13.0,Trump 1.0
Phoenix,2017-04-17,22,15.0,Trump 1.0
Phoenix,2017-04-18,15,14.0,Trump 1.0
Phoenix,2017-04-19,23,16.0,Trump 1.0
Phoenix,2017-04-20,8,15.0,Trump 1.0
Phoenix,2017-04-21,18,15.0,Trump 1.0
Phoenix,2017-04-22,8,16.0,Trump 1.0
Phoenix,2017-04-23,11,15.0,Trump 1.0
Phoenix,2017-04-24,20,15.0,Trump 1.0
Phoenix,2017-04-25,23,16.0,Trump 1.0
Phoenix,2017-04-26,22,16.0,Trump 1.0
Phoenix,2017-04-27,18,17.0,Trump 1.0
Phoenix,2017-04-28,12,16.0,Trump 1.0
Phoenix,2017-04-29,6,16.0,Trump 1.0
Phoenix,2017-04-30,15,17.0,Trump 1.0
Phoenix,2017-05-01,15,16.0,Trump 1.0
Phoenix,2017-05-02,25,16.0,Trump 1.0
Phoenix,2017-05-03,21,16.0,Trump 1.0
Phoenix,2017-05-04,25,17.0,Trump 1.0
Phoenix,2017-05-05,13,17.0,Trump 1.0
Phoenix,2017-05-06,15,18.0,Trump 1.0
Phoenix,2017-05-07,16,19.0,Trump 1.0
Phoenix,2017-05-08,15,19.0,Trump 1.0
Phoenix,2017-05-09,15,17.0,Trump 1.0
Phoenix,2017-05-10,22,17.0,Trump 1.0
Phoenix,2017-05-11,21,17.0,Trump 1.0
Phoenix,2017-05-12,22,18.0,Trump 1.0
Phoenix,2017-05-13,11,17.0,Trump 1.0
Phoenix,2017-05-14,6,16.0,Trump 1.0
Phoenix,2017-05-15,19,17.0,Trump 1.0
Phoenix,2017-05-16,18,17.0,Trump 1.0
Phoenix,2017-05-17,18,16.0,Trump 1.0
Phoenix,2017-05-18,19,16.0,Trump 1.0
Phoenix,2017-05-19,20,16.0,Trump 1.0
Phoenix,2017-05-20,16,17.0,Trump 1.0
Phoenix,2017-05-21,10,17.0,Trump 1.0
Phoenix,2017-05-22,20,17.0,Trump 1.0
Phoenix,2017-05-23,20,18.0,Trump 1.0
Phoenix,2017-05-24,13,17.0,Trump 1.0
Phoenix,2017-05-25,13,16.0,Trump 1.0
Phoenix,2017-05-26,13,15.0,Trump 1.0
Phoenix,2017-05-27,16,15.0,Trump 1.0
Phoenix,2017-05-28,13,15.0,Trump 1.0
Phoenix,2017-05-29,16,15.0,Trump 1.0
Phoenix,2017-05-30,17,14.0,Trump 1.0
Phoenix,2017-05-31,24,16.0,Trump 1.0
Phoenix,2017-06-01,26,18.0,Trump 1.0
Phoenix,2017-06-02,25,20.0,Trump 1.0
Phoenix,2017-06-03,12,19.0,Trump 1.0
Phoenix,2017-06-04,12,19.0,Trump 1.0
Phoenix,2017-06-05,25,20.0,Trump 1.0
Phoenix,2017-06-06,26,21.0,Trump 1.0
Phoenix,2017-06-07,28,22.0,Trump 1.0
Phoenix,2017-06-08,27,22.0,Trump 1.0
Phoenix,2017-06-09,10,20.0,Trump 1.0
Phoenix,2017-06-10,11,20.0,Trump 1.0
Phoenix,2017-06-11,10,20.0,Trump 1.0
Phoenix,2017-06-12,20,19.0,Trump 1.0
Phoenix,2017-06-13,25,19.0,Trump 1.0
Phoenix,2017-06-14,22,18.0,Trump 1.0
Phoenix,2017-06-15,26,18.0,Trump 1.0
Phoenix,2017-06-16,31,21.0,Trump 1.0
Phoenix,2017-06-17,7,20.0,Trump 1.0
Phoenix,2017-06-18,6,20.0,Trump 1.0
Phoenix,2017-06-19,20,20.0,Trump 1.0
Phoenix,2017-06-20,22,19.0,Trump 1.0
Phoenix,2017-06-21,26,20.0,Trump 1.0
Phoenix,2017-06-22,21,19.0,Trump 1.0
Phoenix,2017-06-23,17,17.0,Trump 1.0
Phoenix,2017-06-24,10,17.0,Trump 1.0
Phoenix,2017-06-25,10,18.0,Trump 1.0
Phoenix,2017-06-26,15,17.0,Trump 1.0
Phoenix,2017-06-27,24,18.0,Trump 1.0
Phoenix,2017-06-28,22,17.0,Trump 1.0
Phoenix,2017-06-29,26,18.0,Trump 1.0
Phoenix,2017-06-30,25,19.0,Trump 1.0
Phoenix,2017-07-01,15,20.0,Trump 1.0
Phoenix,2017-07-02,10,20.0,Trump 1.0
Phoenix,2017-07-03,26,21.0,Trump 1.0
Phoenix,2017-07-04,23,21.0,Trump 1.0
Phoenix,2017-07-05,13,20.0,Trump 1.0
Phoenix,2017-07-06,15,18.0,Trump 1.0
Phoenix,2017-07-07,36,20.0,Trump 1.0
Phoenix,2017-07-08,11,19.0,Trump 1.0
Phoenix,2017-07-09,10,19.0,Trump 1.0
Phoenix,2017-07-10,19,18.0,Trump 1.0
Phoenix,2017-07-11,23,18.0,Trump 1.0
Phoenix,2017-07-12,24,20.0,Trump 1.0
Phoenix,2017-07-13,14,20.0,Trump 1.0
Phoenix,2017-07-14,15,17.0,Trump 1.0
Phoenix,2017-07-15,6,16.0,Trump 1.0
Phoenix,2017-07-16,16,17.0,Trump 1.0
Phoenix,2017-07-17,26,18.0,Trump 1.0
Phoenix,2017-07-18,24,18.0,Trump 1.0
Phoenix,2017-07-19,21,17.0,Trump 1.0
Phoenix,2017-07-20,16,18.0,Trump 1.0
Phoenix,2017-07-21,24,19.0,Trump 1.0
Phoenix,2017-07-22,9,19.0,Trump 1.0
Phoenix,2017-07-23,26,21.0,Trump 1.0
Phoenix,2017-07-24,42,23.0,Trump 1.0
Phoenix,2017-07-25,27,24.0,Trump 1.0
Phoenix,2017-07-26,36,26.0,Trump 1.0
Phoenix,2017-07-27,13,25.0,Trump 1.0
Phoenix,2017-07-28,20,25.0,Trump 1.0
Phoenix,2017-07-29,17,26.0,Trump 1.0
Phoenix,2017-07-30,11,24.0,Trump 1.0
Phoenix,2017-07-31,23,21.0,Trump 1.0
Phoenix,2017-08-01,21,20.0,Trump 1.0
Phoenix,2017-08-02,18,18.0,Trump 1.0
Phoenix,2017-08-03,13,18.0,Trump 1.0
Phoenix,2017-08-04,17,17.0,Trump 1.0
Phoenix,2017-08-05,14,17.0,Trump 1.0
Phoenix,2017-08-06,11,17.0,Trump 1.0
Phoenix,2017-08-07,27,17.0,Trump 1.0
Phoenix,2017-08-08,22,17.0,Trump 1.0
Phoenix,2017-08-09,18,17.0,Trump 1.0
Phoenix,2017-08-10,19,18.0,Trump 1.0
Phoenix,2017-08-11,32,20.0,Trump 1.0
Phoenix,2017-08-12,17,21.0,Trump 1.0
Phoenix,2017-08-13,14,21.0,Trump 1.0
Phoenix,2017-08-14,18,20.0,Trump 1.0
Phoenix,2017-08-15,30,21.0,Trump 1.0
Phoenix,2017-08-16,22,22.0,Trump 1.0
Phoenix,2017-08-17,30,23.0,Trump 1.0
Phoenix,2017-08-18,32,23.0,Trump 1.0
Phoenix,2017-08-19,9,22.0,Trump 1.0
Phoenix,2017-08-20,16,22.0,Trump 1.0
Phoenix,2017-08-21,16,22.0,Trump 1.0
Phoenix,2017-08-22,17,20.0,Trump 1.0
Phoenix,2017-08-23,27,21.0,Trump 1.0
Phoenix,2017-08-24,21,20.0,Trump 1.0
Phoenix,2017-08-25,17,18.0,Trump 1.0
Phoenix,2017-08-26,13,18.0,Trump 1.0
Phoenix,2017-08-27,13,18.0,Trump 1.0
Phoenix,2017-08-28,20,18.0,Trump 1.0
Phoenix,2017-08-29,20,19.0,Trump 1.0
Phoenix,2017-08-30,16,17.0,Trump 1.0
Phoenix,2017-08-31,18,17.0,Trump 1.0
Phoenix,2017-09-01,26,18.0,Trump 1.0
Phoenix,2017-09-02,13,18.0,Trump 1.0
Phoenix,2017-09-03,16,18.0,Trump 1.0
Phoenix,2017-09-04,12,17.0,Trump 1.0
Phoenix,2017-09-05,9,16.0,Trump 1.0
Phoenix,2017-09-06,19,16.0,Trump 1.0
Phoenix,2017-09-07,20,16.0,Trump 1.0
Phoenix,2017-09-08,19,15.0,Trump 1.0
Phoenix,2017-09-09,15,16.0,Trump 1.0
Phoenix,2017-09-10,3,14.0,Trump 1.0
Phoenix,2017-09-11,17,15.0,Trump 1.0
Phoenix,2017-09-12,19,16.0,Trump 1.0
Phoenix,2017-09-13,12,15.0,Trump 1.0
Phoenix,2017-09-14,14,14.0,Trump 1.0
Phoenix,2017-09-15,21,14.0,Trump 1.0
Phoenix,2017-09-16,9,14.0,Trump 1.0
Phoenix,2017-09-17,18,16.0,Trump 1.0
Phoenix,2017-09-18,21,16.0,Trump 1.0
Phoenix,2017-09-19,21,17.0,Trump 1.0
Phoenix,2017-09-20,13,17.0,Trump 1.0
Phoenix,2017-09-21,22,18.0,Trump 1.0
Phoenix,2017-09-22,31,19.0,Trump 1.0
Phoenix,2017-09-23,7,19.0,Trump 1.0
Phoenix,2017-09-24,15,19.0,Trump 1.0
Phoenix,2017-09-25,26,19.0,Trump 1.0
Phoenix,2017-09-26,16,19.0,Trump 1.0
Phoenix,2017-09-27,21,20.0,Trump 1.0
Phoenix,2017-09-28,10,18.0,Trump 1.0
Phoenix,2017-09-29,27,17.0,Trump 1.0
Phoenix,2017-09-30,9,18.0,Trump 1.0
Phoenix,2017-10-01,11,17.0,Trump 1.0
Phoenix,2017-10-02,12,15.0,Trump 1.0
Phoenix,2017-10-03,12,15.0,Trump 1.0
Phoenix,2017-10-04,23,15.0,Trump 1.0
Phoenix,2017-10-05,13,15.0,Trump 1.0
Phoenix,2017-10-06,13,13.0,Trump 1.0
Phoenix,2017-10-07,13,14.0,Trump 1.0
Phoenix,2017-10-08,13,14.0,Trump 1.0
Phoenix,2017-10-09,18,15.0,Trump 1.0
Phoenix,2017-10-10,11,15.0,Trump 1.0
Phoenix,2017-10-11,26,15.0,Trump 1.0
Phoenix,2017-10-12,12,15.0,Trump 1.0
Phoenix,2017-10-13,17,16.0,Trump 1.0
Phoenix,2017-10-14,13,16.0,Trump 1.0
Phoenix,2017-10-15,18,16.0,Trump 1.0
Phoenix,2017-10-16,18,16.0,Trump 1.0
Phoenix,2017-10-17,25,18.0,Trump 1.0
Phoenix,2017-10-18,12,16.0,Trump 1.0
Phoenix,2017-10-19,19,17.0,Trump 1.0
Phoenix,2017-10-20,23,18.0,Trump 1.0
Phoenix,2017-10-21,13,18.0,Trump 1.0
Phoenix,2017-10-22,33,20.0,Trump 1.0
Phoenix,2017-10-23,55,26.0,Trump 1.0
Phoenix,2017-10-24,38,28.0,Trump 1.0
Phoenix,2017-10-25,32,30.0,Trump 1.0
Phoenix,2017-10-26,33,32.0,Trump 1.0
Phoenix,2017-10-27,14,31.0,Trump 1.0
Phoenix,2017-10-28,10,31.0,Trump 1.0
Phoenix,2017-10-29,18,29.0,Trump 1.0
Phoenix,2017-10-30,12,22.0,Trump 1.0
Phoenix,2017-10-31,15,19.0,Trump 1.0
Phoenix,2017-11-01,16,17.0,Trump 1.0
Phoenix,2017-11-02,24,16.0,Trump 1.0
Phoenix,2017-11-03,24,17.0,Trump 1.0
Phoenix,2017-11-04,9,17.0,Trump 1.0
Phoenix,2017-11-05,14,16.0,Trump 1.0
Phoenix,2017-11-06,19,17.0,Trump 1.0
Phoenix,2017-11-07,14,17.0,Trump 1.0
Phoenix,2017-11-08,16,17.0,Trump 1.0
Phoenix,2017-11-09,17,16.0,Trump 1.0
Phoenix,2017-11-10,8,14.0,Trump 1.0
Phoenix,2017-11-11,8,14.0,Trump 1.0
Phoenix,2017-11-12,8,13.0,Trump 1.0
Phoenix,2017-11-13,17,13.0,Trump 1.0
Phoenix,2017-11-14,13,12.0,Trump 1.0
Phoenix,2017-11-15,19,13.0,Trump 1.0
Phoenix,2017-11-16,15,13.0,Trump 1.0
Phoenix,2017-11-17,19,14.0,Trump 1.0
Phoenix,2017-11-18,13,15.0,Trump 1.0
Phoenix,2017-11-19,10,15.0,Trump 1.0
Phoenix,2017-11-20,24,16.0,Trump 1.0
Phoenix,2017-11-21,23,18.0,Trump 1.0
Phoenix,2017-11-22,18,17.0,Trump 1.0
Phoenix,2017-11-23,17,18.0,Trump 1.0
Phoenix,2017-11-24,11,17.0,Trump 1.0
Phoenix,2017-11-25,16,17.0,Trump 1.0
Phoenix,2017-11-26,5,16.0,Trump 1.0
Phoenix,2017-11-27,14,15.0,Trump 1.0
Phoenix,2017-11-28,17,14.0,Trump 1.0
Phoenix,2017-11-29,18,14.0,Trump 1.0
Phoenix,2017-11-30,16,14.0,Trump 1.0
Phoenix,2017-12-01,24,16.0,Trump 1.0
Phoenix,2017-12-02,12,15.0,Trump 1.0
Phoenix,2017-12-03,13,16.0,Trump 1.0
Phoenix,2017-12-04,26,18.0,Trump 1.0
Phoenix,2017-12-05,16,18.0,Trump 1.0
Phoenix,2017-12-06,25,19.0,Trump 1.0
Phoenix,2017-12-07,16,19.0,Trump 1.0
Phoenix,2017-12-08,23,19.0,Trump 1.0
Phoenix,2017-12-09,9,18.0,Trump 1.0
Phoenix,2017-12-10,14,18.0,Trump 1.0
Phoenix,2017-12-11,15,17.0,Trump 1.0
Phoenix,2017-12-12,26,18.0,Trump 1.0
Phoenix,2017-12-13,22,18.0,Trump 1.0
Phoenix,2017-12-14,27,19.0,Trump 1.0
Phoenix,2017-12-15,17,19.0,Trump 1.0
Phoenix,2017-12-16,14,19.0,Trump 1.0
Phoenix,2017-12-17,23,21.0,Trump 1.0
Phoenix,2017-12-18,20,21.0,Trump 1.0
Phoenix,2017-12-19,33,22.0,Trump 1.0
Phoenix,2017-12-20,21,22.0,Trump 1.0
Phoenix,2017-12-21,15,20.0,Trump 1.0
Phoenix,2017-12-22,19,21.0,Trump 1.0
Phoenix,2017-12-23,15,21.0,Trump 1.0
Phoenix,2017-12-24,15,20.0,Trump 1.0
Phoenix,2017-12-25,5,18.0,Trump 1.0
Phoenix,2017-12-26,16,15.0,Trump 1.0
Phoenix,2017-12-27,14,14.0,Trump 1.0
Phoenix,2017-12-28,15,14.0,Trump 1.0
Phoenix,2017-12-29,21,14.0,Trump 1.0
Phoenix,2017-12-30,12,14.0,Trump 1.0
Phoenix,2017-12-31,13,14.0,Trump 1.0
Phoenix,2018-01-01,9,14.0,Trump 1.0
Phoenix,2018-01-02,17,14.0,Trump 1.0
Phoenix,2018-01-03,21,15.0,Trump 1.0
Phoenix,2018-01-04,24,17.0,Trump 1.0
Phoenix,2018-01-05,30,18.0,Trump 1.0
Phoenix,2018-01-06,19,19.0,Trump 1.0
Phoenix,2018-01-07,13,19.0,Trump 1.0
Phoenix,2018-01-08,19,20.0,Trump 1.0
Phoenix,2018-01-09,21,21.0,Trump 1.0
Phoenix,2018-01-10,25,22.0,Trump 1.0
Phoenix,2018-01-11,24,22.0,Trump 1.0
Phoenix,2018-01-12,25,21.0,Trump 1.0
Phoenix,2018-01-13,10,20.0,Trump 1.0
Phoenix,2018-01-14,21,21.0,Trump 1.0
Phoenix,2018-01-15,7,19.0,Trump 1.0
Phoenix,2018-01-16,13,18.0,Trump 1.0
Phoenix,2018-01-17,24,18.0,Trump 1.0
Phoenix,2018-01-18,25,18.0,Trump 1.0
Phoenix,2018-01-19,27,18.0,Trump 1.0
Phoenix,2018-01-20,12,18.0,Trump 1.0
Phoenix,2018-01-21,12,17.0,Trump 1.0
Phoenix,2018-01-22,18,19.0,Trump 1.0
Phoenix,2018-01-23,23,20.0,Trump 1.0
Phoenix,2018-01-24,19,19.0,Trump 1.0
Phoenix,2018-01-25,20,19.0,Trump 1.0
Phoenix,2018-01-26,36,20.0,Trump 1.0
Phoenix,2018-01-27,12,20.0,Trump 1.0
Phoenix,2018-01-28,16,21.0,Trump 1.0
Phoenix,2018-01-29,20,21.0,Trump 1.0
Phoenix,2018-01-30,15,20.0,Trump 1.0
Phoenix,2018-01-31,33,22.0,Trump 1.0
Phoenix,2018-02-01,31,23.0,Trump 1.0
Phoenix,2018-02-02,22,21.0,Trump 1.0
Phoenix,2018-02-03,20,22.0,Trump 1.0
Phoenix,2018-02-04,8,21.0,Trump 1.0
Phoenix,2018-02-05,19,21.0,Trump 1.0
Phoenix,2018-02-06,19,22.0,Trump 1.0
Phoenix,2018-02-07,33,22.0,Trump 1.0
Phoenix,2018-02-08,23,21.0,Trump 1.0
Phoenix,2018-02-09,21,20.0,Trump 1.0
Phoenix,2018-02-10,20,20.0,Trump 1.0
Phoenix,2018-02-11,19,22.0,Trump 1.0
Phoenix,2018-02-12,24,23.0,Trump 1.0
Phoenix,2018-02-13,17,22.0,Trump 1.0
Phoenix,2018-02-14,23,21.0,Trump 1.0
Phoenix,2018-02-15,20,21.0,Trump 1.0
Phoenix,2018-02-16,26,21.0,Trump 1.0
Phoenix,2018-02-17,15,21.0,Trump 1.0
Phoenix,2018-02-18,7,19.0,Trump 1.0
Phoenix,2018-02-19,18,18.0,Trump 1.0
Phoenix,2018-02-20,17,18.0,Trump 1.0
Phoenix,2018-02-21,17,17.0,Trump 1.0
Phoenix,2018-02-22,23,18.0,Trump 1.0
Phoenix,2018-02-23,18,16.0,Trump 1.0
Phoenix,2018-02-24,14,16.0,Trump 1.0
Phoenix,2018-02-25,16,18.0,Trump 1.0
Phoenix,2018-02-26,18,18.0,Trump 1.0
Phoenix,2018-02-27,23,18.0,Trump 1.0
Phoenix,2018-02-28,24,19.0,Trump 1.0
Phoenix,2018-03-01,27,20.0,Trump 1.0
Phoenix,2018-03-02,24,21.0,Trump 1.0
Phoenix,2018-03-03,21,22.0,Trump 1.0
Phoenix,2018-03-04,15,22.0,Trump 1.0
Phoenix,2018-03-05,17,22.0,Trump 1.0
Phoenix,2018-03-06,23,22.0,Trump 1.0
Phoenix,2018-03-07,25,22.0,Trump 1.0
Phoenix,2018-03-08,23,21.0,Trump 1.0
Phoenix,2018-03-09,20,21.0,Trump 1.0
Phoenix,2018-03-10,16,20.0,Trump 1.0
Phoenix,2018-03-11,10,19.0,Trump 1.0
Phoenix,2018-03-12,17,19.0,Trump 1.0
Phoenix,2018-03-13,24,19.0,Trump 1.0
Phoenix,2018-03-14,24,19.0,Trump 1.0
Phoenix,2018-03-15,19,19.0,Trump 1.0
Phoenix,2018-03-16,31,20.0,Trump 1.0
Phoenix,2018-03-17,16,20.0,Trump 1.0
Phoenix,2018-03-18,16,21.0,Trump 1.0
Phoenix,2018-03-19,15,21.0,Trump 1.0
Phoenix,2018-03-20,18,20.0,Trump 1.0
Phoenix,2018-03-21,19,19.0,Trump 1.0
Phoenix,2018-03-22,24,20.0,Trump 1.0
Phoenix,2018-03-23,39,21.0,Trump 1.0
Phoenix,2018-03-24,9,20.0,Trump 1.0
Phoenix,2018-03-25,15,20.0,Trump 1.0
Phoenix,2018-03-26,19,20.0,Trump 1.0
Phoenix,2018-03-27,22,21.0,Trump 1.0
Phoenix,2018-03-28,27,22.0,Trump 1.0
Phoenix,2018-03-29,24,22.0,Trump 1.0
Phoenix,2018-03-30,17,19.0,Trump 1.0
Phoenix,2018-03-31,16,20.0,Trump 1.0
Phoenix,2018-04-01,10,19.0,Trump 1.0
Phoenix,2018-04-02,13,18.0,Trump 1.0
Phoenix,2018-04-03,15,17.0,Trump 1.0
Phoenix,2018-04-04,17,16.0,Trump 1.0
Phoenix,2018-04-05,17,15.0,Trump 1.0
Phoenix,2018-04-06,22,16.0,Trump 1.0
Phoenix,2018-04-07,9,15.0,Trump 1.0
Phoenix,2018-04-08,27,17.0,Trump 1.0
Phoenix,2018-04-09,47,22.0,Trump 1.0
Phoenix,2018-04-10,31,24.0,Trump 1.0
Phoenix,2018-04-11,39,27.0,Trump 1.0
Phoenix,2018-04-12,27,29.0,Trump 1.0
Phoenix,2018-04-13,19,28.0,Trump 1.0
Phoenix,2018-04-14,16,29.0,Trump 1.0
Phoenix,2018-04-15,15,28.0,Trump 1.0
Phoenix,2018-04-16,22,24.0,Trump 1.0
Phoenix,2018-04-17,21,23.0,Trump 1.0
Phoenix,2018-04-18,25,21.0,Trump 1.0
Phoenix,2018-04-19,22,20.0,Trump 1.0
Phoenix,2018-04-20,22,20.0,Trump 1.0
Phoenix,2018-04-21,17,21.0,Trump 1.0
Phoenix,2018-04-22,15,21.0,Trump 1.0
Phoenix,2018-04-23,19,20.0,Trump 1.0
Phoenix,2018-04-24,20,20.0,Trump 1.0
Phoenix,2018-04-25,29,21.0,Trump 1.0
Phoenix,2018-04-26,13,19.0,Trump 1.0
Phoenix,2018-04-27,22,19.0,Trump 1.0
Phoenix,2018-04-28,15,19.0,Trump 1.0
Phoenix,2018-04-29,16,19.0,Trump 1.0
Phoenix,2018-04-30,36,22.0,Trump 1.0
Phoenix,2018-05-01,18,21.0,Trump 1.0
Phoenix,2018-05-02,20,20.0,Trump 1.0
Phoenix,2018-05-03,27,22.0,Trump 1.0
Phoenix,2018-05-04,21,22.0,Trump 1.0
Phoenix,2018-05-05,14,22.0,Trump 1.0
Phoenix,2018-05-06,14,21.0,Trump 1.0
Phoenix,2018-05-07,23,20.0,Trump 1.0
Phoenix,2018-05-08,20,20.0,Trump 1.0
Phoenix,2018-05-09,26,21.0,Trump 1.0
Phoenix,2018-05-10,24,20.0,Trump 1.0
Phoenix,2018-05-11,18,20.0,Trump 1.0
Phoenix,2018-05-12,12,20.0,Trump 1.0
Phoenix,2018-05-13,9,19.0,Trump 1.0
Phoenix,2018-05-14,20,18.0,Trump 1.0
Phoenix,2018-05-15,17,18.0,Trump 1.0
Phoenix,2018-05-16,23,18.0,Trump 1.0
Phoenix,2018-05-17,27,18.0,Trump 1.0
Phoenix,2018-05-18,23,19.0,Trump 1.0
Phoenix,2018-05-19,13,19.0,Trump 1.0
Phoenix,2018-05-20,13,19.0,Trump 1.0
Phoenix,2018-05-21,26,20.0,Trump 1.0
Phoenix,2018-05-22,11,19.0,Trump 1.0
Phoenix,2018-05-23,23,19.0,Trump 1.0
Phoenix,2018-05-24,20,18.0,Trump 1.0
Phoenix,2018-05-25,30,19.0,Trump 1.0
Phoenix,2018-05-26,21,21.0,Trump 1.0
Phoenix,2018-05-27,15,21.0,Trump 1.0
Phoenix,2018-05-28,27,21.0,Trump 1.0
Phoenix,2018-05-29,18,22.0,Trump 1.0
Phoenix,2018-05-30,17,21.0,Trump 1.0
Phoenix,2018-05-31,13,20.0,Trump 1.0
Phoenix,2018-06-01,19,19.0,Trump 1.0
Phoenix,2018-06-02,12,17.0,Trump 1.0
Phoenix,2018-06-03,13,17.0,Trump 1.0
Phoenix,2018-06-04,14,15.0,Trump 1.0
Phoenix,2018-06-05,22,16.0,Trump 1.0
Phoenix,2018-06-06,25,17.0,Trump 1.0
Phoenix,2018-06-07,48,22.0,Trump 1.0
Phoenix,2018-06-08,22,22.0,Trump 1.0
Phoenix,2018-06-09,13,22.0,Trump 1.0
Phoenix,2018-06-10,19,23.0,Trump 1.0
Phoenix,2018-06-11,13,23.0,Trump 1.0
Phoenix,2018-06-12,9,21.0,Trump 1.0
Phoenix,2018-06-13,23,21.0,Trump 1.0
Phoenix,2018-06-14,22,17.0,Trump 1.0
Phoenix,2018-06-15,11,16.0,Trump 1.0
Phoenix,2018-06-16,9,15.0,Trump 1.0
Phoenix,2018-06-17,10,14.0,Trump 1.0
Phoenix,2018-06-18,17,14.0,Trump 1.0
Phoenix,2018-06-19,25,17.0,Trump 1.0
Phoenix,2018-06-20,22,17.0,Trump 1.0
Phoenix,2018-06-21,25,17.0,Trump 1.0
Phoenix,2018-06-22,22,19.0,Trump 1.0
Phoenix,2018-06-23,18,20.0,Trump 1.0
Phoenix,2018-06-24,10,20.0,Trump 1.0
Phoenix,2018-06-25,20,20.0,Trump 1.0
Phoenix,2018-06-26,23,20.0,Trump 1.0
Phoenix,2018-06-27,20,20.0,Trump 1.0
Phoenix,2018-06-28,15,18.0,Trump 1.0
Phoenix,2018-06-29,13,17.0,Trump 1.0
Phoenix,2018-06-30,8,16.0,Trump 1.0
Phoenix,2018-07-01,6,15.0,Trump 1.0
Phoenix,2018-07-02,22,15.0,Trump 1.0
Phoenix,2018-07-03,21,15.0,Trump 1.0
Phoenix,2018-07-04,12,14.0,Trump 1.0
Phoenix,2018-07-05,14,14.0,Trump 1.0
Phoenix,2018-07-06,19,15.0,Trump 1.0
Phoenix,2018-07-07,10,15.0,Trump 1.0
Phoenix,2018-07-08,11,16.0,Trump 1.0
Phoenix,2018-07-09,26,16.0,Trump 1.0
Phoenix,2018-07-10,15,15.0,Trump 1.0
Phoenix,2018-07-11,18,16.0,Trump 1.0
Phoenix,2018-07-12,11,16.0,Trump 1.0
Phoenix,2018-07-13,21,16.0,Trump 1.0
Phoenix,2018-07-14,18,17.0,Trump 1.0
Phoenix,2018-07-15,20,18.0,Trump 1.0
Phoenix,2018-07-16,17,17.0,Trump 1.0
Phoenix,2018-07-17,20,18.0,Trump 1.0
Phoenix,2018-07-18,23,19.0,Trump 1.0
Phoenix,2018-07-19,17,19.0,Trump 1.0
Phoenix,2018-07-20,23,20.0,Trump 1.0
Phoenix,2018-07-21,16,19.0,Trump 1.0
Phoenix,2018-07-22,10,18.0,Trump 1.0
Phoenix,2018-07-23,9,17.0,Trump 1.0
Phoenix,2018-07-24,12,16.0,Trump 1.0
Phoenix,2018-07-25,12,14.0,Trump 1.0
Phoenix,2018-07-26,11,13.0,Trump 1.0
Phoenix,2018-07-27,17,12.0,Trump 1.0
Phoenix,2018-07-28,16,12.0,Trump 1.0
Phoenix,2018-07-29,7,12.0,Trump 1.0
Phoenix,2018-07-30,13,13.0,Trump 1.0
Phoenix,2018-07-31,17,13.0,Trump 1.0
Phoenix,2018-08-01,18,14.0,Trump 1.0
Phoenix,2018-08-02,13,14.0,Trump 1.0
Phoenix,2018-08-03,18,15.0,Trump 1.0
Phoenix,2018-08-04,7,13.0,Trump 1.0
Phoenix,2018-08-05,16,15.0,Trump 1.0
Phoenix,2018-08-06,15,15.0,Trump 1.0
Phoenix,2018-08-07,18,15.0,Trump 1.0
Phoenix,2018-08-08,11,14.0,Trump 1.0
Phoenix,2018-08-09,19,15.0,Trump 1.0
Phoenix,2018-08-10,22,15.0,Trump 1.0
Phoenix,2018-08-11,12,16.0,Trump 1.0
Phoenix,2018-08-12,8,15.0,Trump 1.0
Phoenix,2018-08-13,21,16.0,Trump 1.0
Phoenix,2018-08-14,25,17.0,Trump 1.0
Phoenix,2018-08-15,11,17.0,Trump 1.0
Phoenix,2018-08-16,21,17.0,Trump 1.0
Phoenix,2018-08-17,22,17.0,Trump 1.0
Phoenix,2018-08-18,13,17.0,Trump 1.0
Phoenix,2018-08-19,19,19.0,Trump 1.0
Phoenix,2018-08-20,22,19.0,Trump 1.0
Phoenix,2018-08-21,17,18.0,Trump 1.0
Phoenix,2018-08-22,38,22.0,Trump 1.0
Phoenix,2018-08-23,32,23.0,Trump 1.0
Phoenix,2018-08-24,58,28.0,Trump 1.0
Phoenix,2018-08-25,20,29.0,Trump 1.0
Phoenix,2018-08-26,16,29.0,Trump 1.0
Phoenix,2018-08-27,30,30.0,Trump 1.0
Phoenix,2018-08-28,17,30.0,Trump 1.0
Phoenix,2018-08-29,21,28.0,Trump 1.0
Phoenix,2018-08-30,18,26.0,Trump 1.0
Phoenix,2018-08-31,19,20.0,Trump 1.0
Phoenix,2018-09-01,12,19.0,Trump 1.0
Phoenix,2018-09-02,18,19.0,Trump 1.0
Phoenix,2018-09-03,15,17.0,Trump 1.0
Phoenix,2018-09-04,17,17.0,Trump 1.0
Phoenix,2018-09-05,20,17.0,Trump 1.0
Phoenix,2018-09-06,20,17.0,Trump 1.0
Phoenix,2018-09-07,20,17.0,Trump 1.0
Phoenix,2018-09-08,12,17.0,Trump 1.0
Phoenix,2018-09-09,13,17.0,Trump 1.0
Phoenix,2018-09-10,18,17.0,Trump 1.0
Phoenix,2018-09-11,16,17.0,Trump 1.0
Phoenix,2018-09-12,15,16.0,Trump 1.0
Phoenix,2018-09-13,14,15.0,Trump 1.0
Phoenix,2018-09-14,20,15.0,Trump 1.0
Phoenix,2018-09-15,19,16.0,Trump 1.0
Phoenix,2018-09-16,10,16.0,Trump 1.0
Phoenix,2018-09-17,15,16.0,Trump 1.0
Phoenix,2018-09-18,8,14.0,Trump 1.0
Phoenix,2018-09-19,16,15.0,Trump 1.0
Phoenix,2018-09-20,22,16.0,Trump 1.0
Phoenix,2018-09-21,24,16.0,Trump 1.0
Phoenix,2018-09-22,11,15.0,Trump 1.0
Phoenix,2018-09-23,15,16.0,Trump 1.0
Phoenix,2018-09-24,19,16.0,Trump 1.0
Phoenix,2018-09-25,15,17.0,Trump 1.0
Phoenix,2018-09-26,21,18.0,Trump 1.0
Phoenix,2018-09-27,16,17.0,Trump 1.0
Phoenix,2018-09-28,21,17.0,Trump 1.0
Phoenix,2018-09-29,16,18.0,Trump 1.0
Phoenix,2018-09-30,10,17.0,Trump 1.0
Salt Lake City,2015-10-01,13,16.0,Trump 1.0
Salt Lake City,2015-10-02,14,16.0,Trump 1.0
Salt Lake City,2015-10-05,20,16.0,Trump 1.0
Salt Lake City,2015-10-06,9,15.0,Trump 1.0
Salt Lake City,2015-10-07,13,14.0,Trump 1.0
Salt Lake City,2015-10-08,9,13.0,Trump 1.0
Salt Lake City,2015-10-09,10,13.0,Trump 1.0
Salt Lake City,2015-10-11,1,11.0,Trump 1.0
Salt Lake City,2015-10-12,2,9.0,Trump 1.0
Salt Lake City,2015-10-13,10,8.0,Trump 1.0
Salt Lake City,2015-10-14,11,8.0,Trump 1.0
Salt Lake City,2015-10-15,9,7.0,Trump 1.0
Salt Lake City,2015-10-16,18,9.0,Trump 1.0
Salt Lake City,2015-10-17,1,7.0,Trump 1.0
Salt Lake City,2015-10-19,10,9.0,Trump 1.0
Salt Lake City,2015-10-20,34,13.0,Trump 1.0
Salt Lake City,2015-10-21,7,13.0,Trump 1.0
Salt Lake City,2015-10-22,26,15.0,Trump 1.0
Salt Lake City,2015-10-23,9,15.0,Trump 1.0
Salt Lake City,2015-10-24,55,20.0,Trump 1.0
Salt Lake City,2015-10-25,53,28.0,Trump 1.0
Salt Lake City,2015-10-26,37,32.0,Trump 1.0
Salt Lake City,2015-10-27,50,34.0,Trump 1.0
Salt Lake City,2015-10-28,33,38.0,Trump 1.0
Salt Lake City,2015-10-29,21,37.0,Trump 1.0
Salt Lake City,2015-10-30,7,37.0,Trump 1.0
Salt Lake City,2015-11-02,33,33.0,Trump 1.0
Salt Lake City,2015-11-03,13,28.0,Trump 1.0
Salt Lake City,2015-11-04,17,25.0,Trump 1.0
Salt Lake City,2015-11-05,15,20.0,Trump 1.0
Salt Lake City,2015-11-06,10,17.0,Trump 1.0
Salt Lake City,2015-11-08,1,14.0,Trump 1.0
Salt Lake City,2015-11-09,27,17.0,Trump 1.0
Salt Lake City,2015-11-10,8,13.0,Trump 1.0
Salt Lake City,2015-11-12,27,15.0,Trump 1.0
Salt Lake City,2015-11-13,9,14.0,Trump 1.0
Salt Lake City,2015-11-14,1,12.0,Trump 1.0
Salt Lake City,2015-11-15,2,11.0,Trump 1.0
Salt Lake City,2015-11-16,13,12.0,Trump 1.0
Salt Lake City,2015-11-17,33,13.0,Trump 1.0
Salt Lake City,2015-11-18,13,14.0,Trump 1.0
Salt Lake City,2015-11-19,20,13.0,Trump 1.0
Salt Lake City,2015-11-20,11,13.0,Trump 1.0
Salt Lake City,2015-11-23,36,18.0,Trump 1.0
Salt Lake City,2015-11-24,9,19.0,Trump 1.0
Salt Lake City,2015-11-25,17,20.0,Trump 1.0
Salt Lake City,2015-11-26,2,15.0,Trump 1.0
Salt Lake City,2015-11-27,2,14.0,Trump 1.0
Salt Lake City,2015-11-30,44,17.0,Trump 1.0
Salt Lake City,2015-12-01,21,19.0,Trump 1.0
Salt Lake City,2015-12-02,6,14.0,Trump 1.0
Salt Lake City,2015-12-03,29,17.0,Trump 1.0
Salt Lake City,2015-12-04,12,17.0,Trump 1.0
Salt Lake City,2015-12-07,10,18.0,Trump 1.0
Salt Lake City,2015-12-08,11,19.0,Trump 1.0
Salt Lake City,2015-12-09,13,15.0,Trump 1.0
Salt Lake City,2015-12-10,7,13.0,Trump 1.0
Salt Lake City,2015-12-11,18,14.0,Trump 1.0
Salt Lake City,2015-12-13,1,10.0,Trump 1.0
Salt Lake City,2015-12-14,21,12.0,Trump 1.0
Salt Lake City,2015-12-15,15,12.0,Trump 1.0
Salt Lake City,2015-12-16,34,16.0,Trump 1.0
Salt Lake City,2015-12-17,14,16.0,Trump 1.0
Salt Lake City,2015-12-18,33,19.0,Trump 1.0
Salt Lake City,2015-12-21,17,19.0,Trump 1.0
Salt Lake City,2015-12-22,7,20.0,Trump 1.0
Salt Lake City,2015-12-23,17,20.0,Trump 1.0
Salt Lake City,2015-12-24,6,18.0,Trump 1.0
Salt Lake City,2015-12-28,19,16.0,Trump 1.0
Salt Lake City,2015-12-29,4,15.0,Trump 1.0
Salt Lake City,2015-12-30,13,12.0,Trump 1.0
Salt Lake City,2015-12-31,5,10.0,Trump 1.0
Salt Lake City,2016-01-01,2,9.0,Trump 1.0
Salt Lake City,2016-01-02,3,7.0,Trump 1.0
Salt Lake City,2016-01-03,1,7.0,Trump 1.0
Salt Lake City,2016-01-04,10,5.0,Trump 1.0
Salt Lake City,2016-01-05,42,11.0,Trump 1.0
Salt Lake City,2016-01-06,18,12.0,Trump 1.0
Salt Lake City,2016-01-07,29,15.0,Trump 1.0
Salt Lake City,2016-01-08,21,18.0,Trump 1.0
Salt Lake City,2016-01-11,7,18.0,Trump 1.0
Salt Lake City,2016-01-12,34,23.0,Trump 1.0
Salt Lake City,2016-01-13,10,23.0,Trump 1.0
Salt Lake City,2016-01-14,23,20.0,Trump 1.0
Salt Lake City,2016-01-15,12,19.0,Trump 1.0
Salt Lake City,2016-01-16,3,16.0,Trump 1.0
Salt Lake City,2016-01-17,1,13.0,Trump 1.0
Salt Lake City,2016-01-18,1,12.0,Trump 1.0
Salt Lake City,2016-01-19,15,9.0,Trump 1.0
Salt Lake City,2016-01-20,16,10.0,Trump 1.0
Salt Lake City,2016-01-21,19,10.0,Trump 1.0
Salt Lake City,2016-01-22,12,10.0,Trump 1.0
Salt Lake City,2016-01-25,21,12.0,Trump 1.0
Salt Lake City,2016-01-26,11,14.0,Trump 1.0
Salt Lake City,2016-01-27,19,16.0,Trump 1.0
Salt Lake City,2016-01-28,19,17.0,Trump 1.0
Salt Lake City,2016-01-29,3,15.0,Trump 1.0
Salt Lake City,2016-01-30,21,15.0,Trump 1.0
Salt Lake City,2016-01-31,21,16.0,Trump 1.0
Salt Lake City,2016-02-01,34,18.0,Trump 1.0
Salt Lake City,2016-02-02,19,19.0,Trump 1.0
Salt Lake City,2016-02-03,14,19.0,Trump 1.0
Salt Lake City,2016-02-04,31,20.0,Trump 1.0
Salt Lake City,2016-02-05,10,21.0,Trump 1.0
Salt Lake City,2016-02-08,15,21.0,Trump 1.0
Salt Lake City,2016-02-09,23,21.0,Trump 1.0
Salt Lake City,2016-02-10,9,17.0,Trump 1.0
Salt Lake City,2016-02-11,27,18.0,Trump 1.0
Salt Lake City,2016-02-12,7,17.0,Trump 1.0
Salt Lake City,2016-02-14,1,13.0,Trump 1.0
Salt Lake City,2016-02-15,1,12.0,Trump 1.0
Salt Lake City,2016-02-16,24,13.0,Trump 1.0
Salt Lake City,2016-02-17,18,12.0,Trump 1.0
Salt Lake City,2016-02-18,20,14.0,Trump 1.0
Salt Lake City,2016-02-19,20,13.0,Trump 1.0
Salt Lake City,2016-02-22,16,14.0,Trump 1.0
Salt Lake City,2016-02-23,7,15.0,Trump 1.0
Salt Lake City,2016-02-24,19,18.0,Trump 1.0
Salt Lake City,2016-02-25,22,17.0,Trump 1.0
Salt Lake City,2016-02-26,15,17.0,Trump 1.0
Salt Lake City,2016-02-27,2,14.0,Trump 1.0
Salt Lake City,2016-02-28,1,12.0,Trump 1.0
Salt Lake City,2016-02-29,23,13.0,Trump 1.0
Salt Lake City,2016-03-01,16,14.0,Trump 1.0
Salt Lake City,2016-03-02,14,13.0,Trump 1.0
Salt Lake City,2016-03-03,21,13.0,Trump 1.0
Salt Lake City,2016-03-04,13,13.0,Trump 1.0
Salt Lake City,2016-03-05,1,13.0,Trump 1.0
Salt Lake City,2016-03-07,25,16.0,Trump 1.0
Salt Lake City,2016-03-08,13,15.0,Trump 1.0
Salt Lake City,2016-03-09,20,15.0,Trump 1.0
Salt Lake City,2016-03-10,33,18.0,Trump 1.0
Salt Lake City,2016-03-11,11,17.0,Trump 1.0
Salt Lake City,2016-03-14,12,16.0,Trump 1.0
Salt Lake City,2016-03-15,10,18.0,Trump 1.0
Salt Lake City,2016-03-16,8,15.0,Trump 1.0
Salt Lake City,2016-03-17,16,16.0,Trump 1.0
Salt Lake City,2016-03-18,14,15.0,Trump 1.0
Salt Lake City,2016-03-21,15,12.0,Trump 1.0
Salt Lake City,2016-03-22,11,12.0,Trump 1.0
Salt Lake City,2016-03-23,15,13.0,Trump 1.0
Salt Lake City,2016-03-24,31,16.0,Trump 1.0
Salt Lake City,2016-03-25,14,17.0,Trump 1.0
Salt Lake City,2016-03-26,1,14.0,Trump 1.0
Salt Lake City,2016-03-27,1,13.0,Trump 1.0
Salt Lake City,2016-03-28,42,16.0,Trump 1.0
Salt Lake City,2016-03-29,12,17.0,Trump 1.0
Salt Lake City,2016-03-30,19,17.0,Trump 1.0
Salt Lake City,2016-03-31,10,14.0,Trump 1.0
Salt Lake City,2016-04-01,10,14.0,Trump 1.0
Salt Lake City,2016-04-02,1,14.0,Trump 1.0
Salt Lake City,2016-04-03,1,14.0,Trump 1.0
Salt Lake City,2016-04-04,8,9.0,Trump 1.0
Salt Lake City,2016-04-05,43,13.0,Trump 1.0
Salt Lake City,2016-04-06,19,13.0,Trump 1.0
Salt Lake City,2016-04-07,22,15.0,Trump 1.0
Salt Lake City,2016-04-08,5,14.0,Trump 1.0
Salt Lake City,2016-04-09,1,14.0,Trump 1.0
Salt Lake City,2016-04-10,1,14.0,Trump 1.0
Salt Lake City,2016-04-11,10,14.0,Trump 1.0
Salt Lake City,2016-04-12,31,13.0,Trump 1.0
Salt Lake City,2016-04-13,9,11.0,Trump 1.0
Salt Lake City,2016-04-14,28,12.0,Trump 1.0
Salt Lake City,2016-04-15,11,13.0,Trump 1.0
Salt Lake City,2016-04-18,39,18.0,Trump 1.0
Salt Lake City,2016-04-19,12,20.0,Trump 1.0
Salt Lake City,2016-04-20,17,21.0,Trump 1.0
Salt Lake City,2016-04-21,24,20.0,Trump 1.0
Salt Lake City,2016-04-22,8,20.0,Trump 1.0
Salt Lake City,2016-04-23,2,16.0,Trump 1.0
Salt Lake City,2016-04-24,2,15.0,Trump 1.0
Salt Lake City,2016-04-25,31,14.0,Trump 1.0
Salt Lake City,2016-04-26,12,14.0,Trump 1.0
Salt Lake City,2016-04-27,28,15.0,Trump 1.0
Salt Lake City,2016-04-28,26,16.0,Trump 1.0
Salt Lake City,2016-04-29,11,16.0,Trump 1.0
Salt Lake City,2016-05-02,26,19.0,Trump 1.0
Salt Lake City,2016-05-03,53,27.0,Trump 1.0
Salt Lake City,2016-05-04,6,23.0,Trump 1.0
Salt Lake City,2016-05-05,29,26.0,Trump 1.0
Salt Lake City,2016-05-06,21,25.0,Trump 1.0
Salt Lake City,2016-05-07,4,21.0,Trump 1.0
Salt Lake City,2016-05-08,1,20.0,Trump 1.0
Salt Lake City,2016-05-09,45,23.0,Trump 1.0
Salt Lake City,2016-05-10,29,19.0,Trump 1.0
Salt Lake City,2016-05-11,30,23.0,Trump 1.0
Salt Lake City,2016-05-12,31,23.0,Trump 1.0
Salt Lake City,2016-05-13,16,22.0,Trump 1.0
Salt Lake City,2016-05-16,13,24.0,Trump 1.0
Salt Lake City,2016-05-17,15,26.0,Trump 1.0
Salt Lake City,2016-05-18,12,21.0,Trump 1.0
Salt Lake City,2016-05-19,12,18.0,Trump 1.0
Salt Lake City,2016-05-20,20,17.0,Trump 1.0
Salt Lake City,2016-05-21,4,13.0,Trump 1.0
Salt Lake City,2016-05-22,4,11.0,Trump 1.0
Salt Lake City,2016-05-23,17,12.0,Trump 1.0
Salt Lake City,2016-05-24,14,12.0,Trump 1.0
Salt Lake City,2016-05-25,14,12.0,Trump 1.0
Salt Lake City,2016-05-26,19,13.0,Trump 1.0
Salt Lake City,2016-05-27,11,12.0,Trump 1.0
Salt Lake City,2016-05-29,1,11.0,Trump 1.0
Salt Lake City,2016-05-31,11,12.0,Trump 1.0
Salt Lake City,2016-06-01,13,12.0,Trump 1.0
Salt Lake City,2016-06-02,17,12.0,Trump 1.0
Salt Lake City,2016-06-03,16,13.0,Trump 1.0
Salt Lake City,2016-06-04,1,10.0,Trump 1.0
Salt Lake City,2016-06-05,1,9.0,Trump 1.0
Salt Lake City,2016-06-06,6,9.0,Trump 1.0
Salt Lake City,2016-06-07,9,9.0,Trump 1.0
Salt Lake City,2016-06-08,18,10.0,Trump 1.0
Salt Lake City,2016-06-09,16,10.0,Trump 1.0
Salt Lake City,2016-06-10,43,13.0,Trump 1.0
Salt Lake City,2016-06-13,14,15.0,Trump 1.0
Salt Lake City,2016-06-14,28,19.0,Trump 1.0
Salt Lake City,2016-06-15,19,21.0,Trump 1.0
Salt Lake City,2016-06-16,12,21.0,Trump 1.0
Salt Lake City,2016-06-17,22,22.0,Trump 1.0
Salt Lake City,2016-06-20,8,21.0,Trump 1.0
Salt Lake City,2016-06-21,15,17.0,Trump 1.0
Salt Lake City,2016-06-22,12,17.0,Trump 1.0
Salt Lake City,2016-06-23,18,15.0,Trump 1.0
Salt Lake City,2016-06-24,24,16.0,Trump 1.0
Salt Lake City,2016-06-27,7,15.0,Trump 1.0
Salt Lake City,2016-06-28,7,13.0,Trump 1.0
Salt Lake City,2016-06-29,6,13.0,Trump 1.0
Salt Lake City,2016-06-30,8,12.0,Trump 1.0
Salt Lake City,2016-07-01,14,12.0,Trump 1.0
Salt Lake City,2016-07-02,1,10.0,Trump 1.0
Salt Lake City,2016-07-05,12,8.0,Trump 1.0
Salt Lake City,2016-07-06,8,8.0,Trump 1.0
Salt Lake City,2016-07-07,16,9.0,Trump 1.0
Salt Lake City,2016-07-08,15,11.0,Trump 1.0
Salt Lake City,2016-07-10,1,10.0,Trump 1.0
Salt Lake City,2016-07-11,9,9.0,Trump 1.0
Salt Lake City,2016-07-12,14,11.0,Trump 1.0
Salt Lake City,2016-07-13,25,13.0,Trump 1.0
Salt Lake City,2016-07-14,16,14.0,Trump 1.0
Salt Lake City,2016-07-15,9,13.0,Trump 1.0
Salt Lake City,2016-07-16,2,11.0,Trump 1.0
Salt Lake City,2016-07-18,8,12.0,Trump 1.0
Salt Lake City,2016-07-19,16,13.0,Trump 1.0
Salt Lake City,2016-07-20,10,12.0,Trump 1.0
Salt Lake City,2016-07-21,13,11.0,Trump 1.0
Salt Lake City,2016-07-22,7,9.0,Trump 1.0
Salt Lake City,2016-07-23,1,8.0,Trump 1.0
Salt Lake City,2016-07-24,2,8.0,Trump 1.0
Salt Lake City,2016-07-25,11,9.0,Trump 1.0
Salt Lake City,2016-07-26,10,8.0,Trump 1.0
Salt Lake City,2016-07-27,17,9.0,Trump 1.0
Salt Lake City,2016-07-28,15,9.0,Trump 1.0
Salt Lake City,2016-07-29,12,10.0,Trump 1.0
Salt Lake City,2016-08-01,7,11.0,Trump 1.0
Salt Lake City,2016-08-02,10,12.0,Trump 1.0
Salt Lake City,2016-08-03,7,11.0,Trump 1.0
Salt Lake City,2016-08-04,15,12.0,Trump 1.0
Salt Lake City,2016-08-05,10,11.0,Trump 1.0
Salt Lake City,2016-08-08,10,10.0,Trump 1.0
Salt Lake City,2016-08-09,8,10.0,Trump 1.0
Salt Lake City,2016-08-10,25,12.0,Trump 1.0
Salt Lake City,2016-08-11,26,14.0,Trump 1.0
Salt Lake City,2016-08-12,11,15.0,Trump 1.0
Salt Lake City,2016-08-15,9,14.0,Trump 1.0
Salt Lake City,2016-08-16,17,15.0,Trump 1.0
Salt Lake City,2016-08-17,12,15.0,Trump 1.0
Salt Lake City,2016-08-18,8,15.0,Trump 1.0
Salt Lake City,2016-08-19,22,15.0,Trump 1.0
Salt Lake City,2016-08-20,1,11.0,Trump 1.0
Salt Lake City,2016-08-21,2,10.0,Trump 1.0
Salt Lake City,2016-08-22,9,10.0,Trump 1.0
Salt Lake City,2016-08-23,13,10.0,Trump 1.0
Salt Lake City,2016-08-24,19,11.0,Trump 1.0
Salt Lake City,2016-08-25,17,12.0,Trump 1.0
Salt Lake City,2016-08-26,30,13.0,Trump 1.0
Salt Lake City,2016-08-27,3,13.0,Trump 1.0
Salt Lake City,2016-08-28,1,13.0,Trump 1.0
Salt Lake City,2016-08-29,19,15.0,Trump 1.0
Salt Lake City,2016-08-30,16,15.0,Trump 1.0
Salt Lake City,2016-08-31,15,14.0,Trump 1.0
Salt Lake City,2016-09-01,17,14.0,Trump 1.0
Salt Lake City,2016-09-02,35,15.0,Trump 1.0
Salt Lake City,2016-09-03,1,15.0,Trump 1.0
Salt Lake City,2016-09-05,1,15.0,Trump 1.0
Salt Lake City,2016-09-06,18,15.0,Trump 1.0
Salt Lake City,2016-09-07,16,15.0,Trump 1.0
Salt Lake City,2016-09-08,11,14.0,Trump 1.0
Salt Lake City,2016-09-09,27,16.0,Trump 1.0
Salt Lake City,2016-09-11,1,11.0,Trump 1.0
Salt Lake City,2016-09-12,12,12.0,Trump 1.0
Salt Lake City,2016-09-13,10,14.0,Trump 1.0
Salt Lake City,2016-09-14,21,14.0,Trump 1.0
Salt Lake City,2016-09-15,13,14.0,Trump 1.0
Salt Lake City,2016-09-16,17,14.0,Trump 1.0
Salt Lake City,2016-09-19,13,12.0,Trump 1.0
Salt Lake City,2016-09-20,11,14.0,Trump 1.0
Salt Lake City,2016-09-21,11,14.0,Trump 1.0
Salt Lake City,2016-09-22,11,14.0,Trump 1.0
Salt Lake City,2016-09-23,16,13.0,Trump 1.0
Salt Lake City,2016-09-26,7,12.0,Trump 1.0
Salt Lake City,2016-09-27,19,13.0,Trump 1.0
Salt Lake City,2016-09-28,19,13.0,Trump 1.0
Salt Lake City,2016-09-29,13,14.0,Trump 1.0
Salt Lake City,2016-09-30,10,14.0,Trump 1.0
Salt Lake City,2016-10-01,1,12.0,Trump 1.0
Salt Lake City,2016-10-02,2,10.0,Trump 1.0
Salt Lake City,2016-10-03,14,11.0,Trump 1.0
Salt Lake City,2016-10-04,9,10.0,Trump 1.0
Salt Lake City,2016-10-05,19,10.0,Trump 1.0
Salt Lake City,2016-10-06,14,10.0,Trump 1.0
Salt Lake City,2016-10-07,13,10.0,Trump 1.0
Salt Lake City,2016-10-11,17,13.0,Trump 1.0
Salt Lake City,2016-10-12,16,15.0,Trump 1.0
Salt Lake City,2016-10-13,9,14.0,Trump 1.0
Salt Lake City,2016-10-14,14,15.0,Trump 1.0
Salt Lake City,2016-10-15,2,12.0,Trump 1.0
Salt Lake City,2016-10-17,17,13.0,Trump 1.0
Salt Lake City,2016-10-18,17,13.0,Trump 1.0
Salt Lake City,2016-10-19,19,13.0,Trump 1.0
Salt Lake City,2016-10-20,21,14.0,Trump 1.0
Salt Lake City,2016-10-21,22,16.0,Trump 1.0
Salt Lake City,2016-10-24,13,16.0,Trump 1.0
Salt Lake City,2016-10-25,22,19.0,Trump 1.0
Salt Lake City,2016-10-26,19,19.0,Trump 1.0
Salt Lake City,2016-10-27,17,19.0,Trump 1.0
Salt Lake City,2016-10-28,32,21.0,Trump 1.0
Salt Lake City,2016-10-30,1,18.0,Trump 1.0
Salt Lake City,2016-10-31,9,16.0,Trump 1.0
Salt Lake City,2016-11-01,24,18.0,Trump 1.0
Salt Lake City,2016-11-02,15,17.0,Trump 1.0
Salt Lake City,2016-11-03,13,16.0,Trump 1.0
Salt Lake City,2016-11-04,17,16.0,Trump 1.0
Salt Lake City,2016-11-07,11,13.0,Trump 1.0
Salt Lake City,2016-11-08,19,15.0,Trump 1.0
Salt Lake City,2016-11-09,19,17.0,Trump 1.0
Salt Lake City,2016-11-10,31,18.0,Trump 1.0
Salt Lake City,2016-11-11,2,16.0,Trump 1.0
Salt Lake City,2016-11-13,1,14.0,Trump 1.0
Salt Lake City,2016-11-14,15,14.0,Trump 1.0
Salt Lake City,2016-11-15,20,15.0,Trump 1.0
Salt Lake City,2016-11-16,22,16.0,Trump 1.0
Salt Lake City,2016-11-17,20,16.0,Trump 1.0
Salt Lake City,2016-11-18,14,13.0,Trump 1.0
Salt Lake City,2016-11-19,1,13.0,Trump 1.0
Salt Lake City,2016-11-21,16,15.0,Trump 1.0
Salt Lake City,2016-11-22,18,16.0,Trump 1.0
Salt Lake City,2016-11-23,14,15.0,Trump 1.0
Salt Lake City,2016-11-24,1,12.0,Trump 1.0
Salt Lake City,2016-11-25,13,11.0,Trump 1.0
Salt Lake City,2016-11-28,9,10.0,Trump 1.0
Salt Lake City,2016-11-29,8,11.0,Trump 1.0
Salt Lake City,2016-11-30,14,11.0,Trump 1.0
Salt Lake City,2016-12-01,8,10.0,Trump 1.0
Salt Lake City,2016-12-02,27,11.0,Trump 1.0
Salt Lake City,2016-12-05,16,14.0,Trump 1.0
Salt Lake City,2016-12-06,17,14.0,Trump 1.0
Salt Lake City,2016-12-07,18,15.0,Trump 1.0
Salt Lake City,2016-12-08,9,16.0,Trump 1.0
Salt Lake City,2016-12-09,28,18.0,Trump 1.0
Salt Lake City,2016-12-10,3,17.0,Trump 1.0
Salt Lake City,2016-12-12,17,15.0,Trump 1.0
Salt Lake City,2016-12-13,7,14.0,Trump 1.0
Salt Lake City,2016-12-14,22,15.0,Trump 1.0
Salt Lake City,2016-12-15,10,14.0,Trump 1.0
Salt Lake City,2016-12-16,19,15.0,Trump 1.0
Salt Lake City,2016-12-19,16,13.0,Trump 1.0
Salt Lake City,2016-12-20,13,15.0,Trump 1.0
Salt Lake City,2016-12-21,10,14.0,Trump 1.0
Salt Lake City,2016-12-22,11,14.0,Trump 1.0
Salt Lake City,2016-12-23,17,14.0,Trump 1.0
Salt Lake City,2016-12-24,1,12.0,Trump 1.0
Salt Lake City,2016-12-27,5,10.0,Trump 1.0
Salt Lake City,2016-12-28,15,10.0,Trump 1.0
Salt Lake City,2016-12-29,12,10.0,Trump 1.0
Salt Lake City,2016-12-30,21,12.0,Trump 1.0
Salt Lake City,2017-01-02,2,10.0,Trump 1.0
Salt Lake City,2017-01-03,21,11.0,Trump 1.0
Salt Lake City,2017-01-04,30,15.0,Trump 1.0
Salt Lake City,2017-01-05,24,18.0,Trump 1.0
Salt Lake City,2017-01-06,31,20.0,Trump 1.0
Salt Lake City,2017-01-07,1,19.0,Trump 1.0
Salt Lake City,2017-01-08,1,16.0,Trump 1.0
Salt Lake City,2017-01-09,23,19.0,Trump 1.0
Salt Lake City,2017-01-10,20,19.0,Trump 1.0
Salt Lake City,2017-01-11,13,16.0,Trump 1.0
Salt Lake City,2017-01-12,21,16.0,Trump 1.0
Salt Lake City,2017-01-13,42,17.0,Trump 1.0
Salt Lake City,2017-01-16,1,17.0,Trump 1.0
Salt Lake City,2017-01-17,23,20.0,Trump 1.0
Salt Lake City,2017-01-18,13,19.0,Trump 1.0
Salt Lake City,2017-01-19,18,19.0,Trump 1.0
Salt Lake City,2017-01-20,28,21.0,Trump 1.0
Salt Lake City,2017-01-23,5,19.0,Trump 1.0
Salt Lake City,2017-01-24,12,14.0,Trump 1.0
Salt Lake City,2017-01-25,19,17.0,Trump 1.0
Salt Lake City,2017-01-26,24,17.0,Trump 1.0
Salt Lake City,2017-01-27,21,18.0,Trump 1.0
Salt Lake City,2017-01-29,3,16.0,Trump 1.0
Salt Lake City,2017-01-30,18,15.0,Trump 1.0
Salt Lake City,2017-01-31,13,16.0,Trump 1.0
Salt Lake City,2017-02-01,13,16.0,Trump 1.0
Salt Lake City,2017-02-02,21,16.0,Trump 1.0
Salt Lake City,2017-02-03,18,15.0,Trump 1.0
Salt Lake City,2017-02-04,2,13.0,Trump 1.0
Salt Lake City,2017-02-06,14,14.0,Trump 1.0
Salt Lake City,2017-02-07,15,14.0,Trump 1.0
Salt Lake City,2017-02-08,14,14.0,Trump 1.0
Salt Lake City,2017-02-09,13,14.0,Trump 1.0
Salt Lake City,2017-02-10,25,14.0,Trump 1.0
Salt Lake City,2017-02-11,1,12.0,Trump 1.0
Salt Lake City,2017-02-12,6,13.0,Trump 1.0
Salt Lake City,2017-02-13,10,12.0,Trump 1.0
Salt Lake City,2017-02-14,25,13.0,Trump 1.0
Salt Lake City,2017-02-15,17,14.0,Trump 1.0
Salt Lake City,2017-02-16,10,13.0,Trump 1.0
Salt Lake City,2017-02-17,25,13.0,Trump 1.0
Salt Lake City,2017-02-18,4,14.0,Trump 1.0
Salt Lake City,2017-02-19,2,13.0,Trump 1.0
Salt Lake City,2017-02-21,11,13.0,Trump 1.0
Salt Lake City,2017-02-22,22,13.0,Trump 1.0
Salt Lake City,2017-02-23,19,13.0,Trump 1.0
Salt Lake City,2017-02-24,20,15.0,Trump 1.0
Salt Lake City,2017-02-25,2,11.0,Trump 1.0
Salt Lake City,2017-02-26,2,11.0,Trump 1.0
Salt Lake City,2017-02-27,18,13.0,Trump 1.0
Salt Lake City,2017-02-28,12,14.0,Trump 1.0
Salt Lake City,2017-03-01,20,13.0,Trump 1.0
Salt Lake City,2017-03-02,14,13.0,Trump 1.0
Salt Lake City,2017-03-03,18,12.0,Trump 1.0
Salt Lake City,2017-03-05,5,13.0,Trump 1.0
Salt Lake City,2017-03-06,24,16.0,Trump 1.0
Salt Lake City,2017-03-07,30,18.0,Trump 1.0
Salt Lake City,2017-03-08,40,22.0,Trump 1.0
Salt Lake City,2017-03-09,47,25.0,Trump 1.0
Salt Lake City,2017-03-10,25,27.0,Trump 1.0
Salt Lake City,2017-03-11,2,25.0,Trump 1.0
Salt Lake City,2017-03-12,2,24.0,Trump 1.0
Salt Lake City,2017-03-13,20,24.0,Trump 1.0
Salt Lake City,2017-03-14,12,21.0,Trump 1.0
Salt Lake City,2017-03-15,18,18.0,Trump 1.0
Salt Lake City,2017-03-16,21,14.0,Trump 1.0
Salt Lake City,2017-03-17,19,13.0,Trump 1.0
Salt Lake City,2017-03-18,1,13.0,Trump 1.0
Salt Lake City,2017-03-19,2,13.0,Trump 1.0
Salt Lake City,2017-03-20,16,13.0,Trump 1.0
Salt Lake City,2017-03-21,28,15.0,Trump 1.0
Salt Lake City,2017-03-22,17,15.0,Trump 1.0
Salt Lake City,2017-03-23,11,13.0,Trump 1.0
Salt Lake City,2017-03-24,28,15.0,Trump 1.0
Salt Lake City,2017-03-27,30,19.0,Trump 1.0
Salt Lake City,2017-03-28,28,23.0,Trump 1.0
Salt Lake City,2017-03-29,13,22.0,Trump 1.0
Salt Lake City,2017-03-30,18,21.0,Trump 1.0
Salt Lake City,2017-03-31,23,22.0,Trump 1.0
Salt Lake City,2017-04-01,3,20.0,Trump 1.0
Salt Lake City,2017-04-02,1,17.0,Trump 1.0
Salt Lake City,2017-04-03,22,15.0,Trump 1.0
Salt Lake City,2017-04-04,20,14.0,Trump 1.0
Salt Lake City,2017-04-05,21,15.0,Trump 1.0
Salt Lake City,2017-04-06,24,16.0,Trump 1.0
Salt Lake City,2017-04-07,18,16.0,Trump 1.0
Salt Lake City,2017-04-10,18,18.0,Trump 1.0
Salt Lake City,2017-04-11,27,21.0,Trump 1.0
Salt Lake City,2017-04-12,28,22.0,Trump 1.0
Salt Lake City,2017-04-13,20,22.0,Trump 1.0
Salt Lake City,2017-04-14,26,23.0,Trump 1.0
Salt Lake City,2017-04-17,18,22.0,Trump 1.0
Salt Lake City,2017-04-18,19,22.0,Trump 1.0
Salt Lake City,2017-04-19,32,24.0,Trump 1.0
Salt Lake City,2017-04-20,20,23.0,Trump 1.0
Salt Lake City,2017-04-21,27,23.0,Trump 1.0
Salt Lake City,2017-04-22,3,21.0,Trump 1.0
Salt Lake City,2017-04-24,23,20.0,Trump 1.0
Salt Lake City,2017-04-25,26,21.0,Trump 1.0
Salt Lake City,2017-04-26,28,23.0,Trump 1.0
Salt Lake City,2017-04-27,25,22.0,Trump 1.0
Salt Lake City,2017-04-28,31,23.0,Trump 1.0
Salt Lake City,2017-04-29,1,20.0,Trump 1.0
Salt Lake City,2017-05-01,26,23.0,Trump 1.0
Salt Lake City,2017-05-02,19,22.0,Trump 1.0
Salt Lake City,2017-05-03,14,21.0,Trump 1.0
Salt Lake City,2017-05-04,14,19.0,Trump 1.0
Salt Lake City,2017-05-05,18,18.0,Trump 1.0
Salt Lake City,2017-05-06,3,14.0,Trump 1.0
Salt Lake City,2017-05-07,1,14.0,Trump 1.0
Salt Lake City,2017-05-08,15,12.0,Trump 1.0
Salt Lake City,2017-05-09,15,11.0,Trump 1.0
Salt Lake City,2017-05-10,16,12.0,Trump 1.0
Salt Lake City,2017-05-11,15,12.0,Trump 1.0
Salt Lake City,2017-05-12,7,10.0,Trump 1.0
Salt Lake City,2017-05-15,13,12.0,Trump 1.0
Salt Lake City,2017-05-16,17,14.0,Trump 1.0
Salt Lake City,2017-05-17,23,15.0,Trump 1.0
Salt Lake City,2017-05-18,22,16.0,Trump 1.0
Salt Lake City,2017-05-19,15,16.0,Trump 1.0
Salt Lake City,2017-05-20,5,15.0,Trump 1.0
Salt Lake City,2017-05-21,2,14.0,Trump 1.0
Salt Lake City,2017-05-22,16,14.0,Trump 1.0
Salt Lake City,2017-05-23,22,15.0,Trump 1.0
Salt Lake City,2017-05-24,17,14.0,Trump 1.0
Salt Lake City,2017-05-25,28,15.0,Trump 1.0
Salt Lake City,2017-05-26,13,15.0,Trump 1.0
Salt Lake City,2017-05-27,1,14.0,Trump 1.0
Salt Lake City,2017-05-30,15,16.0,Trump 1.0
Salt Lake City,2017-05-31,21,17.0,Trump 1.0
Salt Lake City,2017-06-01,21,17.0,Trump 1.0
Salt Lake City,2017-06-02,25,18.0,Trump 1.0
Salt Lake City,2017-06-04,6,15.0,Trump 1.0
Salt Lake City,2017-06-05,19,15.0,Trump 1.0
Salt Lake City,2017-06-06,19,18.0,Trump 1.0
Salt Lake City,2017-06-07,23,19.0,Trump 1.0
Salt Lake City,2017-06-08,15,18.0,Trump 1.0
Salt Lake City,2017-06-09,20,18.0,Trump 1.0
Salt Lake City,2017-06-11,1,15.0,Trump 1.0
Salt Lake City,2017-06-12,24,17.0,Trump 1.0
Salt Lake City,2017-06-13,17,17.0,Trump 1.0
Salt Lake City,2017-06-14,26,18.0,Trump 1.0
Salt Lake City,2017-06-15,25,18.0,Trump 1.0
Salt Lake City,2017-06-16,24,20.0,Trump 1.0
Salt Lake City,2017-06-17,1,17.0,Trump 1.0
Salt Lake City,2017-06-18,1,17.0,Trump 1.0
Salt Lake City,2017-06-19,18,16.0,Trump 1.0
Salt Lake City,2017-06-20,16,16.0,Trump 1.0
Salt Lake City,2017-06-21,19,15.0,Trump 1.0
Salt Lake City,2017-06-22,18,14.0,Trump 1.0
Salt Lake City,2017-06-23,15,13.0,Trump 1.0
Salt Lake City,2017-06-24,1,13.0,Trump 1.0
Salt Lake City,2017-06-25,1,13.0,Trump 1.0
Salt Lake City,2017-06-26,18,13.0,Trump 1.0
Salt Lake City,2017-06-27,23,14.0,Trump 1.0
Salt Lake City,2017-06-28,27,15.0,Trump 1.0
Salt Lake City,2017-06-29,24,16.0,Trump 1.0
Salt Lake City,2017-06-30,10,15.0,Trump 1.0
Salt Lake City,2017-07-01,2,15.0,Trump 1.0
Salt Lake City,2017-07-02,1,15.0,Trump 1.0
Salt Lake City,2017-07-03,18,15.0,Trump 1.0
Salt Lake City,2017-07-05,24,15.0,Trump 1.0
Salt Lake City,2017-07-06,21,14.0,Trump 1.0
Salt Lake City,2017-07-07,16,13.0,Trump 1.0
Salt Lake City,2017-07-08,3,12.0,Trump 1.0
Salt Lake City,2017-07-09,2,12.0,Trump 1.0
Salt Lake City,2017-07-10,12,14.0,Trump 1.0
Salt Lake City,2017-07-11,21,14.0,Trump 1.0
Salt Lake City,2017-07-12,24,14.0,Trump 1.0
Salt Lake City,2017-07-13,19,14.0,Trump 1.0
Salt Lake City,2017-07-14,28,16.0,Trump 1.0
Salt Lake City,2017-07-15,6,16.0,Trump 1.0
Salt Lake City,2017-07-16,8,17.0,Trump 1.0
Salt Lake City,2017-07-17,25,19.0,Trump 1.0
Salt Lake City,2017-07-18,20,19.0,Trump 1.0
Salt Lake City,2017-07-19,21,18.0,Trump 1.0
Salt Lake City,2017-07-20,21,18.0,Trump 1.0
Salt Lake City,2017-07-21,25,18.0,Trump 1.0
Salt Lake City,2017-07-23,9,18.0,Trump 1.0
Salt Lake City,2017-07-24,24,21.0,Trump 1.0
Salt Lake City,2017-07-25,35,22.0,Trump 1.0
Salt Lake City,2017-07-26,22,22.0,Trump 1.0
Salt Lake City,2017-07-27,20,22.0,Trump 1.0
Salt Lake City,2017-07-28,12,21.0,Trump 1.0
Salt Lake City,2017-07-29,2,18.0,Trump 1.0
Salt Lake City,2017-07-31,25,20.0,Trump 1.0
Salt Lake City,2017-08-01,34,21.0,Trump 1.0
Salt Lake City,2017-08-02,23,20.0,Trump 1.0
Salt Lake City,2017-08-03,13,18.0,Trump 1.0
Salt Lake City,2017-08-04,14,18.0,Trump 1.0
Salt Lake City,2017-08-05,2,16.0,Trump 1.0
Salt Lake City,2017-08-06,3,16.0,Trump 1.0
Salt Lake City,2017-08-07,20,16.0,Trump 1.0
Salt Lake City,2017-08-08,22,14.0,Trump 1.0
Salt Lake City,2017-08-09,26,14.0,Trump 1.0
Salt Lake City,2017-08-10,23,16.0,Trump 1.0
Salt Lake City,2017-08-11,20,17.0,Trump 1.0
Salt Lake City,2017-08-12,1,16.0,Trump 1.0
Salt Lake City,2017-08-14,20,19.0,Trump 1.0
Salt Lake City,2017-08-15,22,19.0,Trump 1.0
Salt Lake City,2017-08-16,15,18.0,Trump 1.0
Salt Lake City,2017-08-17,17,17.0,Trump 1.0
Salt Lake City,2017-08-18,19,16.0,Trump 1.0
Salt Lake City,2017-08-19,1,14.0,Trump 1.0
Salt Lake City,2017-08-21,22,17.0,Trump 1.0
Salt Lake City,2017-08-22,22,17.0,Trump 1.0
Salt Lake City,2017-08-23,15,16.0,Trump 1.0
Salt Lake City,2017-08-24,20,17.0,Trump 1.0
Salt Lake City,2017-08-25,16,16.0,Trump 1.0
Salt Lake City,2017-08-28,22,17.0,Trump 1.0
Salt Lake City,2017-08-29,22,20.0,Trump 1.0
Salt Lake City,2017-08-30,16,19.0,Trump 1.0
Salt Lake City,2017-08-31,12,18.0,Trump 1.0
Salt Lake City,2017-09-01,22,19.0,Trump 1.0
Salt Lake City,2017-09-02,3,16.0,Trump 1.0
Salt Lake City,2017-09-03,1,14.0,Trump 1.0
Salt Lake City,2017-09-04,1,11.0,Trump 1.0
Salt Lake City,2017-09-05,24,11.0,Trump 1.0
Salt Lake City,2017-09-06,24,12.0,Trump 1.0
Salt Lake City,2017-09-07,29,15.0,Trump 1.0
Salt Lake City,2017-09-08,16,14.0,Trump 1.0
Salt Lake City,2017-09-09,3,14.0,Trump 1.0
Salt Lake City,2017-09-10,3,14.0,Trump 1.0
Salt Lake City,2017-09-11,25,18.0,Trump 1.0
Salt Lake City,2017-09-12,14,16.0,Trump 1.0
Salt Lake City,2017-09-13,17,15.0,Trump 1.0
Salt Lake City,2017-09-14,16,13.0,Trump 1.0
Salt Lake City,2017-09-15,19,14.0,Trump 1.0
Salt Lake City,2017-09-16,3,14.0,Trump 1.0
Salt Lake City,2017-09-17,3,14.0,Trump 1.0
Salt Lake City,2017-09-18,20,13.0,Trump 1.0
Salt Lake City,2017-09-19,35,16.0,Trump 1.0
Salt Lake City,2017-09-20,19,16.0,Trump 1.0
Salt Lake City,2017-09-21,23,17.0,Trump 1.0
Salt Lake City,2017-09-22,21,18.0,Trump 1.0
Salt Lake City,2017-09-25,26,21.0,Trump 1.0
Salt Lake City,2017-09-26,14,23.0,Trump 1.0
Salt Lake City,2017-09-27,8,21.0,Trump 1.0
Salt Lake City,2017-09-28,24,19.0,Trump 1.0
Salt Lake City,2017-09-29,9,18.0,Trump 1.0
Salt Lake City,2017-09-30,3,15.0,Trump 1.0
Salt Lake City,2017-10-01,1,12.0,Trump 1.0
Salt Lake City,2017-10-02,23,12.0,Trump 1.0
Salt Lake City,2017-10-03,21,13.0,Trump 1.0
Salt Lake City,2017-10-04,18,14.0,Trump 1.0
Salt Lake City,2017-10-05,10,12.0,Trump 1.0
Salt Lake City,2017-10-06,19,14.0,Trump 1.0
Salt Lake City,2017-10-07,3,14.0,Trump 1.0
Salt Lake City,2017-10-09,2,14.0,Trump 1.0
Salt Lake City,2017-10-10,28,14.0,Trump 1.0
Salt Lake City,2017-10-11,26,15.0,Trump 1.0
Salt Lake City,2017-10-12,17,15.0,Trump 1.0
Salt Lake City,2017-10-13,18,16.0,Trump 1.0
Salt Lake City,2017-10-14,1,14.0,Trump 1.0
Salt Lake City,2017-10-16,18,16.0,Trump 1.0
Salt Lake City,2017-10-17,30,20.0,Trump 1.0
Salt Lake City,2017-10-18,16,18.0,Trump 1.0
Salt Lake City,2017-10-19,16,17.0,Trump 1.0
Salt Lake City,2017-10-20,26,18.0,Trump 1.0
Salt Lake City,2017-10-22,2,16.0,Trump 1.0
Salt Lake City,2017-10-23,21,18.0,Trump 1.0
Salt Lake City,2017-10-24,26,20.0,Trump 1.0
Salt Lake City,2017-10-25,23,19.0,Trump 1.0
Salt Lake City,2017-10-26,18,19.0,Trump 1.0
Salt Lake City,2017-10-27,17,19.0,Trump 1.0
Salt Lake City,2017-10-28,1,15.0,Trump 1.0
Salt Lake City,2017-10-29,2,15.0,Trump 1.0
Salt Lake City,2017-10-30,28,16.0,Trump 1.0
Salt Lake City,2017-10-31,14,15.0,Trump 1.0
Salt Lake City,2017-11-01,22,15.0,Trump 1.0
Salt Lake City,2017-11-02,17,14.0,Trump 1.0
Salt Lake City,2017-11-03,25,16.0,Trump 1.0
Salt Lake City,2017-11-04,1,16.0,Trump 1.0
Salt Lake City,2017-11-05,2,16.0,Trump 1.0
Salt Lake City,2017-11-06,18,14.0,Trump 1.0
Salt Lake City,2017-11-07,12,14.0,Trump 1.0
Salt Lake City,2017-11-08,22,14.0,Trump 1.0
Salt Lake City,2017-11-09,22,15.0,Trump 1.0
Salt Lake City,2017-11-10,4,12.0,Trump 1.0
Salt Lake City,2017-11-13,26,15.0,Trump 1.0
Salt Lake City,2017-11-14,12,17.0,Trump 1.0
Salt Lake City,2017-11-15,20,17.0,Trump 1.0
Salt Lake City,2017-11-16,12,17.0,Trump 1.0
Salt Lake City,2017-11-17,13,16.0,Trump 1.0
Salt Lake City,2017-11-18,3,13.0,Trump 1.0
Salt Lake City,2017-11-20,19,15.0,Trump 1.0
Salt Lake City,2017-11-21,26,15.0,Trump 1.0
Salt Lake City,2017-11-22,10,15.0,Trump 1.0
Salt Lake City,2017-11-23,1,12.0,Trump 1.0
Salt Lake City,2017-11-24,11,12.0,Trump 1.0
Salt Lake City,2017-11-26,2,10.0,Trump 1.0
Salt Lake City,2017-11-27,29,14.0,Trump 1.0
Salt Lake City,2017-11-28,24,15.0,Trump 1.0
Salt Lake City,2017-11-29,18,14.0,Trump 1.0
Salt Lake City,2017-11-30,26,16.0,Trump 1.0
Salt Lake City,2017-12-01,26,19.0,Trump 1.0
Salt Lake City,2017-12-02,2,18.0,Trump 1.0
Salt Lake City,2017-12-03,3,18.0,Trump 1.0
Salt Lake City,2017-12-04,31,19.0,Trump 1.0
Salt Lake City,2017-12-05,20,18.0,Trump 1.0
Salt Lake City,2017-12-06,17,18.0,Trump 1.0
Salt Lake City,2017-12-07,17,17.0,Trump 1.0
Salt Lake City,2017-12-08,20,16.0,Trump 1.0
Salt Lake City,2017-12-09,1,16.0,Trump 1.0
Salt Lake City,2017-12-10,3,16.0,Trump 1.0
Salt Lake City,2017-12-11,19,14.0,Trump 1.0
Salt Lake City,2017-12-12,21,14.0,Trump 1.0
Salt Lake City,2017-12-13,28,16.0,Trump 1.0
Salt Lake City,2017-12-14,13,15.0,Trump 1.0
Salt Lake City,2017-12-15,17,15.0,Trump 1.0
Salt Lake City,2017-12-17,1,15.0,Trump 1.0
Salt Lake City,2017-12-18,18,17.0,Trump 1.0
Salt Lake City,2017-12-19,19,17.0,Trump 1.0
Salt Lake City,2017-12-20,27,18.0,Trump 1.0
Salt Lake City,2017-12-21,8,15.0,Trump 1.0
Salt Lake City,2017-12-22,19,16.0,Trump 1.0
Salt Lake City,2017-12-23,3,14.0,Trump 1.0
Salt Lake City,2017-12-24,2,14.0,Trump 1.0
Salt Lake City,2017-12-26,9,12.0,Trump 1.0
Salt Lake City,2017-12-27,13,12.0,Trump 1.0
Salt Lake City,2017-12-28,18,10.0,Trump 1.0
Salt Lake City,2017-12-29,18,12.0,Trump 1.0
Salt Lake City,2018-01-01,1,9.0,Trump 1.0
Salt Lake City,2018-01-02,18,11.0,Trump 1.0
Salt Lake City,2018-01-03,24,14.0,Trump 1.0
Salt Lake City,2018-01-04,18,16.0,Trump 1.0
Salt Lake City,2018-01-05,38,19.0,Trump 1.0
Salt Lake City,2018-01-06,1,17.0,Trump 1.0
Salt Lake City,2018-01-07,2,15.0,Trump 1.0
Salt Lake City,2018-01-08,14,16.0,Trump 1.0
Salt Lake City,2018-01-09,21,17.0,Trump 1.0
Salt Lake City,2018-01-10,31,18.0,Trump 1.0
Salt Lake City,2018-01-11,22,18.0,Trump 1.0
Salt Lake City,2018-01-12,35,18.0,Trump 1.0
Salt Lake City,2018-01-13,2,18.0,Trump 1.0
Salt Lake City,2018-01-14,5,19.0,Trump 1.0
Salt Lake City,2018-01-15,3,17.0,Trump 1.0
Salt Lake City,2018-01-16,19,17.0,Trump 1.0
Salt Lake City,2018-01-17,28,16.0,Trump 1.0
Salt Lake City,2018-01-18,16,15.0,Trump 1.0
Salt Lake City,2018-01-19,21,13.0,Trump 1.0
Salt Lake City,2018-01-21,2,13.0,Trump 1.0
Salt Lake City,2018-01-22,19,15.0,Trump 1.0
Salt Lake City,2018-01-23,27,19.0,Trump 1.0
Salt Lake City,2018-01-24,37,21.0,Trump 1.0
Salt Lake City,2018-01-25,31,22.0,Trump 1.0
Salt Lake City,2018-01-26,43,26.0,Trump 1.0
Salt Lake City,2018-01-27,1,23.0,Trump 1.0
Salt Lake City,2018-01-28,1,23.0,Trump 1.0
Salt Lake City,2018-01-29,21,23.0,Trump 1.0
Salt Lake City,2018-01-30,18,22.0,Trump 1.0
Salt Lake City,2018-01-31,24,20.0,Trump 1.0
Salt Lake City,2018-02-01,12,17.0,Trump 1.0
Salt Lake City,2018-02-02,16,13.0,Trump 1.0
Salt Lake City,2018-02-03,3,14.0,Trump 1.0
Salt Lake City,2018-02-05,25,17.0,Trump 1.0
Salt Lake City,2018-02-06,38,19.0,Trump 1.0
Salt Lake City,2018-02-07,46,23.0,Trump 1.0
Salt Lake City,2018-02-08,26,24.0,Trump 1.0
Salt Lake City,2018-02-09,33,27.0,Trump 1.0
Salt Lake City,2018-02-10,3,25.0,Trump 1.0
Salt Lake City,2018-02-11,1,25.0,Trump 1.0
Salt Lake City,2018-02-12,24,24.0,Trump 1.0
Salt Lake City,2018-02-13,21,22.0,Trump 1.0
Salt Lake City,2018-02-14,26,19.0,Trump 1.0
Salt Lake City,2018-02-15,15,18.0,Trump 1.0
Salt Lake City,2018-02-16,16,15.0,Trump 1.0
Salt Lake City,2018-02-17,1,15.0,Trump 1.0
Salt Lake City,2018-02-19,1,15.0,Trump 1.0
Salt Lake City,2018-02-20,12,13.0,Trump 1.0
Salt Lake City,2018-02-21,28,14.0,Trump 1.0
Salt Lake City,2018-02-22,13,12.0,Trump 1.0
Salt Lake City,2018-02-23,19,13.0,Trump 1.0
Salt Lake City,2018-02-24,4,11.0,Trump 1.0
Salt Lake City,2018-02-25,2,11.0,Trump 1.0
Salt Lake City,2018-02-26,13,13.0,Trump 1.0
Salt Lake City,2018-02-27,20,14.0,Trump 1.0
Salt Lake City,2018-02-28,24,14.0,Trump 1.0
Salt Lake City,2018-03-01,24,15.0,Trump 1.0
Salt Lake City,2018-03-02,17,15.0,Trump 1.0
Salt Lake City,2018-03-03,3,15.0,Trump 1.0
Salt Lake City,2018-03-05,26,18.0,Trump 1.0
Salt Lake City,2018-03-06,25,20.0,Trump 1.0
Salt Lake City,2018-03-07,21,20.0,Trump 1.0
Salt Lake City,2018-03-08,17,19.0,Trump 1.0
Salt Lake City,2018-03-09,21,19.0,Trump 1.0
Salt Lake City,2018-03-10,1,16.0,Trump 1.0
Salt Lake City,2018-03-12,10,17.0,Trump 1.0
Salt Lake City,2018-03-13,19,16.0,Trump 1.0
Salt Lake City,2018-03-14,29,17.0,Trump 1.0
Salt Lake City,2018-03-15,18,16.0,Trump 1.0
Salt Lake City,2018-03-16,21,17.0,Trump 1.0
Salt Lake City,2018-03-17,1,14.0,Trump 1.0
Salt Lake City,2018-03-19,21,17.0,Trump 1.0
Salt Lake City,2018-03-20,31,20.0,Trump 1.0
Salt Lake City,2018-03-21,29,21.0,Trump 1.0
Salt Lake City,2018-03-22,26,21.0,Trump 1.0
Salt Lake City,2018-03-23,38,24.0,Trump 1.0
Salt Lake City,2018-03-24,2,21.0,Trump 1.0
Salt Lake City,2018-03-25,2,21.0,Trump 1.0
Salt Lake City,2018-03-26,23,22.0,Trump 1.0
Salt Lake City,2018-03-27,15,19.0,Trump 1.0
Salt Lake City,2018-03-28,26,19.0,Trump 1.0
Salt Lake City,2018-03-29,16,17.0,Trump 1.0
Salt Lake City,2018-03-30,9,13.0,Trump 1.0
Salt Lake City,2018-03-31,1,13.0,Trump 1.0
Salt Lake City,2018-04-01,2,13.0,Trump 1.0
Salt Lake City,2018-04-02,13,12.0,Trump 1.0
Salt Lake City,2018-04-03,17,12.0,Trump 1.0
Salt Lake City,2018-04-04,29,12.0,Trump 1.0
Salt Lake City,2018-04-05,21,13.0,Trump 1.0
Salt Lake City,2018-04-06,25,15.0,Trump 1.0
Salt Lake City,2018-04-07,1,15.0,Trump 1.0
Salt Lake City,2018-04-09,21,18.0,Trump 1.0
Salt Lake City,2018-04-10,22,19.0,Trump 1.0
Salt Lake City,2018-04-11,38,22.0,Trump 1.0
Salt Lake City,2018-04-12,18,21.0,Trump 1.0
Salt Lake City,2018-04-13,32,22.0,Trump 1.0
Salt Lake City,2018-04-14,2,19.0,Trump 1.0
Salt Lake City,2018-04-15,3,19.0,Trump 1.0
Salt Lake City,2018-04-16,17,19.0,Trump 1.0
Salt Lake City,2018-04-17,23,19.0,Trump 1.0
Salt Lake City,2018-04-18,34,18.0,Trump 1.0
Salt Lake City,2018-04-19,22,19.0,Trump 1.0
Salt Lake City,2018-04-20,27,18.0,Trump 1.0
Salt Lake City,2018-04-21,2,18.0,Trump 1.0
Salt Lake City,2018-04-23,23,21.0,Trump 1.0
Salt Lake City,2018-04-24,19,21.0,Trump 1.0
Salt Lake City,2018-04-25,20,21.0,Trump 1.0
Salt Lake City,2018-04-26,12,18.0,Trump 1.0
Salt Lake City,2018-04-27,34,20.0,Trump 1.0
Salt Lake City,2018-04-28,2,16.0,Trump 1.0
Salt Lake City,2018-04-29,1,16.0,Trump 1.0
Salt Lake City,2018-04-30,6,13.0,Trump 1.0
Salt Lake City,2018-05-01,26,14.0,Trump 1.0
Salt Lake City,2018-05-02,26,15.0,Trump 1.0
Salt Lake City,2018-05-03,17,16.0,Trump 1.0
Salt Lake City,2018-05-04,23,14.0,Trump 1.0
Salt Lake City,2018-05-05,5,15.0,Trump 1.0
Salt Lake City,2018-05-06,1,15.0,Trump 1.0
Salt Lake City,2018-05-07,13,16.0,Trump 1.0
Salt Lake City,2018-05-08,28,16.0,Trump 1.0
Salt Lake City,2018-05-09,17,15.0,Trump 1.0
Salt Lake City,2018-05-10,14,14.0,Trump 1.0
Salt Lake City,2018-05-11,19,14.0,Trump 1.0
Salt Lake City,2018-05-12,2,13.0,Trump 1.0
Salt Lake City,2018-05-13,1,13.0,Trump 1.0
Salt Lake City,2018-05-14,12,13.0,Trump 1.0
Salt Lake City,2018-05-15,19,12.0,Trump 1.0
Salt Lake City,2018-05-16,12,11.0,Trump 1.0
Salt Lake City,2018-05-17,8,10.0,Trump 1.0
Salt Lake City,2018-05-18,17,10.0,Trump 1.0
Salt Lake City,2018-05-19,7,11.0,Trump 1.0
Salt Lake City,2018-05-20,6,12.0,Trump 1.0
Salt Lake City,2018-05-21,21,13.0,Trump 1.0
Salt Lake City,2018-05-22,28,14.0,Trump 1.0
Salt Lake City,2018-05-23,24,16.0,Trump 1.0
Salt Lake City,2018-05-24,15,17.0,Trump 1.0
Salt Lake City,2018-05-25,13,16.0,Trump 1.0
Salt Lake City,2018-05-26,2,16.0,Trump 1.0
Salt Lake City,2018-05-27,1,15.0,Trump 1.0
Salt Lake City,2018-05-28,2,12.0,Trump 1.0
Salt Lake City,2018-05-29,18,11.0,Trump 1.0
Salt Lake City,2018-05-30,15,9.0,Trump 1.0
Salt Lake City,2018-05-31,28,11.0,Trump 1.0
Salt Lake City,2018-06-01,19,12.0,Trump 1.0
Salt Lake City,2018-06-03,4,12.0,Trump 1.0
Salt Lake City,2018-06-04,26,16.0,Trump 1.0
Salt Lake City,2018-06-05,19,18.0,Trump 1.0
Salt Lake City,2018-06-06,28,20.0,Trump 1.0
Salt Lake City,2018-06-07,29,22.0,Trump 1.0
Salt Lake City,2018-06-08,22,21.0,Trump 1.0
Salt Lake City,2018-06-09,1,18.0,Trump 1.0
Salt Lake City,2018-06-10,3,18.0,Trump 1.0
Salt Lake City,2018-06-11,20,17.0,Trump 1.0
Salt Lake City,2018-06-12,19,17.0,Trump 1.0
Salt Lake City,2018-06-13,33,18.0,Trump 1.0
Salt Lake City,2018-06-14,21,17.0,Trump 1.0
Salt Lake City,2018-06-15,17,16.0,Trump 1.0
Salt Lake City,2018-06-17,2,16.0,Trump 1.0
Salt Lake City,2018-06-18,21,19.0,Trump 1.0
Salt Lake City,2018-06-19,26,20.0,Trump 1.0
Salt Lake City,2018-06-20,24,21.0,Trump 1.0
Salt Lake City,2018-06-21,13,18.0,Trump 1.0
Salt Lake City,2018-06-22,18,17.0,Trump 1.0
Salt Lake City,2018-06-25,28,19.0,Trump 1.0
Salt Lake City,2018-06-26,19,21.0,Trump 1.0
Salt Lake City,2018-06-27,22,21.0,Trump 1.0
Salt Lake City,2018-06-28,10,19.0,Trump 1.0
Salt Lake City,2018-06-29,12,17.0,Trump 1.0
Salt Lake City,2018-06-30,1,16.0,Trump 1.0
Salt Lake City,2018-07-01,3,14.0,Trump 1.0
Salt Lake City,2018-07-02,14,12.0,Trump 1.0
Salt Lake City,2018-07-03,20,12.0,Trump 1.0
Salt Lake City,2018-07-04,2,9.0,Trump 1.0
Salt Lake City,2018-07-05,25,11.0,Trump 1.0
Salt Lake City,2018-07-06,15,11.0,Trump 1.0
Salt Lake City,2018-07-07,4,12.0,Trump 1.0
Salt Lake City,2018-07-09,27,15.0,Trump 1.0
Salt Lake City,2018-07-10,22,16.0,Trump 1.0
Salt Lake City,2018-07-11,26,17.0,Trump 1.0
Salt Lake City,2018-07-12,20,20.0,Trump 1.0
Salt Lake City,2018-07-13,26,20.0,Trump 1.0
Salt Lake City,2018-07-14,2,18.0,Trump 1.0
Salt Lake City,2018-07-16,22,21.0,Trump 1.0
Salt Lake City,2018-07-17,30,21.0,Trump 1.0
Salt Lake City,2018-07-18,20,21.0,Trump 1.0
Salt Lake City,2018-07-19,24,21.0,Trump 1.0
Salt Lake City,2018-07-20,22,21.0,Trump 1.0
Salt Lake City,2018-07-22,3,18.0,Trump 1.0
Salt Lake City,2018-07-23,19,20.0,Trump 1.0
Salt Lake City,2018-07-24,31,21.0,Trump 1.0
Salt Lake City,2018-07-25,19,20.0,Trump 1.0
Salt Lake City,2018-07-26,25,20.0,Trump 1.0
Salt Lake City,2018-07-27,21,20.0,Trump 1.0
Salt Lake City,2018-07-28,2,17.0,Trump 1.0
Salt Lake City,2018-07-29,3,17.0,Trump 1.0
Salt Lake City,2018-07-30,13,16.0,Trump 1.0
Salt Lake City,2018-07-31,25,15.0,Trump 1.0
Salt Lake City,2018-08-01,17,15.0,Trump 1.0
Salt Lake City,2018-08-02,16,14.0,Trump 1.0
Salt Lake City,2018-08-03,15,13.0,Trump 1.0
Salt Lake City,2018-08-04,1,13.0,Trump 1.0
Salt Lake City,2018-08-05,5,13.0,Trump 1.0
Salt Lake City,2018-08-06,16,14.0,Trump 1.0
Salt Lake City,2018-08-07,21,13.0,Trump 1.0
Salt Lake City,2018-08-08,11,12.0,Trump 1.0
Salt Lake City,2018-08-09,13,12.0,Trump 1.0
Salt Lake City,2018-08-10,10,11.0,Trump 1.0
Salt Lake City,2018-08-11,2,11.0,Trump 1.0
Salt Lake City,2018-08-12,1,11.0,Trump 1.0
Salt Lake City,2018-08-13,23,12.0,Trump 1.0
Salt Lake City,2018-08-14,26,12.0,Trump 1.0
Salt Lake City,2018-08-15,27,15.0,Trump 1.0
Salt Lake City,2018-08-16,23,16.0,Trump 1.0
Salt Lake City,2018-08-17,14,17.0,Trump 1.0
Salt Lake City,2018-08-19,1,16.0,Trump 1.0
Salt Lake City,2018-08-20,15,18.0,Trump 1.0
Salt Lake City,2018-08-21,20,18.0,Trump 1.0
Salt Lake City,2018-08-22,16,17.0,Trump 1.0
Salt Lake City,2018-08-23,18,15.0,Trump 1.0
Salt Lake City,2018-08-24,24,15.0,Trump 1.0
Salt Lake City,2018-08-25,2,14.0,Trump 1.0
Salt Lake City,2018-08-27,15,16.0,Trump 1.0
Salt Lake City,2018-08-28,22,17.0,Trump 1.0
Salt Lake City,2018-08-29,23,17.0,Trump 1.0
Salt Lake City,2018-08-30,23,18.0,Trump 1.0
Salt Lake City,2018-08-31,22,19.0,Trump 1.0
Salt Lake City,2018-09-01,1,15.0,Trump 1.0
Salt Lake City,2018-09-03,1,15.0,Trump 1.0
Salt Lake City,2018-09-04,18,16.0,Trump 1.0
Salt Lake City,2018-09-05,23,16.0,Trump 1.0
Salt Lake City,2018-09-06,18,15.0,Trump 1.0
Salt Lake City,2018-09-07,18,14.0,Trump 1.0
Salt Lake City,2018-09-08,4,12.0,Trump 1.0
Salt Lake City,2018-09-09,2,12.0,Trump 1.0
Salt Lake City,2018-09-10,22,15.0,Trump 1.0
Salt Lake City,2018-09-11,25,16.0,Trump 1.0
Salt Lake City,2018-09-12,12,14.0,Trump 1.0
Salt Lake City,2018-09-13,18,14.0,Trump 1.0
Salt Lake City,2018-09-14,19,15.0,Trump 1.0
Salt Lake City,2018-09-15,3,14.0,Trump 1.0
Salt Lake City,2018-09-17,26,18.0,Trump 1.0
Salt Lake City,2018-09-18,25,18.0,Trump 1.0
Salt Lake City,2018-09-19,19,17.0,Trump 1.0
Salt Lake City,2018-09-20,14,18.0,Trump 1.0
Salt Lake City,2018-09-21,18,18.0,Trump 1.0
Salt Lake City,2018-09-22,23,18.0,Trump 1.0
Salt Lake City,2018-09-23,21,21.0,Trump 1.0
Salt Lake City,2018-09-24,32,22.0,Trump 1.0
Salt Lake City,2018-09-25,37,23.0,Trump 1.0
Salt Lake City,2018-09-26,41,27.0,Trump 1.0
Salt Lake City,2018-09-27,21,28.0,Trump 1.0
Salt Lake City,2018-09-28,17,27.0,Trump 1.0
Salt Lake City,2018-09-30,1,24.0,Trump 1.0
San Antonio,2015-10-01,24,25.0,Trump 1.0
San Antonio,2015-10-02,29,24.0,Trump 1.0
San Antonio,2015-10-03,7,20.0,Trump 1.0
San Antonio,2015-10-04,6,15.0,Trump 1.0
San Antonio,2015-10-05,16,14.0,Trump 1.0
San Antonio,2015-10-06,38,17.0,Trump 1.0
San Antonio,2015-10-07,26,21.0,Trump 1.0
San Antonio,2015-10-08,30,22.0,Trump 1.0
San Antonio,2015-10-09,31,22.0,Trump 1.0
San Antonio,2015-10-10,12,23.0,Trump 1.0
San Antonio,2015-10-11,3,22.0,Trump 1.0
San Antonio,2015-10-12,9,21.0,Trump 1.0
San Antonio,2015-10-13,35,21.0,Trump 1.0
San Antonio,2015-10-14,42,23.0,Trump 1.0
San Antonio,2015-10-15,44,25.0,Trump 1.0
San Antonio,2015-10-16,33,25.0,Trump 1.0
San Antonio,2015-10-17,14,26.0,Trump 1.0
San Antonio,2015-10-18,15,27.0,Trump 1.0
San Antonio,2015-10-19,36,31.0,Trump 1.0
San Antonio,2015-10-20,29,30.0,Trump 1.0
San Antonio,2015-10-21,33,29.0,Trump 1.0
San Antonio,2015-10-22,48,30.0,Trump 1.0
San Antonio,2015-10-23,35,30.0,Trump 1.0
San Antonio,2015-10-24,12,30.0,Trump 1.0
San Antonio,2015-10-25,13,29.0,Trump 1.0
San Antonio,2015-10-26,37,30.0,Trump 1.0
San Antonio,2015-10-27,55,33.0,Trump 1.0
San Antonio,2015-10-28,28,33.0,Trump 1.0
San Antonio,2015-10-29,61,34.0,Trump 1.0
San Antonio,2015-10-30,38,35.0,Trump 1.0
San Antonio,2015-10-31,6,34.0,Trump 1.0
San Antonio,2015-11-01,7,33.0,Trump 1.0
San Antonio,2015-11-02,36,33.0,Trump 1.0
San Antonio,2015-11-03,43,31.0,Trump 1.0
San Antonio,2015-11-04,25,31.0,Trump 1.0
San Antonio,2015-11-05,34,27.0,Trump 1.0
San Antonio,2015-11-06,28,26.0,Trump 1.0
San Antonio,2015-11-07,6,26.0,Trump 1.0
San Antonio,2015-11-08,10,26.0,Trump 1.0
San Antonio,2015-11-09,22,24.0,Trump 1.0
San Antonio,2015-11-10,29,22.0,Trump 1.0
San Antonio,2015-11-11,12,20.0,Trump 1.0
San Antonio,2015-11-12,25,19.0,Trump 1.0
San Antonio,2015-11-13,31,19.0,Trump 1.0
San Antonio,2015-11-14,11,20.0,Trump 1.0
San Antonio,2015-11-15,3,19.0,Trump 1.0
San Antonio,2015-11-16,32,20.0,Trump 1.0
San Antonio,2015-11-17,42,22.0,Trump 1.0
San Antonio,2015-11-18,18,23.0,Trump 1.0
San Antonio,2015-11-19,33,24.0,Trump 1.0
San Antonio,2015-11-20,46,26.0,Trump 1.0
San Antonio,2015-11-21,7,26.0,Trump 1.0
San Antonio,2015-11-22,6,26.0,Trump 1.0
San Antonio,2015-11-23,12,23.0,Trump 1.0
San Antonio,2015-11-24,29,22.0,Trump 1.0
San Antonio,2015-11-25,38,24.0,Trump 1.0
San Antonio,2015-11-26,14,22.0,Trump 1.0
San Antonio,2015-11-27,29,19.0,Trump 1.0
San Antonio,2015-11-28,9,20.0,Trump 1.0
San Antonio,2015-11-29,4,19.0,Trump 1.0
San Antonio,2015-11-30,49,25.0,Trump 1.0
San Antonio,2015-12-01,52,28.0,Trump 1.0
San Antonio,2015-12-02,27,26.0,Trump 1.0
San Antonio,2015-12-03,44,31.0,Trump 1.0
San Antonio,2015-12-04,28,30.0,Trump 1.0
San Antonio,2015-12-05,5,30.0,Trump 1.0
San Antonio,2015-12-06,2,30.0,Trump 1.0
San Antonio,2015-12-07,47,29.0,Trump 1.0
San Antonio,2015-12-08,46,28.0,Trump 1.0
San Antonio,2015-12-09,19,27.0,Trump 1.0
San Antonio,2015-12-10,32,26.0,Trump 1.0
San Antonio,2015-12-11,31,26.0,Trump 1.0
San Antonio,2015-12-12,9,27.0,Trump 1.0
San Antonio,2015-12-13,10,28.0,Trump 1.0
San Antonio,2015-12-14,21,24.0,Trump 1.0
San Antonio,2015-12-15,28,21.0,Trump 1.0
San Antonio,2015-12-16,28,23.0,Trump 1.0
San Antonio,2015-12-17,34,23.0,Trump 1.0
San Antonio,2015-12-18,35,24.0,Trump 1.0
San Antonio,2015-12-19,10,24.0,Trump 1.0
San Antonio,2015-12-20,6,23.0,Trump 1.0
San Antonio,2015-12-21,17,23.0,Trump 1.0
San Antonio,2015-12-22,33,23.0,Trump 1.0
San Antonio,2015-12-23,36,24.0,Trump 1.0
San Antonio,2015-12-24,24,23.0,Trump 1.0
San Antonio,2015-12-25,3,18.0,Trump 1.0
San Antonio,2015-12-26,7,18.0,Trump 1.0
San Antonio,2015-12-27,6,18.0,Trump 1.0
San Antonio,2015-12-28,26,19.0,Trump 1.0
San Antonio,2015-12-29,31,19.0,Trump 1.0
San Antonio,2015-12-30,23,17.0,Trump 1.0
San Antonio,2015-12-31,24,17.0,Trump 1.0
San Antonio,2016-01-01,2,17.0,Trump 1.0
San Antonio,2016-01-02,7,17.0,Trump 1.0
San Antonio,2016-01-03,6,17.0,Trump 1.0
San Antonio,2016-01-04,13,15.0,Trump 1.0
San Antonio,2016-01-05,22,14.0,Trump 1.0
San Antonio,2016-01-06,18,13.0,Trump 1.0
San Antonio,2016-01-07,28,14.0,Trump 1.0
San Antonio,2016-01-08,21,16.0,Trump 1.0
San Antonio,2016-01-09,6,16.0,Trump 1.0
San Antonio,2016-01-10,3,16.0,Trump 1.0
San Antonio,2016-01-11,21,17.0,Trump 1.0
San Antonio,2016-01-12,24,17.0,Trump 1.0
San Antonio,2016-01-13,18,17.0,Trump 1.0
San Antonio,2016-01-14,20,16.0,Trump 1.0
San Antonio,2016-01-15,28,17.0,Trump 1.0
San Antonio,2016-01-16,8,17.0,Trump 1.0
San Antonio,2016-01-17,4,18.0,Trump 1.0
San Antonio,2016-01-18,5,15.0,Trump 1.0
San Antonio,2016-01-19,27,16.0,Trump 1.0
San Antonio,2016-01-20,28,17.0,Trump 1.0
San Antonio,2016-01-21,27,18.0,Trump 1.0
San Antonio,2016-01-22,23,17.0,Trump 1.0
San Antonio,2016-01-23,13,18.0,Trump 1.0
San Antonio,2016-01-24,3,18.0,Trump 1.0
San Antonio,2016-01-25,21,20.0,Trump 1.0
San Antonio,2016-01-26,34,21.0,Trump 1.0
San Antonio,2016-01-27,24,21.0,Trump 1.0
San Antonio,2016-01-28,37,22.0,Trump 1.0
San Antonio,2016-01-29,37,24.0,Trump 1.0
San Antonio,2016-01-30,6,23.0,Trump 1.0
San Antonio,2016-01-31,7,24.0,Trump 1.0
San Antonio,2016-02-01,23,24.0,Trump 1.0
San Antonio,2016-02-02,40,25.0,Trump 1.0
San Antonio,2016-02-03,25,25.0,Trump 1.0
San Antonio,2016-02-04,23,23.0,Trump 1.0
San Antonio,2016-02-05,22,21.0,Trump 1.0
San Antonio,2016-02-06,9,21.0,Trump 1.0
San Antonio,2016-02-07,4,21.0,Trump 1.0
San Antonio,2016-02-08,23,21.0,Trump 1.0
San Antonio,2016-02-09,35,20.0,Trump 1.0
San Antonio,2016-02-10,24,20.0,Trump 1.0
San Antonio,2016-02-11,37,22.0,Trump 1.0
San Antonio,2016-02-12,20,22.0,Trump 1.0
San Antonio,2016-02-13,3,21.0,Trump 1.0
San Antonio,2016-02-14,6,21.0,Trump 1.0
San Antonio,2016-02-15,3,18.0,Trump 1.0
San Antonio,2016-02-16,20,16.0,Trump 1.0
San Antonio,2016-02-17,24,16.0,Trump 1.0
San Antonio,2016-02-18,34,16.0,Trump 1.0
San Antonio,2016-02-19,26,17.0,Trump 1.0
San Antonio,2016-02-20,9,17.0,Trump 1.0
San Antonio,2016-02-21,4,17.0,Trump 1.0
San Antonio,2016-02-22,34,22.0,Trump 1.0
San Antonio,2016-02-23,48,26.0,Trump 1.0
San Antonio,2016-02-24,36,27.0,Trump 1.0
San Antonio,2016-02-25,14,24.0,Trump 1.0
San Antonio,2016-02-26,19,23.0,Trump 1.0
San Antonio,2016-02-27,2,22.0,Trump 1.0
San Antonio,2016-02-28,4,22.0,Trump 1.0
San Antonio,2016-02-29,21,21.0,Trump 1.0
San Antonio,2016-03-01,31,18.0,Trump 1.0
San Antonio,2016-03-02,23,16.0,Trump 1.0
San Antonio,2016-03-03,26,18.0,Trump 1.0
San Antonio,2016-03-04,40,21.0,Trump 1.0
San Antonio,2016-03-05,4,21.0,Trump 1.0
San Antonio,2016-03-06,3,21.0,Trump 1.0
San Antonio,2016-03-07,22,21.0,Trump 1.0
San Antonio,2016-03-08,27,21.0,Trump 1.0
San Antonio,2016-03-09,33,22.0,Trump 1.0
San Antonio,2016-03-10,36,24.0,Trump 1.0
San Antonio,2016-03-11,31,22.0,Trump 1.0
San Antonio,2016-03-12,9,23.0,Trump 1.0
San Antonio,2016-03-13,5,23.0,Trump 1.0
San Antonio,2016-03-14,35,25.0,Trump 1.0
San Antonio,2016-03-15,23,25.0,Trump 1.0
San Antonio,2016-03-16,19,23.0,Trump 1.0
San Antonio,2016-03-17,19,20.0,Trump 1.0
San Antonio,2016-03-18,16,18.0,Trump 1.0
San Antonio,2016-03-19,4,17.0,Trump 1.0
San Antonio,2016-03-20,10,18.0,Trump 1.0
San Antonio,2016-03-21,26,17.0,Trump 1.0
San Antonio,2016-03-22,40,19.0,Trump 1.0
San Antonio,2016-03-23,43,23.0,Trump 1.0
San Antonio,2016-03-24,37,25.0,Trump 1.0
San Antonio,2016-03-25,29,27.0,Trump 1.0
San Antonio,2016-03-26,10,28.0,Trump 1.0
San Antonio,2016-03-27,10,28.0,Trump 1.0
San Antonio,2016-03-28,21,27.0,Trump 1.0
San Antonio,2016-03-29,33,26.0,Trump 1.0
San Antonio,2016-03-30,38,25.0,Trump 1.0
San Antonio,2016-03-31,35,25.0,Trump 1.0
San Antonio,2016-04-01,25,25.0,Trump 1.0
San Antonio,2016-04-02,4,24.0,Trump 1.0
San Antonio,2016-04-03,7,23.0,Trump 1.0
San Antonio,2016-04-04,49,27.0,Trump 1.0
San Antonio,2016-04-05,42,29.0,Trump 1.0
San Antonio,2016-04-06,25,27.0,Trump 1.0
San Antonio,2016-04-07,26,25.0,Trump 1.0
San Antonio,2016-04-08,22,25.0,Trump 1.0
San Antonio,2016-04-09,11,26.0,Trump 1.0
San Antonio,2016-04-10,2,25.0,Trump 1.0
San Antonio,2016-04-11,20,21.0,Trump 1.0
San Antonio,2016-04-12,41,21.0,Trump 1.0
San Antonio,2016-04-13,49,24.0,Trump 1.0
San Antonio,2016-04-14,44,27.0,Trump 1.0
San Antonio,2016-04-15,37,29.0,Trump 1.0
San Antonio,2016-04-16,10,29.0,Trump 1.0
San Antonio,2016-04-17,1,29.0,Trump 1.0
San Antonio,2016-04-18,27,30.0,Trump 1.0
San Antonio,2016-04-19,43,30.0,Trump 1.0
San Antonio,2016-04-20,25,27.0,Trump 1.0
San Antonio,2016-04-21,26,24.0,Trump 1.0
San Antonio,2016-04-22,30,23.0,Trump 1.0
San Antonio,2016-04-23,8,23.0,Trump 1.0
San Antonio,2016-04-25,26,26.0,Trump 1.0
San Antonio,2016-04-26,30,27.0,Trump 1.0
San Antonio,2016-04-27,16,23.0,Trump 1.0
San Antonio,2016-04-28,22,23.0,Trump 1.0
San Antonio,2016-04-29,15,21.0,Trump 1.0
San Antonio,2016-04-30,13,19.0,Trump 1.0
San Antonio,2016-05-01,4,18.0,Trump 1.0
San Antonio,2016-05-02,14,16.0,Trump 1.0
San Antonio,2016-05-03,21,15.0,Trump 1.0
San Antonio,2016-05-04,39,18.0,Trump 1.0
San Antonio,2016-05-05,34,20.0,Trump 1.0
San Antonio,2016-05-06,34,23.0,Trump 1.0
San Antonio,2016-05-07,11,22.0,Trump 1.0
San Antonio,2016-05-08,1,22.0,Trump 1.0
San Antonio,2016-05-09,18,23.0,Trump 1.0
San Antonio,2016-05-10,35,25.0,Trump 1.0
San Antonio,2016-05-11,19,22.0,Trump 1.0
San Antonio,2016-05-12,27,21.0,Trump 1.0
San Antonio,2016-05-13,34,21.0,Trump 1.0
San Antonio,2016-05-14,3,20.0,Trump 1.0
San Antonio,2016-05-15,3,20.0,Trump 1.0
San Antonio,2016-05-16,27,21.0,Trump 1.0
San Antonio,2016-05-17,33,21.0,Trump 1.0
San Antonio,2016-05-18,27,22.0,Trump 1.0
San Antonio,2016-05-19,32,23.0,Trump 1.0
San Antonio,2016-05-20,28,22.0,Trump 1.0
San Antonio,2016-05-21,8,23.0,Trump 1.0
San Antonio,2016-05-22,4,23.0,Trump 1.0
San Antonio,2016-05-23,23,22.0,Trump 1.0
San Antonio,2016-05-24,20,20.0,Trump 1.0
San Antonio,2016-05-25,23,20.0,Trump 1.0
San Antonio,2016-05-26,24,19.0,Trump 1.0
San Antonio,2016-05-27,35,20.0,Trump 1.0
San Antonio,2016-05-28,3,19.0,Trump 1.0
San Antonio,2016-05-29,4,19.0,Trump 1.0
San Antonio,2016-05-30,5,16.0,Trump 1.0
San Antonio,2016-05-31,45,20.0,Trump 1.0
San Antonio,2016-06-01,28,21.0,Trump 1.0
San Antonio,2016-06-02,34,22.0,Trump 1.0
San Antonio,2016-06-03,42,23.0,Trump 1.0
San Antonio,2016-06-04,2,23.0,Trump 1.0
San Antonio,2016-06-05,2,23.0,Trump 1.0
San Antonio,2016-06-06,33,27.0,Trump 1.0
San Antonio,2016-06-07,30,24.0,Trump 1.0
San Antonio,2016-06-08,27,24.0,Trump 1.0
San Antonio,2016-06-09,30,24.0,Trump 1.0
San Antonio,2016-06-10,28,22.0,Trump 1.0
San Antonio,2016-06-11,5,22.0,Trump 1.0
San Antonio,2016-06-12,4,22.0,Trump 1.0
San Antonio,2016-06-13,21,21.0,Trump 1.0
San Antonio,2016-06-14,46,23.0,Trump 1.0
San Antonio,2016-06-15,19,22.0,Trump 1.0
San Antonio,2016-06-16,46,24.0,Trump 1.0
San Antonio,2016-06-17,23,23.0,Trump 1.0
San Antonio,2016-06-18,5,23.0,Trump 1.0
San Antonio,2016-06-19,10,24.0,Trump 1.0
San Antonio,2016-06-20,28,25.0,Trump 1.0
San Antonio,2016-06-21,24,22.0,Trump 1.0
San Antonio,2016-06-22,24,23.0,Trump 1.0
San Antonio,2016-06-23,32,21.0,Trump 1.0
San Antonio,2016-06-24,42,24.0,Trump 1.0
San Antonio,2016-06-25,2,23.0,Trump 1.0
San Antonio,2016-06-26,7,23.0,Trump 1.0
San Antonio,2016-06-27,33,23.0,Trump 1.0
San Antonio,2016-06-28,39,26.0,Trump 1.0
San Antonio,2016-06-29,30,26.0,Trump 1.0
San Antonio,2016-06-30,28,26.0,Trump 1.0
San Antonio,2016-07-01,43,26.0,Trump 1.0
San Antonio,2016-07-02,13,28.0,Trump 1.0
San Antonio,2016-07-03,9,28.0,Trump 1.0
San Antonio,2016-07-04,9,24.0,Trump 1.0
San Antonio,2016-07-05,25,22.0,Trump 1.0
San Antonio,2016-07-06,40,24.0,Trump 1.0
San Antonio,2016-07-07,25,23.0,Trump 1.0
San Antonio,2016-07-08,28,21.0,Trump 1.0
San Antonio,2016-07-09,3,20.0,Trump 1.0
San Antonio,2016-07-10,1,19.0,Trump 1.0
San Antonio,2016-07-11,21,20.0,Trump 1.0
San Antonio,2016-07-12,23,20.0,Trump 1.0
San Antonio,2016-07-13,22,18.0,Trump 1.0
San Antonio,2016-07-14,25,18.0,Trump 1.0
San Antonio,2016-07-15,19,16.0,Trump 1.0
San Antonio,2016-07-16,6,17.0,Trump 1.0
San Antonio,2016-07-17,4,17.0,Trump 1.0
San Antonio,2016-07-18,17,17.0,Trump 1.0
San Antonio,2016-07-19,27,17.0,Trump 1.0
San Antonio,2016-07-20,39,20.0,Trump 1.0
San Antonio,2016-07-21,26,20.0,Trump 1.0
San Antonio,2016-07-22,40,23.0,Trump 1.0
San Antonio,2016-07-23,8,23.0,Trump 1.0
San Antonio,2016-07-24,5,23.0,Trump 1.0
San Antonio,2016-07-25,24,24.0,Trump 1.0
San Antonio,2016-07-26,19,23.0,Trump 1.0
San Antonio,2016-07-27,23,21.0,Trump 1.0
San Antonio,2016-07-28,28,21.0,Trump 1.0
San Antonio,2016-07-29,35,20.0,Trump 1.0
San Antonio,2016-07-30,8,20.0,Trump 1.0
San Antonio,2016-07-31,5,20.0,Trump 1.0
San Antonio,2016-08-01,29,21.0,Trump 1.0
San Antonio,2016-08-02,35,23.0,Trump 1.0
San Antonio,2016-08-03,32,25.0,Trump 1.0
San Antonio,2016-08-04,27,24.0,Trump 1.0
San Antonio,2016-08-05,31,24.0,Trump 1.0
San Antonio,2016-08-06,7,24.0,Trump 1.0
San Antonio,2016-08-07,1,23.0,Trump 1.0
San Antonio,2016-08-08,26,23.0,Trump 1.0
San Antonio,2016-08-09,25,21.0,Trump 1.0
San Antonio,2016-08-10,27,21.0,Trump 1.0
San Antonio,2016-08-11,37,22.0,Trump 1.0
San Antonio,2016-08-12,32,22.0,Trump 1.0
San Antonio,2016-08-13,10,23.0,Trump 1.0
San Antonio,2016-08-14,8,24.0,Trump 1.0
San Antonio,2016-08-15,25,23.0,Trump 1.0
San Antonio,2016-08-16,44,26.0,Trump 1.0
San Antonio,2016-08-17,32,27.0,Trump 1.0
San Antonio,2016-08-18,40,27.0,Trump 1.0
San Antonio,2016-08-19,28,27.0,Trump 1.0
San Antonio,2016-08-20,13,27.0,Trump 1.0
San Antonio,2016-08-21,12,28.0,Trump 1.0
San Antonio,2016-08-22,42,30.0,Trump 1.0
San Antonio,2016-08-23,29,28.0,Trump 1.0
San Antonio,2016-08-24,22,27.0,Trump 1.0
San Antonio,2016-08-25,32,25.0,Trump 1.0
San Antonio,2016-08-26,33,26.0,Trump 1.0
San Antonio,2016-08-27,9,26.0,Trump 1.0
San Antonio,2016-08-28,3,24.0,Trump 1.0
San Antonio,2016-08-29,31,23.0,Trump 1.0
San Antonio,2016-08-30,24,22.0,Trump 1.0
San Antonio,2016-08-31,36,24.0,Trump 1.0
San Antonio,2016-09-01,30,24.0,Trump 1.0
San Antonio,2016-09-02,35,24.0,Trump 1.0
San Antonio,2016-09-03,15,25.0,Trump 1.0
San Antonio,2016-09-04,4,25.0,Trump 1.0
San Antonio,2016-09-05,16,23.0,Trump 1.0
San Antonio,2016-09-06,36,25.0,Trump 1.0
San Antonio,2016-09-07,32,24.0,Trump 1.0
San Antonio,2016-09-08,32,24.0,Trump 1.0
San Antonio,2016-09-09,28,23.0,Trump 1.0
San Antonio,2016-09-10,4,22.0,Trump 1.0
San Antonio,2016-09-11,4,22.0,Trump 1.0
San Antonio,2016-09-12,16,22.0,Trump 1.0
San Antonio,2016-09-13,33,21.0,Trump 1.0
San Antonio,2016-09-14,37,22.0,Trump 1.0
San Antonio,2016-09-15,20,20.0,Trump 1.0
San Antonio,2016-09-16,38,22.0,Trump 1.0
San Antonio,2016-09-17,18,24.0,Trump 1.0
San Antonio,2016-09-18,12,25.0,Trump 1.0
San Antonio,2016-09-19,24,26.0,Trump 1.0
San Antonio,2016-09-20,48,28.0,Trump 1.0
San Antonio,2016-09-21,28,27.0,Trump 1.0
San Antonio,2016-09-22,34,29.0,Trump 1.0
San Antonio,2016-09-23,30,28.0,Trump 1.0
San Antonio,2016-09-24,14,27.0,Trump 1.0
San Antonio,2016-09-25,8,27.0,Trump 1.0
San Antonio,2016-09-26,30,27.0,Trump 1.0
San Antonio,2016-09-27,48,27.0,Trump 1.0
San Antonio,2016-09-28,34,28.0,Trump 1.0
San Antonio,2016-09-29,32,28.0,Trump 1.0
San Antonio,2016-09-30,40,29.0,Trump 1.0
San Antonio,2016-10-01,13,29.0,Trump 1.0
San Antonio,2016-10-02,13,30.0,Trump 1.0
San Antonio,2016-10-03,30,30.0,Trump 1.0
San Antonio,2016-10-04,43,29.0,Trump 1.0
San Antonio,2016-10-05,32,29.0,Trump 1.0
San Antonio,2016-10-06,34,29.0,Trump 1.0
San Antonio,2016-10-07,37,29.0,Trump 1.0
San Antonio,2016-10-08,19,30.0,Trump 1.0
San Antonio,2016-10-09,5,29.0,Trump 1.0
San Antonio,2016-10-10,16,27.0,Trump 1.0
San Antonio,2016-10-11,33,25.0,Trump 1.0
San Antonio,2016-10-12,32,25.0,Trump 1.0
San Antonio,2016-10-13,39,26.0,Trump 1.0
San Antonio,2016-10-14,45,27.0,Trump 1.0
San Antonio,2016-10-15,12,26.0,Trump 1.0
San Antonio,2016-10-16,24,29.0,Trump 1.0
San Antonio,2016-10-17,34,31.0,Trump 1.0
San Antonio,2016-10-18,46,33.0,Trump 1.0
San Antonio,2016-10-19,36,34.0,Trump 1.0
San Antonio,2016-10-20,40,34.0,Trump 1.0
San Antonio,2016-10-21,34,32.0,Trump 1.0
San Antonio,2016-10-22,12,32.0,Trump 1.0
San Antonio,2016-10-23,29,33.0,Trump 1.0
San Antonio,2016-10-24,29,32.0,Trump 1.0
San Antonio,2016-10-25,32,30.0,Trump 1.0
San Antonio,2016-10-26,26,29.0,Trump 1.0
San Antonio,2016-10-27,34,28.0,Trump 1.0
San Antonio,2016-10-28,33,28.0,Trump 1.0
San Antonio,2016-10-29,13,28.0,Trump 1.0
San Antonio,2016-10-30,4,24.0,Trump 1.0
San Antonio,2016-10-31,21,23.0,Trump 1.0
San Antonio,2016-11-01,22,22.0,Trump 1.0
San Antonio,2016-11-02,19,21.0,Trump 1.0
San Antonio,2016-11-03,20,19.0,Trump 1.0
San Antonio,2016-11-04,25,18.0,Trump 1.0
San Antonio,2016-11-05,12,18.0,Trump 1.0
San Antonio,2016-11-06,3,17.0,Trump 1.0
San Antonio,2016-11-07,21,17.0,Trump 1.0
San Antonio,2016-11-08,25,18.0,Trump 1.0
San Antonio,2016-11-09,17,18.0,Trump 1.0
San Antonio,2016-11-10,38,20.0,Trump 1.0
San Antonio,2016-11-11,15,19.0,Trump 1.0
San Antonio,2016-11-12,4,18.0,Trump 1.0
San Antonio,2016-11-13,5,18.0,Trump 1.0
San Antonio,2016-11-14,30,19.0,Trump 1.0
San Antonio,2016-11-15,29,20.0,Trump 1.0
San Antonio,2016-11-16,19,20.0,Trump 1.0
San Antonio,2016-11-17,24,18.0,Trump 1.0
San Antonio,2016-11-18,32,20.0,Trump 1.0
San Antonio,2016-11-19,13,22.0,Trump 1.0
San Antonio,2016-11-20,4,22.0,Trump 1.0
San Antonio,2016-11-21,17,20.0,Trump 1.0
San Antonio,2016-11-22,34,20.0,Trump 1.0
San Antonio,2016-11-23,39,23.0,Trump 1.0
San Antonio,2016-11-24,5,21.0,Trump 1.0
San Antonio,2016-11-25,15,18.0,Trump 1.0
San Antonio,2016-11-26,6,17.0,Trump 1.0
San Antonio,2016-11-27,5,17.0,Trump 1.0
San Antonio,2016-11-28,17,17.0,Trump 1.0
San Antonio,2016-11-29,26,16.0,Trump 1.0
San Antonio,2016-11-30,32,15.0,Trump 1.0
San Antonio,2016-12-01,23,18.0,Trump 1.0
San Antonio,2016-12-02,28,20.0,Trump 1.0
San Antonio,2016-12-03,17,21.0,Trump 1.0
San Antonio,2016-12-04,6,21.0,Trump 1.0
San Antonio,2016-12-05,21,22.0,Trump 1.0
San Antonio,2016-12-06,30,22.0,Trump 1.0
San Antonio,2016-12-07,18,20.0,Trump 1.0
San Antonio,2016-12-08,20,20.0,Trump 1.0
San Antonio,2016-12-09,14,18.0,Trump 1.0
San Antonio,2016-12-10,4,16.0,Trump 1.0
San Antonio,2016-12-11,5,16.0,Trump 1.0
San Antonio,2016-12-12,18,16.0,Trump 1.0
San Antonio,2016-12-13,28,15.0,Trump 1.0
San Antonio,2016-12-14,24,16.0,Trump 1.0
San Antonio,2016-12-15,47,20.0,Trump 1.0
San Antonio,2016-12-16,40,24.0,Trump 1.0
San Antonio,2016-12-17,28,27.0,Trump 1.0
San Antonio,2016-12-18,8,28.0,Trump 1.0
San Antonio,2016-12-19,14,27.0,Trump 1.0
San Antonio,2016-12-20,22,26.0,Trump 1.0
San Antonio,2016-12-21,25,26.0,Trump 1.0
San Antonio,2016-12-22,31,24.0,Trump 1.0
San Antonio,2016-12-23,28,22.0,Trump 1.0
San Antonio,2016-12-24,9,20.0,Trump 1.0
San Antonio,2016-12-25,3,19.0,Trump 1.0
San Antonio,2016-12-26,5,18.0,Trump 1.0
San Antonio,2016-12-27,16,17.0,Trump 1.0
San Antonio,2016-12-28,10,15.0,Trump 1.0
San Antonio,2016-12-29,15,12.0,Trump 1.0
San Antonio,2016-12-30,15,10.0,Trump 1.0
San Antonio,2016-12-31,3,10.0,Trump 1.0
San Antonio,2017-01-01,1,9.0,Trump 1.0
San Antonio,2017-01-02,2,9.0,Trump 1.0
San Antonio,2017-01-03,18,9.0,Trump 1.0
San Antonio,2017-01-04,15,10.0,Trump 1.0
San Antonio,2017-01-05,15,10.0,Trump 1.0
San Antonio,2017-01-06,21,11.0,Trump 1.0
San Antonio,2017-01-07,6,11.0,Trump 1.0
San Antonio,2017-01-09,13,13.0,Trump 1.0
San Antonio,2017-01-10,21,16.0,Trump 1.0
San Antonio,2017-01-11,20,16.0,Trump 1.0
San Antonio,2017-01-12,31,18.0,Trump 1.0
San Antonio,2017-01-13,28,20.0,Trump 1.0
San Antonio,2017-01-14,14,19.0,Trump 1.0
San Antonio,2017-01-15,4,19.0,Trump 1.0
San Antonio,2017-01-16,12,19.0,Trump 1.0
San Antonio,2017-01-17,29,20.0,Trump 1.0
San Antonio,2017-01-18,21,20.0,Trump 1.0
San Antonio,2017-01-19,34,20.0,Trump 1.0
San Antonio,2017-01-20,45,23.0,Trump 1.0
San Antonio,2017-01-21,11,22.0,Trump 1.0
San Antonio,2017-01-22,1,22.0,Trump 1.0
San Antonio,2017-01-23,14,22.0,Trump 1.0
San Antonio,2017-01-24,20,21.0,Trump 1.0
San Antonio,2017-01-25,25,21.0,Trump 1.0
San Antonio,2017-01-26,25,20.0,Trump 1.0
San Antonio,2017-01-27,26,17.0,Trump 1.0
San Antonio,2017-01-28,11,17.0,Trump 1.0
San Antonio,2017-01-29,3,18.0,Trump 1.0
San Antonio,2017-01-30,22,19.0,Trump 1.0
San Antonio,2017-01-31,31,20.0,Trump 1.0
San Antonio,2017-02-01,21,20.0,Trump 1.0
San Antonio,2017-02-02,20,19.0,Trump 1.0
San Antonio,2017-02-03,22,19.0,Trump 1.0
San Antonio,2017-02-04,10,18.0,Trump 1.0
San Antonio,2017-02-05,6,19.0,Trump 1.0
San Antonio,2017-02-06,25,19.0,Trump 1.0
San Antonio,2017-02-07,29,19.0,Trump 1.0
San Antonio,2017-02-08,17,18.0,Trump 1.0
San Antonio,2017-02-09,37,21.0,Trump 1.0
San Antonio,2017-02-10,54,25.0,Trump 1.0
San Antonio,2017-02-11,32,29.0,Trump 1.0
San Antonio,2017-02-12,7,29.0,Trump 1.0
San Antonio,2017-02-13,24,29.0,Trump 1.0
San Antonio,2017-02-14,28,28.0,Trump 1.0
San Antonio,2017-02-15,18,29.0,Trump 1.0
San Antonio,2017-02-16,33,28.0,Trump 1.0
San Antonio,2017-02-17,28,24.0,Trump 1.0
San Antonio,2017-02-18,6,21.0,Trump 1.0
San Antonio,2017-02-19,4,20.0,Trump 1.0
San Antonio,2017-02-20,4,17.0,Trump 1.0
San Antonio,2017-02-21,33,18.0,Trump 1.0
San Antonio,2017-02-22,22,19.0,Trump 1.0
San Antonio,2017-02-23,26,18.0,Trump 1.0
San Antonio,2017-02-24,30,18.0,Trump 1.0
San Antonio,2017-02-25,3,17.0,Trump 1.0
San Antonio,2017-02-26,1,17.0,Trump 1.0
San Antonio,2017-02-27,23,20.0,Trump 1.0
San Antonio,2017-02-28,25,19.0,Trump 1.0
San Antonio,2017-03-01,17,18.0,Trump 1.0
San Antonio,2017-03-02,33,19.0,Trump 1.0
San Antonio,2017-03-03,34,19.0,Trump 1.0
San Antonio,2017-03-04,9,20.0,Trump 1.0
San Antonio,2017-03-05,2,20.0,Trump 1.0
San Antonio,2017-03-06,37,22.0,Trump 1.0
San Antonio,2017-03-07,20,22.0,Trump 1.0
San Antonio,2017-03-08,44,26.0,Trump 1.0
San Antonio,2017-03-09,26,25.0,Trump 1.0
San Antonio,2017-03-10,29,24.0,Trump 1.0
San Antonio,2017-03-11,15,25.0,Trump 1.0
San Antonio,2017-03-12,6,25.0,Trump 1.0
San Antonio,2017-03-13,24,23.0,Trump 1.0
San Antonio,2017-03-14,18,23.0,Trump 1.0
San Antonio,2017-03-15,24,20.0,Trump 1.0
San Antonio,2017-03-16,17,19.0,Trump 1.0
San Antonio,2017-03-17,20,18.0,Trump 1.0
San Antonio,2017-03-18,5,16.0,Trump 1.0
San Antonio,2017-03-19,3,16.0,Trump 1.0
San Antonio,2017-03-20,30,17.0,Trump 1.0
San Antonio,2017-03-21,51,21.0,Trump 1.0
San Antonio,2017-03-22,55,26.0,Trump 1.0
San Antonio,2017-03-23,41,29.0,Trump 1.0
San Antonio,2017-03-24,37,32.0,Trump 1.0
San Antonio,2017-03-25,7,32.0,Trump 1.0
San Antonio,2017-03-26,2,32.0,Trump 1.0
San Antonio,2017-03-27,31,32.0,Trump 1.0
San Antonio,2017-03-28,36,30.0,Trump 1.0
San Antonio,2017-03-29,32,27.0,Trump 1.0
San Antonio,2017-03-30,43,27.0,Trump 1.0
San Antonio,2017-03-31,35,27.0,Trump 1.0
San Antonio,2017-04-01,5,26.0,Trump 1.0
San Antonio,2017-04-02,5,27.0,Trump 1.0
San Antonio,2017-04-03,22,25.0,Trump 1.0
San Antonio,2017-04-04,29,24.0,Trump 1.0
San Antonio,2017-04-05,25,23.0,Trump 1.0
San Antonio,2017-04-06,30,22.0,Trump 1.0
San Antonio,2017-04-07,40,22.0,Trump 1.0
San Antonio,2017-04-08,11,23.0,Trump 1.0
San Antonio,2017-04-09,5,23.0,Trump 1.0
San Antonio,2017-04-10,28,24.0,Trump 1.0
San Antonio,2017-04-11,24,23.0,Trump 1.0
San Antonio,2017-04-12,31,24.0,Trump 1.0
San Antonio,2017-04-13,36,25.0,Trump 1.0
San Antonio,2017-04-14,29,23.0,Trump 1.0
San Antonio,2017-04-15,4,22.0,Trump 1.0
San Antonio,2017-04-16,2,22.0,Trump 1.0
San Antonio,2017-04-17,23,21.0,Trump 1.0
San Antonio,2017-04-18,32,22.0,Trump 1.0
San Antonio,2017-04-19,32,23.0,Trump 1.0
San Antonio,2017-04-20,45,24.0,Trump 1.0
San Antonio,2017-04-21,48,27.0,Trump 1.0
San Antonio,2017-04-22,7,27.0,Trump 1.0
San Antonio,2017-04-23,5,27.0,Trump 1.0
San Antonio,2017-04-24,35,29.0,Trump 1.0
San Antonio,2017-04-25,37,30.0,Trump 1.0
San Antonio,2017-04-26,17,28.0,Trump 1.0
San Antonio,2017-04-27,30,26.0,Trump 1.0
San Antonio,2017-04-28,36,24.0,Trump 1.0
San Antonio,2017-04-29,8,24.0,Trump 1.0
San Antonio,2017-04-30,4,24.0,Trump 1.0
San Antonio,2017-05-01,17,21.0,Trump 1.0
San Antonio,2017-05-02,25,20.0,Trump 1.0
San Antonio,2017-05-03,29,21.0,Trump 1.0
San Antonio,2017-05-04,32,22.0,Trump 1.0
San Antonio,2017-05-05,21,19.0,Trump 1.0
San Antonio,2017-05-06,8,19.0,Trump 1.0
San Antonio,2017-05-07,2,19.0,Trump 1.0
San Antonio,2017-05-08,22,20.0,Trump 1.0
San Antonio,2017-05-09,29,20.0,Trump 1.0
San Antonio,2017-05-10,36,21.0,Trump 1.0
San Antonio,2017-05-11,23,20.0,Trump 1.0
San Antonio,2017-05-12,30,21.0,Trump 1.0
San Antonio,2017-05-13,4,21.0,Trump 1.0
San Antonio,2017-05-14,6,21.0,Trump 1.0
San Antonio,2017-05-15,23,22.0,Trump 1.0
San Antonio,2017-05-16,37,23.0,Trump 1.0
San Antonio,2017-05-17,33,22.0,Trump 1.0
San Antonio,2017-05-18,29,23.0,Trump 1.0
San Antonio,2017-05-19,28,23.0,Trump 1.0
San Antonio,2017-05-20,10,24.0,Trump 1.0
San Antonio,2017-05-21,7,24.0,Trump 1.0
San Antonio,2017-05-22,22,24.0,Trump 1.0
San Antonio,2017-05-23,33,23.0,Trump 1.0
San Antonio,2017-05-24,30,23.0,Trump 1.0
San Antonio,2017-05-25,32,23.0,Trump 1.0
San Antonio,2017-05-26,42,25.0,Trump 1.0
San Antonio,2017-05-27,10,25.0,Trump 1.0
San Antonio,2017-05-28,3,25.0,Trump 1.0
San Antonio,2017-05-29,4,22.0,Trump 1.0
San Antonio,2017-05-30,35,22.0,Trump 1.0
San Antonio,2017-05-31,30,22.0,Trump 1.0
San Antonio,2017-06-01,30,22.0,Trump 1.0
San Antonio,2017-06-02,31,20.0,Trump 1.0
San Antonio,2017-06-03,6,20.0,Trump 1.0
San Antonio,2017-06-04,4,20.0,Trump 1.0
San Antonio,2017-06-05,22,23.0,Trump 1.0
San Antonio,2017-06-06,42,24.0,Trump 1.0
San Antonio,2017-06-07,33,24.0,Trump 1.0
San Antonio,2017-06-08,36,25.0,Trump 1.0
San Antonio,2017-06-09,30,25.0,Trump 1.0
San Antonio,2017-06-10,8,25.0,Trump 1.0
San Antonio,2017-06-11,3,25.0,Trump 1.0
San Antonio,2017-06-12,33,26.0,Trump 1.0
San Antonio,2017-06-13,44,27.0,Trump 1.0
San Antonio,2017-06-14,21,25.0,Trump 1.0
San Antonio,2017-06-15,44,26.0,Trump 1.0
San Antonio,2017-06-16,25,25.0,Trump 1.0
San Antonio,2017-06-17,4,25.0,Trump 1.0
San Antonio,2017-06-18,6,25.0,Trump 1.0
San Antonio,2017-06-19,34,25.0,Trump 1.0
San Antonio,2017-06-20,28,23.0,Trump 1.0
San Antonio,2017-06-21,27,24.0,Trump 1.0
San Antonio,2017-06-22,34,23.0,Trump 1.0
San Antonio,2017-06-23,29,23.0,Trump 1.0
San Antonio,2017-06-24,6,23.0,Trump 1.0
San Antonio,2017-06-25,4,23.0,Trump 1.0
San Antonio,2017-06-26,34,23.0,Trump 1.0
San Antonio,2017-06-27,28,23.0,Trump 1.0
San Antonio,2017-06-28,35,24.0,Trump 1.0
San Antonio,2017-06-29,31,24.0,Trump 1.0
San Antonio,2017-06-30,31,24.0,Trump 1.0
San Antonio,2017-07-01,7,24.0,Trump 1.0
San Antonio,2017-07-02,6,25.0,Trump 1.0
San Antonio,2017-07-03,30,24.0,Trump 1.0
San Antonio,2017-07-04,5,21.0,Trump 1.0
San Antonio,2017-07-05,7,17.0,Trump 1.0
San Antonio,2017-07-06,27,16.0,Trump 1.0
San Antonio,2017-07-07,37,17.0,Trump 1.0
San Antonio,2017-07-08,7,17.0,Trump 1.0
San Antonio,2017-07-09,3,17.0,Trump 1.0
San Antonio,2017-07-10,24,16.0,Trump 1.0
San Antonio,2017-07-11,45,21.0,Trump 1.0
San Antonio,2017-07-12,41,26.0,Trump 1.0
San Antonio,2017-07-13,41,28.0,Trump 1.0
San Antonio,2017-07-14,34,28.0,Trump 1.0
San Antonio,2017-07-15,5,28.0,Trump 1.0
San Antonio,2017-07-16,8,28.0,Trump 1.0
San Antonio,2017-07-17,45,31.0,Trump 1.0
San Antonio,2017-07-18,41,31.0,Trump 1.0
San Antonio,2017-07-19,42,31.0,Trump 1.0
San Antonio,2017-07-20,35,30.0,Trump 1.0
San Antonio,2017-07-21,21,28.0,Trump 1.0
San Antonio,2017-07-22,8,29.0,Trump 1.0
San Antonio,2017-07-23,7,28.0,Trump 1.0
San Antonio,2017-07-24,20,25.0,Trump 1.0
San Antonio,2017-07-25,31,23.0,Trump 1.0
San Antonio,2017-07-26,28,21.0,Trump 1.0
San Antonio,2017-07-27,45,23.0,Trump 1.0
San Antonio,2017-07-28,39,25.0,Trump 1.0
San Antonio,2017-07-29,7,25.0,Trump 1.0
San Antonio,2017-07-30,3,25.0,Trump 1.0
San Antonio,2017-07-31,25,25.0,Trump 1.0
San Antonio,2017-08-01,39,27.0,Trump 1.0
San Antonio,2017-08-02,37,28.0,Trump 1.0
San Antonio,2017-08-03,34,26.0,Trump 1.0
San Antonio,2017-08-04,36,26.0,Trump 1.0
San Antonio,2017-08-05,12,27.0,Trump 1.0
San Antonio,2017-08-06,9,27.0,Trump 1.0
San Antonio,2017-08-07,19,27.0,Trump 1.0
San Antonio,2017-08-08,28,25.0,Trump 1.0
San Antonio,2017-08-09,52,27.0,Trump 1.0
San Antonio,2017-08-10,38,28.0,Trump 1.0
San Antonio,2017-08-11,38,28.0,Trump 1.0
San Antonio,2017-08-12,12,28.0,Trump 1.0
San Antonio,2017-08-13,7,28.0,Trump 1.0
San Antonio,2017-08-14,40,31.0,Trump 1.0
San Antonio,2017-08-15,27,31.0,Trump 1.0
San Antonio,2017-08-16,39,29.0,Trump 1.0
San Antonio,2017-08-17,38,29.0,Trump 1.0
San Antonio,2017-08-18,41,29.0,Trump 1.0
San Antonio,2017-08-19,9,29.0,Trump 1.0
San Antonio,2017-08-20,1,28.0,Trump 1.0
San Antonio,2017-08-21,25,26.0,Trump 1.0
San Antonio,2017-08-22,31,26.0,Trump 1.0
San Antonio,2017-08-23,40,26.0,Trump 1.0
San Antonio,2017-08-24,28,25.0,Trump 1.0
San Antonio,2017-08-25,14,21.0,Trump 1.0
San Antonio,2017-08-26,1,20.0,Trump 1.0
San Antonio,2017-08-27,5,21.0,Trump 1.0
San Antonio,2017-08-28,18,20.0,Trump 1.0
San Antonio,2017-08-29,19,18.0,Trump 1.0
San Antonio,2017-08-30,33,17.0,Trump 1.0
San Antonio,2017-08-31,37,18.0,Trump 1.0
San Antonio,2017-09-01,33,21.0,Trump 1.0
San Antonio,2017-09-02,9,22.0,Trump 1.0
San Antonio,2017-09-03,10,23.0,Trump 1.0
San Antonio,2017-09-04,7,21.0,Trump 1.0
San Antonio,2017-09-05,31,23.0,Trump 1.0
San Antonio,2017-09-06,30,22.0,Trump 1.0
San Antonio,2017-09-07,21,20.0,Trump 1.0
San Antonio,2017-09-08,20,18.0,Trump 1.0
San Antonio,2017-09-09,11,19.0,Trump 1.0
San Antonio,2017-09-10,6,18.0,Trump 1.0
San Antonio,2017-09-11,23,20.0,Trump 1.0
San Antonio,2017-09-12,34,21.0,Trump 1.0
San Antonio,2017-09-13,36,22.0,Trump 1.0
San Antonio,2017-09-14,28,23.0,Trump 1.0
San Antonio,2017-09-15,32,24.0,Trump 1.0
San Antonio,2017-09-16,6,24.0,Trump 1.0
San Antonio,2017-09-17,9,24.0,Trump 1.0
San Antonio,2017-09-18,41,27.0,Trump 1.0
San Antonio,2017-09-19,42,28.0,Trump 1.0
San Antonio,2017-09-20,35,28.0,Trump 1.0
San Antonio,2017-09-21,35,29.0,Trump 1.0
San Antonio,2017-09-22,39,30.0,Trump 1.0
San Antonio,2017-09-23,3,29.0,Trump 1.0
San Antonio,2017-09-24,7,29.0,Trump 1.0
San Antonio,2017-09-25,30,27.0,Trump 1.0
San Antonio,2017-09-26,35,26.0,Trump 1.0
San Antonio,2017-09-27,25,25.0,Trump 1.0
San Antonio,2017-09-28,31,24.0,Trump 1.0
San Antonio,2017-09-29,29,23.0,Trump 1.0
San Antonio,2017-09-30,7,23.0,Trump 1.0
San Antonio,2017-10-01,5,23.0,Trump 1.0
San Antonio,2017-10-02,27,23.0,Trump 1.0
San Antonio,2017-10-03,29,22.0,Trump 1.0
San Antonio,2017-10-04,26,22.0,Trump 1.0
San Antonio,2017-10-05,31,22.0,Trump 1.0
San Antonio,2017-10-06,34,23.0,Trump 1.0
San Antonio,2017-10-07,14,24.0,Trump 1.0
San Antonio,2017-10-08,3,23.0,Trump 1.0
San Antonio,2017-10-09,9,21.0,Trump 1.0
San Antonio,2017-10-10,29,21.0,Trump 1.0
San Antonio,2017-10-11,31,22.0,Trump 1.0
San Antonio,2017-10-12,41,23.0,Trump 1.0
San Antonio,2017-10-13,27,22.0,Trump 1.0
San Antonio,2017-10-14,4,21.0,Trump 1.0
San Antonio,2017-10-15,7,21.0,Trump 1.0
San Antonio,2017-10-16,36,25.0,Trump 1.0
San Antonio,2017-10-17,37,26.0,Trump 1.0
San Antonio,2017-10-18,25,25.0,Trump 1.0
San Antonio,2017-10-19,42,25.0,Trump 1.0
San Antonio,2017-10-20,25,25.0,Trump 1.0
San Antonio,2017-10-21,7,26.0,Trump 1.0
San Antonio,2017-10-22,6,25.0,Trump 1.0
San Antonio,2017-10-23,42,26.0,Trump 1.0
San Antonio,2017-10-24,32,26.0,Trump 1.0
San Antonio,2017-10-25,37,27.0,Trump 1.0
San Antonio,2017-10-26,29,25.0,Trump 1.0
San Antonio,2017-10-27,33,27.0,Trump 1.0
San Antonio,2017-10-28,15,28.0,Trump 1.0
San Antonio,2017-10-29,17,29.0,Trump 1.0
San Antonio,2017-10-30,29,27.0,Trump 1.0
San Antonio,2017-10-31,36,28.0,Trump 1.0
San Antonio,2017-11-01,35,28.0,Trump 1.0
San Antonio,2017-11-02,31,28.0,Trump 1.0
San Antonio,2017-11-03,39,29.0,Trump 1.0
San Antonio,2017-11-04,16,29.0,Trump 1.0
San Antonio,2017-11-05,9,28.0,Trump 1.0
San Antonio,2017-11-06,30,28.0,Trump 1.0
San Antonio,2017-11-07,39,28.0,Trump 1.0
San Antonio,2017-11-08,46,30.0,Trump 1.0
San Antonio,2017-11-09,33,30.0,Trump 1.0
San Antonio,2017-11-10,16,27.0,Trump 1.0
San Antonio,2017-11-11,3,25.0,Trump 1.0
San Antonio,2017-11-12,3,24.0,Trump 1.0
San Antonio,2017-11-13,41,26.0,Trump 1.0
San Antonio,2017-11-14,40,26.0,Trump 1.0
San Antonio,2017-11-15,35,24.0,Trump 1.0
San Antonio,2017-11-16,47,26.0,Trump 1.0
San Antonio,2017-11-17,47,31.0,Trump 1.0
San Antonio,2017-11-18,10,32.0,Trump 1.0
San Antonio,2017-11-19,5,32.0,Trump 1.0
San Antonio,2017-11-20,29,30.0,Trump 1.0
San Antonio,2017-11-21,40,30.0,Trump 1.0
San Antonio,2017-11-22,31,30.0,Trump 1.0
San Antonio,2017-11-23,17,26.0,Trump 1.0
San Antonio,2017-11-24,23,22.0,Trump 1.0
San Antonio,2017-11-25,6,22.0,Trump 1.0
San Antonio,2017-11-26,4,21.0,Trump 1.0
San Antonio,2017-11-27,22,20.0,Trump 1.0
San Antonio,2017-11-28,32,19.0,Trump 1.0
San Antonio,2017-11-29,28,19.0,Trump 1.0
San Antonio,2017-11-30,38,22.0,Trump 1.0
San Antonio,2017-12-01,29,23.0,Trump 1.0
San Antonio,2017-12-02,8,23.0,Trump 1.0
San Antonio,2017-12-03,8,24.0,Trump 1.0
San Antonio,2017-12-04,29,25.0,Trump 1.0
San Antonio,2017-12-05,27,24.0,Trump 1.0
San Antonio,2017-12-06,32,24.0,Trump 1.0
San Antonio,2017-12-07,45,25.0,Trump 1.0
San Antonio,2017-12-08,45,28.0,Trump 1.0
San Antonio,2017-12-09,12,28.0,Trump 1.0
San Antonio,2017-12-10,13,29.0,Trump 1.0
San Antonio,2017-12-11,37,30.0,Trump 1.0
San Antonio,2017-12-12,42,32.0,Trump 1.0
San Antonio,2017-12-13,53,35.0,Trump 1.0
San Antonio,2017-12-14,45,35.0,Trump 1.0
San Antonio,2017-12-15,44,35.0,Trump 1.0
San Antonio,2017-12-16,17,36.0,Trump 1.0
San Antonio,2017-12-17,7,35.0,Trump 1.0
San Antonio,2017-12-18,31,34.0,Trump 1.0
San Antonio,2017-12-19,28,32.0,Trump 1.0
San Antonio,2017-12-20,33,29.0,Trump 1.0
San Antonio,2017-12-21,39,28.0,Trump 1.0
San Antonio,2017-12-22,46,29.0,Trump 1.0
San Antonio,2017-12-23,14,28.0,Trump 1.0
San Antonio,2017-12-24,7,28.0,Trump 1.0
San Antonio,2017-12-25,17,26.0,Trump 1.0
San Antonio,2017-12-26,24,26.0,Trump 1.0
San Antonio,2017-12-27,15,23.0,Trump 1.0
San Antonio,2017-12-28,16,20.0,Trump 1.0
San Antonio,2017-12-29,27,17.0,Trump 1.0
San Antonio,2017-12-30,13,17.0,Trump 1.0
San Antonio,2017-12-31,1,16.0,Trump 1.0
San Antonio,2018-01-01,3,14.0,Trump 1.0
San Antonio,2018-01-02,19,13.0,Trump 1.0
San Antonio,2018-01-03,21,14.0,Trump 1.0
San Antonio,2018-01-04,43,18.0,Trump 1.0
San Antonio,2018-01-05,38,20.0,Trump 1.0
San Antonio,2018-01-06,15,20.0,Trump 1.0
San Antonio,2018-01-07,5,21.0,Trump 1.0
San Antonio,2018-01-08,33,25.0,Trump 1.0
San Antonio,2018-01-09,39,28.0,Trump 1.0
San Antonio,2018-01-10,41,31.0,Trump 1.0
San Antonio,2018-01-11,46,31.0,Trump 1.0
San Antonio,2018-01-12,39,31.0,Trump 1.0
San Antonio,2018-01-13,11,31.0,Trump 1.0
San Antonio,2018-01-14,6,31.0,Trump 1.0
San Antonio,2018-01-15,25,30.0,Trump 1.0
San Antonio,2018-01-16,11,26.0,Trump 1.0
San Antonio,2018-01-17,42,26.0,Trump 1.0
San Antonio,2018-01-18,24,23.0,Trump 1.0
San Antonio,2018-01-19,41,23.0,Trump 1.0
San Antonio,2018-01-20,16,24.0,Trump 1.0
San Antonio,2018-01-21,9,24.0,Trump 1.0
San Antonio,2018-01-22,33,25.0,Trump 1.0
San Antonio,2018-01-23,33,28.0,Trump 1.0
San Antonio,2018-01-24,31,27.0,Trump 1.0
San Antonio,2018-01-25,38,29.0,Trump 1.0
San Antonio,2018-01-26,41,29.0,Trump 1.0
San Antonio,2018-01-27,14,28.0,Trump 1.0
San Antonio,2018-01-28,18,30.0,Trump 1.0
San Antonio,2018-01-29,35,30.0,Trump 1.0
San Antonio,2018-01-30,40,31.0,Trump 1.0
San Antonio,2018-01-31,29,31.0,Trump 1.0
San Antonio,2018-02-01,22,28.0,Trump 1.0
San Antonio,2018-02-02,44,29.0,Trump 1.0
San Antonio,2018-02-03,10,28.0,Trump 1.0
San Antonio,2018-02-04,9,27.0,Trump 1.0
San Antonio,2018-02-05,43,28.0,Trump 1.0
San Antonio,2018-02-06,33,27.0,Trump 1.0
San Antonio,2018-02-07,25,27.0,Trump 1.0
San Antonio,2018-02-08,45,30.0,Trump 1.0
San Antonio,2018-02-09,31,28.0,Trump 1.0
San Antonio,2018-02-10,16,29.0,Trump 1.0
San Antonio,2018-02-11,14,30.0,Trump 1.0
San Antonio,2018-02-12,43,30.0,Trump 1.0
San Antonio,2018-02-13,62,34.0,Trump 1.0
San Antonio,2018-02-14,48,37.0,Trump 1.0
San Antonio,2018-02-15,58,39.0,Trump 1.0
San Antonio,2018-02-16,51,42.0,Trump 1.0
San Antonio,2018-02-17,8,41.0,Trump 1.0
San Antonio,2018-02-18,11,40.0,Trump 1.0
San Antonio,2018-02-19,11,36.0,Trump 1.0
San Antonio,2018-02-20,40,32.0,Trump 1.0
San Antonio,2018-02-21,47,32.0,Trump 1.0
San Antonio,2018-02-22,40,30.0,Trump 1.0
San Antonio,2018-02-23,26,26.0,Trump 1.0
San Antonio,2018-02-24,4,26.0,Trump 1.0
San Antonio,2018-02-25,15,26.0,Trump 1.0
San Antonio,2018-02-26,29,29.0,Trump 1.0
San Antonio,2018-02-27,40,29.0,Trump 1.0
San Antonio,2018-02-28,33,27.0,Trump 1.0
San Antonio,2018-03-01,40,27.0,Trump 1.0
San Antonio,2018-03-02,27,27.0,Trump 1.0
San Antonio,2018-03-03,13,28.0,Trump 1.0
San Antonio,2018-03-04,14,28.0,Trump 1.0
San Antonio,2018-03-05,37,29.0,Trump 1.0
San Antonio,2018-03-06,37,29.0,Trump 1.0
San Antonio,2018-03-07,40,30.0,Trump 1.0
San Antonio,2018-03-08,54,32.0,Trump 1.0
San Antonio,2018-03-09,40,34.0,Trump 1.0
San Antonio,2018-03-10,41,38.0,Trump 1.0
San Antonio,2018-03-11,13,37.0,Trump 1.0
San Antonio,2018-03-12,43,38.0,Trump 1.0
San Antonio,2018-03-13,34,38.0,Trump 1.0
San Antonio,2018-03-14,39,38.0,Trump 1.0
San Antonio,2018-03-15,19,33.0,Trump 1.0
San Antonio,2018-03-16,34,32.0,Trump 1.0
San Antonio,2018-03-17,11,28.0,Trump 1.0
San Antonio,2018-03-18,2,26.0,Trump 1.0
San Antonio,2018-03-19,23,23.0,Trump 1.0
San Antonio,2018-03-20,36,23.0,Trump 1.0
San Antonio,2018-03-21,34,23.0,Trump 1.0
San Antonio,2018-03-22,38,25.0,Trump 1.0
San Antonio,2018-03-23,51,28.0,Trump 1.0
San Antonio,2018-03-24,8,27.0,Trump 1.0
San Antonio,2018-03-25,11,29.0,Trump 1.0
San Antonio,2018-03-26,39,31.0,Trump 1.0
San Antonio,2018-03-27,40,32.0,Trump 1.0
San Antonio,2018-03-28,45,33.0,Trump 1.0
San Antonio,2018-03-29,39,33.0,Trump 1.0
San Antonio,2018-03-30,39,32.0,Trump 1.0
San Antonio,2018-03-31,2,31.0,Trump 1.0
San Antonio,2018-04-01,11,31.0,Trump 1.0
San Antonio,2018-04-02,20,28.0,Trump 1.0
San Antonio,2018-04-03,26,26.0,Trump 1.0
San Antonio,2018-04-04,22,23.0,Trump 1.0
San Antonio,2018-04-05,31,22.0,Trump 1.0
San Antonio,2018-04-06,37,21.0,Trump 1.0
San Antonio,2018-04-07,6,22.0,Trump 1.0
San Antonio,2018-04-08,11,22.0,Trump 1.0
San Antonio,2018-04-09,39,25.0,Trump 1.0
San Antonio,2018-04-10,38,26.0,Trump 1.0
San Antonio,2018-04-11,39,29.0,Trump 1.0
San Antonio,2018-04-12,43,30.0,Trump 1.0
San Antonio,2018-04-13,39,31.0,Trump 1.0
San Antonio,2018-04-14,13,32.0,Trump 1.0
San Antonio,2018-04-15,7,31.0,Trump 1.0
San Antonio,2018-04-16,36,31.0,Trump 1.0
San Antonio,2018-04-17,33,30.0,Trump 1.0
San Antonio,2018-04-18,33,29.0,Trump 1.0
San Antonio,2018-04-19,41,29.0,Trump 1.0
San Antonio,2018-04-20,35,28.0,Trump 1.0
San Antonio,2018-04-21,11,28.0,Trump 1.0
San Antonio,2018-04-22,7,28.0,Trump 1.0
San Antonio,2018-04-23,40,29.0,Trump 1.0
San Antonio,2018-04-24,38,29.0,Trump 1.0
San Antonio,2018-04-25,26,28.0,Trump 1.0
San Antonio,2018-04-26,26,26.0,Trump 1.0
San Antonio,2018-04-27,23,24.0,Trump 1.0
San Antonio,2018-04-28,3,23.0,Trump 1.0
San Antonio,2018-04-29,10,24.0,Trump 1.0
San Antonio,2018-04-30,56,26.0,Trump 1.0
San Antonio,2018-05-01,58,29.0,Trump 1.0
San Antonio,2018-05-02,44,31.0,Trump 1.0
San Antonio,2018-05-03,53,35.0,Trump 1.0
San Antonio,2018-05-04,41,38.0,Trump 1.0
San Antonio,2018-05-05,10,39.0,Trump 1.0
San Antonio,2018-05-06,2,38.0,Trump 1.0
San Antonio,2018-05-07,28,34.0,Trump 1.0
San Antonio,2018-05-08,52,33.0,Trump 1.0
San Antonio,2018-05-09,39,32.0,Trump 1.0
San Antonio,2018-05-10,42,31.0,Trump 1.0
San Antonio,2018-05-11,61,33.0,Trump 1.0
San Antonio,2018-05-12,11,34.0,Trump 1.0
San Antonio,2018-05-13,13,35.0,Trump 1.0
San Antonio,2018-05-14,53,39.0,Trump 1.0
San Antonio,2018-05-15,23,35.0,Trump 1.0
San Antonio,2018-05-16,52,36.0,Trump 1.0
San Antonio,2018-05-17,30,35.0,Trump 1.0
San Antonio,2018-05-18,40,32.0,Trump 1.0
San Antonio,2018-05-19,18,33.0,Trump 1.0
San Antonio,2018-05-20,20,34.0,Trump 1.0
San Antonio,2018-05-21,57,34.0,Trump 1.0
San Antonio,2018-05-22,33,36.0,Trump 1.0
San Antonio,2018-05-23,43,34.0,Trump 1.0
San Antonio,2018-05-24,48,37.0,Trump 1.0
San Antonio,2018-05-25,56,39.0,Trump 1.0
San Antonio,2018-05-26,27,41.0,Trump 1.0
San Antonio,2018-05-27,16,40.0,Trump 1.0
San Antonio,2018-05-28,10,33.0,Trump 1.0
San Antonio,2018-05-29,60,37.0,Trump 1.0
San Antonio,2018-05-30,42,37.0,Trump 1.0
San Antonio,2018-05-31,34,35.0,Trump 1.0
San Antonio,2018-06-01,65,36.0,Trump 1.0
San Antonio,2018-06-02,21,35.0,Trump 1.0
San Antonio,2018-06-03,13,35.0,Trump 1.0
San Antonio,2018-06-04,38,39.0,Trump 1.0
San Antonio,2018-06-05,38,36.0,Trump 1.0
San Antonio,2018-06-06,30,34.0,Trump 1.0
San Antonio,2018-06-07,36,34.0,Trump 1.0
San Antonio,2018-06-08,63,34.0,Trump 1.0
San Antonio,2018-06-09,8,32.0,Trump 1.0
San Antonio,2018-06-10,24,34.0,Trump 1.0
San Antonio,2018-06-11,58,37.0,Trump 1.0
San Antonio,2018-06-12,70,41.0,Trump 1.0
San Antonio,2018-06-13,64,46.0,Trump 1.0
San Antonio,2018-06-14,57,49.0,Trump 1.0
San Antonio,2018-06-15,46,47.0,Trump 1.0
San Antonio,2018-06-16,21,49.0,Trump 1.0
San Antonio,2018-06-17,15,47.0,Trump 1.0
San Antonio,2018-06-18,47,46.0,Trump 1.0
San Antonio,2018-06-19,34,41.0,Trump 1.0
San Antonio,2018-06-20,28,35.0,Trump 1.0
San Antonio,2018-06-21,33,32.0,Trump 1.0
San Antonio,2018-06-22,32,30.0,Trump 1.0
San Antonio,2018-06-23,5,28.0,Trump 1.0
San Antonio,2018-06-24,6,26.0,Trump 1.0
San Antonio,2018-06-25,23,23.0,Trump 1.0
San Antonio,2018-06-26,42,24.0,Trump 1.0
San Antonio,2018-06-27,42,26.0,Trump 1.0
San Antonio,2018-06-28,41,27.0,Trump 1.0
San Antonio,2018-06-29,41,29.0,Trump 1.0
San Antonio,2018-06-30,6,29.0,Trump 1.0
San Antonio,2018-07-01,4,28.0,Trump 1.0
San Antonio,2018-07-02,35,30.0,Trump 1.0
San Antonio,2018-07-03,41,30.0,Trump 1.0
San Antonio,2018-07-04,12,26.0,Trump 1.0
San Antonio,2018-07-05,32,24.0,Trump 1.0
San Antonio,2018-07-06,33,23.0,Trump 1.0
San Antonio,2018-07-07,12,24.0,Trump 1.0
San Antonio,2018-07-08,4,24.0,Trump 1.0
San Antonio,2018-07-09,31,24.0,Trump 1.0
San Antonio,2018-07-10,23,21.0,Trump 1.0
San Antonio,2018-07-11,41,25.0,Trump 1.0
San Antonio,2018-07-12,43,27.0,Trump 1.0
San Antonio,2018-07-13,36,27.0,Trump 1.0
San Antonio,2018-07-14,9,27.0,Trump 1.0
San Antonio,2018-07-15,5,27.0,Trump 1.0
San Antonio,2018-07-16,54,30.0,Trump 1.0
San Antonio,2018-07-17,27,31.0,Trump 1.0
San Antonio,2018-07-18,40,31.0,Trump 1.0
San Antonio,2018-07-19,47,31.0,Trump 1.0
San Antonio,2018-07-20,34,31.0,Trump 1.0
San Antonio,2018-07-21,10,31.0,Trump 1.0
San Antonio,2018-07-22,4,31.0,Trump 1.0
San Antonio,2018-07-23,40,29.0,Trump 1.0
San Antonio,2018-07-24,23,28.0,Trump 1.0
San Antonio,2018-07-25,30,27.0,Trump 1.0
San Antonio,2018-07-26,41,26.0,Trump 1.0
San Antonio,2018-07-27,35,26.0,Trump 1.0
San Antonio,2018-07-28,6,26.0,Trump 1.0
San Antonio,2018-07-29,7,26.0,Trump 1.0
San Antonio,2018-07-30,26,24.0,Trump 1.0
San Antonio,2018-07-31,41,27.0,Trump 1.0
San Antonio,2018-08-01,32,27.0,Trump 1.0
San Antonio,2018-08-02,36,26.0,Trump 1.0
San Antonio,2018-08-03,45,28.0,Trump 1.0
San Antonio,2018-08-04,5,27.0,Trump 1.0
San Antonio,2018-08-05,4,27.0,Trump 1.0
San Antonio,2018-08-06,29,27.0,Trump 1.0
San Antonio,2018-08-07,37,27.0,Trump 1.0
San Antonio,2018-08-08,23,26.0,Trump 1.0
San Antonio,2018-08-09,35,25.0,Trump 1.0
San Antonio,2018-08-10,25,23.0,Trump 1.0
San Antonio,2018-08-11,12,24.0,Trump 1.0
San Antonio,2018-08-12,6,24.0,Trump 1.0
San Antonio,2018-08-13,27,24.0,Trump 1.0
San Antonio,2018-08-14,48,25.0,Trump 1.0
San Antonio,2018-08-15,33,27.0,Trump 1.0
San Antonio,2018-08-16,42,28.0,Trump 1.0
San Antonio,2018-08-17,41,30.0,Trump 1.0
San Antonio,2018-08-18,13,30.0,Trump 1.0
San Antonio,2018-08-19,11,31.0,Trump 1.0
San Antonio,2018-08-20,39,32.0,Trump 1.0
San Antonio,2018-08-21,29,30.0,Trump 1.0
San Antonio,2018-08-22,37,30.0,Trump 1.0
San Antonio,2018-08-23,38,30.0,Trump 1.0
San Antonio,2018-08-24,24,27.0,Trump 1.0
San Antonio,2018-08-25,13,27.0,Trump 1.0
San Antonio,2018-08-26,7,27.0,Trump 1.0
San Antonio,2018-08-27,37,26.0,Trump 1.0
San Antonio,2018-08-28,34,27.0,Trump 1.0
San Antonio,2018-08-29,38,27.0,Trump 1.0
San Antonio,2018-08-30,39,27.0,Trump 1.0
San Antonio,2018-08-31,42,30.0,Trump 1.0
San Antonio,2018-09-01,21,31.0,Trump 1.0
San Antonio,2018-09-02,4,31.0,Trump 1.0
San Antonio,2018-09-03,14,27.0,Trump 1.0
San Antonio,2018-09-04,31,27.0,Trump 1.0
San Antonio,2018-09-05,31,26.0,Trump 1.0
San Antonio,2018-09-06,37,26.0,Trump 1.0
San Antonio,2018-09-07,42,26.0,Trump 1.0
San Antonio,2018-09-08,3,23.0,Trump 1.0
San Antonio,2018-09-09,4,23.0,Trump 1.0
San Antonio,2018-09-10,44,27.0,Trump 1.0
San Antonio,2018-09-11,31,27.0,Trump 1.0
San Antonio,2018-09-12,45,29.0,Trump 1.0
San Antonio,2018-09-13,34,29.0,Trump 1.0
San Antonio,2018-09-14,52,30.0,Trump 1.0
San Antonio,2018-09-15,10,31.0,Trump 1.0
San Antonio,2018-09-16,8,32.0,Trump 1.0
San Antonio,2018-09-17,32,30.0,Trump 1.0
San Antonio,2018-09-18,51,33.0,Trump 1.0
San Antonio,2018-09-19,36,32.0,Trump 1.0
San Antonio,2018-09-20,44,33.0,Trump 1.0
San Antonio,2018-09-21,33,31.0,Trump 1.0
San Antonio,2018-09-22,9,30.0,Trump 1.0
San Antonio,2018-09-23,9,31.0,Trump 1.0
San Antonio,2018-09-24,33,31.0,Trump 1.0
San Antonio,2018-09-25,31,28.0,Trump 1.0
San Antonio,2018-09-26,35,28.0,Trump 1.0
San Antonio,2018-09-27,34,26.0,Trump 1.0
San Antonio,2018-09-28,42,28.0,Trump 1.0
San Antonio,2018-09-29,9,28.0,Trump 1.0
San Antonio,2018-09-30,7,27.0,Trump 1.0
San Diego,2015-10-01,7,24.0,Trump 1.0
San Diego,2015-10-02,13,21.0,Trump 1.0
San Diego,2015-10-03,2,16.0,Trump 1.0
San Diego,2015-10-04,2,12.0,Trump 1.0
San Diego,2015-10-05,18,8.0,Trump 1.0
San Diego,2015-10-06,21,10.0,Trump 1.0
San Diego,2015-10-07,16,11.0,Trump 1.0
San Diego,2015-10-08,11,12.0,Trump 1.0
San Diego,2015-10-09,7,11.0,Trump 1.0
San Diego,2015-10-12,8,12.0,Trump 1.0
San Diego,2015-10-13,14,14.0,Trump 1.0
San Diego,2015-10-14,12,13.0,Trump 1.0
San Diego,2015-10-15,15,12.0,Trump 1.0
San Diego,2015-10-16,12,11.0,Trump 1.0
San Diego,2015-10-17,1,10.0,Trump 1.0
San Diego,2015-10-18,3,9.0,Trump 1.0
San Diego,2015-10-19,11,10.0,Trump 1.0
San Diego,2015-10-20,21,11.0,Trump 1.0
San Diego,2015-10-21,11,11.0,Trump 1.0
San Diego,2015-10-22,11,10.0,Trump 1.0
San Diego,2015-10-23,5,9.0,Trump 1.0
San Diego,2015-10-24,2,9.0,Trump 1.0
San Diego,2015-10-25,1,9.0,Trump 1.0
San Diego,2015-10-26,11,9.0,Trump 1.0
San Diego,2015-10-27,10,7.0,Trump 1.0
San Diego,2015-10-28,9,7.0,Trump 1.0
San Diego,2015-10-29,9,7.0,Trump 1.0
San Diego,2015-10-30,9,7.0,Trump 1.0
San Diego,2015-10-31,4,8.0,Trump 1.0
San Diego,2015-11-01,2,8.0,Trump 1.0
San Diego,2015-11-02,14,8.0,Trump 1.0
San Diego,2015-11-03,9,8.0,Trump 1.0
San Diego,2015-11-04,9,8.0,Trump 1.0
San Diego,2015-11-05,6,8.0,Trump 1.0
San Diego,2015-11-06,10,8.0,Trump 1.0
San Diego,2015-11-07,1,7.0,Trump 1.0
San Diego,2015-11-08,1,7.0,Trump 1.0
San Diego,2015-11-09,13,7.0,Trump 1.0
San Diego,2015-11-10,16,8.0,Trump 1.0
San Diego,2015-11-11,13,9.0,Trump 1.0
San Diego,2015-11-12,10,9.0,Trump 1.0
San Diego,2015-11-13,9,9.0,Trump 1.0
San Diego,2015-11-14,1,9.0,Trump 1.0
San Diego,2015-11-16,12,11.0,Trump 1.0
San Diego,2015-11-17,14,11.0,Trump 1.0
San Diego,2015-11-18,15,11.0,Trump 1.0
San Diego,2015-11-19,8,10.0,Trump 1.0
San Diego,2015-11-20,12,10.0,Trump 1.0
San Diego,2015-11-21,2,9.0,Trump 1.0
San Diego,2015-11-22,2,9.0,Trump 1.0
San Diego,2015-11-23,12,9.0,Trump 1.0
San Diego,2015-11-24,12,9.0,Trump 1.0
San Diego,2015-11-25,12,9.0,Trump 1.0
San Diego,2015-11-26,4,8.0,Trump 1.0
San Diego,2015-11-27,12,8.0,Trump 1.0
San Diego,2015-11-28,1,8.0,Trump 1.0
San Diego,2015-11-29,4,8.0,Trump 1.0
San Diego,2015-11-30,17,9.0,Trump 1.0
San Diego,2015-12-01,15,9.0,Trump 1.0
San Diego,2015-12-02,11,9.0,Trump 1.0
San Diego,2015-12-03,14,11.0,Trump 1.0
San Diego,2015-12-04,15,11.0,Trump 1.0
San Diego,2015-12-05,1,11.0,Trump 1.0
San Diego,2015-12-06,3,11.0,Trump 1.0
San Diego,2015-12-07,14,10.0,Trump 1.0
San Diego,2015-12-08,7,9.0,Trump 1.0
San Diego,2015-12-09,11,9.0,Trump 1.0
San Diego,2015-12-10,5,8.0,Trump 1.0
San Diego,2015-12-11,12,8.0,Trump 1.0
San Diego,2015-12-12,5,8.0,Trump 1.0
San Diego,2015-12-13,7,9.0,Trump 1.0
San Diego,2015-12-14,9,8.0,Trump 1.0
San Diego,2015-12-15,15,9.0,Trump 1.0
San Diego,2015-12-16,10,9.0,Trump 1.0
San Diego,2015-12-17,13,10.0,Trump 1.0
San Diego,2015-12-18,7,9.0,Trump 1.0
San Diego,2015-12-19,4,9.0,Trump 1.0
San Diego,2015-12-20,3,9.0,Trump 1.0
San Diego,2015-12-21,21,10.0,Trump 1.0
San Diego,2015-12-22,12,10.0,Trump 1.0
San Diego,2015-12-23,9,10.0,Trump 1.0
San Diego,2015-12-24,17,10.0,Trump 1.0
San Diego,2015-12-25,7,10.0,Trump 1.0
San Diego,2015-12-26,8,11.0,Trump 1.0
San Diego,2015-12-27,6,11.0,Trump 1.0
San Diego,2015-12-28,13,10.0,Trump 1.0
San Diego,2015-12-29,9,10.0,Trump 1.0
San Diego,2015-12-30,11,10.0,Trump 1.0
San Diego,2015-12-31,8,9.0,Trump 1.0
San Diego,2016-01-01,1,8.0,Trump 1.0
San Diego,2016-01-02,10,8.0,Trump 1.0
San Diego,2016-01-04,8,9.0,Trump 1.0
San Diego,2016-01-05,14,9.0,Trump 1.0
San Diego,2016-01-06,8,9.0,Trump 1.0
San Diego,2016-01-07,13,9.0,Trump 1.0
San Diego,2016-01-08,4,8.0,Trump 1.0
San Diego,2016-01-09,7,9.0,Trump 1.0
San Diego,2016-01-10,1,8.0,Trump 1.0
San Diego,2016-01-11,10,8.0,Trump 1.0
San Diego,2016-01-12,17,9.0,Trump 1.0
San Diego,2016-01-13,11,9.0,Trump 1.0
San Diego,2016-01-14,10,9.0,Trump 1.0
San Diego,2016-01-15,14,10.0,Trump 1.0
San Diego,2016-01-16,7,10.0,Trump 1.0
San Diego,2016-01-17,1,10.0,Trump 1.0
San Diego,2016-01-18,2,9.0,Trump 1.0
San Diego,2016-01-19,16,9.0,Trump 1.0
San Diego,2016-01-20,10,9.0,Trump 1.0
San Diego,2016-01-21,15,9.0,Trump 1.0
San Diego,2016-01-22,9,9.0,Trump 1.0
San Diego,2016-01-24,3,8.0,Trump 1.0
San Diego,2016-01-25,10,9.0,Trump 1.0
San Diego,2016-01-26,10,10.0,Trump 1.0
San Diego,2016-01-27,12,10.0,Trump 1.0
San Diego,2016-01-28,10,10.0,Trump 1.0
San Diego,2016-01-29,9,9.0,Trump 1.0
San Diego,2016-01-30,5,8.0,Trump 1.0
San Diego,2016-02-01,8,9.0,Trump 1.0
San Diego,2016-02-02,8,9.0,Trump 1.0
San Diego,2016-02-03,11,9.0,Trump 1.0
San Diego,2016-02-04,6,8.0,Trump 1.0
San Diego,2016-02-05,6,8.0,Trump 1.0
San Diego,2016-02-06,10,8.0,Trump 1.0
San Diego,2016-02-08,9,8.0,Trump 1.0
San Diego,2016-02-09,15,9.0,Trump 1.0
San Diego,2016-02-10,10,10.0,Trump 1.0
San Diego,2016-02-11,24,11.0,Trump 1.0
San Diego,2016-02-12,19,13.0,Trump 1.0
San Diego,2016-02-13,2,13.0,Trump 1.0
San Diego,2016-02-14,12,13.0,Trump 1.0
San Diego,2016-02-15,3,12.0,Trump 1.0
San Diego,2016-02-16,11,12.0,Trump 1.0
San Diego,2016-02-17,16,12.0,Trump 1.0
San Diego,2016-02-18,12,11.0,Trump 1.0
San Diego,2016-02-19,13,10.0,Trump 1.0
San Diego,2016-02-20,2,10.0,Trump 1.0
San Diego,2016-02-21,3,9.0,Trump 1.0
San Diego,2016-02-22,14,10.0,Trump 1.0
San Diego,2016-02-23,14,11.0,Trump 1.0
San Diego,2016-02-24,15,10.0,Trump 1.0
San Diego,2016-02-25,45,15.0,Trump 1.0
San Diego,2016-02-26,42,19.0,Trump 1.0
San Diego,2016-02-27,9,20.0,Trump 1.0
San Diego,2016-02-28,6,21.0,Trump 1.0
San Diego,2016-02-29,20,22.0,Trump 1.0
San Diego,2016-03-01,16,22.0,Trump 1.0
San Diego,2016-03-02,16,22.0,Trump 1.0
San Diego,2016-03-03,13,17.0,Trump 1.0
San Diego,2016-03-04,17,14.0,Trump 1.0
San Diego,2016-03-05,10,14.0,Trump 1.0
San Diego,2016-03-06,6,14.0,Trump 1.0
San Diego,2016-03-07,12,13.0,Trump 1.0
San Diego,2016-03-08,11,12.0,Trump 1.0
San Diego,2016-03-09,10,11.0,Trump 1.0
San Diego,2016-03-10,9,11.0,Trump 1.0
San Diego,2016-03-11,8,9.0,Trump 1.0
San Diego,2016-03-12,2,8.0,Trump 1.0
San Diego,2016-03-13,2,8.0,Trump 1.0
San Diego,2016-03-14,11,8.0,Trump 1.0
San Diego,2016-03-15,12,8.0,Trump 1.0
San Diego,2016-03-16,12,8.0,Trump 1.0
San Diego,2016-03-17,20,10.0,Trump 1.0
San Diego,2016-03-18,4,9.0,Trump 1.0
San Diego,2016-03-20,4,9.0,Trump 1.0
San Diego,2016-03-21,6,10.0,Trump 1.0
San Diego,2016-03-22,5,9.0,Trump 1.0
San Diego,2016-03-23,8,8.0,Trump 1.0
San Diego,2016-03-24,5,7.0,Trump 1.0
San Diego,2016-03-25,15,7.0,Trump 1.0
San Diego,2016-03-26,2,6.0,Trump 1.0
San Diego,2016-03-27,1,6.0,Trump 1.0
San Diego,2016-03-28,12,7.0,Trump 1.0
San Diego,2016-03-29,15,8.0,Trump 1.0
San Diego,2016-03-30,10,9.0,Trump 1.0
San Diego,2016-03-31,8,9.0,Trump 1.0
San Diego,2016-04-01,8,8.0,Trump 1.0
San Diego,2016-04-02,1,8.0,Trump 1.0
San Diego,2016-04-03,1,8.0,Trump 1.0
San Diego,2016-04-04,14,8.0,Trump 1.0
San Diego,2016-04-05,20,9.0,Trump 1.0
San Diego,2016-04-06,4,8.0,Trump 1.0
San Diego,2016-04-07,22,10.0,Trump 1.0
San Diego,2016-04-08,10,10.0,Trump 1.0
San Diego,2016-04-09,3,11.0,Trump 1.0
San Diego,2016-04-11,10,12.0,Trump 1.0
San Diego,2016-04-12,13,12.0,Trump 1.0
San Diego,2016-04-13,13,11.0,Trump 1.0
San Diego,2016-04-14,12,12.0,Trump 1.0
San Diego,2016-04-15,10,10.0,Trump 1.0
San Diego,2016-04-16,5,9.0,Trump 1.0
San Diego,2016-04-18,17,11.0,Trump 1.0
San Diego,2016-04-19,17,12.0,Trump 1.0
San Diego,2016-04-20,10,12.0,Trump 1.0
San Diego,2016-04-21,14,12.0,Trump 1.0
San Diego,2016-04-22,17,13.0,Trump 1.0
San Diego,2016-04-23,7,12.0,Trump 1.0
San Diego,2016-04-24,2,12.0,Trump 1.0
San Diego,2016-04-25,10,11.0,Trump 1.0
San Diego,2016-04-26,13,10.0,Trump 1.0
San Diego,2016-04-27,10,10.0,Trump 1.0
San Diego,2016-04-28,17,11.0,Trump 1.0
San Diego,2016-04-29,15,11.0,Trump 1.0
San Diego,2016-04-30,10,11.0,Trump 1.0
San Diego,2016-05-01,20,14.0,Trump 1.0
San Diego,2016-05-02,27,16.0,Trump 1.0
San Diego,2016-05-03,8,15.0,Trump 1.0
San Diego,2016-05-04,7,15.0,Trump 1.0
San Diego,2016-05-05,13,14.0,Trump 1.0
San Diego,2016-05-06,7,13.0,Trump 1.0
San Diego,2016-05-07,1,12.0,Trump 1.0
San Diego,2016-05-09,27,13.0,Trump 1.0
San Diego,2016-05-10,18,12.0,Trump 1.0
San Diego,2016-05-11,33,15.0,Trump 1.0
San Diego,2016-05-12,15,16.0,Trump 1.0
San Diego,2016-05-13,20,17.0,Trump 1.0
San Diego,2016-05-14,8,17.0,Trump 1.0
San Diego,2016-05-15,25,21.0,Trump 1.0
San Diego,2016-05-16,19,20.0,Trump 1.0
San Diego,2016-05-17,9,18.0,Trump 1.0
San Diego,2016-05-18,11,15.0,Trump 1.0
San Diego,2016-05-19,12,15.0,Trump 1.0
San Diego,2016-05-20,8,13.0,Trump 1.0
San Diego,2016-05-21,2,12.0,Trump 1.0
San Diego,2016-05-22,2,9.0,Trump 1.0
San Diego,2016-05-23,9,8.0,Trump 1.0
San Diego,2016-05-24,16,9.0,Trump 1.0
San Diego,2016-05-25,11,9.0,Trump 1.0
San Diego,2016-05-26,6,8.0,Trump 1.0
San Diego,2016-05-27,4,7.0,Trump 1.0
San Diego,2016-05-28,4,7.0,Trump 1.0
San Diego,2016-05-29,3,8.0,Trump 1.0
San Diego,2016-05-30,4,7.0,Trump 1.0
San Diego,2016-05-31,7,6.0,Trump 1.0
San Diego,2016-06-01,8,5.0,Trump 1.0
San Diego,2016-06-02,9,6.0,Trump 1.0
San Diego,2016-06-03,8,6.0,Trump 1.0
San Diego,2016-06-04,1,6.0,Trump 1.0
San Diego,2016-06-05,3,6.0,Trump 1.0
San Diego,2016-06-06,25,9.0,Trump 1.0
San Diego,2016-06-07,18,10.0,Trump 1.0
San Diego,2016-06-08,10,11.0,Trump 1.0
San Diego,2016-06-09,16,12.0,Trump 1.0
San Diego,2016-06-10,15,13.0,Trump 1.0
San Diego,2016-06-11,1,13.0,Trump 1.0
San Diego,2016-06-12,1,12.0,Trump 1.0
San Diego,2016-06-13,9,10.0,Trump 1.0
San Diego,2016-06-14,9,9.0,Trump 1.0
San Diego,2016-06-15,11,9.0,Trump 1.0
San Diego,2016-06-16,7,8.0,Trump 1.0
San Diego,2016-06-17,6,6.0,Trump 1.0
San Diego,2016-06-19,1,6.0,Trump 1.0
San Diego,2016-06-20,11,8.0,Trump 1.0
San Diego,2016-06-21,13,8.0,Trump 1.0
San Diego,2016-06-22,16,9.0,Trump 1.0
San Diego,2016-06-23,5,8.0,Trump 1.0
San Diego,2016-06-24,13,9.0,Trump 1.0
San Diego,2016-06-27,7,9.0,Trump 1.0
San Diego,2016-06-28,13,11.0,Trump 1.0
San Diego,2016-06-29,14,12.0,Trump 1.0
San Diego,2016-06-30,9,11.0,Trump 1.0
San Diego,2016-07-01,14,11.0,Trump 1.0
San Diego,2016-07-02,2,10.0,Trump 1.0
San Diego,2016-07-03,1,9.0,Trump 1.0
San Diego,2016-07-04,2,8.0,Trump 1.0
San Diego,2016-07-05,10,7.0,Trump 1.0
San Diego,2016-07-06,13,7.0,Trump 1.0
San Diego,2016-07-07,5,7.0,Trump 1.0
San Diego,2016-07-08,19,7.0,Trump 1.0
San Diego,2016-07-11,20,10.0,Trump 1.0
San Diego,2016-07-12,12,12.0,Trump 1.0
San Diego,2016-07-13,20,14.0,Trump 1.0
San Diego,2016-07-14,9,14.0,Trump 1.0
San Diego,2016-07-15,11,14.0,Trump 1.0
San Diego,2016-07-16,1,13.0,Trump 1.0
San Diego,2016-07-18,13,12.0,Trump 1.0
San Diego,2016-07-19,12,11.0,Trump 1.0
San Diego,2016-07-20,19,12.0,Trump 1.0
San Diego,2016-07-21,8,10.0,Trump 1.0
San Diego,2016-07-22,8,10.0,Trump 1.0
San Diego,2016-07-23,1,9.0,Trump 1.0
San Diego,2016-07-25,19,11.0,Trump 1.0
San Diego,2016-07-26,17,12.0,Trump 1.0
San Diego,2016-07-27,14,12.0,Trump 1.0
San Diego,2016-07-28,18,12.0,Trump 1.0
San Diego,2016-07-29,18,14.0,Trump 1.0
San Diego,2016-08-01,8,14.0,Trump 1.0
San Diego,2016-08-02,17,16.0,Trump 1.0
San Diego,2016-08-03,13,15.0,Trump 1.0
San Diego,2016-08-04,18,15.0,Trump 1.0
San Diego,2016-08-05,14,15.0,Trump 1.0
San Diego,2016-08-07,3,13.0,Trump 1.0
San Diego,2016-08-08,15,13.0,Trump 1.0
San Diego,2016-08-09,9,13.0,Trump 1.0
San Diego,2016-08-10,14,12.0,Trump 1.0
San Diego,2016-08-11,14,12.0,Trump 1.0
San Diego,2016-08-12,18,12.0,Trump 1.0
San Diego,2016-08-14,2,11.0,Trump 1.0
San Diego,2016-08-15,17,13.0,Trump 1.0
San Diego,2016-08-16,15,13.0,Trump 1.0
San Diego,2016-08-17,15,14.0,Trump 1.0
San Diego,2016-08-18,12,13.0,Trump 1.0
San Diego,2016-08-19,14,13.0,Trump 1.0
San Diego,2016-08-20,1,11.0,Trump 1.0
San Diego,2016-08-21,1,11.0,Trump 1.0
San Diego,2016-08-22,13,10.0,Trump 1.0
San Diego,2016-08-23,12,10.0,Trump 1.0
San Diego,2016-08-24,16,10.0,Trump 1.0
San Diego,2016-08-25,8,9.0,Trump 1.0
San Diego,2016-08-26,11,9.0,Trump 1.0
San Diego,2016-08-27,2,9.0,Trump 1.0
San Diego,2016-08-28,1,9.0,Trump 1.0
San Diego,2016-08-29,14,9.0,Trump 1.0
San Diego,2016-08-30,9,9.0,Trump 1.0
San Diego,2016-08-31,16,9.0,Trump 1.0
San Diego,2016-09-01,9,9.0,Trump 1.0
San Diego,2016-09-02,21,10.0,Trump 1.0
San Diego,2016-09-03,1,10.0,Trump 1.0
San Diego,2016-09-05,4,11.0,Trump 1.0
San Diego,2016-09-06,17,11.0,Trump 1.0
San Diego,2016-09-07,13,12.0,Trump 1.0
San Diego,2016-09-08,10,11.0,Trump 1.0
San Diego,2016-09-09,30,14.0,Trump 1.0
San Diego,2016-09-10,3,11.0,Trump 1.0
San Diego,2016-09-12,11,13.0,Trump 1.0
San Diego,2016-09-13,19,15.0,Trump 1.0
San Diego,2016-09-14,14,14.0,Trump 1.0
San Diego,2016-09-15,13,14.0,Trump 1.0
San Diego,2016-09-16,15,15.0,Trump 1.0
San Diego,2016-09-19,12,12.0,Trump 1.0
San Diego,2016-09-20,12,14.0,Trump 1.0
San Diego,2016-09-21,7,13.0,Trump 1.0
San Diego,2016-09-22,17,13.0,Trump 1.0
San Diego,2016-09-23,8,12.0,Trump 1.0
San Diego,2016-09-24,2,10.0,Trump 1.0
San Diego,2016-09-26,14,10.0,Trump 1.0
San Diego,2016-09-27,12,10.0,Trump 1.0
San Diego,2016-09-28,16,11.0,Trump 1.0
San Diego,2016-09-29,10,11.0,Trump 1.0
San Diego,2016-09-30,14,11.0,Trump 1.0
San Diego,2016-10-02,1,10.0,Trump 1.0
San Diego,2016-10-03,16,12.0,Trump 1.0
San Diego,2016-10-04,13,12.0,Trump 1.0
San Diego,2016-10-05,12,12.0,Trump 1.0
San Diego,2016-10-06,8,11.0,Trump 1.0
San Diego,2016-10-07,14,11.0,Trump 1.0
San Diego,2016-10-10,2,9.0,Trump 1.0
San Diego,2016-10-11,7,10.0,Trump 1.0
San Diego,2016-10-12,15,10.0,Trump 1.0
San Diego,2016-10-13,9,10.0,Trump 1.0
San Diego,2016-10-14,16,10.0,Trump 1.0
San Diego,2016-10-15,1,9.0,Trump 1.0
San Diego,2016-10-16,1,7.0,Trump 1.0
San Diego,2016-10-17,12,9.0,Trump 1.0
San Diego,2016-10-18,5,8.0,Trump 1.0
San Diego,2016-10-19,13,8.0,Trump 1.0
San Diego,2016-10-20,10,8.0,Trump 1.0
San Diego,2016-10-21,7,7.0,Trump 1.0
San Diego,2016-10-23,2,7.0,Trump 1.0
San Diego,2016-10-24,14,9.0,Trump 1.0
San Diego,2016-10-25,12,9.0,Trump 1.0
San Diego,2016-10-26,18,11.0,Trump 1.0
San Diego,2016-10-27,13,11.0,Trump 1.0
San Diego,2016-10-28,9,11.0,Trump 1.0
San Diego,2016-10-29,2,10.0,Trump 1.0
San Diego,2016-10-31,13,12.0,Trump 1.0
San Diego,2016-11-01,13,11.0,Trump 1.0
San Diego,2016-11-02,15,12.0,Trump 1.0
San Diego,2016-11-03,14,11.0,Trump 1.0
San Diego,2016-11-04,5,10.0,Trump 1.0
San Diego,2016-11-05,2,9.0,Trump 1.0
San Diego,2016-11-06,1,9.0,Trump 1.0
San Diego,2016-11-07,18,10.0,Trump 1.0
San Diego,2016-11-08,14,10.0,Trump 1.0
San Diego,2016-11-09,8,9.0,Trump 1.0
San Diego,2016-11-10,17,9.0,Trump 1.0
San Diego,2016-11-12,1,9.0,Trump 1.0
San Diego,2016-11-13,1,9.0,Trump 1.0
San Diego,2016-11-14,18,11.0,Trump 1.0
San Diego,2016-11-15,10,10.0,Trump 1.0
San Diego,2016-11-16,14,10.0,Trump 1.0
San Diego,2016-11-17,8,10.0,Trump 1.0
San Diego,2016-11-18,17,10.0,Trump 1.0
San Diego,2016-11-19,2,10.0,Trump 1.0
San Diego,2016-11-20,2,10.0,Trump 1.0
San Diego,2016-11-21,18,10.0,Trump 1.0
San Diego,2016-11-22,17,11.0,Trump 1.0
San Diego,2016-11-23,6,10.0,Trump 1.0
San Diego,2016-11-24,3,9.0,Trump 1.0
San Diego,2016-11-25,10,8.0,Trump 1.0
San Diego,2016-11-26,1,8.0,Trump 1.0
San Diego,2016-11-27,1,8.0,Trump 1.0
San Diego,2016-11-28,5,6.0,Trump 1.0
San Diego,2016-11-29,16,6.0,Trump 1.0
San Diego,2016-11-30,16,7.0,Trump 1.0
San Diego,2016-12-01,10,8.0,Trump 1.0
San Diego,2016-12-02,5,8.0,Trump 1.0
San Diego,2016-12-03,3,8.0,Trump 1.0
San Diego,2016-12-04,1,8.0,Trump 1.0
San Diego,2016-12-05,8,8.0,Trump 1.0
San Diego,2016-12-06,13,8.0,Trump 1.0
San Diego,2016-12-07,8,7.0,Trump 1.0
San Diego,2016-12-08,18,8.0,Trump 1.0
San Diego,2016-12-09,9,9.0,Trump 1.0
San Diego,2016-12-10,5,9.0,Trump 1.0
San Diego,2016-12-12,20,12.0,Trump 1.0
San Diego,2016-12-13,13,12.0,Trump 1.0
San Diego,2016-12-14,15,13.0,Trump 1.0
San Diego,2016-12-15,14,13.0,Trump 1.0
San Diego,2016-12-16,8,12.0,Trump 1.0
San Diego,2016-12-17,3,11.0,Trump 1.0
San Diego,2016-12-18,1,11.0,Trump 1.0
San Diego,2016-12-19,10,9.0,Trump 1.0
San Diego,2016-12-20,21,10.0,Trump 1.0
San Diego,2016-12-21,18,11.0,Trump 1.0
San Diego,2016-12-22,20,12.0,Trump 1.0
San Diego,2016-12-23,11,12.0,Trump 1.0
San Diego,2016-12-24,3,12.0,Trump 1.0
San Diego,2016-12-26,1,12.0,Trump 1.0
San Diego,2016-12-27,5,11.0,Trump 1.0
San Diego,2016-12-28,10,10.0,Trump 1.0
San Diego,2016-12-29,6,8.0,Trump 1.0
San Diego,2016-12-30,7,6.0,Trump 1.0
San Diego,2016-12-31,2,5.0,Trump 1.0
San Diego,2017-01-02,1,5.0,Trump 1.0
San Diego,2017-01-03,8,6.0,Trump 1.0
San Diego,2017-01-04,6,6.0,Trump 1.0
San Diego,2017-01-05,7,5.0,Trump 1.0
San Diego,2017-01-06,11,6.0,Trump 1.0
San Diego,2017-01-07,3,5.0,Trump 1.0
San Diego,2017-01-08,1,5.0,Trump 1.0
San Diego,2017-01-09,13,7.0,Trump 1.0
San Diego,2017-01-10,20,9.0,Trump 1.0
San Diego,2017-01-11,9,9.0,Trump 1.0
San Diego,2017-01-12,14,10.0,Trump 1.0
San Diego,2017-01-13,9,10.0,Trump 1.0
San Diego,2017-01-14,2,10.0,Trump 1.0
San Diego,2017-01-15,4,10.0,Trump 1.0
San Diego,2017-01-16,2,9.0,Trump 1.0
San Diego,2017-01-17,19,8.0,Trump 1.0
San Diego,2017-01-18,14,9.0,Trump 1.0
San Diego,2017-01-19,9,8.0,Trump 1.0
San Diego,2017-01-20,8,8.0,Trump 1.0
San Diego,2017-01-21,3,8.0,Trump 1.0
San Diego,2017-01-22,1,8.0,Trump 1.0
San Diego,2017-01-23,12,9.0,Trump 1.0
San Diego,2017-01-24,8,8.0,Trump 1.0
San Diego,2017-01-25,8,7.0,Trump 1.0
San Diego,2017-01-26,12,7.0,Trump 1.0
San Diego,2017-01-27,9,8.0,Trump 1.0
San Diego,2017-01-28,2,7.0,Trump 1.0
San Diego,2017-01-30,14,9.0,Trump 1.0
San Diego,2017-01-31,19,10.0,Trump 1.0
San Diego,2017-02-01,10,11.0,Trump 1.0
San Diego,2017-02-02,23,13.0,Trump 1.0
San Diego,2017-02-03,10,12.0,Trump 1.0
San Diego,2017-02-04,1,11.0,Trump 1.0
San Diego,2017-02-06,18,14.0,Trump 1.0
San Diego,2017-02-07,22,15.0,Trump 1.0
San Diego,2017-02-08,16,14.0,Trump 1.0
San Diego,2017-02-09,20,16.0,Trump 1.0
San Diego,2017-02-10,19,15.0,Trump 1.0
San Diego,2017-02-11,2,14.0,Trump 1.0
San Diego,2017-02-13,19,17.0,Trump 1.0
San Diego,2017-02-14,18,17.0,Trump 1.0
San Diego,2017-02-15,19,16.0,Trump 1.0
San Diego,2017-02-16,12,16.0,Trump 1.0
San Diego,2017-02-17,16,15.0,Trump 1.0
San Diego,2017-02-18,3,13.0,Trump 1.0
San Diego,2017-02-20,3,13.0,Trump 1.0
San Diego,2017-02-21,17,13.0,Trump 1.0
San Diego,2017-02-22,26,14.0,Trump 1.0
San Diego,2017-02-23,18,14.0,Trump 1.0
San Diego,2017-02-24,25,15.0,Trump 1.0
San Diego,2017-02-25,1,13.0,Trump 1.0
San Diego,2017-02-26,1,13.0,Trump 1.0
San Diego,2017-02-27,21,16.0,Trump 1.0
San Diego,2017-02-28,16,15.0,Trump 1.0
San Diego,2017-03-01,13,14.0,Trump 1.0
San Diego,2017-03-02,14,13.0,Trump 1.0
San Diego,2017-03-03,19,12.0,Trump 1.0
San Diego,2017-03-04,2,12.0,Trump 1.0
San Diego,2017-03-05,1,12.0,Trump 1.0
San Diego,2017-03-06,11,11.0,Trump 1.0
San Diego,2017-03-07,21,12.0,Trump 1.0
San Diego,2017-03-08,19,12.0,Trump 1.0
San Diego,2017-03-09,16,13.0,Trump 1.0
San Diego,2017-03-10,21,13.0,Trump 1.0
San Diego,2017-03-11,1,13.0,Trump 1.0
San Diego,2017-03-13,12,14.0,Trump 1.0
San Diego,2017-03-14,13,15.0,Trump 1.0
San Diego,2017-03-15,14,14.0,Trump 1.0
San Diego,2017-03-16,16,13.0,Trump 1.0
San Diego,2017-03-17,22,14.0,Trump 1.0
San Diego,2017-03-18,1,11.0,Trump 1.0
San Diego,2017-03-19,2,11.0,Trump 1.0
San Diego,2017-03-20,22,13.0,Trump 1.0
San Diego,2017-03-21,12,13.0,Trump 1.0
San Diego,2017-03-22,23,14.0,Trump 1.0
San Diego,2017-03-23,22,15.0,Trump 1.0
San Diego,2017-03-24,14,14.0,Trump 1.0
San Diego,2017-03-26,1,14.0,Trump 1.0
San Diego,2017-03-27,12,15.0,Trump 1.0
San Diego,2017-03-28,20,15.0,Trump 1.0
San Diego,2017-03-29,14,15.0,Trump 1.0
San Diego,2017-03-30,16,14.0,Trump 1.0
San Diego,2017-03-31,9,12.0,Trump 1.0
San Diego,2017-04-01,1,10.0,Trump 1.0
San Diego,2017-04-02,4,11.0,Trump 1.0
San Diego,2017-04-03,14,11.0,Trump 1.0
San Diego,2017-04-04,30,13.0,Trump 1.0
San Diego,2017-04-05,16,13.0,Trump 1.0
San Diego,2017-04-06,20,13.0,Trump 1.0
San Diego,2017-04-07,8,13.0,Trump 1.0
San Diego,2017-04-08,4,14.0,Trump 1.0
San Diego,2017-04-09,6,14.0,Trump 1.0
San Diego,2017-04-10,19,15.0,Trump 1.0
San Diego,2017-04-11,19,13.0,Trump 1.0
San Diego,2017-04-12,29,15.0,Trump 1.0
San Diego,2017-04-13,21,15.0,Trump 1.0
San Diego,2017-04-14,15,16.0,Trump 1.0
San Diego,2017-04-15,2,16.0,Trump 1.0
San Diego,2017-04-16,6,16.0,Trump 1.0
San Diego,2017-04-17,18,16.0,Trump 1.0
San Diego,2017-04-18,18,16.0,Trump 1.0
San Diego,2017-04-19,17,14.0,Trump 1.0
San Diego,2017-04-20,22,14.0,Trump 1.0
San Diego,2017-04-21,18,14.0,Trump 1.0
San Diego,2017-04-22,2,14.0,Trump 1.0
San Diego,2017-04-23,1,14.0,Trump 1.0
San Diego,2017-04-24,18,14.0,Trump 1.0
San Diego,2017-04-25,16,13.0,Trump 1.0
San Diego,2017-04-26,23,14.0,Trump 1.0
San Diego,2017-04-27,23,14.0,Trump 1.0
San Diego,2017-04-28,8,13.0,Trump 1.0
San Diego,2017-04-29,2,13.0,Trump 1.0
San Diego,2017-04-30,2,13.0,Trump 1.0
San Diego,2017-05-01,15,13.0,Trump 1.0
San Diego,2017-05-02,22,14.0,Trump 1.0
San Diego,2017-05-03,26,14.0,Trump 1.0
San Diego,2017-05-04,15,13.0,Trump 1.0
San Diego,2017-05-05,16,14.0,Trump 1.0
San Diego,2017-05-06,1,14.0,Trump 1.0
San Diego,2017-05-07,5,14.0,Trump 1.0
San Diego,2017-05-08,13,14.0,Trump 1.0
San Diego,2017-05-09,23,14.0,Trump 1.0
San Diego,2017-05-10,25,14.0,Trump 1.0
San Diego,2017-05-11,18,14.0,Trump 1.0
San Diego,2017-05-12,15,14.0,Trump 1.0
San Diego,2017-05-13,2,14.0,Trump 1.0
San Diego,2017-05-14,8,15.0,Trump 1.0
San Diego,2017-05-15,19,16.0,Trump 1.0
San Diego,2017-05-16,27,16.0,Trump 1.0
San Diego,2017-05-17,25,16.0,Trump 1.0
San Diego,2017-05-18,21,17.0,Trump 1.0
San Diego,2017-05-19,5,15.0,Trump 1.0
San Diego,2017-05-20,7,16.0,Trump 1.0
San Diego,2017-05-21,7,16.0,Trump 1.0
San Diego,2017-05-22,12,15.0,Trump 1.0
San Diego,2017-05-23,18,14.0,Trump 1.0
San Diego,2017-05-24,25,14.0,Trump 1.0
San Diego,2017-05-25,22,14.0,Trump 1.0
San Diego,2017-05-26,22,16.0,Trump 1.0
San Diego,2017-05-27,7,16.0,Trump 1.0
San Diego,2017-05-28,5,16.0,Trump 1.0
San Diego,2017-05-29,8,15.0,Trump 1.0
San Diego,2017-05-30,19,15.0,Trump 1.0
San Diego,2017-05-31,12,14.0,Trump 1.0
San Diego,2017-06-01,19,13.0,Trump 1.0
San Diego,2017-06-02,17,12.0,Trump 1.0
San Diego,2017-06-03,6,12.0,Trump 1.0
San Diego,2017-06-04,5,12.0,Trump 1.0
San Diego,2017-06-05,13,13.0,Trump 1.0
San Diego,2017-06-06,17,13.0,Trump 1.0
San Diego,2017-06-07,24,14.0,Trump 1.0
San Diego,2017-06-08,26,15.0,Trump 1.0
San Diego,2017-06-09,12,15.0,Trump 1.0
San Diego,2017-06-10,4,14.0,Trump 1.0
San Diego,2017-06-11,3,14.0,Trump 1.0
San Diego,2017-06-12,19,15.0,Trump 1.0
San Diego,2017-06-13,16,15.0,Trump 1.0
San Diego,2017-06-14,21,14.0,Trump 1.0
San Diego,2017-06-15,13,13.0,Trump 1.0
San Diego,2017-06-16,23,14.0,Trump 1.0
San Diego,2017-06-17,5,14.0,Trump 1.0
San Diego,2017-06-18,6,15.0,Trump 1.0
San Diego,2017-06-19,14,14.0,Trump 1.0
San Diego,2017-06-20,12,13.0,Trump 1.0
San Diego,2017-06-21,12,12.0,Trump 1.0
San Diego,2017-06-22,13,12.0,Trump 1.0
San Diego,2017-06-23,8,10.0,Trump 1.0
San Diego,2017-06-24,6,10.0,Trump 1.0
San Diego,2017-06-25,3,10.0,Trump 1.0
San Diego,2017-06-26,18,10.0,Trump 1.0
San Diego,2017-06-27,23,12.0,Trump 1.0
San Diego,2017-06-28,28,14.0,Trump 1.0
San Diego,2017-06-29,28,16.0,Trump 1.0
San Diego,2017-06-30,23,18.0,Trump 1.0
San Diego,2017-07-01,4,18.0,Trump 1.0
San Diego,2017-07-02,5,18.0,Trump 1.0
San Diego,2017-07-03,9,17.0,Trump 1.0
San Diego,2017-07-04,11,15.0,Trump 1.0
San Diego,2017-07-05,12,13.0,Trump 1.0
San Diego,2017-07-06,13,11.0,Trump 1.0
San Diego,2017-07-07,19,10.0,Trump 1.0
San Diego,2017-07-08,6,11.0,Trump 1.0
San Diego,2017-07-10,5,11.0,Trump 1.0
San Diego,2017-07-11,19,12.0,Trump 1.0
San Diego,2017-07-12,20,13.0,Trump 1.0
San Diego,2017-07-13,17,14.0,Trump 1.0
San Diego,2017-07-14,17,15.0,Trump 1.0
San Diego,2017-07-15,11,14.0,Trump 1.0
San Diego,2017-07-16,4,13.0,Trump 1.0
San Diego,2017-07-17,10,14.0,Trump 1.0
San Diego,2017-07-18,19,14.0,Trump 1.0
San Diego,2017-07-19,14,13.0,Trump 1.0
San Diego,2017-07-20,23,14.0,Trump 1.0
San Diego,2017-07-21,13,13.0,Trump 1.0
San Diego,2017-07-22,4,12.0,Trump 1.0
San Diego,2017-07-23,3,12.0,Trump 1.0
San Diego,2017-07-24,16,13.0,Trump 1.0
San Diego,2017-07-25,14,12.0,Trump 1.0
San Diego,2017-07-26,28,14.0,Trump 1.0
San Diego,2017-07-27,17,14.0,Trump 1.0
San Diego,2017-07-28,19,14.0,Trump 1.0
San Diego,2017-07-29,3,14.0,Trump 1.0
San Diego,2017-07-30,3,14.0,Trump 1.0
San Diego,2017-07-31,16,14.0,Trump 1.0
San Diego,2017-08-01,18,15.0,Trump 1.0
San Diego,2017-08-02,21,14.0,Trump 1.0
San Diego,2017-08-03,16,14.0,Trump 1.0
San Diego,2017-08-04,17,13.0,Trump 1.0
San Diego,2017-08-05,7,14.0,Trump 1.0
San Diego,2017-08-06,3,14.0,Trump 1.0
San Diego,2017-08-07,18,14.0,Trump 1.0
San Diego,2017-08-08,16,14.0,Trump 1.0
San Diego,2017-08-09,21,14.0,Trump 1.0
San Diego,2017-08-10,27,16.0,Trump 1.0
San Diego,2017-08-11,16,15.0,Trump 1.0
San Diego,2017-08-12,10,16.0,Trump 1.0
San Diego,2017-08-13,7,16.0,Trump 1.0
San Diego,2017-08-14,13,16.0,Trump 1.0
San Diego,2017-08-15,21,16.0,Trump 1.0
San Diego,2017-08-16,17,16.0,Trump 1.0
San Diego,2017-08-17,22,15.0,Trump 1.0
San Diego,2017-08-18,20,16.0,Trump 1.0
San Diego,2017-08-19,12,16.0,Trump 1.0
San Diego,2017-08-20,3,15.0,Trump 1.0
San Diego,2017-08-21,13,15.0,Trump 1.0
San Diego,2017-08-22,22,16.0,Trump 1.0
San Diego,2017-08-23,26,17.0,Trump 1.0
San Diego,2017-08-24,22,17.0,Trump 1.0
San Diego,2017-08-25,20,17.0,Trump 1.0
San Diego,2017-08-26,13,17.0,Trump 1.0
San Diego,2017-08-27,9,18.0,Trump 1.0
San Diego,2017-08-28,11,18.0,Trump 1.0
San Diego,2017-08-29,28,18.0,Trump 1.0
San Diego,2017-08-30,20,18.0,Trump 1.0
San Diego,2017-08-31,22,18.0,Trump 1.0
San Diego,2017-09-01,19,17.0,Trump 1.0
San Diego,2017-09-02,7,17.0,Trump 1.0
San Diego,2017-09-03,3,16.0,Trump 1.0
San Diego,2017-09-04,7,15.0,Trump 1.0
San Diego,2017-09-05,17,14.0,Trump 1.0
San Diego,2017-09-06,33,15.0,Trump 1.0
San Diego,2017-09-07,20,15.0,Trump 1.0
San Diego,2017-09-08,21,15.0,Trump 1.0
San Diego,2017-09-09,6,15.0,Trump 1.0
San Diego,2017-09-10,6,16.0,Trump 1.0
San Diego,2017-09-11,14,17.0,Trump 1.0
San Diego,2017-09-12,22,17.0,Trump 1.0
San Diego,2017-09-13,28,17.0,Trump 1.0
San Diego,2017-09-14,26,18.0,Trump 1.0
San Diego,2017-09-15,21,18.0,Trump 1.0
San Diego,2017-09-16,11,18.0,Trump 1.0
San Diego,2017-09-17,9,19.0,Trump 1.0
San Diego,2017-09-18,9,18.0,Trump 1.0
San Diego,2017-09-19,19,18.0,Trump 1.0
San Diego,2017-09-20,26,17.0,Trump 1.0
San Diego,2017-09-21,11,15.0,Trump 1.0
San Diego,2017-09-22,12,14.0,Trump 1.0
San Diego,2017-09-23,5,13.0,Trump 1.0
San Diego,2017-09-24,8,13.0,Trump 1.0
San Diego,2017-09-25,19,14.0,Trump 1.0
San Diego,2017-09-26,17,14.0,Trump 1.0
San Diego,2017-09-27,17,13.0,Trump 1.0
San Diego,2017-09-28,18,14.0,Trump 1.0
San Diego,2017-09-29,10,13.0,Trump 1.0
San Diego,2017-09-30,8,14.0,Trump 1.0
San Diego,2017-10-01,7,14.0,Trump 1.0
San Diego,2017-10-02,9,12.0,Trump 1.0
San Diego,2017-10-03,17,12.0,Trump 1.0
San Diego,2017-10-04,35,15.0,Trump 1.0
San Diego,2017-10-05,24,16.0,Trump 1.0
San Diego,2017-10-06,22,17.0,Trump 1.0
San Diego,2017-10-07,6,17.0,Trump 1.0
San Diego,2017-10-08,1,16.0,Trump 1.0
San Diego,2017-10-09,14,17.0,Trump 1.0
San Diego,2017-10-10,28,19.0,Trump 1.0
San Diego,2017-10-11,38,19.0,Trump 1.0
San Diego,2017-10-12,20,18.0,Trump 1.0
San Diego,2017-10-13,30,20.0,Trump 1.0
San Diego,2017-10-14,17,21.0,Trump 1.0
San Diego,2017-10-15,11,23.0,Trump 1.0
San Diego,2017-10-16,28,25.0,Trump 1.0
San Diego,2017-10-17,31,25.0,Trump 1.0
San Diego,2017-10-18,30,24.0,Trump 1.0
San Diego,2017-10-19,39,27.0,Trump 1.0
San Diego,2017-10-20,36,27.0,Trump 1.0
San Diego,2017-10-21,20,28.0,Trump 1.0
San Diego,2017-10-22,13,28.0,Trump 1.0
San Diego,2017-10-23,25,28.0,Trump 1.0
San Diego,2017-10-24,18,26.0,Trump 1.0
San Diego,2017-10-25,33,26.0,Trump 1.0
San Diego,2017-10-26,34,26.0,Trump 1.0
San Diego,2017-10-27,27,24.0,Trump 1.0
San Diego,2017-10-28,12,23.0,Trump 1.0
San Diego,2017-10-29,13,23.0,Trump 1.0
San Diego,2017-10-30,36,25.0,Trump 1.0
San Diego,2017-10-31,17,25.0,Trump 1.0
San Diego,2017-11-01,33,25.0,Trump 1.0
San Diego,2017-11-02,43,26.0,Trump 1.0
San Diego,2017-11-03,28,26.0,Trump 1.0
San Diego,2017-11-04,13,26.0,Trump 1.0
San Diego,2017-11-05,16,27.0,Trump 1.0
San Diego,2017-11-06,30,26.0,Trump 1.0
San Diego,2017-11-07,32,28.0,Trump 1.0
San Diego,2017-11-08,30,27.0,Trump 1.0
San Diego,2017-11-09,48,28.0,Trump 1.0
San Diego,2017-11-10,29,28.0,Trump 1.0
San Diego,2017-11-11,23,30.0,Trump 1.0
San Diego,2017-11-12,22,31.0,Trump 1.0
San Diego,2017-11-13,27,30.0,Trump 1.0
San Diego,2017-11-14,41,31.0,Trump 1.0
San Diego,2017-11-15,46,34.0,Trump 1.0
San Diego,2017-11-16,39,32.0,Trump 1.0
San Diego,2017-11-17,48,35.0,Trump 1.0
San Diego,2017-11-18,18,34.0,Trump 1.0
San Diego,2017-11-19,21,34.0,Trump 1.0
San Diego,2017-11-20,59,39.0,Trump 1.0
San Diego,2017-11-21,56,41.0,Trump 1.0
San Diego,2017-11-22,44,41.0,Trump 1.0
San Diego,2017-11-23,9,36.0,Trump 1.0
San Diego,2017-11-24,27,33.0,Trump 1.0
San Diego,2017-11-25,21,34.0,Trump 1.0
San Diego,2017-11-26,20,34.0,Trump 1.0
San Diego,2017-11-27,26,29.0,Trump 1.0
San Diego,2017-11-28,38,26.0,Trump 1.0
San Diego,2017-11-29,63,29.0,Trump 1.0
San Diego,2017-11-30,49,35.0,Trump 1.0
San Diego,2017-12-01,28,35.0,Trump 1.0
San Diego,2017-12-02,16,34.0,Trump 1.0
San Diego,2017-12-03,20,34.0,Trump 1.0
San Diego,2017-12-04,43,37.0,Trump 1.0
San Diego,2017-12-05,38,37.0,Trump 1.0
San Diego,2017-12-06,32,32.0,Trump 1.0
San Diego,2017-12-07,40,31.0,Trump 1.0
San Diego,2017-12-08,11,29.0,Trump 1.0
San Diego,2017-12-09,4,27.0,Trump 1.0
San Diego,2017-12-10,3,24.0,Trump 1.0
San Diego,2017-12-11,34,23.0,Trump 1.0
San Diego,2017-12-12,27,22.0,Trump 1.0
San Diego,2017-12-13,25,21.0,Trump 1.0
San Diego,2017-12-14,15,17.0,Trump 1.0
San Diego,2017-12-15,16,18.0,Trump 1.0
San Diego,2017-12-16,5,18.0,Trump 1.0
San Diego,2017-12-17,6,18.0,Trump 1.0
San Diego,2017-12-18,20,16.0,Trump 1.0
San Diego,2017-12-19,25,16.0,Trump 1.0
San Diego,2017-12-20,15,15.0,Trump 1.0
San Diego,2017-12-21,17,15.0,Trump 1.0
San Diego,2017-12-22,21,16.0,Trump 1.0
San Diego,2017-12-23,11,16.0,Trump 1.0
San Diego,2017-12-24,5,16.0,Trump 1.0
San Diego,2017-12-25,6,14.0,Trump 1.0
San Diego,2017-12-26,6,12.0,Trump 1.0
San Diego,2017-12-27,7,10.0,Trump 1.0
San Diego,2017-12-28,14,10.0,Trump 1.0
San Diego,2017-12-29,12,9.0,Trump 1.0
San Diego,2017-12-30,8,8.0,Trump 1.0
San Diego,2017-12-31,3,8.0,Trump 1.0
San Diego,2018-01-01,5,8.0,Trump 1.0
San Diego,2018-01-02,8,8.0,Trump 1.0
San Diego,2018-01-03,8,8.0,Trump 1.0
San Diego,2018-01-04,11,8.0,Trump 1.0
San Diego,2018-01-05,8,7.0,Trump 1.0
San Diego,2018-01-06,4,7.0,Trump 1.0
San Diego,2018-01-07,6,7.0,Trump 1.0
San Diego,2018-01-08,11,8.0,Trump 1.0
San Diego,2018-01-09,12,9.0,Trump 1.0
San Diego,2018-01-10,24,11.0,Trump 1.0
San Diego,2018-01-11,17,12.0,Trump 1.0
San Diego,2018-01-12,11,12.0,Trump 1.0
San Diego,2018-01-14,2,12.0,Trump 1.0
San Diego,2018-01-15,7,12.0,Trump 1.0
San Diego,2018-01-16,18,13.0,Trump 1.0
San Diego,2018-01-17,17,14.0,Trump 1.0
San Diego,2018-01-18,26,14.0,Trump 1.0
San Diego,2018-01-19,16,14.0,Trump 1.0
San Diego,2018-01-20,7,13.0,Trump 1.0
San Diego,2018-01-21,2,13.0,Trump 1.0
San Diego,2018-01-22,11,14.0,Trump 1.0
San Diego,2018-01-23,17,14.0,Trump 1.0
San Diego,2018-01-24,15,13.0,Trump 1.0
San Diego,2018-01-25,12,11.0,Trump 1.0
San Diego,2018-01-26,15,11.0,Trump 1.0
San Diego,2018-01-27,4,11.0,Trump 1.0
San Diego,2018-01-28,1,11.0,Trump 1.0
San Diego,2018-01-29,9,10.0,Trump 1.0
San Diego,2018-01-30,17,10.0,Trump 1.0
San Diego,2018-01-31,12,10.0,Trump 1.0
San Diego,2018-02-01,13,10.0,Trump 1.0
San Diego,2018-02-02,11,10.0,Trump 1.0
San Diego,2018-02-03,5,10.0,Trump 1.0
San Diego,2018-02-04,2,10.0,Trump 1.0
San Diego,2018-02-05,10,10.0,Trump 1.0
San Diego,2018-02-06,7,9.0,Trump 1.0
San Diego,2018-02-07,10,8.0,Trump 1.0
San Diego,2018-02-08,11,8.0,Trump 1.0
San Diego,2018-02-09,12,8.0,Trump 1.0
San Diego,2018-02-10,3,8.0,Trump 1.0
San Diego,2018-02-11,5,8.0,Trump 1.0
San Diego,2018-02-12,10,8.0,Trump 1.0
San Diego,2018-02-13,19,10.0,Trump 1.0
San Diego,2018-02-14,10,10.0,Trump 1.0
San Diego,2018-02-15,13,10.0,Trump 1.0
San Diego,2018-02-16,23,12.0,Trump 1.0
San Diego,2018-02-17,7,12.0,Trump 1.0
San Diego,2018-02-18,3,12.0,Trump 1.0
San Diego,2018-02-19,2,11.0,Trump 1.0
San Diego,2018-02-20,17,11.0,Trump 1.0
San Diego,2018-02-21,21,12.0,Trump 1.0
San Diego,2018-02-22,14,12.0,Trump 1.0
San Diego,2018-02-23,18,12.0,Trump 1.0
San Diego,2018-02-24,2,11.0,Trump 1.0
San Diego,2018-02-25,3,11.0,Trump 1.0
San Diego,2018-02-26,11,12.0,Trump 1.0
San Diego,2018-02-27,12,12.0,Trump 1.0
San Diego,2018-02-28,11,10.0,Trump 1.0
San Diego,2018-03-01,17,11.0,Trump 1.0
San Diego,2018-03-02,15,10.0,Trump 1.0
San Diego,2018-03-03,5,11.0,Trump 1.0
San Diego,2018-03-04,3,11.0,Trump 1.0
San Diego,2018-03-05,19,12.0,Trump 1.0
San Diego,2018-03-06,26,14.0,Trump 1.0
San Diego,2018-03-07,27,16.0,Trump 1.0
San Diego,2018-03-08,12,15.0,Trump 1.0
San Diego,2018-03-09,8,14.0,Trump 1.0
San Diego,2018-03-10,9,15.0,Trump 1.0
San Diego,2018-03-11,3,15.0,Trump 1.0
San Diego,2018-03-12,15,14.0,Trump 1.0
San Diego,2018-03-13,54,18.0,Trump 1.0
San Diego,2018-03-14,47,21.0,Trump 1.0
San Diego,2018-03-15,34,24.0,Trump 1.0
San Diego,2018-03-16,6,24.0,Trump 1.0
San Diego,2018-03-17,8,24.0,Trump 1.0
San Diego,2018-03-18,6,24.0,Trump 1.0
San Diego,2018-03-19,10,24.0,Trump 1.0
San Diego,2018-03-20,20,19.0,Trump 1.0
San Diego,2018-03-21,23,15.0,Trump 1.0
San Diego,2018-03-22,17,13.0,Trump 1.0
San Diego,2018-03-23,18,15.0,Trump 1.0
San Diego,2018-03-24,5,14.0,Trump 1.0
San Diego,2018-03-25,1,13.0,Trump 1.0
San Diego,2018-03-26,8,13.0,Trump 1.0
San Diego,2018-03-27,19,13.0,Trump 1.0
San Diego,2018-03-28,15,12.0,Trump 1.0
San Diego,2018-03-29,12,11.0,Trump 1.0
San Diego,2018-03-30,8,10.0,Trump 1.0
San Diego,2018-03-31,8,10.0,Trump 1.0
San Diego,2018-04-01,5,11.0,Trump 1.0
San Diego,2018-04-02,13,11.0,Trump 1.0
San Diego,2018-04-03,21,12.0,Trump 1.0
San Diego,2018-04-04,21,13.0,Trump 1.0
San Diego,2018-04-05,21,14.0,Trump 1.0
San Diego,2018-04-06,20,16.0,Trump 1.0
San Diego,2018-04-07,6,15.0,Trump 1.0
San Diego,2018-04-08,6,15.0,Trump 1.0
San Diego,2018-04-09,20,16.0,Trump 1.0
San Diego,2018-04-10,28,17.0,Trump 1.0
San Diego,2018-04-11,21,17.0,Trump 1.0
San Diego,2018-04-12,23,18.0,Trump 1.0
San Diego,2018-04-13,13,17.0,Trump 1.0
San Diego,2018-04-14,4,16.0,Trump 1.0
San Diego,2018-04-15,2,16.0,Trump 1.0
San Diego,2018-04-16,25,17.0,Trump 1.0
San Diego,2018-04-17,18,15.0,Trump 1.0
San Diego,2018-04-18,25,16.0,Trump 1.0
San Diego,2018-04-19,27,16.0,Trump 1.0
San Diego,2018-04-20,23,18.0,Trump 1.0
San Diego,2018-04-21,4,18.0,Trump 1.0
San Diego,2018-04-22,4,18.0,Trump 1.0
San Diego,2018-04-23,11,16.0,Trump 1.0
San Diego,2018-04-24,14,15.0,Trump 1.0
San Diego,2018-04-25,11,13.0,Trump 1.0
San Diego,2018-04-26,13,11.0,Trump 1.0
San Diego,2018-04-27,12,10.0,Trump 1.0
San Diego,2018-04-28,1,9.0,Trump 1.0
San Diego,2018-04-29,5,10.0,Trump 1.0
San Diego,2018-04-30,10,9.0,Trump 1.0
San Diego,2018-05-01,15,10.0,Trump 1.0
San Diego,2018-05-02,19,11.0,Trump 1.0
San Diego,2018-05-03,20,12.0,Trump 1.0
San Diego,2018-05-04,14,12.0,Trump 1.0
San Diego,2018-05-05,4,12.0,Trump 1.0
San Diego,2018-05-06,6,13.0,Trump 1.0
San Diego,2018-05-07,14,13.0,Trump 1.0
San Diego,2018-05-08,15,13.0,Trump 1.0
San Diego,2018-05-09,20,13.0,Trump 1.0
San Diego,2018-05-10,15,13.0,Trump 1.0
San Diego,2018-05-11,8,12.0,Trump 1.0
San Diego,2018-05-12,5,12.0,Trump 1.0
San Diego,2018-05-13,3,11.0,Trump 1.0
San Diego,2018-05-14,16,12.0,Trump 1.0
San Diego,2018-05-15,10,11.0,Trump 1.0
San Diego,2018-05-16,16,10.0,Trump 1.0
San Diego,2018-05-17,16,11.0,Trump 1.0
San Diego,2018-05-18,18,12.0,Trump 1.0
San Diego,2018-05-19,4,12.0,Trump 1.0
San Diego,2018-05-20,5,12.0,Trump 1.0
San Diego,2018-05-21,25,13.0,Trump 1.0
San Diego,2018-05-22,18,15.0,Trump 1.0
San Diego,2018-05-23,19,15.0,Trump 1.0
San Diego,2018-05-24,30,17.0,Trump 1.0
San Diego,2018-05-25,29,19.0,Trump 1.0
San Diego,2018-05-26,8,19.0,Trump 1.0
San Diego,2018-05-27,5,19.0,Trump 1.0
San Diego,2018-05-28,3,16.0,Trump 1.0
San Diego,2018-05-29,14,15.0,Trump 1.0
San Diego,2018-05-30,28,17.0,Trump 1.0
San Diego,2018-05-31,18,15.0,Trump 1.0
San Diego,2018-06-01,21,14.0,Trump 1.0
San Diego,2018-06-02,2,13.0,Trump 1.0
San Diego,2018-06-03,1,12.0,Trump 1.0
San Diego,2018-06-04,8,13.0,Trump 1.0
San Diego,2018-06-05,24,15.0,Trump 1.0
San Diego,2018-06-06,23,14.0,Trump 1.0
San Diego,2018-06-07,23,15.0,Trump 1.0
San Diego,2018-06-08,18,14.0,Trump 1.0
San Diego,2018-06-09,5,15.0,Trump 1.0
San Diego,2018-06-10,5,15.0,Trump 1.0
San Diego,2018-06-11,20,17.0,Trump 1.0
San Diego,2018-06-12,16,16.0,Trump 1.0
San Diego,2018-06-13,26,16.0,Trump 1.0
San Diego,2018-06-14,36,18.0,Trump 1.0
San Diego,2018-06-15,17,18.0,Trump 1.0
San Diego,2018-06-16,2,17.0,Trump 1.0
San Diego,2018-06-17,5,17.0,Trump 1.0
San Diego,2018-06-18,12,16.0,Trump 1.0
San Diego,2018-06-19,35,19.0,Trump 1.0
San Diego,2018-06-20,21,18.0,Trump 1.0
San Diego,2018-06-21,24,17.0,Trump 1.0
San Diego,2018-06-22,21,17.0,Trump 1.0
San Diego,2018-06-23,4,17.0,Trump 1.0
San Diego,2018-06-24,7,18.0,Trump 1.0
San Diego,2018-06-25,16,18.0,Trump 1.0
San Diego,2018-06-26,19,16.0,Trump 1.0
San Diego,2018-06-27,18,16.0,Trump 1.0
San Diego,2018-06-28,15,14.0,Trump 1.0
San Diego,2018-06-29,15,13.0,Trump 1.0
San Diego,2018-06-30,5,14.0,Trump 1.0
San Diego,2018-07-01,6,13.0,Trump 1.0
San Diego,2018-07-02,21,14.0,Trump 1.0
San Diego,2018-07-03,18,14.0,Trump 1.0
San Diego,2018-07-04,3,12.0,Trump 1.0
San Diego,2018-07-05,24,13.0,Trump 1.0
San Diego,2018-07-06,25,15.0,Trump 1.0
San Diego,2018-07-07,6,15.0,Trump 1.0
San Diego,2018-07-08,9,15.0,Trump 1.0
San Diego,2018-07-09,15,14.0,Trump 1.0
San Diego,2018-07-10,40,17.0,Trump 1.0
San Diego,2018-07-11,19,20.0,Trump 1.0
San Diego,2018-07-12,12,18.0,Trump 1.0
San Diego,2018-07-13,12,16.0,Trump 1.0
San Diego,2018-07-14,5,16.0,Trump 1.0
San Diego,2018-07-15,4,15.0,Trump 1.0
San Diego,2018-07-16,11,15.0,Trump 1.0
San Diego,2018-07-17,21,12.0,Trump 1.0
San Diego,2018-07-18,16,12.0,Trump 1.0
San Diego,2018-07-19,12,12.0,Trump 1.0
San Diego,2018-07-20,13,12.0,Trump 1.0
San Diego,2018-07-22,3,11.0,Trump 1.0
San Diego,2018-07-23,8,12.0,Trump 1.0
San Diego,2018-07-24,14,12.0,Trump 1.0
San Diego,2018-07-25,9,11.0,Trump 1.0
San Diego,2018-07-26,11,10.0,Trump 1.0
San Diego,2018-07-27,21,11.0,Trump 1.0
San Diego,2018-07-28,11,11.0,Trump 1.0
San Diego,2018-07-29,13,12.0,Trump 1.0
San Diego,2018-07-30,7,12.0,Trump 1.0
San Diego,2018-07-31,20,13.0,Trump 1.0
San Diego,2018-08-01,16,14.0,Trump 1.0
San Diego,2018-08-02,12,14.0,Trump 1.0
San Diego,2018-08-03,11,13.0,Trump 1.0
San Diego,2018-08-04,8,12.0,Trump 1.0
San Diego,2018-08-05,8,12.0,Trump 1.0
San Diego,2018-08-06,16,13.0,Trump 1.0
San Diego,2018-08-07,19,13.0,Trump 1.0
San Diego,2018-08-08,20,13.0,Trump 1.0
San Diego,2018-08-09,14,14.0,Trump 1.0
San Diego,2018-08-10,26,16.0,Trump 1.0
San Diego,2018-08-11,6,16.0,Trump 1.0
San Diego,2018-08-12,9,16.0,Trump 1.0
San Diego,2018-08-13,12,15.0,Trump 1.0
San Diego,2018-08-14,16,15.0,Trump 1.0
San Diego,2018-08-15,11,13.0,Trump 1.0
San Diego,2018-08-16,13,13.0,Trump 1.0
San Diego,2018-08-17,9,11.0,Trump 1.0
San Diego,2018-08-18,3,10.0,Trump 1.0
San Diego,2018-08-19,3,10.0,Trump 1.0
San Diego,2018-08-20,8,9.0,Trump 1.0
San Diego,2018-08-21,17,9.0,Trump 1.0
San Diego,2018-08-22,9,9.0,Trump 1.0
San Diego,2018-08-23,15,9.0,Trump 1.0
San Diego,2018-08-24,15,10.0,Trump 1.0
San Diego,2018-08-25,2,10.0,Trump 1.0
San Diego,2018-08-26,6,10.0,Trump 1.0
San Diego,2018-08-27,6,10.0,Trump 1.0
San Diego,2018-08-28,11,9.0,Trump 1.0
San Diego,2018-08-29,15,10.0,Trump 1.0
San Diego,2018-08-30,26,12.0,Trump 1.0
San Diego,2018-08-31,8,11.0,Trump 1.0
San Diego,2018-09-01,1,10.0,Trump 1.0
San Diego,2018-09-02,3,10.0,Trump 1.0
San Diego,2018-09-04,11,11.0,Trump 1.0
San Diego,2018-09-05,12,11.0,Trump 1.0
San Diego,2018-09-06,20,12.0,Trump 1.0
San Diego,2018-09-07,12,10.0,Trump 1.0
San Diego,2018-09-08,6,9.0,Trump 1.0
San Diego,2018-09-10,16,11.0,Trump 1.0
San Diego,2018-09-11,20,14.0,Trump 1.0
San Diego,2018-09-12,10,14.0,Trump 1.0
San Diego,2018-09-13,9,13.0,Trump 1.0
San Diego,2018-09-14,18,13.0,Trump 1.0
San Diego,2018-09-16,2,12.0,Trump 1.0
San Diego,2018-09-17,18,13.0,Trump 1.0
San Diego,2018-09-18,17,13.0,Trump 1.0
San Diego,2018-09-19,15,13.0,Trump 1.0
San Diego,2018-09-20,24,15.0,Trump 1.0
San Diego,2018-09-21,17,16.0,Trump 1.0
San Diego,2018-09-22,1,13.0,Trump 1.0
San Diego,2018-09-23,3,14.0,Trump 1.0
San Diego,2018-09-24,16,13.0,Trump 1.0
San Diego,2018-09-25,19,14.0,Trump 1.0
San Diego,2018-09-26,14,13.0,Trump 1.0
San Diego,2018-09-27,19,13.0,Trump 1.0
San Diego,2018-09-28,5,11.0,Trump 1.0
San Diego,2018-09-29,5,12.0,Trump 1.0
San Diego,2018-09-30,3,12.0,Trump 1.0
San Francisco,2015-10-01,22,12.0,Trump 1.0
San Francisco,2015-10-02,21,13.0,Trump 1.0
San Francisco,2015-10-05,32,15.0,Trump 1.0
San Francisco,2015-10-06,24,16.0,Trump 1.0
San Francisco,2015-10-07,29,19.0,Trump 1.0
San Francisco,2015-10-08,32,23.0,Trump 1.0
San Francisco,2015-10-09,22,26.0,Trump 1.0
San Francisco,2015-10-11,4,23.0,Trump 1.0
San Francisco,2015-10-12,1,21.0,Trump 1.0
San Francisco,2015-10-13,32,21.0,Trump 1.0
San Francisco,2015-10-14,30,21.0,Trump 1.0
San Francisco,2015-10-15,26,21.0,Trump 1.0
San Francisco,2015-10-16,26,20.0,Trump 1.0
San Francisco,2015-10-17,2,17.0,Trump 1.0
San Francisco,2015-10-18,3,17.0,Trump 1.0
San Francisco,2015-10-19,31,21.0,Trump 1.0
San Francisco,2015-10-20,28,21.0,Trump 1.0
San Francisco,2015-10-21,27,20.0,Trump 1.0
San Francisco,2015-10-22,23,20.0,Trump 1.0
San Francisco,2015-10-23,21,19.0,Trump 1.0
San Francisco,2015-10-24,2,19.0,Trump 1.0
San Francisco,2015-10-26,23,22.0,Trump 1.0
San Francisco,2015-10-27,25,21.0,Trump 1.0
San Francisco,2015-10-28,23,21.0,Trump 1.0
San Francisco,2015-10-29,25,20.0,Trump 1.0
San Francisco,2015-10-30,26,21.0,Trump 1.0
San Francisco,2015-10-31,2,18.0,Trump 1.0
San Francisco,2015-11-02,26,21.0,Trump 1.0
San Francisco,2015-11-03,33,23.0,Trump 1.0
San Francisco,2015-11-04,30,24.0,Trump 1.0
San Francisco,2015-11-05,18,23.0,Trump 1.0
San Francisco,2015-11-06,21,22.0,Trump 1.0
San Francisco,2015-11-08,2,19.0,Trump 1.0
San Francisco,2015-11-09,26,22.0,Trump 1.0
San Francisco,2015-11-10,25,22.0,Trump 1.0
San Francisco,2015-11-11,2,18.0,Trump 1.0
San Francisco,2015-11-12,29,18.0,Trump 1.0
San Francisco,2015-11-13,39,21.0,Trump 1.0
San Francisco,2015-11-15,1,18.0,Trump 1.0
San Francisco,2015-11-16,22,21.0,Trump 1.0
San Francisco,2015-11-17,25,20.0,Trump 1.0
San Francisco,2015-11-18,18,19.0,Trump 1.0
San Francisco,2015-11-19,30,23.0,Trump 1.0
San Francisco,2015-11-20,21,22.0,Trump 1.0
San Francisco,2015-11-21,1,17.0,Trump 1.0
San Francisco,2015-11-23,33,21.0,Trump 1.0
San Francisco,2015-11-24,22,21.0,Trump 1.0
San Francisco,2015-11-25,20,21.0,Trump 1.0
San Francisco,2015-11-27,12,20.0,Trump 1.0
San Francisco,2015-11-28,1,16.0,Trump 1.0
San Francisco,2015-11-29,2,13.0,Trump 1.0
San Francisco,2015-11-30,17,15.0,Trump 1.0
San Francisco,2015-12-01,25,14.0,Trump 1.0
San Francisco,2015-12-02,25,15.0,Trump 1.0
San Francisco,2015-12-03,22,15.0,Trump 1.0
San Francisco,2015-12-04,25,17.0,Trump 1.0
San Francisco,2015-12-06,2,17.0,Trump 1.0
San Francisco,2015-12-07,20,19.0,Trump 1.0
San Francisco,2015-12-08,25,21.0,Trump 1.0
San Francisco,2015-12-09,19,20.0,Trump 1.0
San Francisco,2015-12-10,14,18.0,Trump 1.0
San Francisco,2015-12-11,19,18.0,Trump 1.0
San Francisco,2015-12-12,1,14.0,Trump 1.0
San Francisco,2015-12-13,1,14.0,Trump 1.0
San Francisco,2015-12-14,26,15.0,Trump 1.0
San Francisco,2015-12-15,10,13.0,Trump 1.0
San Francisco,2015-12-16,27,14.0,Trump 1.0
San Francisco,2015-12-17,25,16.0,Trump 1.0
San Francisco,2015-12-18,21,16.0,Trump 1.0
San Francisco,2015-12-19,1,16.0,Trump 1.0
San Francisco,2015-12-20,1,16.0,Trump 1.0
San Francisco,2015-12-21,18,15.0,Trump 1.0
San Francisco,2015-12-22,28,17.0,Trump 1.0
San Francisco,2015-12-23,20,16.0,Trump 1.0
San Francisco,2015-12-24,3,13.0,Trump 1.0
San Francisco,2015-12-26,2,10.0,Trump 1.0
San Francisco,2015-12-28,16,13.0,Trump 1.0
San Francisco,2015-12-29,34,17.0,Trump 1.0
San Francisco,2015-12-30,22,18.0,Trump 1.0
San Francisco,2015-12-31,13,16.0,Trump 1.0
San Francisco,2016-01-01,1,13.0,Trump 1.0
San Francisco,2016-01-04,14,15.0,Trump 1.0
San Francisco,2016-01-05,21,17.0,Trump 1.0
San Francisco,2016-01-06,24,18.0,Trump 1.0
San Francisco,2016-01-07,23,17.0,Trump 1.0
San Francisco,2016-01-08,14,16.0,Trump 1.0
San Francisco,2016-01-10,2,14.0,Trump 1.0
San Francisco,2016-01-11,31,18.0,Trump 1.0
San Francisco,2016-01-12,22,20.0,Trump 1.0
San Francisco,2016-01-13,20,19.0,Trump 1.0
San Francisco,2016-01-14,23,19.0,Trump 1.0
San Francisco,2016-01-15,21,19.0,Trump 1.0
San Francisco,2016-01-17,1,17.0,Trump 1.0
San Francisco,2016-01-18,1,17.0,Trump 1.0
San Francisco,2016-01-19,19,15.0,Trump 1.0
San Francisco,2016-01-20,27,16.0,Trump 1.0
San Francisco,2016-01-21,23,16.0,Trump 1.0
San Francisco,2016-01-22,18,16.0,Trump 1.0
San Francisco,2016-01-24,2,13.0,Trump 1.0
San Francisco,2016-01-25,36,18.0,Trump 1.0
San Francisco,2016-01-26,34,23.0,Trump 1.0
San Francisco,2016-01-27,28,24.0,Trump 1.0
San Francisco,2016-01-28,26,24.0,Trump 1.0
San Francisco,2016-01-29,22,24.0,Trump 1.0
San Francisco,2016-01-30,4,22.0,Trump 1.0
San Francisco,2016-01-31,1,22.0,Trump 1.0
San Francisco,2016-02-01,24,20.0,Trump 1.0
San Francisco,2016-02-02,28,19.0,Trump 1.0
San Francisco,2016-02-03,24,18.0,Trump 1.0
San Francisco,2016-02-04,24,18.0,Trump 1.0
San Francisco,2016-02-05,20,18.0,Trump 1.0
San Francisco,2016-02-06,1,17.0,Trump 1.0
San Francisco,2016-02-08,27,21.0,Trump 1.0
San Francisco,2016-02-09,26,21.0,Trump 1.0
San Francisco,2016-02-10,32,22.0,Trump 1.0
San Francisco,2016-02-11,26,22.0,Trump 1.0
San Francisco,2016-02-12,23,22.0,Trump 1.0
San Francisco,2016-02-13,1,19.0,Trump 1.0
San Francisco,2016-02-14,4,20.0,Trump 1.0
San Francisco,2016-02-15,1,16.0,Trump 1.0
San Francisco,2016-02-16,31,17.0,Trump 1.0
San Francisco,2016-02-17,28,16.0,Trump 1.0
San Francisco,2016-02-18,32,17.0,Trump 1.0
San Francisco,2016-02-19,23,17.0,Trump 1.0
San Francisco,2016-02-20,2,17.0,Trump 1.0
San Francisco,2016-02-21,1,17.0,Trump 1.0
San Francisco,2016-02-22,36,22.0,Trump 1.0
San Francisco,2016-02-23,30,22.0,Trump 1.0
San Francisco,2016-02-24,30,22.0,Trump 1.0
San Francisco,2016-02-25,25,21.0,Trump 1.0
San Francisco,2016-02-26,23,21.0,Trump 1.0
San Francisco,2016-02-27,2,21.0,Trump 1.0
San Francisco,2016-02-28,1,21.0,Trump 1.0
San Francisco,2016-02-29,23,19.0,Trump 1.0
San Francisco,2016-03-01,38,20.0,Trump 1.0
San Francisco,2016-03-02,21,19.0,Trump 1.0
San Francisco,2016-03-03,20,18.0,Trump 1.0
San Francisco,2016-03-04,21,18.0,Trump 1.0
San Francisco,2016-03-05,3,18.0,Trump 1.0
San Francisco,2016-03-06,1,18.0,Trump 1.0
San Francisco,2016-03-07,31,19.0,Trump 1.0
San Francisco,2016-03-08,21,17.0,Trump 1.0
San Francisco,2016-03-09,22,17.0,Trump 1.0
San Francisco,2016-03-10,23,17.0,Trump 1.0
San Francisco,2016-03-11,28,18.0,Trump 1.0
San Francisco,2016-03-12,3,18.0,Trump 1.0
San Francisco,2016-03-13,2,19.0,Trump 1.0
San Francisco,2016-03-14,26,18.0,Trump 1.0
San Francisco,2016-03-15,35,20.0,Trump 1.0
San Francisco,2016-03-16,25,20.0,Trump 1.0
San Francisco,2016-03-17,36,22.0,Trump 1.0
San Francisco,2016-03-18,11,20.0,Trump 1.0
San Francisco,2016-03-19,1,19.0,Trump 1.0
San Francisco,2016-03-21,17,22.0,Trump 1.0
San Francisco,2016-03-22,35,23.0,Trump 1.0
San Francisco,2016-03-23,17,20.0,Trump 1.0
San Francisco,2016-03-24,13,19.0,Trump 1.0
San Francisco,2016-03-25,19,16.0,Trump 1.0
San Francisco,2016-03-27,5,15.0,Trump 1.0
San Francisco,2016-03-28,24,19.0,Trump 1.0
San Francisco,2016-03-29,24,20.0,Trump 1.0
San Francisco,2016-03-30,24,18.0,Trump 1.0
San Francisco,2016-03-31,27,19.0,Trump 1.0
San Francisco,2016-04-01,21,21.0,Trump 1.0
San Francisco,2016-04-04,24,21.0,Trump 1.0
San Francisco,2016-04-05,29,25.0,Trump 1.0
San Francisco,2016-04-06,31,26.0,Trump 1.0
San Francisco,2016-04-07,30,27.0,Trump 1.0
San Francisco,2016-04-08,22,26.0,Trump 1.0
San Francisco,2016-04-09,1,23.0,Trump 1.0
San Francisco,2016-04-10,4,20.0,Trump 1.0
San Francisco,2016-04-11,27,21.0,Trump 1.0
San Francisco,2016-04-12,30,21.0,Trump 1.0
San Francisco,2016-04-13,28,20.0,Trump 1.0
San Francisco,2016-04-14,17,18.0,Trump 1.0
San Francisco,2016-04-15,19,18.0,Trump 1.0
San Francisco,2016-04-18,27,22.0,Trump 1.0
San Francisco,2016-04-19,33,26.0,Trump 1.0
San Francisco,2016-04-20,22,25.0,Trump 1.0
San Francisco,2016-04-21,29,25.0,Trump 1.0
San Francisco,2016-04-22,19,24.0,Trump 1.0
San Francisco,2016-04-23,2,22.0,Trump 1.0
San Francisco,2016-04-24,1,19.0,Trump 1.0
San Francisco,2016-04-25,31,20.0,Trump 1.0
San Francisco,2016-04-26,24,18.0,Trump 1.0
San Francisco,2016-04-27,35,20.0,Trump 1.0
San Francisco,2016-04-28,27,20.0,Trump 1.0
San Francisco,2016-04-29,27,21.0,Trump 1.0
San Francisco,2016-04-30,2,21.0,Trump 1.0
San Francisco,2016-05-01,1,21.0,Trump 1.0
San Francisco,2016-05-02,19,19.0,Trump 1.0
San Francisco,2016-05-03,30,20.0,Trump 1.0
San Francisco,2016-05-04,21,18.0,Trump 1.0
San Francisco,2016-05-05,37,20.0,Trump 1.0
San Francisco,2016-05-06,23,19.0,Trump 1.0
San Francisco,2016-05-09,27,23.0,Trump 1.0
San Francisco,2016-05-10,40,28.0,Trump 1.0
San Francisco,2016-05-11,31,30.0,Trump 1.0
San Francisco,2016-05-12,21,29.0,Trump 1.0
San Francisco,2016-05-13,19,28.0,Trump 1.0
San Francisco,2016-05-14,1,23.0,Trump 1.0
San Francisco,2016-05-15,1,20.0,Trump 1.0
San Francisco,2016-05-16,28,20.0,Trump 1.0
San Francisco,2016-05-17,28,18.0,Trump 1.0
San Francisco,2016-05-18,19,17.0,Trump 1.0
San Francisco,2016-05-19,29,18.0,Trump 1.0
San Francisco,2016-05-20,24,19.0,Trump 1.0
San Francisco,2016-05-21,1,19.0,Trump 1.0
San Francisco,2016-05-22,2,19.0,Trump 1.0
San Francisco,2016-05-23,28,19.0,Trump 1.0
San Francisco,2016-05-24,22,18.0,Trump 1.0
San Francisco,2016-05-25,30,19.0,Trump 1.0
San Francisco,2016-05-26,28,19.0,Trump 1.0
San Francisco,2016-05-27,21,19.0,Trump 1.0
San Francisco,2016-05-28,1,19.0,Trump 1.0
San Francisco,2016-05-29,2,19.0,Trump 1.0
San Francisco,2016-05-31,27,19.0,Trump 1.0
San Francisco,2016-06-01,25,19.0,Trump 1.0
San Francisco,2016-06-02,25,18.0,Trump 1.0
San Francisco,2016-06-03,28,18.0,Trump 1.0
San Francisco,2016-06-04,3,16.0,Trump 1.0
San Francisco,2016-06-06,23,19.0,Trump 1.0
San Francisco,2016-06-07,23,22.0,Trump 1.0
San Francisco,2016-06-08,15,20.0,Trump 1.0
San Francisco,2016-06-09,27,21.0,Trump 1.0
San Francisco,2016-06-10,20,20.0,Trump 1.0
San Francisco,2016-06-13,18,18.0,Trump 1.0
San Francisco,2016-06-14,13,20.0,Trump 1.0
San Francisco,2016-06-15,15,19.0,Trump 1.0
San Francisco,2016-06-16,20,18.0,Trump 1.0
San Francisco,2016-06-17,10,18.0,Trump 1.0
San Francisco,2016-06-19,4,14.0,Trump 1.0
San Francisco,2016-06-20,24,15.0,Trump 1.0
San Francisco,2016-06-21,24,16.0,Trump 1.0
San Francisco,2016-06-22,21,17.0,Trump 1.0
San Francisco,2016-06-23,28,19.0,Trump 1.0
San Francisco,2016-06-24,20,19.0,Trump 1.0
San Francisco,2016-06-27,38,23.0,Trump 1.0
San Francisco,2016-06-28,22,25.0,Trump 1.0
San Francisco,2016-06-29,21,25.0,Trump 1.0
San Francisco,2016-06-30,23,25.0,Trump 1.0
San Francisco,2016-07-01,15,24.0,Trump 1.0
San Francisco,2016-07-03,1,20.0,Trump 1.0
San Francisco,2016-07-05,19,20.0,Trump 1.0
San Francisco,2016-07-06,33,19.0,Trump 1.0
San Francisco,2016-07-07,30,20.0,Trump 1.0
San Francisco,2016-07-08,23,21.0,Trump 1.0
San Francisco,2016-07-11,25,21.0,Trump 1.0
San Francisco,2016-07-12,29,23.0,Trump 1.0
San Francisco,2016-07-13,34,28.0,Trump 1.0
San Francisco,2016-07-14,26,29.0,Trump 1.0
San Francisco,2016-07-15,20,27.0,Trump 1.0
San Francisco,2016-07-16,1,23.0,Trump 1.0
San Francisco,2016-07-18,23,23.0,Trump 1.0
San Francisco,2016-07-19,33,24.0,Trump 1.0
San Francisco,2016-07-20,32,24.0,Trump 1.0
San Francisco,2016-07-21,17,22.0,Trump 1.0
San Francisco,2016-07-22,16,20.0,Trump 1.0
San Francisco,2016-07-24,1,18.0,Trump 1.0
San Francisco,2016-07-25,27,21.0,Trump 1.0
San Francisco,2016-07-26,22,21.0,Trump 1.0
San Francisco,2016-07-27,33,21.0,Trump 1.0
San Francisco,2016-07-28,22,20.0,Trump 1.0
San Francisco,2016-07-29,18,20.0,Trump 1.0
San Francisco,2016-07-30,1,18.0,Trump 1.0
San Francisco,2016-08-01,24,21.0,Trump 1.0
San Francisco,2016-08-02,14,19.0,Trump 1.0
San Francisco,2016-08-03,28,20.0,Trump 1.0
San Francisco,2016-08-04,30,20.0,Trump 1.0
San Francisco,2016-08-05,13,18.0,Trump 1.0
San Francisco,2016-08-06,4,16.0,Trump 1.0
San Francisco,2016-08-07,1,16.0,Trump 1.0
San Francisco,2016-08-08,27,17.0,Trump 1.0
San Francisco,2016-08-09,19,17.0,Trump 1.0
San Francisco,2016-08-10,27,17.0,Trump 1.0
San Francisco,2016-08-11,24,16.0,Trump 1.0
San Francisco,2016-08-12,19,17.0,Trump 1.0
San Francisco,2016-08-15,24,20.0,Trump 1.0
San Francisco,2016-08-16,24,23.0,Trump 1.0
San Francisco,2016-08-17,33,24.0,Trump 1.0
San Francisco,2016-08-18,33,26.0,Trump 1.0
San Francisco,2016-08-19,33,27.0,Trump 1.0
San Francisco,2016-08-22,19,26.0,Trump 1.0
San Francisco,2016-08-23,37,29.0,Trump 1.0
San Francisco,2016-08-24,27,29.0,Trump 1.0
San Francisco,2016-08-25,25,30.0,Trump 1.0
San Francisco,2016-08-26,20,28.0,Trump 1.0
San Francisco,2016-08-29,22,26.0,Trump 1.0
San Francisco,2016-08-30,45,28.0,Trump 1.0
San Francisco,2016-08-31,31,30.0,Trump 1.0
San Francisco,2016-09-01,27,28.0,Trump 1.0
San Francisco,2016-09-02,22,27.0,Trump 1.0
San Francisco,2016-09-06,38,29.0,Trump 1.0
San Francisco,2016-09-07,42,32.0,Trump 1.0
San Francisco,2016-09-08,37,35.0,Trump 1.0
San Francisco,2016-09-09,17,31.0,Trump 1.0
San Francisco,2016-09-12,21,29.0,Trump 1.0
San Francisco,2016-09-13,44,32.0,Trump 1.0
San Francisco,2016-09-14,28,32.0,Trump 1.0
San Francisco,2016-09-15,30,31.0,Trump 1.0
San Francisco,2016-09-16,19,28.0,Trump 1.0
San Francisco,2016-09-18,1,23.0,Trump 1.0
San Francisco,2016-09-19,28,24.0,Trump 1.0
San Francisco,2016-09-20,21,24.0,Trump 1.0
San Francisco,2016-09-21,16,20.0,Trump 1.0
San Francisco,2016-09-22,8,18.0,Trump 1.0
San Francisco,2016-09-23,18,16.0,Trump 1.0
San Francisco,2016-09-25,1,13.0,Trump 1.0
San Francisco,2016-09-26,23,16.0,Trump 1.0
San Francisco,2016-09-27,27,16.0,Trump 1.0
San Francisco,2016-09-28,13,15.0,Trump 1.0
San Francisco,2016-09-29,27,17.0,Trump 1.0
San Francisco,2016-09-30,11,17.0,Trump 1.0
San Francisco,2016-10-01,1,15.0,Trump 1.0
San Francisco,2016-10-03,16,17.0,Trump 1.0
San Francisco,2016-10-04,17,16.0,Trump 1.0
San Francisco,2016-10-05,27,16.0,Trump 1.0
San Francisco,2016-10-06,16,16.0,Trump 1.0
San Francisco,2016-10-07,16,15.0,Trump 1.0
San Francisco,2016-10-10,1,13.0,Trump 1.0
San Francisco,2016-10-11,27,17.0,Trump 1.0
San Francisco,2016-10-12,21,18.0,Trump 1.0
San Francisco,2016-10-13,21,18.0,Trump 1.0
San Francisco,2016-10-14,34,19.0,Trump 1.0
San Francisco,2016-10-15,1,17.0,Trump 1.0
San Francisco,2016-10-16,10,16.0,Trump 1.0
San Francisco,2016-10-17,25,20.0,Trump 1.0
San Francisco,2016-10-18,21,19.0,Trump 1.0
San Francisco,2016-10-19,29,20.0,Trump 1.0
San Francisco,2016-10-20,21,20.0,Trump 1.0
San Francisco,2016-10-21,24,19.0,Trump 1.0
San Francisco,2016-10-22,13,20.0,Trump 1.0
San Francisco,2016-10-24,17,21.0,Trump 1.0
San Francisco,2016-10-25,22,21.0,Trump 1.0
San Francisco,2016-10-26,21,21.0,Trump 1.0
San Francisco,2016-10-27,29,21.0,Trump 1.0
San Francisco,2016-10-28,25,22.0,Trump 1.0
San Francisco,2016-10-29,1,18.0,Trump 1.0
San Francisco,2016-10-30,1,17.0,Trump 1.0
San Francisco,2016-10-31,26,18.0,Trump 1.0
San Francisco,2016-11-01,29,19.0,Trump 1.0
San Francisco,2016-11-02,27,20.0,Trump 1.0
San Francisco,2016-11-03,28,20.0,Trump 1.0
San Francisco,2016-11-04,22,19.0,Trump 1.0
San Francisco,2016-11-06,3,19.0,Trump 1.0
San Francisco,2016-11-07,23,23.0,Trump 1.0
San Francisco,2016-11-08,24,22.0,Trump 1.0
San Francisco,2016-11-09,17,21.0,Trump 1.0
San Francisco,2016-11-10,26,20.0,Trump 1.0
San Francisco,2016-11-11,1,17.0,Trump 1.0
San Francisco,2016-11-12,1,14.0,Trump 1.0
San Francisco,2016-11-14,18,16.0,Trump 1.0
San Francisco,2016-11-15,30,17.0,Trump 1.0
San Francisco,2016-11-16,33,18.0,Trump 1.0
San Francisco,2016-11-17,19,18.0,Trump 1.0
San Francisco,2016-11-18,17,17.0,Trump 1.0
San Francisco,2016-11-19,1,17.0,Trump 1.0
San Francisco,2016-11-21,29,21.0,Trump 1.0
San Francisco,2016-11-22,32,23.0,Trump 1.0
San Francisco,2016-11-23,25,22.0,Trump 1.0
San Francisco,2016-11-25,6,18.0,Trump 1.0
San Francisco,2016-11-28,21,19.0,Trump 1.0
San Francisco,2016-11-29,16,19.0,Trump 1.0
San Francisco,2016-11-30,21,21.0,Trump 1.0
San Francisco,2016-12-01,19,20.0,Trump 1.0
San Francisco,2016-12-02,23,19.0,Trump 1.0
San Francisco,2016-12-03,4,16.0,Trump 1.0
San Francisco,2016-12-05,21,18.0,Trump 1.0
San Francisco,2016-12-06,31,19.0,Trump 1.0
San Francisco,2016-12-07,30,21.0,Trump 1.0
San Francisco,2016-12-08,15,20.0,Trump 1.0
San Francisco,2016-12-09,22,21.0,Trump 1.0
San Francisco,2016-12-12,26,21.0,Trump 1.0
San Francisco,2016-12-13,32,25.0,Trump 1.0
San Francisco,2016-12-14,21,25.0,Trump 1.0
San Francisco,2016-12-15,28,25.0,Trump 1.0
San Francisco,2016-12-16,18,23.0,Trump 1.0
San Francisco,2016-12-18,1,21.0,Trump 1.0
San Francisco,2016-12-19,24,21.0,Trump 1.0
San Francisco,2016-12-20,25,21.0,Trump 1.0
San Francisco,2016-12-21,25,20.0,Trump 1.0
San Francisco,2016-12-22,26,21.0,Trump 1.0
San Francisco,2016-12-23,15,19.0,Trump 1.0
San Francisco,2016-12-26,1,17.0,Trump 1.0
San Francisco,2016-12-27,20,19.0,Trump 1.0
San Francisco,2016-12-28,11,18.0,Trump 1.0
San Francisco,2016-12-29,14,16.0,Trump 1.0
San Francisco,2016-12-30,19,15.0,Trump 1.0
San Francisco,2016-12-31,2,12.0,Trump 1.0
San Francisco,2017-01-01,1,10.0,Trump 1.0
San Francisco,2017-01-02,2,10.0,Trump 1.0
San Francisco,2017-01-03,19,10.0,Trump 1.0
San Francisco,2017-01-04,15,10.0,Trump 1.0
San Francisco,2017-01-05,26,12.0,Trump 1.0
San Francisco,2017-01-06,17,12.0,Trump 1.0
San Francisco,2017-01-07,1,12.0,Trump 1.0
San Francisco,2017-01-08,3,12.0,Trump 1.0
San Francisco,2017-01-09,13,13.0,Trump 1.0
San Francisco,2017-01-10,21,14.0,Trump 1.0
San Francisco,2017-01-11,21,15.0,Trump 1.0
San Francisco,2017-01-12,21,14.0,Trump 1.0
San Francisco,2017-01-13,18,14.0,Trump 1.0
San Francisco,2017-01-14,2,14.0,Trump 1.0
San Francisco,2017-01-17,19,16.0,Trump 1.0
San Francisco,2017-01-18,24,18.0,Trump 1.0
San Francisco,2017-01-19,30,19.0,Trump 1.0
San Francisco,2017-01-20,12,18.0,Trump 1.0
San Francisco,2017-01-23,18,18.0,Trump 1.0
San Francisco,2017-01-24,28,19.0,Trump 1.0
San Francisco,2017-01-25,22,22.0,Trump 1.0
San Francisco,2017-01-26,22,22.0,Trump 1.0
San Francisco,2017-01-27,23,22.0,Trump 1.0
San Francisco,2017-01-28,2,18.0,Trump 1.0
San Francisco,2017-01-29,1,17.0,Trump 1.0
San Francisco,2017-01-30,25,18.0,Trump 1.0
San Francisco,2017-01-31,27,17.0,Trump 1.0
San Francisco,2017-02-01,22,17.0,Trump 1.0
San Francisco,2017-02-02,26,18.0,Trump 1.0
San Francisco,2017-02-03,16,17.0,Trump 1.0
San Francisco,2017-02-06,21,20.0,Trump 1.0
San Francisco,2017-02-07,28,24.0,Trump 1.0
San Francisco,2017-02-08,31,24.0,Trump 1.0
San Francisco,2017-02-09,23,24.0,Trump 1.0
San Francisco,2017-02-10,32,25.0,Trump 1.0
San Francisco,2017-02-11,1,22.0,Trump 1.0
San Francisco,2017-02-12,2,20.0,Trump 1.0
San Francisco,2017-02-13,33,21.0,Trump 1.0
San Francisco,2017-02-14,21,20.0,Trump 1.0
San Francisco,2017-02-15,30,20.0,Trump 1.0
San Francisco,2017-02-16,16,19.0,Trump 1.0
San Francisco,2017-02-17,19,17.0,Trump 1.0
San Francisco,2017-02-21,19,20.0,Trump 1.0
San Francisco,2017-02-22,16,22.0,Trump 1.0
San Francisco,2017-02-23,23,21.0,Trump 1.0
San Francisco,2017-02-24,15,20.0,Trump 1.0
San Francisco,2017-02-25,3,16.0,Trump 1.0
San Francisco,2017-02-26,1,14.0,Trump 1.0
San Francisco,2017-02-27,26,15.0,Trump 1.0
San Francisco,2017-02-28,31,16.0,Trump 1.0
San Francisco,2017-03-01,29,18.0,Trump 1.0
San Francisco,2017-03-02,23,18.0,Trump 1.0
San Francisco,2017-03-03,22,19.0,Trump 1.0
San Francisco,2017-03-04,12,21.0,Trump 1.0
San Francisco,2017-03-05,17,23.0,Trump 1.0
San Francisco,2017-03-06,24,23.0,Trump 1.0
San Francisco,2017-03-07,31,23.0,Trump 1.0
San Francisco,2017-03-08,31,23.0,Trump 1.0
San Francisco,2017-03-09,17,22.0,Trump 1.0
San Francisco,2017-03-10,19,22.0,Trump 1.0
San Francisco,2017-03-11,18,22.0,Trump 1.0
San Francisco,2017-03-12,7,21.0,Trump 1.0
San Francisco,2017-03-13,16,20.0,Trump 1.0
San Francisco,2017-03-14,33,20.0,Trump 1.0
San Francisco,2017-03-15,28,20.0,Trump 1.0
San Francisco,2017-03-16,20,20.0,Trump 1.0
San Francisco,2017-03-17,14,19.0,Trump 1.0
San Francisco,2017-03-18,12,19.0,Trump 1.0
San Francisco,2017-03-19,8,19.0,Trump 1.0
San Francisco,2017-03-20,22,20.0,Trump 1.0
San Francisco,2017-03-21,21,18.0,Trump 1.0
San Francisco,2017-03-22,26,18.0,Trump 1.0
San Francisco,2017-03-23,30,19.0,Trump 1.0
San Francisco,2017-03-24,22,20.0,Trump 1.0
San Francisco,2017-03-25,25,22.0,Trump 1.0
San Francisco,2017-03-26,9,22.0,Trump 1.0
San Francisco,2017-03-27,39,25.0,Trump 1.0
San Francisco,2017-03-28,26,25.0,Trump 1.0
San Francisco,2017-03-29,25,25.0,Trump 1.0
San Francisco,2017-03-30,25,24.0,Trump 1.0
San Francisco,2017-03-31,26,25.0,Trump 1.0
San Francisco,2017-04-01,13,23.0,Trump 1.0
San Francisco,2017-04-02,7,23.0,Trump 1.0
San Francisco,2017-04-03,27,21.0,Trump 1.0
San Francisco,2017-04-04,35,23.0,Trump 1.0
San Francisco,2017-04-05,25,23.0,Trump 1.0
San Francisco,2017-04-06,30,23.0,Trump 1.0
San Francisco,2017-04-07,22,23.0,Trump 1.0
San Francisco,2017-04-08,4,21.0,Trump 1.0
San Francisco,2017-04-09,9,22.0,Trump 1.0
San Francisco,2017-04-10,23,21.0,Trump 1.0
San Francisco,2017-04-11,28,20.0,Trump 1.0
San Francisco,2017-04-12,24,20.0,Trump 1.0
San Francisco,2017-04-13,19,18.0,Trump 1.0
San Francisco,2017-04-14,22,18.0,Trump 1.0
San Francisco,2017-04-15,11,19.0,Trump 1.0
San Francisco,2017-04-17,24,22.0,Trump 1.0
San Francisco,2017-04-18,28,22.0,Trump 1.0
San Francisco,2017-04-19,21,21.0,Trump 1.0
San Francisco,2017-04-20,24,21.0,Trump 1.0
San Francisco,2017-04-21,16,21.0,Trump 1.0
San Francisco,2017-04-22,6,19.0,Trump 1.0
San Francisco,2017-04-23,6,18.0,Trump 1.0
San Francisco,2017-04-24,36,20.0,Trump 1.0
San Francisco,2017-04-25,26,19.0,Trump 1.0
San Francisco,2017-04-26,30,21.0,Trump 1.0
San Francisco,2017-04-27,22,20.0,Trump 1.0
San Francisco,2017-04-28,19,21.0,Trump 1.0
San Francisco,2017-04-29,8,21.0,Trump 1.0
San Francisco,2017-04-30,2,20.0,Trump 1.0
San Francisco,2017-05-01,21,18.0,Trump 1.0
San Francisco,2017-05-02,29,19.0,Trump 1.0
San Francisco,2017-05-03,28,18.0,Trump 1.0
San Francisco,2017-05-04,29,19.0,Trump 1.0
San Francisco,2017-05-05,34,22.0,Trump 1.0
San Francisco,2017-05-06,10,22.0,Trump 1.0
San Francisco,2017-05-07,4,22.0,Trump 1.0
San Francisco,2017-05-08,29,23.0,Trump 1.0
San Francisco,2017-05-09,20,22.0,Trump 1.0
San Francisco,2017-05-10,30,22.0,Trump 1.0
San Francisco,2017-05-11,39,24.0,Trump 1.0
San Francisco,2017-05-12,22,22.0,Trump 1.0
San Francisco,2017-05-13,17,23.0,Trump 1.0
San Francisco,2017-05-14,7,23.0,Trump 1.0
San Francisco,2017-05-15,23,23.0,Trump 1.0
San Francisco,2017-05-16,28,24.0,Trump 1.0
San Francisco,2017-05-17,31,24.0,Trump 1.0
San Francisco,2017-05-18,24,22.0,Trump 1.0
San Francisco,2017-05-19,26,22.0,Trump 1.0
San Francisco,2017-05-20,3,20.0,Trump 1.0
San Francisco,2017-05-21,7,20.0,Trump 1.0
San Francisco,2017-05-22,29,21.0,Trump 1.0
San Francisco,2017-05-23,21,20.0,Trump 1.0
San Francisco,2017-05-24,33,20.0,Trump 1.0
San Francisco,2017-05-25,28,21.0,Trump 1.0
San Francisco,2017-05-26,26,21.0,Trump 1.0
San Francisco,2017-05-27,4,21.0,Trump 1.0
San Francisco,2017-05-28,10,22.0,Trump 1.0
San Francisco,2017-05-30,35,22.0,Trump 1.0
San Francisco,2017-05-31,29,24.0,Trump 1.0
San Francisco,2017-06-01,31,23.0,Trump 1.0
San Francisco,2017-06-02,18,22.0,Trump 1.0
San Francisco,2017-06-03,10,20.0,Trump 1.0
San Francisco,2017-06-04,4,20.0,Trump 1.0
San Francisco,2017-06-05,48,25.0,Trump 1.0
San Francisco,2017-06-06,41,26.0,Trump 1.0
San Francisco,2017-06-07,32,26.0,Trump 1.0
San Francisco,2017-06-08,30,26.0,Trump 1.0
San Francisco,2017-06-09,39,29.0,Trump 1.0
San Francisco,2017-06-10,2,28.0,Trump 1.0
San Francisco,2017-06-11,15,30.0,Trump 1.0
San Francisco,2017-06-12,35,28.0,Trump 1.0
San Francisco,2017-06-13,20,25.0,Trump 1.0
San Francisco,2017-06-14,32,25.0,Trump 1.0
San Francisco,2017-06-15,24,24.0,Trump 1.0
San Francisco,2017-06-16,27,22.0,Trump 1.0
San Francisco,2017-06-17,13,24.0,Trump 1.0
San Francisco,2017-06-18,3,22.0,Trump 1.0
San Francisco,2017-06-19,23,20.0,Trump 1.0
San Francisco,2017-06-20,34,22.0,Trump 1.0
San Francisco,2017-06-21,30,22.0,Trump 1.0
San Francisco,2017-06-22,19,21.0,Trump 1.0
San Francisco,2017-06-23,30,22.0,Trump 1.0
San Francisco,2017-06-24,10,21.0,Trump 1.0
San Francisco,2017-06-25,7,22.0,Trump 1.0
San Francisco,2017-06-26,37,24.0,Trump 1.0
San Francisco,2017-06-27,23,22.0,Trump 1.0
San Francisco,2017-06-28,30,22.0,Trump 1.0
San Francisco,2017-06-29,34,24.0,Trump 1.0
San Francisco,2017-06-30,23,23.0,Trump 1.0
San Francisco,2017-07-01,3,22.0,Trump 1.0
San Francisco,2017-07-02,6,22.0,Trump 1.0
San Francisco,2017-07-03,35,22.0,Trump 1.0
San Francisco,2017-07-04,4,19.0,Trump 1.0
San Francisco,2017-07-05,19,18.0,Trump 1.0
San Francisco,2017-07-06,34,18.0,Trump 1.0
San Francisco,2017-07-07,19,17.0,Trump 1.0
San Francisco,2017-07-08,5,17.0,Trump 1.0
San Francisco,2017-07-09,7,18.0,Trump 1.0
San Francisco,2017-07-10,30,17.0,Trump 1.0
San Francisco,2017-07-11,28,20.0,Trump 1.0
San Francisco,2017-07-12,25,21.0,Trump 1.0
San Francisco,2017-07-13,20,19.0,Trump 1.0
San Francisco,2017-07-14,26,20.0,Trump 1.0
San Francisco,2017-07-15,15,22.0,Trump 1.0
San Francisco,2017-07-16,16,23.0,Trump 1.0
San Francisco,2017-07-17,25,22.0,Trump 1.0
San Francisco,2017-07-18,41,24.0,Trump 1.0
San Francisco,2017-07-19,36,26.0,Trump 1.0
San Francisco,2017-07-20,23,26.0,Trump 1.0
San Francisco,2017-07-21,32,27.0,Trump 1.0
San Francisco,2017-07-22,9,26.0,Trump 1.0
San Francisco,2017-07-23,11,25.0,Trump 1.0
San Francisco,2017-07-24,34,27.0,Trump 1.0
San Francisco,2017-07-25,26,24.0,Trump 1.0
San Francisco,2017-07-26,30,24.0,Trump 1.0
San Francisco,2017-07-27,29,24.0,Trump 1.0
San Francisco,2017-07-28,25,23.0,Trump 1.0
San Francisco,2017-07-29,3,23.0,Trump 1.0
San Francisco,2017-07-30,8,22.0,Trump 1.0
San Francisco,2017-07-31,30,22.0,Trump 1.0
San Francisco,2017-08-01,35,23.0,Trump 1.0
San Francisco,2017-08-02,27,22.0,Trump 1.0
San Francisco,2017-08-03,27,22.0,Trump 1.0
San Francisco,2017-08-04,25,22.0,Trump 1.0
San Francisco,2017-08-05,7,23.0,Trump 1.0
San Francisco,2017-08-06,9,23.0,Trump 1.0
San Francisco,2017-08-07,26,22.0,Trump 1.0
San Francisco,2017-08-08,27,21.0,Trump 1.0
San Francisco,2017-08-09,33,22.0,Trump 1.0
San Francisco,2017-08-10,31,23.0,Trump 1.0
San Francisco,2017-08-11,28,23.0,Trump 1.0
San Francisco,2017-08-12,11,24.0,Trump 1.0
San Francisco,2017-08-13,4,23.0,Trump 1.0
San Francisco,2017-08-14,28,23.0,Trump 1.0
San Francisco,2017-08-15,28,23.0,Trump 1.0
San Francisco,2017-08-16,35,24.0,Trump 1.0
San Francisco,2017-08-17,27,23.0,Trump 1.0
San Francisco,2017-08-18,23,22.0,Trump 1.0
San Francisco,2017-08-19,1,21.0,Trump 1.0
San Francisco,2017-08-20,4,21.0,Trump 1.0
San Francisco,2017-08-21,28,21.0,Trump 1.0
San Francisco,2017-08-22,34,22.0,Trump 1.0
San Francisco,2017-08-23,24,20.0,Trump 1.0
San Francisco,2017-08-24,21,19.0,Trump 1.0
San Francisco,2017-08-25,17,18.0,Trump 1.0
San Francisco,2017-08-26,14,20.0,Trump 1.0
San Francisco,2017-08-27,7,21.0,Trump 1.0
San Francisco,2017-08-28,31,21.0,Trump 1.0
San Francisco,2017-08-29,25,20.0,Trump 1.0
San Francisco,2017-08-30,32,21.0,Trump 1.0
San Francisco,2017-08-31,23,21.0,Trump 1.0
San Francisco,2017-09-01,18,21.0,Trump 1.0
San Francisco,2017-09-02,3,20.0,Trump 1.0
San Francisco,2017-09-03,7,20.0,Trump 1.0
San Francisco,2017-09-04,1,16.0,Trump 1.0
San Francisco,2017-09-05,29,16.0,Trump 1.0
San Francisco,2017-09-06,25,15.0,Trump 1.0
San Francisco,2017-09-07,27,16.0,Trump 1.0
San Francisco,2017-09-08,18,16.0,Trump 1.0
San Francisco,2017-09-09,3,16.0,Trump 1.0
San Francisco,2017-09-10,11,16.0,Trump 1.0
San Francisco,2017-09-11,24,20.0,Trump 1.0
San Francisco,2017-09-12,36,21.0,Trump 1.0
San Francisco,2017-09-13,19,20.0,Trump 1.0
San Francisco,2017-09-14,30,20.0,Trump 1.0
San Francisco,2017-09-15,19,20.0,Trump 1.0
San Francisco,2017-09-16,3,20.0,Trump 1.0
San Francisco,2017-09-17,10,20.0,Trump 1.0
San Francisco,2017-09-18,18,19.0,Trump 1.0
San Francisco,2017-09-19,16,16.0,Trump 1.0
San Francisco,2017-09-20,26,17.0,Trump 1.0
San Francisco,2017-09-21,27,17.0,Trump 1.0
San Francisco,2017-09-22,16,17.0,Trump 1.0
San Francisco,2017-09-23,1,16.0,Trump 1.0
San Francisco,2017-09-24,17,17.0,Trump 1.0
San Francisco,2017-09-25,40,20.0,Trump 1.0
San Francisco,2017-09-26,37,23.0,Trump 1.0
San Francisco,2017-09-27,32,24.0,Trump 1.0
San Francisco,2017-09-28,24,24.0,Trump 1.0
San Francisco,2017-09-29,23,25.0,Trump 1.0
San Francisco,2017-10-01,2,25.0,Trump 1.0
San Francisco,2017-10-02,42,29.0,Trump 1.0
San Francisco,2017-10-03,22,26.0,Trump 1.0
San Francisco,2017-10-04,42,27.0,Trump 1.0
San Francisco,2017-10-05,24,26.0,Trump 1.0
San Francisco,2017-10-06,30,26.0,Trump 1.0
San Francisco,2017-10-07,3,24.0,Trump 1.0
San Francisco,2017-10-08,9,25.0,Trump 1.0
San Francisco,2017-10-09,1,19.0,Trump 1.0
San Francisco,2017-10-10,45,22.0,Trump 1.0
San Francisco,2017-10-11,20,19.0,Trump 1.0
San Francisco,2017-10-12,19,18.0,Trump 1.0
San Francisco,2017-10-13,25,17.0,Trump 1.0
San Francisco,2017-10-15,7,18.0,Trump 1.0
San Francisco,2017-10-16,30,21.0,Trump 1.0
San Francisco,2017-10-17,31,25.0,Trump 1.0
San Francisco,2017-10-18,24,22.0,Trump 1.0
San Francisco,2017-10-19,31,24.0,Trump 1.0
San Francisco,2017-10-20,22,24.0,Trump 1.0
San Francisco,2017-10-21,7,22.0,Trump 1.0
San Francisco,2017-10-22,4,21.0,Trump 1.0
San Francisco,2017-10-23,34,22.0,Trump 1.0
San Francisco,2017-10-24,35,22.0,Trump 1.0
San Francisco,2017-10-25,24,22.0,Trump 1.0
San Francisco,2017-10-26,20,21.0,Trump 1.0
San Francisco,2017-10-27,21,21.0,Trump 1.0
San Francisco,2017-10-28,1,20.0,Trump 1.0
San Francisco,2017-10-29,1,19.0,Trump 1.0
San Francisco,2017-10-30,35,20.0,Trump 1.0
San Francisco,2017-10-31,27,18.0,Trump 1.0
San Francisco,2017-11-01,13,17.0,Trump 1.0
San Francisco,2017-11-02,26,18.0,Trump 1.0
San Francisco,2017-11-03,24,18.0,Trump 1.0
San Francisco,2017-11-04,1,18.0,Trump 1.0
San Francisco,2017-11-05,3,18.0,Trump 1.0
San Francisco,2017-11-06,31,18.0,Trump 1.0
San Francisco,2017-11-07,23,17.0,Trump 1.0
San Francisco,2017-11-08,27,19.0,Trump 1.0
San Francisco,2017-11-09,27,19.0,Trump 1.0
San Francisco,2017-11-11,1,16.0,Trump 1.0
San Francisco,2017-11-13,36,21.0,Trump 1.0
San Francisco,2017-11-14,26,24.0,Trump 1.0
San Francisco,2017-11-15,23,23.0,Trump 1.0
San Francisco,2017-11-16,26,24.0,Trump 1.0
San Francisco,2017-11-17,24,23.0,Trump 1.0
San Francisco,2017-11-18,2,20.0,Trump 1.0
San Francisco,2017-11-19,6,20.0,Trump 1.0
San Francisco,2017-11-20,28,19.0,Trump 1.0
San Francisco,2017-11-21,17,18.0,Trump 1.0
San Francisco,2017-11-22,17,17.0,Trump 1.0
San Francisco,2017-11-24,16,16.0,Trump 1.0
San Francisco,2017-11-25,1,12.0,Trump 1.0
San Francisco,2017-11-27,27,16.0,Trump 1.0
San Francisco,2017-11-28,25,19.0,Trump 1.0
San Francisco,2017-11-29,33,19.0,Trump 1.0
San Francisco,2017-11-30,19,20.0,Trump 1.0
San Francisco,2017-12-01,16,20.0,Trump 1.0
San Francisco,2017-12-02,4,18.0,Trump 1.0
San Francisco,2017-12-03,2,18.0,Trump 1.0
San Francisco,2017-12-04,19,17.0,Trump 1.0
San Francisco,2017-12-05,26,17.0,Trump 1.0
San Francisco,2017-12-06,22,15.0,Trump 1.0
San Francisco,2017-12-07,28,17.0,Trump 1.0
San Francisco,2017-12-08,10,16.0,Trump 1.0
San Francisco,2017-12-09,5,16.0,Trump 1.0
San Francisco,2017-12-10,3,16.0,Trump 1.0
San Francisco,2017-12-11,24,17.0,Trump 1.0
San Francisco,2017-12-12,28,17.0,Trump 1.0
San Francisco,2017-12-13,20,17.0,Trump 1.0
San Francisco,2017-12-14,22,16.0,Trump 1.0
San Francisco,2017-12-15,26,18.0,Trump 1.0
San Francisco,2017-12-16,4,18.0,Trump 1.0
San Francisco,2017-12-17,1,18.0,Trump 1.0
San Francisco,2017-12-18,25,18.0,Trump 1.0
San Francisco,2017-12-19,23,17.0,Trump 1.0
San Francisco,2017-12-20,37,20.0,Trump 1.0
San Francisco,2017-12-21,21,20.0,Trump 1.0
San Francisco,2017-12-22,14,18.0,Trump 1.0
San Francisco,2017-12-23,11,19.0,Trump 1.0
San Francisco,2017-12-24,4,19.0,Trump 1.0
San Francisco,2017-12-26,13,18.0,Trump 1.0
San Francisco,2017-12-27,14,16.0,Trump 1.0
San Francisco,2017-12-28,16,13.0,Trump 1.0
San Francisco,2017-12-29,20,13.0,Trump 1.0
San Francisco,2017-12-30,6,12.0,Trump 1.0
San Francisco,2017-12-31,5,11.0,Trump 1.0
San Francisco,2018-01-01,1,11.0,Trump 1.0
San Francisco,2018-01-02,20,12.0,Trump 1.0
San Francisco,2018-01-03,18,12.0,Trump 1.0
San Francisco,2018-01-04,23,13.0,Trump 1.0
San Francisco,2018-01-05,17,13.0,Trump 1.0
San Francisco,2018-01-06,2,12.0,Trump 1.0
San Francisco,2018-01-07,1,12.0,Trump 1.0
San Francisco,2018-01-08,34,16.0,Trump 1.0
San Francisco,2018-01-09,24,17.0,Trump 1.0
San Francisco,2018-01-10,24,18.0,Trump 1.0
San Francisco,2018-01-11,27,18.0,Trump 1.0
San Francisco,2018-01-12,6,17.0,Trump 1.0
San Francisco,2018-01-13,1,17.0,Trump 1.0
San Francisco,2018-01-16,27,20.0,Trump 1.0
San Francisco,2018-01-17,25,19.0,Trump 1.0
San Francisco,2018-01-18,24,19.0,Trump 1.0
San Francisco,2018-01-19,12,17.0,Trump 1.0
San Francisco,2018-01-20,1,14.0,Trump 1.0
San Francisco,2018-01-21,1,13.0,Trump 1.0
San Francisco,2018-01-22,24,16.0,Trump 1.0
San Francisco,2018-01-23,20,15.0,Trump 1.0
San Francisco,2018-01-24,20,15.0,Trump 1.0
San Francisco,2018-01-25,22,14.0,Trump 1.0
San Francisco,2018-01-26,19,15.0,Trump 1.0
San Francisco,2018-01-28,1,15.0,Trump 1.0
San Francisco,2018-01-29,23,18.0,Trump 1.0
San Francisco,2018-01-30,29,19.0,Trump 1.0
San Francisco,2018-01-31,33,21.0,Trump 1.0
San Francisco,2018-02-01,21,21.0,Trump 1.0
San Francisco,2018-02-02,25,22.0,Trump 1.0
San Francisco,2018-02-04,1,19.0,Trump 1.0
San Francisco,2018-02-05,20,22.0,Trump 1.0
San Francisco,2018-02-06,21,21.0,Trump 1.0
San Francisco,2018-02-07,28,21.0,Trump 1.0
San Francisco,2018-02-08,32,21.0,Trump 1.0
San Francisco,2018-02-09,18,21.0,Trump 1.0
San Francisco,2018-02-11,3,18.0,Trump 1.0
San Francisco,2018-02-12,21,20.0,Trump 1.0
San Francisco,2018-02-13,25,21.0,Trump 1.0
San Francisco,2018-02-14,24,22.0,Trump 1.0
San Francisco,2018-02-15,21,21.0,Trump 1.0
San Francisco,2018-02-16,16,18.0,Trump 1.0
San Francisco,2018-02-17,1,16.0,Trump 1.0
San Francisco,2018-02-18,1,16.0,Trump 1.0
San Francisco,2018-02-19,2,13.0,Trump 1.0
San Francisco,2018-02-20,28,13.0,Trump 1.0
San Francisco,2018-02-21,22,13.0,Trump 1.0
San Francisco,2018-02-22,27,14.0,Trump 1.0
San Francisco,2018-02-23,14,14.0,Trump 1.0
San Francisco,2018-02-24,2,14.0,Trump 1.0
San Francisco,2018-02-25,54,21.0,Trump 1.0
San Francisco,2018-02-26,76,32.0,Trump 1.0
San Francisco,2018-02-27,71,38.0,Trump 1.0
San Francisco,2018-02-28,57,43.0,Trump 1.0
San Francisco,2018-03-01,14,41.0,Trump 1.0
San Francisco,2018-03-02,19,42.0,Trump 1.0
San Francisco,2018-03-05,20,44.0,Trump 1.0
San Francisco,2018-03-06,28,41.0,Trump 1.0
San Francisco,2018-03-07,29,34.0,Trump 1.0
San Francisco,2018-03-08,14,26.0,Trump 1.0
San Francisco,2018-03-09,17,20.0,Trump 1.0
San Francisco,2018-03-10,1,18.0,Trump 1.0
San Francisco,2018-03-11,1,16.0,Trump 1.0
San Francisco,2018-03-12,22,16.0,Trump 1.0
San Francisco,2018-03-13,16,14.0,Trump 1.0
San Francisco,2018-03-14,22,13.0,Trump 1.0
San Francisco,2018-03-15,27,15.0,Trump 1.0
San Francisco,2018-03-16,28,17.0,Trump 1.0
San Francisco,2018-03-18,3,17.0,Trump 1.0
San Francisco,2018-03-19,23,20.0,Trump 1.0
San Francisco,2018-03-20,23,20.0,Trump 1.0
San Francisco,2018-03-21,23,21.0,Trump 1.0
San Francisco,2018-03-22,24,22.0,Trump 1.0
San Francisco,2018-03-23,24,21.0,Trump 1.0
San Francisco,2018-03-24,1,17.0,Trump 1.0
San Francisco,2018-03-25,2,17.0,Trump 1.0
San Francisco,2018-03-26,19,17.0,Trump 1.0
San Francisco,2018-03-27,19,16.0,Trump 1.0
San Francisco,2018-03-28,22,16.0,Trump 1.0
San Francisco,2018-03-29,31,17.0,Trump 1.0
San Francisco,2018-03-30,17,16.0,Trump 1.0
San Francisco,2018-03-31,1,16.0,Trump 1.0
San Francisco,2018-04-02,19,18.0,Trump 1.0
San Francisco,2018-04-03,22,19.0,Trump 1.0
San Francisco,2018-04-04,25,20.0,Trump 1.0
San Francisco,2018-04-05,17,19.0,Trump 1.0
San Francisco,2018-04-06,18,17.0,Trump 1.0
San Francisco,2018-04-07,2,15.0,Trump 1.0
San Francisco,2018-04-09,23,18.0,Trump 1.0
San Francisco,2018-04-10,22,18.0,Trump 1.0
San Francisco,2018-04-11,11,17.0,Trump 1.0
San Francisco,2018-04-12,27,17.0,Trump 1.0
San Francisco,2018-04-13,15,17.0,Trump 1.0
San Francisco,2018-04-15,2,15.0,Trump 1.0
San Francisco,2018-04-16,26,18.0,Trump 1.0
San Francisco,2018-04-17,31,19.0,Trump 1.0
San Francisco,2018-04-18,29,20.0,Trump 1.0
San Francisco,2018-04-19,20,21.0,Trump 1.0
San Francisco,2018-04-20,16,20.0,Trump 1.0
San Francisco,2018-04-21,2,18.0,Trump 1.0
San Francisco,2018-04-22,1,18.0,Trump 1.0
San Francisco,2018-04-23,19,17.0,Trump 1.0
San Francisco,2018-04-24,37,18.0,Trump 1.0
San Francisco,2018-04-25,21,17.0,Trump 1.0
San Francisco,2018-04-26,29,18.0,Trump 1.0
San Francisco,2018-04-27,13,17.0,Trump 1.0
San Francisco,2018-04-29,2,17.0,Trump 1.0
San Francisco,2018-04-30,35,22.0,Trump 1.0
San Francisco,2018-05-01,35,25.0,Trump 1.0
San Francisco,2018-05-02,30,24.0,Trump 1.0
San Francisco,2018-05-03,19,23.0,Trump 1.0
San Francisco,2018-05-04,20,22.0,Trump 1.0
San Francisco,2018-05-06,3,21.0,Trump 1.0
San Francisco,2018-05-07,23,24.0,Trump 1.0
San Francisco,2018-05-08,22,22.0,Trump 1.0
San Francisco,2018-05-09,22,20.0,Trump 1.0
San Francisco,2018-05-10,29,20.0,Trump 1.0
San Francisco,2018-05-11,18,20.0,Trump 1.0
San Francisco,2018-05-12,1,17.0,Trump 1.0
San Francisco,2018-05-13,2,17.0,Trump 1.0
San Francisco,2018-05-14,24,17.0,Trump 1.0
San Francisco,2018-05-15,30,18.0,Trump 1.0
San Francisco,2018-05-16,22,18.0,Trump 1.0
San Francisco,2018-05-17,23,17.0,Trump 1.0
San Francisco,2018-05-18,27,18.0,Trump 1.0
San Francisco,2018-05-20,1,18.0,Trump 1.0
San Francisco,2018-05-21,18,21.0,Trump 1.0
San Francisco,2018-05-22,21,20.0,Trump 1.0
San Francisco,2018-05-23,24,19.0,Trump 1.0
San Francisco,2018-05-24,27,20.0,Trump 1.0
San Francisco,2018-05-25,11,18.0,Trump 1.0
San Francisco,2018-05-26,2,15.0,Trump 1.0
San Francisco,2018-05-27,1,15.0,Trump 1.0
San Francisco,2018-05-29,30,17.0,Trump 1.0
San Francisco,2018-05-30,24,17.0,Trump 1.0
San Francisco,2018-05-31,17,16.0,Trump 1.0
San Francisco,2018-06-01,13,14.0,Trump 1.0
San Francisco,2018-06-04,21,15.0,Trump 1.0
San Francisco,2018-06-05,22,18.0,Trump 1.0
San Francisco,2018-06-06,23,21.0,Trump 1.0
San Francisco,2018-06-07,14,19.0,Trump 1.0
San Francisco,2018-06-08,15,18.0,Trump 1.0
San Francisco,2018-06-09,3,16.0,Trump 1.0
San Francisco,2018-06-10,2,14.0,Trump 1.0
San Francisco,2018-06-11,24,15.0,Trump 1.0
San Francisco,2018-06-12,20,14.0,Trump 1.0
San Francisco,2018-06-13,19,14.0,Trump 1.0
San Francisco,2018-06-14,28,16.0,Trump 1.0
San Francisco,2018-06-15,14,16.0,Trump 1.0
San Francisco,2018-06-18,19,18.0,Trump 1.0
San Francisco,2018-06-19,10,19.0,Trump 1.0
San Francisco,2018-06-20,19,18.0,Trump 1.0
San Francisco,2018-06-21,22,19.0,Trump 1.0
San Francisco,2018-06-22,18,19.0,Trump 1.0
San Francisco,2018-06-23,2,15.0,Trump 1.0
San Francisco,2018-06-25,16,15.0,Trump 1.0
San Francisco,2018-06-26,29,17.0,Trump 1.0
San Francisco,2018-06-27,22,18.0,Trump 1.0
San Francisco,2018-06-28,27,19.0,Trump 1.0
San Francisco,2018-06-29,25,20.0,Trump 1.0
San Francisco,2018-06-30,1,17.0,Trump 1.0
San Francisco,2018-07-01,2,17.0,Trump 1.0
San Francisco,2018-07-02,19,18.0,Trump 1.0
San Francisco,2018-07-03,33,18.0,Trump 1.0
San Francisco,2018-07-05,23,19.0,Trump 1.0
San Francisco,2018-07-06,19,17.0,Trump 1.0
San Francisco,2018-07-07,2,14.0,Trump 1.0
San Francisco,2018-07-08,1,14.0,Trump 1.0
San Francisco,2018-07-09,16,16.0,Trump 1.0
San Francisco,2018-07-10,19,16.0,Trump 1.0
San Francisco,2018-07-11,22,15.0,Trump 1.0
San Francisco,2018-07-12,19,14.0,Trump 1.0
San Francisco,2018-07-13,15,13.0,Trump 1.0
San Francisco,2018-07-16,14,15.0,Trump 1.0
San Francisco,2018-07-17,19,18.0,Trump 1.0
San Francisco,2018-07-18,20,18.0,Trump 1.0
San Francisco,2018-07-19,14,18.0,Trump 1.0
San Francisco,2018-07-20,7,15.0,Trump 1.0
San Francisco,2018-07-21,5,13.0,Trump 1.0
San Francisco,2018-07-22,1,11.0,Trump 1.0
San Francisco,2018-07-23,24,13.0,Trump 1.0
San Francisco,2018-07-24,22,13.0,Trump 1.0
San Francisco,2018-07-25,31,15.0,Trump 1.0
San Francisco,2018-07-26,24,16.0,Trump 1.0
San Francisco,2018-07-27,14,17.0,Trump 1.0
San Francisco,2018-07-28,1,17.0,Trump 1.0
San Francisco,2018-07-30,15,19.0,Trump 1.0
San Francisco,2018-07-31,32,20.0,Trump 1.0
San Francisco,2018-08-01,25,20.0,Trump 1.0
San Francisco,2018-08-02,24,19.0,Trump 1.0
San Francisco,2018-08-03,17,18.0,Trump 1.0
San Francisco,2018-08-06,19,19.0,Trump 1.0
San Francisco,2018-08-07,15,21.0,Trump 1.0
San Francisco,2018-08-08,17,21.0,Trump 1.0
San Francisco,2018-08-09,23,20.0,Trump 1.0
San Francisco,2018-08-10,17,19.0,Trump 1.0
San Francisco,2018-08-11,1,16.0,Trump 1.0
San Francisco,2018-08-12,1,13.0,Trump 1.0
San Francisco,2018-08-13,19,13.0,Trump 1.0
San Francisco,2018-08-14,17,14.0,Trump 1.0
San Francisco,2018-08-15,19,14.0,Trump 1.0
San Francisco,2018-08-16,20,13.0,Trump 1.0
San Francisco,2018-08-17,20,14.0,Trump 1.0
San Francisco,2018-08-19,3,14.0,Trump 1.0
San Francisco,2018-08-20,16,16.0,Trump 1.0
San Francisco,2018-08-21,17,16.0,Trump 1.0
San Francisco,2018-08-22,19,16.0,Trump 1.0
San Francisco,2018-08-23,14,16.0,Trump 1.0
San Francisco,2018-08-24,13,15.0,Trump 1.0
San Francisco,2018-08-27,23,15.0,Trump 1.0
San Francisco,2018-08-28,33,19.0,Trump 1.0
San Francisco,2018-08-29,19,20.0,Trump 1.0
San Francisco,2018-08-30,28,21.0,Trump 1.0
San Francisco,2018-08-31,26,22.0,Trump 1.0
San Francisco,2018-09-01,1,20.0,Trump 1.0
San Francisco,2018-09-03,3,19.0,Trump 1.0
San Francisco,2018-09-04,19,18.0,Trump 1.0
San Francisco,2018-09-05,20,17.0,Trump 1.0
San Francisco,2018-09-06,23,17.0,Trump 1.0
San Francisco,2018-09-07,19,16.0,Trump 1.0
San Francisco,2018-09-09,1,12.0,Trump 1.0
San Francisco,2018-09-10,15,14.0,Trump 1.0
San Francisco,2018-09-11,14,16.0,Trump 1.0
San Francisco,2018-09-12,25,17.0,Trump 1.0
San Francisco,2018-09-13,13,16.0,Trump 1.0
San Francisco,2018-09-14,26,16.0,Trump 1.0
San Francisco,2018-09-16,1,14.0,Trump 1.0
San Francisco,2018-09-17,22,17.0,Trump 1.0
San Francisco,2018-09-18,17,17.0,Trump 1.0
San Francisco,2018-09-19,18,17.0,Trump 1.0
San Francisco,2018-09-20,16,16.0,Trump 1.0
San Francisco,2018-09-21,9,16.0,Trump 1.0
San Francisco,2018-09-23,7,13.0,Trump 1.0
San Francisco,2018-09-24,20,16.0,Trump 1.0
San Francisco,2018-09-25,27,16.0,Trump 1.0
San Francisco,2018-09-26,19,17.0,Trump 1.0
San Francisco,2018-09-27,18,17.0,Trump 1.0
San Francisco,2018-09-28,16,17.0,Trump 1.0
Seattle,2015-10-01,6,16.0,Trump 1.0
Seattle,2015-10-02,14,17.0,Trump 1.0
Seattle,2015-10-03,1,14.0,Trump 1.0
Seattle,2015-10-04,1,11.0,Trump 1.0
Seattle,2015-10-05,6,9.0,Trump 1.0
Seattle,2015-10-06,13,8.0,Trump 1.0
Seattle,2015-10-07,10,7.0,Trump 1.0
Seattle,2015-10-08,12,8.0,Trump 1.0
Seattle,2015-10-09,9,7.0,Trump 1.0
Seattle,2015-10-11,1,7.0,Trump 1.0
Seattle,2015-10-12,1,7.0,Trump 1.0
Seattle,2015-10-13,12,8.0,Trump 1.0
Seattle,2015-10-14,9,8.0,Trump 1.0
Seattle,2015-10-15,8,7.0,Trump 1.0
Seattle,2015-10-16,13,8.0,Trump 1.0
Seattle,2015-10-19,7,7.0,Trump 1.0
Seattle,2015-10-20,9,8.0,Trump 1.0
Seattle,2015-10-21,11,10.0,Trump 1.0
Seattle,2015-10-22,7,9.0,Trump 1.0
Seattle,2015-10-23,6,9.0,Trump 1.0
Seattle,2015-10-26,9,9.0,Trump 1.0
Seattle,2015-10-27,11,9.0,Trump 1.0
Seattle,2015-10-28,15,10.0,Trump 1.0
Seattle,2015-10-29,10,10.0,Trump 1.0
Seattle,2015-10-30,8,9.0,Trump 1.0
Seattle,2015-11-02,11,10.0,Trump 1.0
Seattle,2015-11-03,11,11.0,Trump 1.0
Seattle,2015-11-04,9,11.0,Trump 1.0
Seattle,2015-11-05,20,12.0,Trump 1.0
Seattle,2015-11-06,10,11.0,Trump 1.0
Seattle,2015-11-08,1,10.0,Trump 1.0
Seattle,2015-11-09,7,10.0,Trump 1.0
Seattle,2015-11-10,10,10.0,Trump 1.0
Seattle,2015-11-12,12,10.0,Trump 1.0
Seattle,2015-11-13,16,11.0,Trump 1.0
Seattle,2015-11-14,1,8.0,Trump 1.0
Seattle,2015-11-16,5,7.0,Trump 1.0
Seattle,2015-11-17,12,9.0,Trump 1.0
Seattle,2015-11-18,9,9.0,Trump 1.0
Seattle,2015-11-19,6,9.0,Trump 1.0
Seattle,2015-11-20,10,8.0,Trump 1.0
Seattle,2015-11-22,1,6.0,Trump 1.0
Seattle,2015-11-23,10,8.0,Trump 1.0
Seattle,2015-11-24,12,9.0,Trump 1.0
Seattle,2015-11-25,9,8.0,Trump 1.0
Seattle,2015-11-27,9,8.0,Trump 1.0
Seattle,2015-11-30,5,8.0,Trump 1.0
Seattle,2015-12-01,14,9.0,Trump 1.0
Seattle,2015-12-02,15,11.0,Trump 1.0
Seattle,2015-12-03,14,11.0,Trump 1.0
Seattle,2015-12-04,14,11.0,Trump 1.0
Seattle,2015-12-05,1,10.0,Trump 1.0
Seattle,2015-12-06,1,9.0,Trump 1.0
Seattle,2015-12-07,8,10.0,Trump 1.0
Seattle,2015-12-08,6,8.0,Trump 1.0
Seattle,2015-12-09,10,8.0,Trump 1.0
Seattle,2015-12-10,8,7.0,Trump 1.0
Seattle,2015-12-11,6,6.0,Trump 1.0
Seattle,2015-12-14,11,7.0,Trump 1.0
Seattle,2015-12-15,7,8.0,Trump 1.0
Seattle,2015-12-16,10,8.0,Trump 1.0
Seattle,2015-12-17,13,9.0,Trump 1.0
Seattle,2015-12-18,6,9.0,Trump 1.0
Seattle,2015-12-19,1,8.0,Trump 1.0
Seattle,2015-12-20,1,7.0,Trump 1.0
Seattle,2015-12-21,12,7.0,Trump 1.0
Seattle,2015-12-22,8,7.0,Trump 1.0
Seattle,2015-12-23,9,7.0,Trump 1.0
Seattle,2015-12-24,7,6.0,Trump 1.0
Seattle,2015-12-25,1,6.0,Trump 1.0
Seattle,2015-12-26,1,6.0,Trump 1.0
Seattle,2015-12-28,7,6.0,Trump 1.0
Seattle,2015-12-29,7,6.0,Trump 1.0
Seattle,2015-12-30,7,6.0,Trump 1.0
Seattle,2015-12-31,7,5.0,Trump 1.0
Seattle,2016-01-02,1,4.0,Trump 1.0
Seattle,2016-01-04,5,5.0,Trump 1.0
Seattle,2016-01-05,8,6.0,Trump 1.0
Seattle,2016-01-06,13,7.0,Trump 1.0
Seattle,2016-01-07,11,7.0,Trump 1.0
Seattle,2016-01-08,7,7.0,Trump 1.0
Seattle,2016-01-10,1,7.0,Trump 1.0
Seattle,2016-01-11,2,7.0,Trump 1.0
Seattle,2016-01-12,6,7.0,Trump 1.0
Seattle,2016-01-13,7,7.0,Trump 1.0
Seattle,2016-01-14,7,6.0,Trump 1.0
Seattle,2016-01-15,11,6.0,Trump 1.0
Seattle,2016-01-17,1,5.0,Trump 1.0
Seattle,2016-01-19,10,6.0,Trump 1.0
Seattle,2016-01-20,11,8.0,Trump 1.0
Seattle,2016-01-21,4,7.0,Trump 1.0
Seattle,2016-01-22,10,8.0,Trump 1.0
Seattle,2016-01-23,2,7.0,Trump 1.0
Seattle,2016-01-25,6,6.0,Trump 1.0
Seattle,2016-01-26,9,7.0,Trump 1.0
Seattle,2016-01-27,6,7.0,Trump 1.0
Seattle,2016-01-28,8,6.0,Trump 1.0
Seattle,2016-01-29,13,8.0,Trump 1.0
Seattle,2016-02-01,6,7.0,Trump 1.0
Seattle,2016-02-02,11,8.0,Trump 1.0
Seattle,2016-02-03,7,9.0,Trump 1.0
Seattle,2016-02-04,10,9.0,Trump 1.0
Seattle,2016-02-05,11,9.0,Trump 1.0
Seattle,2016-02-08,11,10.0,Trump 1.0
Seattle,2016-02-09,14,10.0,Trump 1.0
Seattle,2016-02-10,10,11.0,Trump 1.0
Seattle,2016-02-11,7,10.0,Trump 1.0
Seattle,2016-02-12,12,11.0,Trump 1.0
Seattle,2016-02-14,1,9.0,Trump 1.0
Seattle,2016-02-16,12,10.0,Trump 1.0
Seattle,2016-02-17,13,10.0,Trump 1.0
Seattle,2016-02-18,9,9.0,Trump 1.0
Seattle,2016-02-19,11,9.0,Trump 1.0
Seattle,2016-02-22,9,10.0,Trump 1.0
Seattle,2016-02-23,8,9.0,Trump 1.0
Seattle,2016-02-24,17,11.0,Trump 1.0
Seattle,2016-02-25,13,11.0,Trump 1.0
Seattle,2016-02-26,11,11.0,Trump 1.0
Seattle,2016-02-27,1,10.0,Trump 1.0
Seattle,2016-02-29,10,10.0,Trump 1.0
Seattle,2016-03-01,10,10.0,Trump 1.0
Seattle,2016-03-02,4,9.0,Trump 1.0
Seattle,2016-03-03,9,8.0,Trump 1.0
Seattle,2016-03-04,12,8.0,Trump 1.0
Seattle,2016-03-06,1,7.0,Trump 1.0
Seattle,2016-03-07,10,8.0,Trump 1.0
Seattle,2016-03-08,15,9.0,Trump 1.0
Seattle,2016-03-09,6,8.0,Trump 1.0
Seattle,2016-03-10,7,9.0,Trump 1.0
Seattle,2016-03-11,6,8.0,Trump 1.0
Seattle,2016-03-13,2,7.0,Trump 1.0
Seattle,2016-03-14,7,8.0,Trump 1.0
Seattle,2016-03-15,9,7.0,Trump 1.0
Seattle,2016-03-16,13,7.0,Trump 1.0
Seattle,2016-03-17,16,9.0,Trump 1.0
Seattle,2016-03-18,11,9.0,Trump 1.0
Seattle,2016-03-21,4,9.0,Trump 1.0
Seattle,2016-03-22,9,10.0,Trump 1.0
Seattle,2016-03-23,15,11.0,Trump 1.0
Seattle,2016-03-24,7,11.0,Trump 1.0
Seattle,2016-03-25,5,10.0,Trump 1.0
Seattle,2016-03-27,2,8.0,Trump 1.0
Seattle,2016-03-28,6,7.0,Trump 1.0
Seattle,2016-03-29,12,8.0,Trump 1.0
Seattle,2016-03-30,10,8.0,Trump 1.0
Seattle,2016-03-31,12,8.0,Trump 1.0
Seattle,2016-04-01,11,8.0,Trump 1.0
Seattle,2016-04-02,1,8.0,Trump 1.0
Seattle,2016-04-04,8,9.0,Trump 1.0
Seattle,2016-04-05,11,9.0,Trump 1.0
Seattle,2016-04-06,13,9.0,Trump 1.0
Seattle,2016-04-07,9,9.0,Trump 1.0
Seattle,2016-04-08,10,9.0,Trump 1.0
Seattle,2016-04-10,1,8.0,Trump 1.0
Seattle,2016-04-11,13,9.0,Trump 1.0
Seattle,2016-04-12,14,10.0,Trump 1.0
Seattle,2016-04-13,10,10.0,Trump 1.0
Seattle,2016-04-14,13,10.0,Trump 1.0
Seattle,2016-04-15,10,10.0,Trump 1.0
Seattle,2016-04-18,8,10.0,Trump 1.0
Seattle,2016-04-19,12,11.0,Trump 1.0
Seattle,2016-04-20,13,11.0,Trump 1.0
Seattle,2016-04-21,11,11.0,Trump 1.0
Seattle,2016-04-22,11,11.0,Trump 1.0
Seattle,2016-04-23,2,10.0,Trump 1.0
Seattle,2016-04-25,9,9.0,Trump 1.0
Seattle,2016-04-26,10,10.0,Trump 1.0
Seattle,2016-04-27,12,10.0,Trump 1.0
Seattle,2016-04-28,10,9.0,Trump 1.0
Seattle,2016-04-29,7,9.0,Trump 1.0
Seattle,2016-04-30,3,8.0,Trump 1.0
Seattle,2016-05-02,6,8.0,Trump 1.0
Seattle,2016-05-03,13,9.0,Trump 1.0
Seattle,2016-05-04,7,8.0,Trump 1.0
Seattle,2016-05-05,7,8.0,Trump 1.0
Seattle,2016-05-06,15,8.0,Trump 1.0
Seattle,2016-05-08,1,7.0,Trump 1.0
Seattle,2016-05-09,6,8.0,Trump 1.0
Seattle,2016-05-10,14,9.0,Trump 1.0
Seattle,2016-05-11,13,9.0,Trump 1.0
Seattle,2016-05-12,12,10.0,Trump 1.0
Seattle,2016-05-13,10,10.0,Trump 1.0
Seattle,2016-05-15,1,8.0,Trump 1.0
Seattle,2016-05-16,5,9.0,Trump 1.0
Seattle,2016-05-17,7,9.0,Trump 1.0
Seattle,2016-05-18,6,8.0,Trump 1.0
Seattle,2016-05-19,6,7.0,Trump 1.0
Seattle,2016-05-20,7,6.0,Trump 1.0
Seattle,2016-05-23,14,7.0,Trump 1.0
Seattle,2016-05-24,9,8.0,Trump 1.0
Seattle,2016-05-25,8,8.0,Trump 1.0
Seattle,2016-05-26,15,9.0,Trump 1.0
Seattle,2016-05-27,11,10.0,Trump 1.0
Seattle,2016-05-31,10,11.0,Trump 1.0
Seattle,2016-06-01,11,11.0,Trump 1.0
Seattle,2016-06-02,13,11.0,Trump 1.0
Seattle,2016-06-03,8,11.0,Trump 1.0
Seattle,2016-06-04,1,10.0,Trump 1.0
Seattle,2016-06-05,2,8.0,Trump 1.0
Seattle,2016-06-06,9,8.0,Trump 1.0
Seattle,2016-06-07,6,7.0,Trump 1.0
Seattle,2016-06-08,16,8.0,Trump 1.0
Seattle,2016-06-09,6,7.0,Trump 1.0
Seattle,2016-06-10,9,7.0,Trump 1.0
Seattle,2016-06-11,1,7.0,Trump 1.0
Seattle,2016-06-13,6,8.0,Trump 1.0
Seattle,2016-06-14,14,8.0,Trump 1.0
Seattle,2016-06-15,7,8.0,Trump 1.0
Seattle,2016-06-16,8,7.0,Trump 1.0
Seattle,2016-06-17,4,7.0,Trump 1.0
Seattle,2016-06-19,1,6.0,Trump 1.0
Seattle,2016-06-20,11,7.0,Trump 1.0
Seattle,2016-06-21,10,8.0,Trump 1.0
Seattle,2016-06-22,6,7.0,Trump 1.0
Seattle,2016-06-23,12,7.0,Trump 1.0
Seattle,2016-06-24,5,7.0,Trump 1.0
Seattle,2016-06-25,1,7.0,Trump 1.0
Seattle,2016-06-26,2,7.0,Trump 1.0
Seattle,2016-06-27,8,6.0,Trump 1.0
Seattle,2016-06-28,13,7.0,Trump 1.0
Seattle,2016-06-29,11,7.0,Trump 1.0
Seattle,2016-06-30,11,7.0,Trump 1.0
Seattle,2016-07-01,7,8.0,Trump 1.0
Seattle,2016-07-03,1,8.0,Trump 1.0
Seattle,2016-07-04,2,8.0,Trump 1.0
Seattle,2016-07-05,8,8.0,Trump 1.0
Seattle,2016-07-06,19,8.0,Trump 1.0
Seattle,2016-07-07,15,9.0,Trump 1.0
Seattle,2016-07-08,15,10.0,Trump 1.0
Seattle,2016-07-09,1,9.0,Trump 1.0
Seattle,2016-07-11,5,9.0,Trump 1.0
Seattle,2016-07-12,15,11.0,Trump 1.0
Seattle,2016-07-13,5,11.0,Trump 1.0
Seattle,2016-07-14,3,8.0,Trump 1.0
Seattle,2016-07-15,12,8.0,Trump 1.0
Seattle,2016-07-16,1,6.0,Trump 1.0
Seattle,2016-07-18,13,8.0,Trump 1.0
Seattle,2016-07-19,10,8.0,Trump 1.0
Seattle,2016-07-20,14,8.0,Trump 1.0
Seattle,2016-07-21,10,9.0,Trump 1.0
Seattle,2016-07-22,7,10.0,Trump 1.0
Seattle,2016-07-24,1,8.0,Trump 1.0
Seattle,2016-07-25,8,9.0,Trump 1.0
Seattle,2016-07-26,11,9.0,Trump 1.0
Seattle,2016-07-27,6,8.0,Trump 1.0
Seattle,2016-07-28,6,7.0,Trump 1.0
Seattle,2016-07-29,6,6.0,Trump 1.0
Seattle,2016-08-01,7,6.0,Trump 1.0
Seattle,2016-08-02,7,7.0,Trump 1.0
Seattle,2016-08-03,8,7.0,Trump 1.0
Seattle,2016-08-04,7,7.0,Trump 1.0
Seattle,2016-08-05,7,7.0,Trump 1.0
Seattle,2016-08-07,1,6.0,Trump 1.0
Seattle,2016-08-08,14,7.0,Trump 1.0
Seattle,2016-08-09,12,8.0,Trump 1.0
Seattle,2016-08-10,14,9.0,Trump 1.0
Seattle,2016-08-11,17,10.0,Trump 1.0
Seattle,2016-08-12,10,11.0,Trump 1.0
Seattle,2016-08-15,9,11.0,Trump 1.0
Seattle,2016-08-16,15,13.0,Trump 1.0
Seattle,2016-08-17,9,12.0,Trump 1.0
Seattle,2016-08-18,8,12.0,Trump 1.0
Seattle,2016-08-19,8,11.0,Trump 1.0
Seattle,2016-08-22,10,10.0,Trump 1.0
Seattle,2016-08-23,16,11.0,Trump 1.0
Seattle,2016-08-24,11,11.0,Trump 1.0
Seattle,2016-08-25,10,10.0,Trump 1.0
Seattle,2016-08-26,7,10.0,Trump 1.0
Seattle,2016-08-27,1,9.0,Trump 1.0
Seattle,2016-08-29,6,9.0,Trump 1.0
Seattle,2016-08-30,10,9.0,Trump 1.0
Seattle,2016-08-31,12,8.0,Trump 1.0
Seattle,2016-09-01,10,8.0,Trump 1.0
Seattle,2016-09-02,10,8.0,Trump 1.0
Seattle,2016-09-06,9,8.0,Trump 1.0
Seattle,2016-09-07,10,10.0,Trump 1.0
Seattle,2016-09-08,13,11.0,Trump 1.0
Seattle,2016-09-09,10,11.0,Trump 1.0
Seattle,2016-09-12,7,10.0,Trump 1.0
Seattle,2016-09-13,8,10.0,Trump 1.0
Seattle,2016-09-14,3,9.0,Trump 1.0
Seattle,2016-09-15,15,9.0,Trump 1.0
Seattle,2016-09-16,7,9.0,Trump 1.0
Seattle,2016-09-17,1,7.0,Trump 1.0
Seattle,2016-09-18,1,6.0,Trump 1.0
Seattle,2016-09-19,8,6.0,Trump 1.0
Seattle,2016-09-20,10,6.0,Trump 1.0
Seattle,2016-09-21,7,7.0,Trump 1.0
Seattle,2016-09-22,8,6.0,Trump 1.0
Seattle,2016-09-23,7,6.0,Trump 1.0
Seattle,2016-09-24,1,6.0,Trump 1.0
Seattle,2016-09-26,16,8.0,Trump 1.0
Seattle,2016-09-27,8,8.0,Trump 1.0
Seattle,2016-09-28,7,8.0,Trump 1.0
Seattle,2016-09-29,11,8.0,Trump 1.0
Seattle,2016-09-30,12,9.0,Trump 1.0
Seattle,2016-10-03,5,9.0,Trump 1.0
Seattle,2016-10-04,7,9.0,Trump 1.0
Seattle,2016-10-05,10,9.0,Trump 1.0
Seattle,2016-10-06,9,9.0,Trump 1.0
Seattle,2016-10-07,9,9.0,Trump 1.0
Seattle,2016-10-08,3,8.0,Trump 1.0
Seattle,2016-10-10,2,6.0,Trump 1.0
Seattle,2016-10-11,11,7.0,Trump 1.0
Seattle,2016-10-12,13,8.0,Trump 1.0
Seattle,2016-10-13,13,9.0,Trump 1.0
Seattle,2016-10-14,6,8.0,Trump 1.0
Seattle,2016-10-15,1,7.0,Trump 1.0
Seattle,2016-10-17,5,7.0,Trump 1.0
Seattle,2016-10-18,12,9.0,Trump 1.0
Seattle,2016-10-19,23,10.0,Trump 1.0
Seattle,2016-10-20,12,10.0,Trump 1.0
Seattle,2016-10-21,11,10.0,Trump 1.0
Seattle,2016-10-23,1,9.0,Trump 1.0
Seattle,2016-10-24,15,11.0,Trump 1.0
Seattle,2016-10-25,12,12.0,Trump 1.0
Seattle,2016-10-26,9,12.0,Trump 1.0
Seattle,2016-10-27,8,10.0,Trump 1.0
Seattle,2016-10-28,7,9.0,Trump 1.0
Seattle,2016-10-31,8,9.0,Trump 1.0
Seattle,2016-11-01,11,10.0,Trump 1.0
Seattle,2016-11-02,13,10.0,Trump 1.0
Seattle,2016-11-03,9,9.0,Trump 1.0
Seattle,2016-11-04,18,11.0,Trump 1.0
Seattle,2016-11-07,11,11.0,Trump 1.0
Seattle,2016-11-08,12,12.0,Trump 1.0
Seattle,2016-11-09,11,12.0,Trump 1.0
Seattle,2016-11-10,9,12.0,Trump 1.0
Seattle,2016-11-13,1,10.0,Trump 1.0
Seattle,2016-11-14,9,10.0,Trump 1.0
Seattle,2016-11-15,11,9.0,Trump 1.0
Seattle,2016-11-16,11,9.0,Trump 1.0
Seattle,2016-11-17,15,10.0,Trump 1.0
Seattle,2016-11-18,8,9.0,Trump 1.0
Seattle,2016-11-21,12,10.0,Trump 1.0
Seattle,2016-11-22,11,11.0,Trump 1.0
Seattle,2016-11-23,12,11.0,Trump 1.0
Seattle,2016-11-24,1,10.0,Trump 1.0
Seattle,2016-11-25,4,9.0,Trump 1.0
Seattle,2016-11-27,1,7.0,Trump 1.0
Seattle,2016-11-28,8,7.0,Trump 1.0
Seattle,2016-11-29,18,8.0,Trump 1.0
Seattle,2016-11-30,10,8.0,Trump 1.0
Seattle,2016-12-01,11,8.0,Trump 1.0
Seattle,2016-12-02,7,8.0,Trump 1.0
Seattle,2016-12-03,2,8.0,Trump 1.0
Seattle,2016-12-04,1,8.0,Trump 1.0
Seattle,2016-12-05,9,8.0,Trump 1.0
Seattle,2016-12-06,12,7.0,Trump 1.0
Seattle,2016-12-07,14,8.0,Trump 1.0
Seattle,2016-12-08,7,7.0,Trump 1.0
Seattle,2016-12-09,2,7.0,Trump 1.0
Seattle,2016-12-12,12,8.0,Trump 1.0
Seattle,2016-12-13,12,10.0,Trump 1.0
Seattle,2016-12-14,9,10.0,Trump 1.0
Seattle,2016-12-15,8,9.0,Trump 1.0
Seattle,2016-12-16,8,8.0,Trump 1.0
Seattle,2016-12-19,9,9.0,Trump 1.0
Seattle,2016-12-20,12,10.0,Trump 1.0
Seattle,2016-12-21,11,10.0,Trump 1.0
Seattle,2016-12-22,8,9.0,Trump 1.0
Seattle,2016-12-23,5,9.0,Trump 1.0
Seattle,2016-12-26,1,8.0,Trump 1.0
Seattle,2016-12-27,11,8.0,Trump 1.0
Seattle,2016-12-28,9,8.0,Trump 1.0
Seattle,2016-12-29,9,8.0,Trump 1.0
Seattle,2016-12-30,8,7.0,Trump 1.0
Seattle,2017-01-01,1,6.0,Trump 1.0
Seattle,2017-01-02,2,6.0,Trump 1.0
Seattle,2017-01-03,7,7.0,Trump 1.0
Seattle,2017-01-04,7,6.0,Trump 1.0
Seattle,2017-01-05,13,7.0,Trump 1.0
Seattle,2017-01-06,14,7.0,Trump 1.0
Seattle,2017-01-08,1,6.0,Trump 1.0
Seattle,2017-01-09,12,8.0,Trump 1.0
Seattle,2017-01-10,7,9.0,Trump 1.0
Seattle,2017-01-11,2,8.0,Trump 1.0
Seattle,2017-01-12,11,9.0,Trump 1.0
Seattle,2017-01-13,9,8.0,Trump 1.0
Seattle,2017-01-17,7,7.0,Trump 1.0
Seattle,2017-01-18,13,9.0,Trump 1.0
Seattle,2017-01-19,12,9.0,Trump 1.0
Seattle,2017-01-20,13,10.0,Trump 1.0
Seattle,2017-01-23,9,11.0,Trump 1.0
Seattle,2017-01-24,14,11.0,Trump 1.0
Seattle,2017-01-25,15,12.0,Trump 1.0
Seattle,2017-01-26,12,13.0,Trump 1.0
Seattle,2017-01-27,21,14.0,Trump 1.0
Seattle,2017-01-28,3,12.0,Trump 1.0
Seattle,2017-01-29,1,11.0,Trump 1.0
Seattle,2017-01-30,9,11.0,Trump 1.0
Seattle,2017-01-31,18,11.0,Trump 1.0
Seattle,2017-02-01,11,11.0,Trump 1.0
Seattle,2017-02-02,13,11.0,Trump 1.0
Seattle,2017-02-03,11,9.0,Trump 1.0
Seattle,2017-02-04,1,9.0,Trump 1.0
Seattle,2017-02-06,6,10.0,Trump 1.0
Seattle,2017-02-07,17,11.0,Trump 1.0
Seattle,2017-02-08,11,10.0,Trump 1.0
Seattle,2017-02-09,9,10.0,Trump 1.0
Seattle,2017-02-10,19,11.0,Trump 1.0
Seattle,2017-02-12,3,9.0,Trump 1.0
Seattle,2017-02-13,13,11.0,Trump 1.0
Seattle,2017-02-14,8,11.0,Trump 1.0
Seattle,2017-02-15,18,12.0,Trump 1.0
Seattle,2017-02-16,8,11.0,Trump 1.0
Seattle,2017-02-17,18,12.0,Trump 1.0
Seattle,2017-02-19,1,10.0,Trump 1.0
Seattle,2017-02-20,1,10.0,Trump 1.0
Seattle,2017-02-21,19,10.0,Trump 1.0
Seattle,2017-02-22,9,11.0,Trump 1.0
Seattle,2017-02-23,10,9.0,Trump 1.0
Seattle,2017-02-24,28,12.0,Trump 1.0
Seattle,2017-02-27,10,11.0,Trump 1.0
Seattle,2017-02-28,7,12.0,Trump 1.0
Seattle,2017-03-01,20,15.0,Trump 1.0
Seattle,2017-03-02,15,14.0,Trump 1.0
Seattle,2017-03-03,15,15.0,Trump 1.0
Seattle,2017-03-04,1,14.0,Trump 1.0
Seattle,2017-03-06,26,13.0,Trump 1.0
Seattle,2017-03-07,13,14.0,Trump 1.0
Seattle,2017-03-08,8,14.0,Trump 1.0
Seattle,2017-03-09,10,13.0,Trump 1.0
Seattle,2017-03-10,11,12.0,Trump 1.0
Seattle,2017-03-12,1,10.0,Trump 1.0
Seattle,2017-03-13,14,12.0,Trump 1.0
Seattle,2017-03-14,20,11.0,Trump 1.0
Seattle,2017-03-15,16,11.0,Trump 1.0
Seattle,2017-03-16,17,13.0,Trump 1.0
Seattle,2017-03-17,11,13.0,Trump 1.0
Seattle,2017-03-20,17,14.0,Trump 1.0
Seattle,2017-03-21,10,15.0,Trump 1.0
Seattle,2017-03-22,8,14.0,Trump 1.0
Seattle,2017-03-23,10,13.0,Trump 1.0
Seattle,2017-03-24,20,13.0,Trump 1.0
Seattle,2017-03-25,20,14.0,Trump 1.0
Seattle,2017-03-26,20,15.0,Trump 1.0
Seattle,2017-03-27,27,16.0,Trump 1.0
Seattle,2017-03-28,12,17.0,Trump 1.0
Seattle,2017-03-29,9,17.0,Trump 1.0
Seattle,2017-03-30,15,18.0,Trump 1.0
Seattle,2017-03-31,15,17.0,Trump 1.0
Seattle,2017-04-03,16,16.0,Trump 1.0
Seattle,2017-04-04,14,15.0,Trump 1.0
Seattle,2017-04-05,9,13.0,Trump 1.0
Seattle,2017-04-06,7,12.0,Trump 1.0
Seattle,2017-04-07,13,13.0,Trump 1.0
Seattle,2017-04-09,1,11.0,Trump 1.0
Seattle,2017-04-10,12,10.0,Trump 1.0
Seattle,2017-04-11,13,10.0,Trump 1.0
Seattle,2017-04-12,15,10.0,Trump 1.0
Seattle,2017-04-13,9,10.0,Trump 1.0
Seattle,2017-04-14,10,10.0,Trump 1.0
Seattle,2017-04-15,1,9.0,Trump 1.0
Seattle,2017-04-17,10,10.0,Trump 1.0
Seattle,2017-04-18,15,10.0,Trump 1.0
Seattle,2017-04-19,12,10.0,Trump 1.0
Seattle,2017-04-20,10,10.0,Trump 1.0
Seattle,2017-04-21,12,10.0,Trump 1.0
Seattle,2017-04-22,1,9.0,Trump 1.0
Seattle,2017-04-23,1,9.0,Trump 1.0
Seattle,2017-04-24,10,9.0,Trump 1.0
Seattle,2017-04-25,13,8.0,Trump 1.0
Seattle,2017-04-26,9,8.0,Trump 1.0
Seattle,2017-04-27,12,8.0,Trump 1.0
Seattle,2017-04-28,13,8.0,Trump 1.0
Seattle,2017-04-30,1,8.0,Trump 1.0
Seattle,2017-05-01,9,10.0,Trump 1.0
Seattle,2017-05-02,10,10.0,Trump 1.0
Seattle,2017-05-03,10,9.0,Trump 1.0
Seattle,2017-05-04,10,9.0,Trump 1.0
Seattle,2017-05-05,14,10.0,Trump 1.0
Seattle,2017-05-06,1,8.0,Trump 1.0
Seattle,2017-05-08,28,12.0,Trump 1.0
Seattle,2017-05-09,11,12.0,Trump 1.0
Seattle,2017-05-10,7,12.0,Trump 1.0
Seattle,2017-05-11,7,11.0,Trump 1.0
Seattle,2017-05-12,20,13.0,Trump 1.0
Seattle,2017-05-15,15,13.0,Trump 1.0
Seattle,2017-05-16,14,15.0,Trump 1.0
Seattle,2017-05-17,9,12.0,Trump 1.0
Seattle,2017-05-18,14,12.0,Trump 1.0
Seattle,2017-05-19,12,13.0,Trump 1.0
Seattle,2017-05-20,1,12.0,Trump 1.0
Seattle,2017-05-22,17,12.0,Trump 1.0
Seattle,2017-05-23,19,12.0,Trump 1.0
Seattle,2017-05-24,15,12.0,Trump 1.0
Seattle,2017-05-25,8,12.0,Trump 1.0
Seattle,2017-05-26,9,12.0,Trump 1.0
Seattle,2017-05-27,1,10.0,Trump 1.0
Seattle,2017-05-30,10,11.0,Trump 1.0
Seattle,2017-05-31,21,12.0,Trump 1.0
Seattle,2017-06-01,11,11.0,Trump 1.0
Seattle,2017-06-02,13,10.0,Trump 1.0
Seattle,2017-06-05,18,12.0,Trump 1.0
Seattle,2017-06-06,17,13.0,Trump 1.0
Seattle,2017-06-07,12,15.0,Trump 1.0
Seattle,2017-06-08,13,15.0,Trump 1.0
Seattle,2017-06-09,11,14.0,Trump 1.0
Seattle,2017-06-12,15,14.0,Trump 1.0
Seattle,2017-06-13,9,14.0,Trump 1.0
Seattle,2017-06-14,7,12.0,Trump 1.0
Seattle,2017-06-15,14,12.0,Trump 1.0
Seattle,2017-06-16,6,11.0,Trump 1.0
Seattle,2017-06-19,12,11.0,Trump 1.0
Seattle,2017-06-20,8,10.0,Trump 1.0
Seattle,2017-06-21,5,9.0,Trump 1.0
Seattle,2017-06-22,10,9.0,Trump 1.0
Seattle,2017-06-23,13,10.0,Trump 1.0
Seattle,2017-06-24,1,8.0,Trump 1.0
Seattle,2017-06-26,15,9.0,Trump 1.0
Seattle,2017-06-27,11,9.0,Trump 1.0
Seattle,2017-06-28,10,9.0,Trump 1.0
Seattle,2017-06-29,14,11.0,Trump 1.0
Seattle,2017-06-30,15,11.0,Trump 1.0
Seattle,2017-07-01,1,10.0,Trump 1.0
Seattle,2017-07-02,1,10.0,Trump 1.0
Seattle,2017-07-03,10,9.0,Trump 1.0
Seattle,2017-07-05,7,8.0,Trump 1.0
Seattle,2017-07-06,12,9.0,Trump 1.0
Seattle,2017-07-07,13,8.0,Trump 1.0
Seattle,2017-07-08,1,6.0,Trump 1.0
Seattle,2017-07-09,1,6.0,Trump 1.0
Seattle,2017-07-10,13,8.0,Trump 1.0
Seattle,2017-07-11,17,9.0,Trump 1.0
Seattle,2017-07-12,11,10.0,Trump 1.0
Seattle,2017-07-13,14,10.0,Trump 1.0
Seattle,2017-07-14,15,10.0,Trump 1.0
Seattle,2017-07-15,2,10.0,Trump 1.0
Seattle,2017-07-17,7,11.0,Trump 1.0
Seattle,2017-07-18,5,10.0,Trump 1.0
Seattle,2017-07-19,6,9.0,Trump 1.0
Seattle,2017-07-20,21,10.0,Trump 1.0
Seattle,2017-07-21,13,10.0,Trump 1.0
Seattle,2017-07-22,2,8.0,Trump 1.0
Seattle,2017-07-23,5,8.0,Trump 1.0
Seattle,2017-07-24,23,11.0,Trump 1.0
Seattle,2017-07-25,18,13.0,Trump 1.0
Seattle,2017-07-26,16,14.0,Trump 1.0
Seattle,2017-07-27,14,13.0,Trump 1.0
Seattle,2017-07-28,15,13.0,Trump 1.0
Seattle,2017-07-30,1,13.0,Trump 1.0
Seattle,2017-07-31,20,15.0,Trump 1.0
Seattle,2017-08-01,5,13.0,Trump 1.0
Seattle,2017-08-02,10,12.0,Trump 1.0
Seattle,2017-08-03,6,10.0,Trump 1.0
Seattle,2017-08-04,14,10.0,Trump 1.0
Seattle,2017-08-05,2,8.0,Trump 1.0
Seattle,2017-08-07,14,10.0,Trump 1.0
Seattle,2017-08-08,9,9.0,Trump 1.0
Seattle,2017-08-09,10,9.0,Trump 1.0
Seattle,2017-08-10,10,9.0,Trump 1.0
Seattle,2017-08-11,15,11.0,Trump 1.0
Seattle,2017-08-13,1,9.0,Trump 1.0
Seattle,2017-08-14,15,11.0,Trump 1.0
Seattle,2017-08-15,13,10.0,Trump 1.0
Seattle,2017-08-16,14,11.0,Trump 1.0
Seattle,2017-08-17,13,12.0,Trump 1.0
Seattle,2017-08-18,7,11.0,Trump 1.0
Seattle,2017-08-19,3,9.0,Trump 1.0
Seattle,2017-08-21,15,11.0,Trump 1.0
Seattle,2017-08-22,13,11.0,Trump 1.0
Seattle,2017-08-23,16,12.0,Trump 1.0
Seattle,2017-08-24,11,11.0,Trump 1.0
Seattle,2017-08-25,10,11.0,Trump 1.0
Seattle,2017-08-28,9,11.0,Trump 1.0
Seattle,2017-08-29,6,11.0,Trump 1.0
Seattle,2017-08-30,11,11.0,Trump 1.0
Seattle,2017-08-31,15,11.0,Trump 1.0
Seattle,2017-09-01,6,10.0,Trump 1.0
Seattle,2017-09-04,1,8.0,Trump 1.0
Seattle,2017-09-05,11,8.0,Trump 1.0
Seattle,2017-09-06,13,9.0,Trump 1.0
Seattle,2017-09-07,20,11.0,Trump 1.0
Seattle,2017-09-08,8,11.0,Trump 1.0
Seattle,2017-09-11,15,11.0,Trump 1.0
Seattle,2017-09-12,15,12.0,Trump 1.0
Seattle,2017-09-13,18,14.0,Trump 1.0
Seattle,2017-09-14,10,14.0,Trump 1.0
Seattle,2017-09-15,9,14.0,Trump 1.0
Seattle,2017-09-16,2,11.0,Trump 1.0
Seattle,2017-09-18,18,12.0,Trump 1.0
Seattle,2017-09-19,13,12.0,Trump 1.0
Seattle,2017-09-20,17,12.0,Trump 1.0
Seattle,2017-09-21,6,11.0,Trump 1.0
Seattle,2017-09-22,12,11.0,Trump 1.0
Seattle,2017-09-24,6,11.0,Trump 1.0
Seattle,2017-09-25,17,13.0,Trump 1.0
Seattle,2017-09-26,23,13.0,Trump 1.0
Seattle,2017-09-27,15,14.0,Trump 1.0
Seattle,2017-09-28,17,14.0,Trump 1.0
Seattle,2017-09-29,8,14.0,Trump 1.0
Seattle,2017-10-02,8,13.0,Trump 1.0
Seattle,2017-10-03,9,14.0,Trump 1.0
Seattle,2017-10-04,14,13.0,Trump 1.0
Seattle,2017-10-05,12,12.0,Trump 1.0
Seattle,2017-10-06,10,11.0,Trump 1.0
Seattle,2017-10-10,9,10.0,Trump 1.0
Seattle,2017-10-11,5,10.0,Trump 1.0
Seattle,2017-10-12,8,10.0,Trump 1.0
Seattle,2017-10-13,15,10.0,Trump 1.0
Seattle,2017-10-14,1,9.0,Trump 1.0
Seattle,2017-10-15,1,7.0,Trump 1.0
Seattle,2017-10-16,9,7.0,Trump 1.0
Seattle,2017-10-17,11,7.0,Trump 1.0
Seattle,2017-10-18,11,8.0,Trump 1.0
Seattle,2017-10-19,17,9.0,Trump 1.0
Seattle,2017-10-20,13,9.0,Trump 1.0
Seattle,2017-10-23,15,11.0,Trump 1.0
Seattle,2017-10-24,7,12.0,Trump 1.0
Seattle,2017-10-25,5,11.0,Trump 1.0
Seattle,2017-10-26,14,12.0,Trump 1.0
Seattle,2017-10-27,9,11.0,Trump 1.0
Seattle,2017-10-30,11,11.0,Trump 1.0
Seattle,2017-10-31,8,10.0,Trump 1.0
Seattle,2017-11-01,12,9.0,Trump 1.0
Seattle,2017-11-02,15,11.0,Trump 1.0
Seattle,2017-11-03,16,12.0,Trump 1.0
Seattle,2017-11-04,2,10.0,Trump 1.0
Seattle,2017-11-06,17,12.0,Trump 1.0
Seattle,2017-11-07,15,12.0,Trump 1.0
Seattle,2017-11-08,11,13.0,Trump 1.0
Seattle,2017-11-09,16,13.0,Trump 1.0
Seattle,2017-11-11,2,11.0,Trump 1.0
Seattle,2017-11-12,2,9.0,Trump 1.0
Seattle,2017-11-13,9,10.0,Trump 1.0
Seattle,2017-11-14,12,10.0,Trump 1.0
Seattle,2017-11-15,7,8.0,Trump 1.0
Seattle,2017-11-16,11,8.0,Trump 1.0
Seattle,2017-11-17,14,8.0,Trump 1.0
Seattle,2017-11-18,1,8.0,Trump 1.0
Seattle,2017-11-20,11,9.0,Trump 1.0
Seattle,2017-11-21,13,10.0,Trump 1.0
Seattle,2017-11-22,9,9.0,Trump 1.0
Seattle,2017-11-23,1,9.0,Trump 1.0
Seattle,2017-11-24,6,8.0,Trump 1.0
Seattle,2017-11-27,7,7.0,Trump 1.0
Seattle,2017-11-28,16,9.0,Trump 1.0
Seattle,2017-11-29,9,9.0,Trump 1.0
Seattle,2017-11-30,11,8.0,Trump 1.0
Seattle,2017-12-01,14,9.0,Trump 1.0
Seattle,2017-12-02,2,9.0,Trump 1.0
Seattle,2017-12-04,12,10.0,Trump 1.0
Seattle,2017-12-05,10,11.0,Trump 1.0
Seattle,2017-12-06,13,10.0,Trump 1.0
Seattle,2017-12-07,10,10.0,Trump 1.0
Seattle,2017-12-08,8,10.0,Trump 1.0
Seattle,2017-12-09,2,8.0,Trump 1.0
Seattle,2017-12-11,7,9.0,Trump 1.0
Seattle,2017-12-12,18,10.0,Trump 1.0
Seattle,2017-12-13,13,10.0,Trump 1.0
Seattle,2017-12-14,14,10.0,Trump 1.0
Seattle,2017-12-15,9,10.0,Trump 1.0
Seattle,2017-12-16,2,9.0,Trump 1.0
Seattle,2017-12-18,6,10.0,Trump 1.0
Seattle,2017-12-19,16,11.0,Trump 1.0
Seattle,2017-12-20,15,11.0,Trump 1.0
Seattle,2017-12-21,12,11.0,Trump 1.0
Seattle,2017-12-22,6,9.0,Trump 1.0
Seattle,2017-12-23,1,8.0,Trump 1.0
Seattle,2017-12-25,1,8.0,Trump 1.0
Seattle,2017-12-26,8,8.0,Trump 1.0
Seattle,2017-12-27,8,7.0,Trump 1.0
Seattle,2017-12-28,8,6.0,Trump 1.0
Seattle,2017-12-29,11,6.0,Trump 1.0
Seattle,2017-12-31,1,5.0,Trump 1.0
Seattle,2018-01-02,9,7.0,Trump 1.0
Seattle,2018-01-03,17,9.0,Trump 1.0
Seattle,2018-01-04,10,9.0,Trump 1.0
Seattle,2018-01-05,20,11.0,Trump 1.0
Seattle,2018-01-06,1,10.0,Trump 1.0
Seattle,2018-01-08,11,10.0,Trump 1.0
Seattle,2018-01-09,17,12.0,Trump 1.0
Seattle,2018-01-10,16,13.0,Trump 1.0
Seattle,2018-01-11,20,14.0,Trump 1.0
Seattle,2018-01-12,19,15.0,Trump 1.0
Seattle,2018-01-14,2,12.0,Trump 1.0
Seattle,2018-01-16,14,14.0,Trump 1.0
Seattle,2018-01-17,12,14.0,Trump 1.0
Seattle,2018-01-18,14,14.0,Trump 1.0
Seattle,2018-01-19,14,14.0,Trump 1.0
Seattle,2018-01-22,15,13.0,Trump 1.0
Seattle,2018-01-23,10,12.0,Trump 1.0
Seattle,2018-01-24,17,14.0,Trump 1.0
Seattle,2018-01-25,10,13.0,Trump 1.0
Seattle,2018-01-26,8,13.0,Trump 1.0
Seattle,2018-01-27,1,11.0,Trump 1.0
Seattle,2018-01-28,1,9.0,Trump 1.0
Seattle,2018-01-29,10,8.0,Trump 1.0
Seattle,2018-01-30,17,9.0,Trump 1.0
Seattle,2018-01-31,12,8.0,Trump 1.0
Seattle,2018-02-01,17,9.0,Trump 1.0
Seattle,2018-02-02,14,10.0,Trump 1.0
Seattle,2018-02-03,2,10.0,Trump 1.0
Seattle,2018-02-04,3,11.0,Trump 1.0
Seattle,2018-02-05,10,11.0,Trump 1.0
Seattle,2018-02-06,21,11.0,Trump 1.0
Seattle,2018-02-07,7,11.0,Trump 1.0
Seattle,2018-02-08,21,11.0,Trump 1.0
Seattle,2018-02-09,13,11.0,Trump 1.0
Seattle,2018-02-10,1,11.0,Trump 1.0
Seattle,2018-02-11,4,11.0,Trump 1.0
Seattle,2018-02-12,11,11.0,Trump 1.0
Seattle,2018-02-13,10,10.0,Trump 1.0
Seattle,2018-02-14,17,11.0,Trump 1.0
Seattle,2018-02-15,11,10.0,Trump 1.0
Seattle,2018-02-16,15,10.0,Trump 1.0
Seattle,2018-02-17,1,10.0,Trump 1.0
Seattle,2018-02-18,1,9.0,Trump 1.0
Seattle,2018-02-20,14,10.0,Trump 1.0
Seattle,2018-02-21,18,11.0,Trump 1.0
Seattle,2018-02-22,10,10.0,Trump 1.0
Seattle,2018-02-23,10,10.0,Trump 1.0
Seattle,2018-02-24,1,8.0,Trump 1.0
Seattle,2018-02-25,3,8.0,Trump 1.0
Seattle,2018-02-26,10,9.0,Trump 1.0
Seattle,2018-02-27,7,8.0,Trump 1.0
Seattle,2018-02-28,13,8.0,Trump 1.0
Seattle,2018-03-01,17,9.0,Trump 1.0
Seattle,2018-03-02,10,9.0,Trump 1.0
Seattle,2018-03-05,14,11.0,Trump 1.0
Seattle,2018-03-06,9,11.0,Trump 1.0
Seattle,2018-03-07,11,12.0,Trump 1.0
Seattle,2018-03-08,10,12.0,Trump 1.0
Seattle,2018-03-09,15,12.0,Trump 1.0
Seattle,2018-03-11,1,10.0,Trump 1.0
Seattle,2018-03-12,11,10.0,Trump 1.0
Seattle,2018-03-13,6,9.0,Trump 1.0
Seattle,2018-03-14,12,9.0,Trump 1.0
Seattle,2018-03-15,6,9.0,Trump 1.0
Seattle,2018-03-16,12,9.0,Trump 1.0
Seattle,2018-03-17,1,7.0,Trump 1.0
Seattle,2018-03-19,7,8.0,Trump 1.0
Seattle,2018-03-20,11,8.0,Trump 1.0
Seattle,2018-03-21,8,8.0,Trump 1.0
Seattle,2018-03-22,10,8.0,Trump 1.0
Seattle,2018-03-23,9,8.0,Trump 1.0
Seattle,2018-03-26,19,9.0,Trump 1.0
Seattle,2018-03-27,8,10.0,Trump 1.0
Seattle,2018-03-28,12,11.0,Trump 1.0
Seattle,2018-03-29,7,10.0,Trump 1.0
Seattle,2018-03-30,12,11.0,Trump 1.0
Seattle,2018-03-31,1,10.0,Trump 1.0
Seattle,2018-04-01,1,9.0,Trump 1.0
Seattle,2018-04-02,15,8.0,Trump 1.0
Seattle,2018-04-03,13,9.0,Trump 1.0
Seattle,2018-04-04,17,9.0,Trump 1.0
Seattle,2018-04-05,13,10.0,Trump 1.0
Seattle,2018-04-06,14,11.0,Trump 1.0
Seattle,2018-04-07,3,11.0,Trump 1.0
Seattle,2018-04-09,6,12.0,Trump 1.0
Seattle,2018-04-10,12,11.0,Trump 1.0
Seattle,2018-04-11,11,11.0,Trump 1.0
Seattle,2018-04-12,7,9.0,Trump 1.0
Seattle,2018-04-13,11,9.0,Trump 1.0
Seattle,2018-04-14,1,7.0,Trump 1.0
Seattle,2018-04-16,8,8.0,Trump 1.0
Seattle,2018-04-17,13,9.0,Trump 1.0
Seattle,2018-04-18,7,8.0,Trump 1.0
Seattle,2018-04-19,14,9.0,Trump 1.0
Seattle,2018-04-20,10,9.0,Trump 1.0
Seattle,2018-04-21,1,8.0,Trump 1.0
Seattle,2018-04-23,9,9.0,Trump 1.0
Seattle,2018-04-24,20,11.0,Trump 1.0
Seattle,2018-04-25,12,10.0,Trump 1.0
Seattle,2018-04-26,14,11.0,Trump 1.0
Seattle,2018-04-27,4,10.0,Trump 1.0
Seattle,2018-04-29,1,9.0,Trump 1.0
Seattle,2018-04-30,13,10.0,Trump 1.0
Seattle,2018-05-01,13,11.0,Trump 1.0
Seattle,2018-05-02,16,10.0,Trump 1.0
Seattle,2018-05-03,20,12.0,Trump 1.0
Seattle,2018-05-04,8,11.0,Trump 1.0
Seattle,2018-05-05,1,10.0,Trump 1.0
Seattle,2018-05-07,15,12.0,Trump 1.0
Seattle,2018-05-08,21,13.0,Trump 1.0
Seattle,2018-05-09,12,13.0,Trump 1.0
Seattle,2018-05-10,11,13.0,Trump 1.0
Seattle,2018-05-11,13,12.0,Trump 1.0
Seattle,2018-05-12,3,11.0,Trump 1.0
Seattle,2018-05-14,10,12.0,Trump 1.0
Seattle,2018-05-15,14,12.0,Trump 1.0
Seattle,2018-05-16,16,11.0,Trump 1.0
Seattle,2018-05-17,7,11.0,Trump 1.0
Seattle,2018-05-18,9,10.0,Trump 1.0
Seattle,2018-05-21,7,9.0,Trump 1.0
Seattle,2018-05-22,17,11.0,Trump 1.0
Seattle,2018-05-23,12,12.0,Trump 1.0
Seattle,2018-05-24,14,12.0,Trump 1.0
Seattle,2018-05-25,8,11.0,Trump 1.0
Seattle,2018-05-27,1,10.0,Trump 1.0
Seattle,2018-05-29,14,10.0,Trump 1.0
Seattle,2018-05-30,11,11.0,Trump 1.0
Seattle,2018-05-31,7,10.0,Trump 1.0
Seattle,2018-06-01,13,10.0,Trump 1.0
Seattle,2018-06-04,11,9.0,Trump 1.0
Seattle,2018-06-05,13,10.0,Trump 1.0
Seattle,2018-06-06,4,10.0,Trump 1.0
Seattle,2018-06-07,7,9.0,Trump 1.0
Seattle,2018-06-08,6,9.0,Trump 1.0
Seattle,2018-06-09,1,8.0,Trump 1.0
Seattle,2018-06-11,10,7.0,Trump 1.0
Seattle,2018-06-12,7,7.0,Trump 1.0
Seattle,2018-06-13,11,7.0,Trump 1.0
Seattle,2018-06-14,6,7.0,Trump 1.0
Seattle,2018-06-15,8,7.0,Trump 1.0
Seattle,2018-06-18,7,7.0,Trump 1.0
Seattle,2018-06-19,10,8.0,Trump 1.0
Seattle,2018-06-20,5,8.0,Trump 1.0
Seattle,2018-06-21,5,7.0,Trump 1.0
Seattle,2018-06-22,7,7.0,Trump 1.0
Seattle,2018-06-23,1,6.0,Trump 1.0
Seattle,2018-06-25,5,6.0,Trump 1.0
Seattle,2018-06-26,9,6.0,Trump 1.0
Seattle,2018-06-27,12,6.0,Trump 1.0
Seattle,2018-06-28,10,7.0,Trump 1.0
Seattle,2018-06-29,7,7.0,Trump 1.0
Seattle,2018-07-02,7,7.0,Trump 1.0
Seattle,2018-07-03,10,9.0,Trump 1.0
Seattle,2018-07-04,1,8.0,Trump 1.0
Seattle,2018-07-05,12,8.0,Trump 1.0
Seattle,2018-07-06,5,7.0,Trump 1.0
Seattle,2018-07-09,7,7.0,Trump 1.0
Seattle,2018-07-10,15,8.0,Trump 1.0
Seattle,2018-07-11,10,9.0,Trump 1.0
Seattle,2018-07-12,11,9.0,Trump 1.0
Seattle,2018-07-13,7,10.0,Trump 1.0
Seattle,2018-07-16,5,9.0,Trump 1.0
Seattle,2018-07-17,12,10.0,Trump 1.0
Seattle,2018-07-18,11,10.0,Trump 1.0
Seattle,2018-07-19,11,10.0,Trump 1.0
Seattle,2018-07-20,10,10.0,Trump 1.0
Seattle,2018-07-23,13,10.0,Trump 1.0
Seattle,2018-07-24,20,12.0,Trump 1.0
Seattle,2018-07-25,12,13.0,Trump 1.0
Seattle,2018-07-26,8,12.0,Trump 1.0
Seattle,2018-07-27,4,11.0,Trump 1.0
Seattle,2018-07-30,12,11.0,Trump 1.0
Seattle,2018-07-31,7,11.0,Trump 1.0
Seattle,2018-08-01,16,11.0,Trump 1.0
Seattle,2018-08-02,9,10.0,Trump 1.0
Seattle,2018-08-03,8,9.0,Trump 1.0
Seattle,2018-08-04,1,8.0,Trump 1.0
Seattle,2018-08-05,2,8.0,Trump 1.0
Seattle,2018-08-06,11,8.0,Trump 1.0
Seattle,2018-08-07,12,8.0,Trump 1.0
Seattle,2018-08-08,13,8.0,Trump 1.0
Seattle,2018-08-09,10,8.0,Trump 1.0
Seattle,2018-08-10,10,8.0,Trump 1.0
Seattle,2018-08-13,11,10.0,Trump 1.0
Seattle,2018-08-14,10,11.0,Trump 1.0
Seattle,2018-08-15,10,11.0,Trump 1.0
Seattle,2018-08-16,13,11.0,Trump 1.0
Seattle,2018-08-17,8,10.0,Trump 1.0
Seattle,2018-08-19,1,9.0,Trump 1.0
Seattle,2018-08-20,5,8.0,Trump 1.0
Seattle,2018-08-21,7,8.0,Trump 1.0
Seattle,2018-08-22,17,9.0,Trump 1.0
Seattle,2018-08-23,10,9.0,Trump 1.0
Seattle,2018-08-24,4,7.0,Trump 1.0
Seattle,2018-08-25,1,6.0,Trump 1.0
Seattle,2018-08-27,11,8.0,Trump 1.0
Seattle,2018-08-28,8,8.0,Trump 1.0
Seattle,2018-08-29,8,8.0,Trump 1.0
Seattle,2018-08-30,10,7.0,Trump 1.0
Seattle,2018-08-31,1,6.0,Trump 1.0
Seattle,2018-09-03,1,6.0,Trump 1.0
Seattle,2018-09-04,5,6.0,Trump 1.0
Seattle,2018-09-05,2,5.0,Trump 1.0
Seattle,2018-09-06,10,5.0,Trump 1.0
Seattle,2018-09-07,8,5.0,Trump 1.0
Seattle,2018-09-10,16,6.0,Trump 1.0
Seattle,2018-09-11,6,7.0,Trump 1.0
Seattle,2018-09-12,5,7.0,Trump 1.0
Seattle,2018-09-13,7,8.0,Trump 1.0
Seattle,2018-09-14,14,9.0,Trump 1.0
Seattle,2018-09-15,1,8.0,Trump 1.0
Seattle,2018-09-17,28,11.0,Trump 1.0
Seattle,2018-09-18,20,12.0,Trump 1.0
Seattle,2018-09-19,16,13.0,Trump 1.0
Seattle,2018-09-20,23,16.0,Trump 1.0
Seattle,2018-09-21,10,16.0,Trump 1.0
Seattle,2018-09-22,2,14.0,Trump 1.0
Seattle,2018-09-24,16,16.0,Trump 1.0
Seattle,2018-09-25,11,14.0,Trump 1.0
Seattle,2018-09-26,12,13.0,Trump 1.0
Seattle,2018-09-27,2,11.0,Trump 1.0
Seattle,2018-09-28,9,9.0,Trump 1.0
Seattle,2018-09-29,1,8.0,Trump 1.0
Seattle,2018-09-30,2,8.0,Trump 1.0
St. Paul,2015-10-01,10,7.0,Trump 1.0
St. Paul,2015-10-02,6,6.0,Trump 1.0
St. Paul,2015-10-05,7,5.0,Trump 1.0
St. Paul,2015-10-06,9,6.0,Trump 1.0
St. Paul,2015-10-07,5,6.0,Trump 1.0
St. Paul,2015-10-08,6,6.0,Trump 1.0
St. Paul,2015-10-09,5,7.0,Trump 1.0
St. Paul,2015-10-13,16,8.0,Trump 1.0
St. Paul,2015-10-14,6,8.0,Trump 1.0
St. Paul,2015-10-15,6,8.0,Trump 1.0
St. Paul,2015-10-16,8,7.0,Trump 1.0
St. Paul,2015-10-19,6,8.0,Trump 1.0
St. Paul,2015-10-20,6,8.0,Trump 1.0
St. Paul,2015-10-21,7,8.0,Trump 1.0
St. Paul,2015-10-22,7,7.0,Trump 1.0
St. Paul,2015-10-23,7,7.0,Trump 1.0
St. Paul,2015-10-26,5,7.0,Trump 1.0
St. Paul,2015-10-27,10,7.0,Trump 1.0
St. Paul,2015-10-28,7,7.0,Trump 1.0
St. Paul,2015-10-29,6,7.0,Trump 1.0
St. Paul,2015-10-30,9,7.0,Trump 1.0
St. Paul,2015-11-01,1,6.0,Trump 1.0
St. Paul,2015-11-02,15,8.0,Trump 1.0
St. Paul,2015-11-03,6,8.0,Trump 1.0
St. Paul,2015-11-04,11,8.0,Trump 1.0
St. Paul,2015-11-05,6,8.0,Trump 1.0
St. Paul,2015-11-06,6,8.0,Trump 1.0
St. Paul,2015-11-09,5,7.0,Trump 1.0
St. Paul,2015-11-10,8,8.0,Trump 1.0
St. Paul,2015-11-11,1,6.0,Trump 1.0
St. Paul,2015-11-12,4,6.0,Trump 1.0
St. Paul,2015-11-13,9,6.0,Trump 1.0
St. Paul,2015-11-16,9,6.0,Trump 1.0
St. Paul,2015-11-17,10,7.0,Trump 1.0
St. Paul,2015-11-18,7,7.0,Trump 1.0
St. Paul,2015-11-19,8,7.0,Trump 1.0
St. Paul,2015-11-20,7,8.0,Trump 1.0
St. Paul,2015-11-23,7,8.0,Trump 1.0
St. Paul,2015-11-24,8,8.0,Trump 1.0
St. Paul,2015-11-25,7,8.0,Trump 1.0
St. Paul,2015-11-27,4,7.0,Trump 1.0
St. Paul,2015-11-30,4,6.0,Trump 1.0
St. Paul,2015-12-01,7,6.0,Trump 1.0
St. Paul,2015-12-02,2,6.0,Trump 1.0
St. Paul,2015-12-03,7,6.0,Trump 1.0
St. Paul,2015-12-04,5,5.0,Trump 1.0
St. Paul,2015-12-07,9,5.0,Trump 1.0
St. Paul,2015-12-08,14,7.0,Trump 1.0
St. Paul,2015-12-09,9,8.0,Trump 1.0
St. Paul,2015-12-10,8,8.0,Trump 1.0
St. Paul,2015-12-11,4,8.0,Trump 1.0
St. Paul,2015-12-14,12,9.0,Trump 1.0
St. Paul,2015-12-15,14,10.0,Trump 1.0
St. Paul,2015-12-16,8,10.0,Trump 1.0
St. Paul,2015-12-17,15,10.0,Trump 1.0
St. Paul,2015-12-18,6,10.0,Trump 1.0
St. Paul,2015-12-19,1,9.0,Trump 1.0
St. Paul,2015-12-20,1,8.0,Trump 1.0
St. Paul,2015-12-21,15,9.0,Trump 1.0
St. Paul,2015-12-22,2,7.0,Trump 1.0
St. Paul,2015-12-23,7,7.0,Trump 1.0
St. Paul,2015-12-24,4,5.0,Trump 1.0
St. Paul,2015-12-28,2,5.0,Trump 1.0
St. Paul,2015-12-29,4,5.0,Trump 1.0
St. Paul,2015-12-30,5,6.0,Trump 1.0
St. Paul,2015-12-31,2,4.0,Trump 1.0
St. Paul,2016-01-02,1,4.0,Trump 1.0
St. Paul,2016-01-04,4,3.0,Trump 1.0
St. Paul,2016-01-05,4,3.0,Trump 1.0
St. Paul,2016-01-06,8,4.0,Trump 1.0
St. Paul,2016-01-07,10,5.0,Trump 1.0
St. Paul,2016-01-08,6,5.0,Trump 1.0
St. Paul,2016-01-09,1,5.0,Trump 1.0
St. Paul,2016-01-11,4,5.0,Trump 1.0
St. Paul,2016-01-12,3,5.0,Trump 1.0
St. Paul,2016-01-13,8,6.0,Trump 1.0
St. Paul,2016-01-14,11,6.0,Trump 1.0
St. Paul,2016-01-15,7,6.0,Trump 1.0
St. Paul,2016-01-18,1,5.0,Trump 1.0
St. Paul,2016-01-19,4,5.0,Trump 1.0
St. Paul,2016-01-20,10,6.0,Trump 1.0
St. Paul,2016-01-21,10,7.0,Trump 1.0
St. Paul,2016-01-22,6,7.0,Trump 1.0
St. Paul,2016-01-25,10,7.0,Trump 1.0
St. Paul,2016-01-26,12,8.0,Trump 1.0
St. Paul,2016-01-27,9,9.0,Trump 1.0
St. Paul,2016-01-28,11,10.0,Trump 1.0
St. Paul,2016-01-29,10,10.0,Trump 1.0
St. Paul,2016-01-31,1,8.0,Trump 1.0
St. Paul,2016-02-01,17,10.0,Trump 1.0
St. Paul,2016-02-02,1,9.0,Trump 1.0
St. Paul,2016-02-03,3,7.0,Trump 1.0
St. Paul,2016-02-04,15,8.0,Trump 1.0
St. Paul,2016-02-05,6,8.0,Trump 1.0
St. Paul,2016-02-08,10,8.0,Trump 1.0
St. Paul,2016-02-09,7,8.0,Trump 1.0
St. Paul,2016-02-10,10,7.0,Trump 1.0
St. Paul,2016-02-11,6,8.0,Trump 1.0
St. Paul,2016-02-12,6,9.0,Trump 1.0
St. Paul,2016-02-14,2,7.0,Trump 1.0
St. Paul,2016-02-16,7,7.0,Trump 1.0
St. Paul,2016-02-17,9,7.0,Trump 1.0
St. Paul,2016-02-18,10,7.0,Trump 1.0
St. Paul,2016-02-19,6,7.0,Trump 1.0
St. Paul,2016-02-22,9,7.0,Trump 1.0
St. Paul,2016-02-23,5,7.0,Trump 1.0
St. Paul,2016-02-24,3,7.0,Trump 1.0
St. Paul,2016-02-25,14,8.0,Trump 1.0
St. Paul,2016-02-26,7,8.0,Trump 1.0
St. Paul,2016-02-29,11,8.0,Trump 1.0
St. Paul,2016-03-01,21,10.0,Trump 1.0
St. Paul,2016-03-02,7,10.0,Trump 1.0
St. Paul,2016-03-03,10,10.0,Trump 1.0
St. Paul,2016-03-05,1,10.0,Trump 1.0
St. Paul,2016-03-07,13,10.0,Trump 1.0
St. Paul,2016-03-08,6,10.0,Trump 1.0
St. Paul,2016-03-09,5,9.0,Trump 1.0
St. Paul,2016-03-10,9,7.0,Trump 1.0
St. Paul,2016-03-11,8,7.0,Trump 1.0
St. Paul,2016-03-14,13,8.0,Trump 1.0
St. Paul,2016-03-15,12,9.0,Trump 1.0
St. Paul,2016-03-16,13,9.0,Trump 1.0
St. Paul,2016-03-17,12,10.0,Trump 1.0
St. Paul,2016-03-18,4,10.0,Trump 1.0
St. Paul,2016-03-21,7,10.0,Trump 1.0
St. Paul,2016-03-22,7,10.0,Trump 1.0
St. Paul,2016-03-23,5,9.0,Trump 1.0
St. Paul,2016-03-24,8,8.0,Trump 1.0
St. Paul,2016-03-25,5,7.0,Trump 1.0
St. Paul,2016-03-27,1,5.0,Trump 1.0
St. Paul,2016-03-28,13,7.0,Trump 1.0
St. Paul,2016-03-29,8,7.0,Trump 1.0
St. Paul,2016-03-30,12,7.0,Trump 1.0
St. Paul,2016-03-31,13,9.0,Trump 1.0
St. Paul,2016-04-01,8,9.0,Trump 1.0
St. Paul,2016-04-02,1,8.0,Trump 1.0
St. Paul,2016-04-03,1,8.0,Trump 1.0
St. Paul,2016-04-04,10,8.0,Trump 1.0
St. Paul,2016-04-05,7,7.0,Trump 1.0
St. Paul,2016-04-06,13,8.0,Trump 1.0
St. Paul,2016-04-07,4,6.0,Trump 1.0
St. Paul,2016-04-08,13,7.0,Trump 1.0
St. Paul,2016-04-09,1,7.0,Trump 1.0
St. Paul,2016-04-11,11,8.0,Trump 1.0
St. Paul,2016-04-12,12,9.0,Trump 1.0
St. Paul,2016-04-13,5,8.0,Trump 1.0
St. Paul,2016-04-14,14,9.0,Trump 1.0
St. Paul,2016-04-15,11,10.0,Trump 1.0
St. Paul,2016-04-17,1,8.0,Trump 1.0
St. Paul,2016-04-18,11,9.0,Trump 1.0
St. Paul,2016-04-19,10,9.0,Trump 1.0
St. Paul,2016-04-20,4,8.0,Trump 1.0
St. Paul,2016-04-21,8,8.0,Trump 1.0
St. Paul,2016-04-22,6,7.0,Trump 1.0
St. Paul,2016-04-25,14,8.0,Trump 1.0
St. Paul,2016-04-26,10,9.0,Trump 1.0
St. Paul,2016-04-27,7,8.0,Trump 1.0
St. Paul,2016-04-28,12,9.0,Trump 1.0
St. Paul,2016-04-29,7,9.0,Trump 1.0
St. Paul,2016-05-02,13,10.0,Trump 1.0
St. Paul,2016-05-03,10,10.0,Trump 1.0
St. Paul,2016-05-04,5,9.0,Trump 1.0
St. Paul,2016-05-05,10,9.0,Trump 1.0
St. Paul,2016-05-06,4,9.0,Trump 1.0
St. Paul,2016-05-08,1,7.0,Trump 1.0
St. Paul,2016-05-09,9,7.0,Trump 1.0
St. Paul,2016-05-10,7,7.0,Trump 1.0
St. Paul,2016-05-11,6,6.0,Trump 1.0
St. Paul,2016-05-12,7,6.0,Trump 1.0
St. Paul,2016-05-13,10,6.0,Trump 1.0
St. Paul,2016-05-15,2,6.0,Trump 1.0
St. Paul,2016-05-16,6,7.0,Trump 1.0
St. Paul,2016-05-17,13,7.0,Trump 1.0
St. Paul,2016-05-18,21,9.0,Trump 1.0
St. Paul,2016-05-19,14,10.0,Trump 1.0
St. Paul,2016-05-20,8,11.0,Trump 1.0
St. Paul,2016-05-23,11,11.0,Trump 1.0
St. Paul,2016-05-24,10,12.0,Trump 1.0
St. Paul,2016-05-25,8,12.0,Trump 1.0
St. Paul,2016-05-26,9,12.0,Trump 1.0
St. Paul,2016-05-27,8,10.0,Trump 1.0
St. Paul,2016-05-31,7,9.0,Trump 1.0
St. Paul,2016-06-01,14,10.0,Trump 1.0
St. Paul,2016-06-02,8,9.0,Trump 1.0
St. Paul,2016-06-03,7,9.0,Trump 1.0
St. Paul,2016-06-04,2,8.0,Trump 1.0
St. Paul,2016-06-06,10,8.0,Trump 1.0
St. Paul,2016-06-07,18,9.0,Trump 1.0
St. Paul,2016-06-08,12,10.0,Trump 1.0
St. Paul,2016-06-09,10,10.0,Trump 1.0
St. Paul,2016-06-10,5,9.0,Trump 1.0
St. Paul,2016-06-11,1,8.0,Trump 1.0
St. Paul,2016-06-13,11,10.0,Trump 1.0
St. Paul,2016-06-14,11,10.0,Trump 1.0
St. Paul,2016-06-15,6,8.0,Trump 1.0
St. Paul,2016-06-16,5,7.0,Trump 1.0
St. Paul,2016-06-17,12,7.0,Trump 1.0
St. Paul,2016-06-20,15,9.0,Trump 1.0
St. Paul,2016-06-21,9,10.0,Trump 1.0
St. Paul,2016-06-22,10,10.0,Trump 1.0
St. Paul,2016-06-23,8,9.0,Trump 1.0
St. Paul,2016-06-24,2,9.0,Trump 1.0
St. Paul,2016-06-27,16,10.0,Trump 1.0
St. Paul,2016-06-28,10,10.0,Trump 1.0
St. Paul,2016-06-29,10,9.0,Trump 1.0
St. Paul,2016-06-30,3,8.0,Trump 1.0
St. Paul,2016-07-01,9,8.0,Trump 1.0
St. Paul,2016-07-02,1,7.0,Trump 1.0
St. Paul,2016-07-05,3,7.0,Trump 1.0
St. Paul,2016-07-06,11,7.0,Trump 1.0
St. Paul,2016-07-07,5,6.0,Trump 1.0
St. Paul,2016-07-08,10,6.0,Trump 1.0
St. Paul,2016-07-09,1,6.0,Trump 1.0
St. Paul,2016-07-11,17,7.0,Trump 1.0
St. Paul,2016-07-12,7,8.0,Trump 1.0
St. Paul,2016-07-13,12,9.0,Trump 1.0
St. Paul,2016-07-14,13,9.0,Trump 1.0
St. Paul,2016-07-15,12,10.0,Trump 1.0
St. Paul,2016-07-16,1,9.0,Trump 1.0
St. Paul,2016-07-18,9,10.0,Trump 1.0
St. Paul,2016-07-19,27,12.0,Trump 1.0
St. Paul,2016-07-20,25,14.0,Trump 1.0
St. Paul,2016-07-21,26,16.0,Trump 1.0
St. Paul,2016-07-22,9,16.0,Trump 1.0
St. Paul,2016-07-23,1,14.0,Trump 1.0
St. Paul,2016-07-25,12,16.0,Trump 1.0
St. Paul,2016-07-26,9,16.0,Trump 1.0
St. Paul,2016-07-27,12,13.0,Trump 1.0
St. Paul,2016-07-28,9,11.0,Trump 1.0
St. Paul,2016-07-29,13,9.0,Trump 1.0
St. Paul,2016-07-30,1,8.0,Trump 1.0
St. Paul,2016-07-31,1,8.0,Trump 1.0
St. Paul,2016-08-01,17,9.0,Trump 1.0
St. Paul,2016-08-02,11,9.0,Trump 1.0
St. Paul,2016-08-03,12,9.0,Trump 1.0
St. Paul,2016-08-04,17,10.0,Trump 1.0
St. Paul,2016-08-05,2,9.0,Trump 1.0
St. Paul,2016-08-06,1,9.0,Trump 1.0
St. Paul,2016-08-08,17,11.0,Trump 1.0
St. Paul,2016-08-09,13,10.0,Trump 1.0
St. Paul,2016-08-10,10,10.0,Trump 1.0
St. Paul,2016-08-11,6,9.0,Trump 1.0
St. Paul,2016-08-12,9,8.0,Trump 1.0
St. Paul,2016-08-15,9,9.0,Trump 1.0
St. Paul,2016-08-16,10,11.0,Trump 1.0
St. Paul,2016-08-17,13,10.0,Trump 1.0
St. Paul,2016-08-18,17,11.0,Trump 1.0
St. Paul,2016-08-19,9,10.0,Trump 1.0
St. Paul,2016-08-22,13,11.0,Trump 1.0
St. Paul,2016-08-23,12,12.0,Trump 1.0
St. Paul,2016-08-24,4,11.0,Trump 1.0
St. Paul,2016-08-25,11,11.0,Trump 1.0
St. Paul,2016-08-26,10,11.0,Trump 1.0
St. Paul,2016-08-29,15,11.0,Trump 1.0
St. Paul,2016-08-30,10,11.0,Trump 1.0
St. Paul,2016-08-31,12,11.0,Trump 1.0
St. Paul,2016-09-01,18,11.0,Trump 1.0
St. Paul,2016-09-02,9,12.0,Trump 1.0
St. Paul,2016-09-06,6,11.0,Trump 1.0
St. Paul,2016-09-07,17,12.0,Trump 1.0
St. Paul,2016-09-08,12,12.0,Trump 1.0
St. Paul,2016-09-09,6,11.0,Trump 1.0
St. Paul,2016-09-10,1,10.0,Trump 1.0
St. Paul,2016-09-12,12,9.0,Trump 1.0
St. Paul,2016-09-13,12,9.0,Trump 1.0
St. Paul,2016-09-14,9,10.0,Trump 1.0
St. Paul,2016-09-15,18,10.0,Trump 1.0
St. Paul,2016-09-16,4,9.0,Trump 1.0
St. Paul,2016-09-17,1,8.0,Trump 1.0
St. Paul,2016-09-19,14,10.0,Trump 1.0
St. Paul,2016-09-20,11,10.0,Trump 1.0
St. Paul,2016-09-21,12,10.0,Trump 1.0
St. Paul,2016-09-22,18,11.0,Trump 1.0
St. Paul,2016-09-23,6,9.0,Trump 1.0
St. Paul,2016-09-25,1,9.0,Trump 1.0
St. Paul,2016-09-26,12,11.0,Trump 1.0
St. Paul,2016-09-27,9,10.0,Trump 1.0
St. Paul,2016-09-28,16,11.0,Trump 1.0
St. Paul,2016-09-29,8,10.0,Trump 1.0
St. Paul,2016-09-30,8,9.0,Trump 1.0
St. Paul,2016-10-03,16,10.0,Trump 1.0
St. Paul,2016-10-04,20,13.0,Trump 1.0
St. Paul,2016-10-05,11,13.0,Trump 1.0
St. Paul,2016-10-06,13,13.0,Trump 1.0
St. Paul,2016-10-07,13,13.0,Trump 1.0
St. Paul,2016-10-08,1,12.0,Trump 1.0
St. Paul,2016-10-09,1,11.0,Trump 1.0
St. Paul,2016-10-10,2,9.0,Trump 1.0
St. Paul,2016-10-11,18,8.0,Trump 1.0
St. Paul,2016-10-12,11,8.0,Trump 1.0
St. Paul,2016-10-13,6,7.0,Trump 1.0
St. Paul,2016-10-14,7,7.0,Trump 1.0
St. Paul,2016-10-17,10,8.0,Trump 1.0
St. Paul,2016-10-18,12,9.0,Trump 1.0
St. Paul,2016-10-19,13,11.0,Trump 1.0
St. Paul,2016-10-20,16,11.0,Trump 1.0
St. Paul,2016-10-21,16,11.0,Trump 1.0
St. Paul,2016-10-24,14,13.0,Trump 1.0
St. Paul,2016-10-25,10,13.0,Trump 1.0
St. Paul,2016-10-26,12,13.0,Trump 1.0
St. Paul,2016-10-27,16,14.0,Trump 1.0
St. Paul,2016-10-28,7,13.0,Trump 1.0
St. Paul,2016-10-31,10,12.0,Trump 1.0
St. Paul,2016-11-01,10,11.0,Trump 1.0
St. Paul,2016-11-02,6,10.0,Trump 1.0
St. Paul,2016-11-03,19,11.0,Trump 1.0
St. Paul,2016-11-04,14,12.0,Trump 1.0
St. Paul,2016-11-07,11,11.0,Trump 1.0
St. Paul,2016-11-08,10,11.0,Trump 1.0
St. Paul,2016-11-09,8,11.0,Trump 1.0
St. Paul,2016-11-10,9,11.0,Trump 1.0
St. Paul,2016-11-14,10,12.0,Trump 1.0
St. Paul,2016-11-15,13,11.0,Trump 1.0
St. Paul,2016-11-16,9,10.0,Trump 1.0
St. Paul,2016-11-17,21,11.0,Trump 1.0
St. Paul,2016-11-18,6,11.0,Trump 1.0
St. Paul,2016-11-20,1,10.0,Trump 1.0
St. Paul,2016-11-21,15,11.0,Trump 1.0
St. Paul,2016-11-22,11,11.0,Trump 1.0
St. Paul,2016-11-23,12,11.0,Trump 1.0
St. Paul,2016-11-25,8,11.0,Trump 1.0
St. Paul,2016-11-26,2,8.0,Trump 1.0
St. Paul,2016-11-28,9,8.0,Trump 1.0
St. Paul,2016-11-29,10,10.0,Trump 1.0
St. Paul,2016-11-30,12,9.0,Trump 1.0
St. Paul,2016-12-01,11,9.0,Trump 1.0
St. Paul,2016-12-02,18,10.0,Trump 1.0
St. Paul,2016-12-03,2,9.0,Trump 1.0
St. Paul,2016-12-05,14,11.0,Trump 1.0
St. Paul,2016-12-06,14,12.0,Trump 1.0
St. Paul,2016-12-07,11,12.0,Trump 1.0
St. Paul,2016-12-08,7,11.0,Trump 1.0
St. Paul,2016-12-09,13,11.0,Trump 1.0
St. Paul,2016-12-12,13,11.0,Trump 1.0
St. Paul,2016-12-13,8,11.0,Trump 1.0
St. Paul,2016-12-14,15,12.0,Trump 1.0
St. Paul,2016-12-15,15,12.0,Trump 1.0
St. Paul,2016-12-16,5,11.0,Trump 1.0
St. Paul,2016-12-18,1,10.0,Trump 1.0
St. Paul,2016-12-19,12,10.0,Trump 1.0
St. Paul,2016-12-20,10,9.0,Trump 1.0
St. Paul,2016-12-21,8,9.0,Trump 1.0
St. Paul,2016-12-22,12,9.0,Trump 1.0
St. Paul,2016-12-23,7,8.0,Trump 1.0
St. Paul,2016-12-27,8,8.0,Trump 1.0
St. Paul,2016-12-28,8,9.0,Trump 1.0
St. Paul,2016-12-29,8,9.0,Trump 1.0
St. Paul,2016-12-30,6,8.0,Trump 1.0
St. Paul,2017-01-03,13,9.0,Trump 1.0
St. Paul,2017-01-04,12,9.0,Trump 1.0
St. Paul,2017-01-05,21,11.0,Trump 1.0
St. Paul,2017-01-06,6,11.0,Trump 1.0
St. Paul,2017-01-09,10,11.0,Trump 1.0
St. Paul,2017-01-10,13,12.0,Trump 1.0
St. Paul,2017-01-11,7,12.0,Trump 1.0
St. Paul,2017-01-12,11,11.0,Trump 1.0
St. Paul,2017-01-13,8,11.0,Trump 1.0
St. Paul,2017-01-17,6,9.0,Trump 1.0
St. Paul,2017-01-18,9,9.0,Trump 1.0
St. Paul,2017-01-19,15,10.0,Trump 1.0
St. Paul,2017-01-20,14,10.0,Trump 1.0
St. Paul,2017-01-22,1,9.0,Trump 1.0
St. Paul,2017-01-23,16,10.0,Trump 1.0
St. Paul,2017-01-24,9,10.0,Trump 1.0
St. Paul,2017-01-25,15,11.0,Trump 1.0
St. Paul,2017-01-26,14,12.0,Trump 1.0
St. Paul,2017-01-27,10,11.0,Trump 1.0
St. Paul,2017-01-28,2,10.0,Trump 1.0
St. Paul,2017-01-30,14,11.0,Trump 1.0
St. Paul,2017-01-31,14,11.0,Trump 1.0
St. Paul,2017-02-01,11,11.0,Trump 1.0
St. Paul,2017-02-02,19,12.0,Trump 1.0
St. Paul,2017-02-03,16,12.0,Trump 1.0
St. Paul,2017-02-06,8,12.0,Trump 1.0
St. Paul,2017-02-07,15,14.0,Trump 1.0
St. Paul,2017-02-08,9,13.0,Trump 1.0
St. Paul,2017-02-09,12,13.0,Trump 1.0
St. Paul,2017-02-10,13,13.0,Trump 1.0
St. Paul,2017-02-12,5,11.0,Trump 1.0
St. Paul,2017-02-13,18,11.0,Trump 1.0
St. Paul,2017-02-14,15,12.0,Trump 1.0
St. Paul,2017-02-15,11,12.0,Trump 1.0
St. Paul,2017-02-16,13,12.0,Trump 1.0
St. Paul,2017-02-17,7,12.0,Trump 1.0
St. Paul,2017-02-18,1,10.0,Trump 1.0
St. Paul,2017-02-19,2,10.0,Trump 1.0
St. Paul,2017-02-21,22,10.0,Trump 1.0
St. Paul,2017-02-22,8,9.0,Trump 1.0
St. Paul,2017-02-23,19,10.0,Trump 1.0
St. Paul,2017-02-24,10,10.0,Trump 1.0
St. Paul,2017-02-27,20,12.0,Trump 1.0
St. Paul,2017-02-28,18,14.0,Trump 1.0
St. Paul,2017-03-01,14,16.0,Trump 1.0
St. Paul,2017-03-02,20,16.0,Trump 1.0
St. Paul,2017-03-03,19,17.0,Trump 1.0
St. Paul,2017-03-06,19,17.0,Trump 1.0
St. Paul,2017-03-07,30,20.0,Trump 1.0
St. Paul,2017-03-08,38,23.0,Trump 1.0
St. Paul,2017-03-09,33,25.0,Trump 1.0
St. Paul,2017-03-10,14,25.0,Trump 1.0
St. Paul,2017-03-12,1,22.0,Trump 1.0
St. Paul,2017-03-13,19,22.0,Trump 1.0
St. Paul,2017-03-14,19,22.0,Trump 1.0
St. Paul,2017-03-15,12,19.0,Trump 1.0
St. Paul,2017-03-16,21,17.0,Trump 1.0
St. Paul,2017-03-17,9,14.0,Trump 1.0
St. Paul,2017-03-18,4,12.0,Trump 1.0
St. Paul,2017-03-20,10,13.0,Trump 1.0
St. Paul,2017-03-21,16,13.0,Trump 1.0
St. Paul,2017-03-22,22,13.0,Trump 1.0
St. Paul,2017-03-23,16,14.0,Trump 1.0
St. Paul,2017-03-24,8,12.0,Trump 1.0
St. Paul,2017-03-25,1,11.0,Trump 1.0
St. Paul,2017-03-26,1,11.0,Trump 1.0
St. Paul,2017-03-27,8,10.0,Trump 1.0
St. Paul,2017-03-28,20,11.0,Trump 1.0
St. Paul,2017-03-29,21,11.0,Trump 1.0
St. Paul,2017-03-30,11,10.0,Trump 1.0
St. Paul,2017-03-31,11,10.0,Trump 1.0
St. Paul,2017-04-02,3,11.0,Trump 1.0
St. Paul,2017-04-03,9,12.0,Trump 1.0
St. Paul,2017-04-04,15,13.0,Trump 1.0
St. Paul,2017-04-05,15,12.0,Trump 1.0
St. Paul,2017-04-06,16,11.0,Trump 1.0
St. Paul,2017-04-07,10,11.0,Trump 1.0
St. Paul,2017-04-10,21,13.0,Trump 1.0
St. Paul,2017-04-11,12,14.0,Trump 1.0
St. Paul,2017-04-12,20,16.0,Trump 1.0
St. Paul,2017-04-13,20,16.0,Trump 1.0
St. Paul,2017-04-14,13,16.0,Trump 1.0
St. Paul,2017-04-15,2,14.0,Trump 1.0
St. Paul,2017-04-17,12,14.0,Trump 1.0
St. Paul,2017-04-18,20,14.0,Trump 1.0
St. Paul,2017-04-19,10,14.0,Trump 1.0
St. Paul,2017-04-20,16,13.0,Trump 1.0
St. Paul,2017-04-21,16,13.0,Trump 1.0
St. Paul,2017-04-24,27,15.0,Trump 1.0
St. Paul,2017-04-25,16,17.0,Trump 1.0
St. Paul,2017-04-26,20,18.0,Trump 1.0
St. Paul,2017-04-27,15,17.0,Trump 1.0
St. Paul,2017-04-28,14,18.0,Trump 1.0
St. Paul,2017-05-01,23,19.0,Trump 1.0
St. Paul,2017-05-02,20,19.0,Trump 1.0
St. Paul,2017-05-03,26,19.0,Trump 1.0
St. Paul,2017-05-04,20,20.0,Trump 1.0
St. Paul,2017-05-05,13,19.0,Trump 1.0
St. Paul,2017-05-08,19,19.0,Trump 1.0
St. Paul,2017-05-09,20,20.0,Trump 1.0
St. Paul,2017-05-10,19,20.0,Trump 1.0
St. Paul,2017-05-11,14,19.0,Trump 1.0
St. Paul,2017-05-12,17,17.0,Trump 1.0
St. Paul,2017-05-13,1,15.0,Trump 1.0
St. Paul,2017-05-14,2,13.0,Trump 1.0
St. Paul,2017-05-15,19,13.0,Trump 1.0
St. Paul,2017-05-16,20,13.0,Trump 1.0
St. Paul,2017-05-17,17,13.0,Trump 1.0
St. Paul,2017-05-18,17,13.0,Trump 1.0
St. Paul,2017-05-19,11,12.0,Trump 1.0
St. Paul,2017-05-21,1,12.0,Trump 1.0
St. Paul,2017-05-22,21,15.0,Trump 1.0
St. Paul,2017-05-23,16,15.0,Trump 1.0
St. Paul,2017-05-24,18,14.0,Trump 1.0
St. Paul,2017-05-25,16,14.0,Trump 1.0
St. Paul,2017-05-26,4,12.0,Trump 1.0
St. Paul,2017-05-27,3,11.0,Trump 1.0
St. Paul,2017-05-28,2,11.0,Trump 1.0
St. Paul,2017-05-30,27,12.0,Trump 1.0
St. Paul,2017-05-31,17,12.0,Trump 1.0
St. Paul,2017-06-01,21,13.0,Trump 1.0
St. Paul,2017-06-02,20,13.0,Trump 1.0
St. Paul,2017-06-03,2,13.0,Trump 1.0
St. Paul,2017-06-05,31,17.0,Trump 1.0
St. Paul,2017-06-06,14,19.0,Trump 1.0
St. Paul,2017-06-07,23,18.0,Trump 1.0
St. Paul,2017-06-08,13,18.0,Trump 1.0
St. Paul,2017-06-09,13,17.0,Trump 1.0
St. Paul,2017-06-10,2,14.0,Trump 1.0
St. Paul,2017-06-11,1,14.0,Trump 1.0
St. Paul,2017-06-12,17,12.0,Trump 1.0
St. Paul,2017-06-13,20,13.0,Trump 1.0
St. Paul,2017-06-14,25,13.0,Trump 1.0
St. Paul,2017-06-15,26,15.0,Trump 1.0
St. Paul,2017-06-16,9,14.0,Trump 1.0
St. Paul,2017-06-17,2,14.0,Trump 1.0
St. Paul,2017-06-18,1,14.0,Trump 1.0
St. Paul,2017-06-19,14,14.0,Trump 1.0
St. Paul,2017-06-20,10,12.0,Trump 1.0
St. Paul,2017-06-21,15,11.0,Trump 1.0
St. Paul,2017-06-22,6,8.0,Trump 1.0
St. Paul,2017-06-23,10,8.0,Trump 1.0
St. Paul,2017-06-24,1,8.0,Trump 1.0
St. Paul,2017-06-25,1,8.0,Trump 1.0
St. Paul,2017-06-26,11,8.0,Trump 1.0
St. Paul,2017-06-27,7,7.0,Trump 1.0
St. Paul,2017-06-28,26,9.0,Trump 1.0
St. Paul,2017-06-29,14,10.0,Trump 1.0
St. Paul,2017-06-30,10,10.0,Trump 1.0
St. Paul,2017-07-01,1,10.0,Trump 1.0
St. Paul,2017-07-02,2,10.0,Trump 1.0
St. Paul,2017-07-03,19,11.0,Trump 1.0
St. Paul,2017-07-05,12,12.0,Trump 1.0
St. Paul,2017-07-06,20,11.0,Trump 1.0
St. Paul,2017-07-07,17,12.0,Trump 1.0
St. Paul,2017-07-10,15,12.0,Trump 1.0
St. Paul,2017-07-11,15,14.0,Trump 1.0
St. Paul,2017-07-12,21,17.0,Trump 1.0
St. Paul,2017-07-13,8,15.0,Trump 1.0
St. Paul,2017-07-14,16,16.0,Trump 1.0
St. Paul,2017-07-15,5,14.0,Trump 1.0
St. Paul,2017-07-17,20,14.0,Trump 1.0
St. Paul,2017-07-18,19,15.0,Trump 1.0
St. Paul,2017-07-19,17,15.0,Trump 1.0
St. Paul,2017-07-20,20,15.0,Trump 1.0
St. Paul,2017-07-21,12,16.0,Trump 1.0
St. Paul,2017-07-23,4,14.0,Trump 1.0
St. Paul,2017-07-24,15,15.0,Trump 1.0
St. Paul,2017-07-25,16,15.0,Trump 1.0
St. Paul,2017-07-26,13,14.0,Trump 1.0
St. Paul,2017-07-27,17,14.0,Trump 1.0
St. Paul,2017-07-28,15,13.0,Trump 1.0
St. Paul,2017-07-29,1,12.0,Trump 1.0
St. Paul,2017-07-31,22,14.0,Trump 1.0
St. Paul,2017-08-01,18,15.0,Trump 1.0
St. Paul,2017-08-02,25,16.0,Trump 1.0
St. Paul,2017-08-03,12,16.0,Trump 1.0
St. Paul,2017-08-04,13,15.0,Trump 1.0
St. Paul,2017-08-07,20,16.0,Trump 1.0
St. Paul,2017-08-08,23,19.0,Trump 1.0
St. Paul,2017-08-09,22,19.0,Trump 1.0
St. Paul,2017-08-10,25,20.0,Trump 1.0
St. Paul,2017-08-11,8,18.0,Trump 1.0
St. Paul,2017-08-12,1,16.0,Trump 1.0
St. Paul,2017-08-14,16,16.0,Trump 1.0
St. Paul,2017-08-15,20,16.0,Trump 1.0
St. Paul,2017-08-16,21,16.0,Trump 1.0
St. Paul,2017-08-17,18,16.0,Trump 1.0
St. Paul,2017-08-18,17,14.0,Trump 1.0
St. Paul,2017-08-19,3,14.0,Trump 1.0
St. Paul,2017-08-20,2,14.0,Trump 1.0
St. Paul,2017-08-21,19,14.0,Trump 1.0
St. Paul,2017-08-22,20,14.0,Trump 1.0
St. Paul,2017-08-23,19,14.0,Trump 1.0
St. Paul,2017-08-24,21,14.0,Trump 1.0
St. Paul,2017-08-25,24,15.0,Trump 1.0
St. Paul,2017-08-26,1,15.0,Trump 1.0
St. Paul,2017-08-28,16,17.0,Trump 1.0
St. Paul,2017-08-29,19,17.0,Trump 1.0
St. Paul,2017-08-30,17,17.0,Trump 1.0
St. Paul,2017-08-31,8,15.0,Trump 1.0
St. Paul,2017-09-01,16,14.0,Trump 1.0
St. Paul,2017-09-04,5,12.0,Trump 1.0
St. Paul,2017-09-05,33,16.0,Trump 1.0
St. Paul,2017-09-06,21,17.0,Trump 1.0
St. Paul,2017-09-07,24,18.0,Trump 1.0
St. Paul,2017-09-08,14,17.0,Trump 1.0
St. Paul,2017-09-09,2,16.0,Trump 1.0
St. Paul,2017-09-10,1,14.0,Trump 1.0
St. Paul,2017-09-11,19,16.0,Trump 1.0
St. Paul,2017-09-12,16,14.0,Trump 1.0
St. Paul,2017-09-13,15,13.0,Trump 1.0
St. Paul,2017-09-14,9,11.0,Trump 1.0
St. Paul,2017-09-15,17,11.0,Trump 1.0
St. Paul,2017-09-16,2,11.0,Trump 1.0
St. Paul,2017-09-17,1,11.0,Trump 1.0
St. Paul,2017-09-18,24,12.0,Trump 1.0
St. Paul,2017-09-19,12,11.0,Trump 1.0
St. Paul,2017-09-20,25,13.0,Trump 1.0
St. Paul,2017-09-21,21,15.0,Trump 1.0
St. Paul,2017-09-22,17,15.0,Trump 1.0
St. Paul,2017-09-23,1,14.0,Trump 1.0
St. Paul,2017-09-25,11,16.0,Trump 1.0
St. Paul,2017-09-26,27,16.0,Trump 1.0
St. Paul,2017-09-27,17,17.0,Trump 1.0
St. Paul,2017-09-28,12,15.0,Trump 1.0
St. Paul,2017-09-29,13,14.0,Trump 1.0
St. Paul,2017-09-30,3,12.0,Trump 1.0
St. Paul,2017-10-02,21,15.0,Trump 1.0
St. Paul,2017-10-03,25,17.0,Trump 1.0
St. Paul,2017-10-04,23,16.0,Trump 1.0
St. Paul,2017-10-05,15,16.0,Trump 1.0
St. Paul,2017-10-06,23,18.0,Trump 1.0
St. Paul,2017-10-07,1,16.0,Trump 1.0
St. Paul,2017-10-08,1,16.0,Trump 1.0
St. Paul,2017-10-10,21,16.0,Trump 1.0
St. Paul,2017-10-11,18,15.0,Trump 1.0
St. Paul,2017-10-12,13,13.0,Trump 1.0
St. Paul,2017-10-13,17,13.0,Trump 1.0
St. Paul,2017-10-14,1,10.0,Trump 1.0
St. Paul,2017-10-16,15,12.0,Trump 1.0
St. Paul,2017-10-17,23,15.0,Trump 1.0
St. Paul,2017-10-18,18,15.0,Trump 1.0
St. Paul,2017-10-19,24,16.0,Trump 1.0
St. Paul,2017-10-20,7,15.0,Trump 1.0
St. Paul,2017-10-21,2,13.0,Trump 1.0
St. Paul,2017-10-22,2,13.0,Trump 1.0
St. Paul,2017-10-23,15,13.0,Trump 1.0
St. Paul,2017-10-24,18,12.0,Trump 1.0
St. Paul,2017-10-25,13,12.0,Trump 1.0
St. Paul,2017-10-26,17,11.0,Trump 1.0
St. Paul,2017-10-27,15,12.0,Trump 1.0
St. Paul,2017-10-29,1,12.0,Trump 1.0
St. Paul,2017-10-30,15,13.0,Trump 1.0
St. Paul,2017-10-31,18,14.0,Trump 1.0
St. Paul,2017-11-01,15,13.0,Trump 1.0
St. Paul,2017-11-02,24,15.0,Trump 1.0
St. Paul,2017-11-03,23,16.0,Trump 1.0
St. Paul,2017-11-04,1,14.0,Trump 1.0
St. Paul,2017-11-06,16,16.0,Trump 1.0
St. Paul,2017-11-07,17,16.0,Trump 1.0
St. Paul,2017-11-08,14,16.0,Trump 1.0
St. Paul,2017-11-09,17,16.0,Trump 1.0
St. Paul,2017-11-10,3,13.0,Trump 1.0
St. Paul,2017-11-13,18,12.0,Trump 1.0
St. Paul,2017-11-14,18,15.0,Trump 1.0
St. Paul,2017-11-15,19,15.0,Trump 1.0
St. Paul,2017-11-16,20,16.0,Trump 1.0
St. Paul,2017-11-17,16,16.0,Trump 1.0
St. Paul,2017-11-18,1,14.0,Trump 1.0
St. Paul,2017-11-20,31,18.0,Trump 1.0
St. Paul,2017-11-21,14,17.0,Trump 1.0
St. Paul,2017-11-22,13,16.0,Trump 1.0
St. Paul,2017-11-23,1,14.0,Trump 1.0
St. Paul,2017-11-24,11,12.0,Trump 1.0
St. Paul,2017-11-25,4,11.0,Trump 1.0
St. Paul,2017-11-26,1,11.0,Trump 1.0
St. Paul,2017-11-27,13,8.0,Trump 1.0
St. Paul,2017-11-28,19,9.0,Trump 1.0
St. Paul,2017-11-29,16,9.0,Trump 1.0
St. Paul,2017-11-30,19,12.0,Trump 1.0
St. Paul,2017-12-01,18,13.0,Trump 1.0
St. Paul,2017-12-04,11,14.0,Trump 1.0
St. Paul,2017-12-05,15,16.0,Trump 1.0
St. Paul,2017-12-06,26,18.0,Trump 1.0
St. Paul,2017-12-07,10,16.0,Trump 1.0
St. Paul,2017-12-08,8,15.0,Trump 1.0
St. Paul,2017-12-09,2,13.0,Trump 1.0
St. Paul,2017-12-10,1,10.0,Trump 1.0
St. Paul,2017-12-11,15,11.0,Trump 1.0
St. Paul,2017-12-12,15,11.0,Trump 1.0
St. Paul,2017-12-13,19,10.0,Trump 1.0
St. Paul,2017-12-14,19,11.0,Trump 1.0
St. Paul,2017-12-15,10,12.0,Trump 1.0
St. Paul,2017-12-17,1,11.0,Trump 1.0
St. Paul,2017-12-18,19,14.0,Trump 1.0
St. Paul,2017-12-19,17,14.0,Trump 1.0
St. Paul,2017-12-20,23,15.0,Trump 1.0
St. Paul,2017-12-21,13,15.0,Trump 1.0
St. Paul,2017-12-22,18,14.0,Trump 1.0
St. Paul,2017-12-23,1,13.0,Trump 1.0
St. Paul,2017-12-24,1,13.0,Trump 1.0
St. Paul,2017-12-25,1,11.0,Trump 1.0
St. Paul,2017-12-26,13,10.0,Trump 1.0
St. Paul,2017-12-27,10,8.0,Trump 1.0
St. Paul,2017-12-28,11,8.0,Trump 1.0
St. Paul,2017-12-29,14,7.0,Trump 1.0
St. Paul,2017-12-30,1,7.0,Trump 1.0
St. Paul,2018-01-02,24,11.0,Trump 1.0
St. Paul,2018-01-03,14,12.0,Trump 1.0
St. Paul,2018-01-04,19,13.0,Trump 1.0
St. Paul,2018-01-05,20,15.0,Trump 1.0
St. Paul,2018-01-06,1,13.0,Trump 1.0
St. Paul,2018-01-08,13,13.0,Trump 1.0
St. Paul,2018-01-09,18,16.0,Trump 1.0
St. Paul,2018-01-10,21,15.0,Trump 1.0
St. Paul,2018-01-11,4,14.0,Trump 1.0
St. Paul,2018-01-12,15,13.0,Trump 1.0
St. Paul,2018-01-13,1,10.0,Trump 1.0
St. Paul,2018-01-14,1,10.0,Trump 1.0
St. Paul,2018-01-15,1,9.0,Trump 1.0
St. Paul,2018-01-16,19,9.0,Trump 1.0
St. Paul,2018-01-17,16,8.0,Trump 1.0
St. Paul,2018-01-18,15,10.0,Trump 1.0
St. Paul,2018-01-19,16,10.0,Trump 1.0
St. Paul,2018-01-20,2,10.0,Trump 1.0
St. Paul,2018-01-21,2,10.0,Trump 1.0
St. Paul,2018-01-22,10,11.0,Trump 1.0
St. Paul,2018-01-23,20,12.0,Trump 1.0
St. Paul,2018-01-24,15,11.0,Trump 1.0
St. Paul,2018-01-25,14,11.0,Trump 1.0
St. Paul,2018-01-26,21,12.0,Trump 1.0
St. Paul,2018-01-29,17,14.0,Trump 1.0
St. Paul,2018-01-30,9,15.0,Trump 1.0
St. Paul,2018-01-31,16,16.0,Trump 1.0
St. Paul,2018-02-01,17,16.0,Trump 1.0
St. Paul,2018-02-02,13,15.0,Trump 1.0
St. Paul,2018-02-05,8,14.0,Trump 1.0
St. Paul,2018-02-06,18,14.0,Trump 1.0
St. Paul,2018-02-07,17,14.0,Trump 1.0
St. Paul,2018-02-08,16,15.0,Trump 1.0
St. Paul,2018-02-09,12,14.0,Trump 1.0
St. Paul,2018-02-10,2,12.0,Trump 1.0
St. Paul,2018-02-11,1,11.0,Trump 1.0
St. Paul,2018-02-12,14,11.0,Trump 1.0
St. Paul,2018-02-13,23,12.0,Trump 1.0
St. Paul,2018-02-14,23,13.0,Trump 1.0
St. Paul,2018-02-15,17,13.0,Trump 1.0
St. Paul,2018-02-16,15,14.0,Trump 1.0
St. Paul,2018-02-17,2,14.0,Trump 1.0
St. Paul,2018-02-18,2,14.0,Trump 1.0
St. Paul,2018-02-20,16,14.0,Trump 1.0
St. Paul,2018-02-21,30,15.0,Trump 1.0
St. Paul,2018-02-22,23,15.0,Trump 1.0
St. Paul,2018-02-23,10,14.0,Trump 1.0
St. Paul,2018-02-25,1,12.0,Trump 1.0
St. Paul,2018-02-26,21,15.0,Trump 1.0
St. Paul,2018-02-27,23,18.0,Trump 1.0
St. Paul,2018-02-28,15,18.0,Trump 1.0
St. Paul,2018-03-01,17,16.0,Trump 1.0
St. Paul,2018-03-02,12,14.0,Trump 1.0
St. Paul,2018-03-04,2,13.0,Trump 1.0
St. Paul,2018-03-05,23,16.0,Trump 1.0
St. Paul,2018-03-06,13,15.0,Trump 1.0
St. Paul,2018-03-07,19,14.0,Trump 1.0
St. Paul,2018-03-08,12,14.0,Trump 1.0
St. Paul,2018-03-09,12,13.0,Trump 1.0
St. Paul,2018-03-11,2,12.0,Trump 1.0
St. Paul,2018-03-12,33,16.0,Trump 1.0
St. Paul,2018-03-13,20,16.0,Trump 1.0
St. Paul,2018-03-14,10,15.0,Trump 1.0
St. Paul,2018-03-15,21,16.0,Trump 1.0
St. Paul,2018-03-16,18,17.0,Trump 1.0
St. Paul,2018-03-17,2,15.0,Trump 1.0
St. Paul,2018-03-18,1,15.0,Trump 1.0
St. Paul,2018-03-19,16,13.0,Trump 1.0
St. Paul,2018-03-20,15,12.0,Trump 1.0
St. Paul,2018-03-21,14,12.0,Trump 1.0
St. Paul,2018-03-22,16,12.0,Trump 1.0
St. Paul,2018-03-23,13,11.0,Trump 1.0
St. Paul,2018-03-24,2,11.0,Trump 1.0
St. Paul,2018-03-26,16,13.0,Trump 1.0
St. Paul,2018-03-27,17,13.0,Trump 1.0
St. Paul,2018-03-28,16,13.0,Trump 1.0
St. Paul,2018-03-29,11,13.0,Trump 1.0
St. Paul,2018-03-30,16,13.0,Trump 1.0
St. Paul,2018-03-31,3,12.0,Trump 1.0
St. Paul,2018-04-01,3,12.0,Trump 1.0
St. Paul,2018-04-02,21,12.0,Trump 1.0
St. Paul,2018-04-03,8,11.0,Trump 1.0
St. Paul,2018-04-04,14,11.0,Trump 1.0
St. Paul,2018-04-05,24,13.0,Trump 1.0
St. Paul,2018-04-06,17,13.0,Trump 1.0
St. Paul,2018-04-09,21,15.0,Trump 1.0
St. Paul,2018-04-10,16,17.0,Trump 1.0
St. Paul,2018-04-11,18,17.0,Trump 1.0
St. Paul,2018-04-12,12,17.0,Trump 1.0
St. Paul,2018-04-13,16,18.0,Trump 1.0
St. Paul,2018-04-14,3,15.0,Trump 1.0
St. Paul,2018-04-16,11,14.0,Trump 1.0
St. Paul,2018-04-17,14,13.0,Trump 1.0
St. Paul,2018-04-18,17,13.0,Trump 1.0
St. Paul,2018-04-19,15,13.0,Trump 1.0
St. Paul,2018-04-20,8,12.0,Trump 1.0
St. Paul,2018-04-23,18,12.0,Trump 1.0
St. Paul,2018-04-24,11,13.0,Trump 1.0
St. Paul,2018-04-25,8,13.0,Trump 1.0
St. Paul,2018-04-26,14,13.0,Trump 1.0
St. Paul,2018-04-27,9,12.0,Trump 1.0
St. Paul,2018-04-28,1,10.0,Trump 1.0
St. Paul,2018-04-30,11,10.0,Trump 1.0
St. Paul,2018-05-01,17,10.0,Trump 1.0
St. Paul,2018-05-02,21,12.0,Trump 1.0
St. Paul,2018-05-03,11,12.0,Trump 1.0
St. Paul,2018-05-04,19,13.0,Trump 1.0
St. Paul,2018-05-05,1,12.0,Trump 1.0
St. Paul,2018-05-06,9,13.0,Trump 1.0
St. Paul,2018-05-07,35,16.0,Trump 1.0
St. Paul,2018-05-08,27,18.0,Trump 1.0
St. Paul,2018-05-09,58,23.0,Trump 1.0
St. Paul,2018-05-10,19,24.0,Trump 1.0
St. Paul,2018-05-11,13,23.0,Trump 1.0
St. Paul,2018-05-12,2,23.0,Trump 1.0
St. Paul,2018-05-14,20,25.0,Trump 1.0
St. Paul,2018-05-15,17,22.0,Trump 1.0
St. Paul,2018-05-16,13,20.0,Trump 1.0
St. Paul,2018-05-17,8,13.0,Trump 1.0
St. Paul,2018-05-18,9,12.0,Trump 1.0
St. Paul,2018-05-19,2,10.0,Trump 1.0
St. Paul,2018-05-20,2,10.0,Trump 1.0
St. Paul,2018-05-21,22,10.0,Trump 1.0
St. Paul,2018-05-22,16,10.0,Trump 1.0
St. Paul,2018-05-23,11,10.0,Trump 1.0
St. Paul,2018-05-24,18,11.0,Trump 1.0
St. Paul,2018-05-25,8,11.0,Trump 1.0
St. Paul,2018-05-26,2,11.0,Trump 1.0
St. Paul,2018-05-28,1,11.0,Trump 1.0
St. Paul,2018-05-29,24,11.0,Trump 1.0
St. Paul,2018-05-30,14,11.0,Trump 1.0
St. Paul,2018-05-31,15,12.0,Trump 1.0
St. Paul,2018-06-01,17,12.0,Trump 1.0
St. Paul,2018-06-02,2,11.0,Trump 1.0
St. Paul,2018-06-03,1,11.0,Trump 1.0
St. Paul,2018-06-04,21,13.0,Trump 1.0
St. Paul,2018-06-05,17,12.0,Trump 1.0
St. Paul,2018-06-06,7,11.0,Trump 1.0
St. Paul,2018-06-07,24,13.0,Trump 1.0
St. Paul,2018-06-08,9,12.0,Trump 1.0
St. Paul,2018-06-09,1,11.0,Trump 1.0
St. Paul,2018-06-10,2,12.0,Trump 1.0
St. Paul,2018-06-11,19,11.0,Trump 1.0
St. Paul,2018-06-12,18,11.0,Trump 1.0
St. Paul,2018-06-13,15,13.0,Trump 1.0
St. Paul,2018-06-14,17,12.0,Trump 1.0
St. Paul,2018-06-15,18,13.0,Trump 1.0
St. Paul,2018-06-16,2,13.0,Trump 1.0
St. Paul,2018-06-18,23,16.0,Trump 1.0
St. Paul,2018-06-19,20,16.0,Trump 1.0
St. Paul,2018-06-20,19,16.0,Trump 1.0
St. Paul,2018-06-21,17,17.0,Trump 1.0
St. Paul,2018-06-22,12,16.0,Trump 1.0
St. Paul,2018-06-23,3,14.0,Trump 1.0
St. Paul,2018-06-24,6,14.0,Trump 1.0
St. Paul,2018-06-25,12,13.0,Trump 1.0
St. Paul,2018-06-26,19,13.0,Trump 1.0
St. Paul,2018-06-27,18,12.0,Trump 1.0
St. Paul,2018-06-28,13,12.0,Trump 1.0
St. Paul,2018-06-29,22,13.0,Trump 1.0
St. Paul,2018-06-30,1,13.0,Trump 1.0
St. Paul,2018-07-01,1,12.0,Trump 1.0
St. Paul,2018-07-02,10,12.0,Trump 1.0
St. Paul,2018-07-03,13,11.0,Trump 1.0
St. Paul,2018-07-05,13,10.0,Trump 1.0
St. Paul,2018-07-06,10,10.0,Trump 1.0
St. Paul,2018-07-07,5,8.0,Trump 1.0
St. Paul,2018-07-09,17,10.0,Trump 1.0
St. Paul,2018-07-10,19,12.0,Trump 1.0
St. Paul,2018-07-11,15,13.0,Trump 1.0
St. Paul,2018-07-12,24,15.0,Trump 1.0
St. Paul,2018-07-13,18,15.0,Trump 1.0
St. Paul,2018-07-14,2,14.0,Trump 1.0
St. Paul,2018-07-16,27,17.0,Trump 1.0
St. Paul,2018-07-17,20,18.0,Trump 1.0
St. Paul,2018-07-18,23,18.0,Trump 1.0
St. Paul,2018-07-19,18,19.0,Trump 1.0
St. Paul,2018-07-20,14,17.0,Trump 1.0
St. Paul,2018-07-21,1,15.0,Trump 1.0
St. Paul,2018-07-23,21,18.0,Trump 1.0
St. Paul,2018-07-24,18,16.0,Trump 1.0
St. Paul,2018-07-25,15,16.0,Trump 1.0
St. Paul,2018-07-26,18,15.0,Trump 1.0
St. Paul,2018-07-27,20,15.0,Trump 1.0
St. Paul,2018-07-28,3,14.0,Trump 1.0
St. Paul,2018-07-29,1,14.0,Trump 1.0
St. Paul,2018-07-30,22,14.0,Trump 1.0
St. Paul,2018-07-31,14,13.0,Trump 1.0
St. Paul,2018-08-01,17,14.0,Trump 1.0
St. Paul,2018-08-02,20,14.0,Trump 1.0
St. Paul,2018-08-03,15,13.0,Trump 1.0
St. Paul,2018-08-05,2,13.0,Trump 1.0
St. Paul,2018-08-06,17,15.0,Trump 1.0
St. Paul,2018-08-07,11,14.0,Trump 1.0
St. Paul,2018-08-08,20,15.0,Trump 1.0
St. Paul,2018-08-09,14,14.0,Trump 1.0
St. Paul,2018-08-10,13,13.0,Trump 1.0
St. Paul,2018-08-11,1,11.0,Trump 1.0
St. Paul,2018-08-12,2,11.0,Trump 1.0
St. Paul,2018-08-13,19,11.0,Trump 1.0
St. Paul,2018-08-14,11,11.0,Trump 1.0
St. Paul,2018-08-15,20,11.0,Trump 1.0
St. Paul,2018-08-16,18,12.0,Trump 1.0
St. Paul,2018-08-17,20,13.0,Trump 1.0
St. Paul,2018-08-19,2,13.0,Trump 1.0
St. Paul,2018-08-20,11,14.0,Trump 1.0
St. Paul,2018-08-21,12,13.0,Trump 1.0
St. Paul,2018-08-22,20,15.0,Trump 1.0
St. Paul,2018-08-23,12,14.0,Trump 1.0
St. Paul,2018-08-24,13,13.0,Trump 1.0
St. Paul,2018-08-26,1,10.0,Trump 1.0
St. Paul,2018-08-27,14,12.0,Trump 1.0
St. Paul,2018-08-28,16,13.0,Trump 1.0
St. Paul,2018-08-29,10,12.0,Trump 1.0
St. Paul,2018-08-30,19,12.0,Trump 1.0
St. Paul,2018-08-31,15,13.0,Trump 1.0
St. Paul,2018-09-03,2,11.0,Trump 1.0
St. Paul,2018-09-04,18,13.0,Trump 1.0
St. Paul,2018-09-05,12,13.0,Trump 1.0
St. Paul,2018-09-06,20,14.0,Trump 1.0
St. Paul,2018-09-07,10,14.0,Trump 1.0
St. Paul,2018-09-08,1,11.0,Trump 1.0
St. Paul,2018-09-10,14,11.0,Trump 1.0
St. Paul,2018-09-11,16,13.0,Trump 1.0
St. Paul,2018-09-12,10,12.0,Trump 1.0
St. Paul,2018-09-13,18,13.0,Trump 1.0
St. Paul,2018-09-14,10,11.0,Trump 1.0
St. Paul,2018-09-15,3,10.0,Trump 1.0
St. Paul,2018-09-16,4,11.0,Trump 1.0
St. Paul,2018-09-17,33,13.0,Trump 1.0
St. Paul,2018-09-18,18,14.0,Trump 1.0
St. Paul,2018-09-19,22,15.0,Trump 1.0
St. Paul,2018-09-20,16,15.0,Trump 1.0
St. Paul,2018-09-21,8,15.0,Trump 1.0
St. Paul,2018-09-22,2,15.0,Trump 1.0
St. Paul,2018-09-23,1,14.0,Trump 1.0
St. Paul,2018-09-24,16,12.0,Trump 1.0
St. Paul,2018-09-25,11,11.0,Trump 1.0
St. Paul,2018-09-26,10,9.0,Trump 1.0
St. Paul,2018-09-27,13,9.0,Trump 1.0
St. Paul,2018-09-28,16,10.0,Trump 1.0
St. Paul,2018-09-29,2,10.0,Trump 1.0
St. Paul,2018-09-30,3,10.0,Trump 1.0
Washington,2015-10-01,7,9.0,Trump 1.0
Washington,2015-10-02,12,9.0,Trump 1.0
Washington,2015-10-05,12,9.0,Trump 1.0
Washington,2015-10-06,9,9.0,Trump 1.0
Washington,2015-10-07,10,8.0,Trump 1.0
Washington,2015-10-08,7,9.0,Trump 1.0
Washington,2015-10-09,13,10.0,Trump 1.0
Washington,2015-10-10,1,9.0,Trump 1.0
Washington,2015-10-13,16,10.0,Trump 1.0
Washington,2015-10-14,9,9.0,Trump 1.0
Washington,2015-10-15,9,9.0,Trump 1.0
Washington,2015-10-16,13,10.0,Trump 1.0
Washington,2015-10-17,1,9.0,Trump 1.0
Washington,2015-10-19,9,8.0,Trump 1.0
Washington,2015-10-20,10,10.0,Trump 1.0
Washington,2015-10-21,11,9.0,Trump 1.0
Washington,2015-10-22,12,9.0,Trump 1.0
Washington,2015-10-23,15,10.0,Trump 1.0
Washington,2015-10-24,1,8.0,Trump 1.0
Washington,2015-10-25,1,8.0,Trump 1.0
Washington,2015-10-26,5,8.0,Trump 1.0
Washington,2015-10-27,8,8.0,Trump 1.0
Washington,2015-10-28,13,8.0,Trump 1.0
Washington,2015-10-29,9,7.0,Trump 1.0
Washington,2015-10-30,49,12.0,Trump 1.0
Washington,2015-11-02,26,16.0,Trump 1.0
Washington,2015-11-03,7,17.0,Trump 1.0
Washington,2015-11-04,12,18.0,Trump 1.0
Washington,2015-11-05,17,19.0,Trump 1.0
Washington,2015-11-06,11,19.0,Trump 1.0
Washington,2015-11-08,2,18.0,Trump 1.0
Washington,2015-11-09,20,14.0,Trump 1.0
Washington,2015-11-10,12,12.0,Trump 1.0
Washington,2015-11-12,13,12.0,Trump 1.0
Washington,2015-11-13,14,13.0,Trump 1.0
Washington,2015-11-16,12,12.0,Trump 1.0
Washington,2015-11-17,7,11.0,Trump 1.0
Washington,2015-11-18,12,13.0,Trump 1.0
Washington,2015-11-19,7,11.0,Trump 1.0
Washington,2015-11-20,16,12.0,Trump 1.0
Washington,2015-11-23,9,11.0,Trump 1.0
Washington,2015-11-24,13,11.0,Trump 1.0
Washington,2015-11-25,7,10.0,Trump 1.0
Washington,2015-11-27,4,10.0,Trump 1.0
Washington,2015-11-29,2,8.0,Trump 1.0
Washington,2015-11-30,14,9.0,Trump 1.0
Washington,2015-12-01,4,8.0,Trump 1.0
Washington,2015-12-02,8,7.0,Trump 1.0
Washington,2015-12-03,11,7.0,Trump 1.0
Washington,2015-12-04,12,8.0,Trump 1.0
Washington,2015-12-05,1,7.0,Trump 1.0
Washington,2015-12-06,17,10.0,Trump 1.0
Washington,2015-12-07,20,10.0,Trump 1.0
Washington,2015-12-08,10,11.0,Trump 1.0
Washington,2015-12-09,17,13.0,Trump 1.0
Washington,2015-12-10,6,12.0,Trump 1.0
Washington,2015-12-11,14,12.0,Trump 1.0
Washington,2015-12-13,1,12.0,Trump 1.0
Washington,2015-12-14,13,12.0,Trump 1.0
Washington,2015-12-15,12,10.0,Trump 1.0
Washington,2015-12-16,8,10.0,Trump 1.0
Washington,2015-12-17,13,10.0,Trump 1.0
Washington,2015-12-18,13,11.0,Trump 1.0
Washington,2015-12-21,9,10.0,Trump 1.0
Washington,2015-12-22,8,11.0,Trump 1.0
Washington,2015-12-23,8,10.0,Trump 1.0
Washington,2015-12-24,8,10.0,Trump 1.0
Washington,2015-12-28,6,9.0,Trump 1.0
Washington,2015-12-29,5,8.0,Trump 1.0
Washington,2015-12-30,5,7.0,Trump 1.0
Washington,2015-12-31,10,7.0,Trump 1.0
Washington,2016-01-02,2,6.0,Trump 1.0
Washington,2016-01-04,10,7.0,Trump 1.0
Washington,2016-01-05,11,7.0,Trump 1.0
Washington,2016-01-06,12,8.0,Trump 1.0
Washington,2016-01-07,4,8.0,Trump 1.0
Washington,2016-01-08,10,8.0,Trump 1.0
Washington,2016-01-09,1,7.0,Trump 1.0
Washington,2016-01-10,1,7.0,Trump 1.0
Washington,2016-01-11,12,7.0,Trump 1.0
Washington,2016-01-12,10,7.0,Trump 1.0
Washington,2016-01-13,7,6.0,Trump 1.0
Washington,2016-01-14,8,7.0,Trump 1.0
Washington,2016-01-15,12,7.0,Trump 1.0
Washington,2016-01-18,3,8.0,Trump 1.0
Washington,2016-01-19,4,8.0,Trump 1.0
Washington,2016-01-20,12,8.0,Trump 1.0
Washington,2016-01-21,11,8.0,Trump 1.0
Washington,2016-01-22,14,9.0,Trump 1.0
Washington,2016-01-25,4,9.0,Trump 1.0
Washington,2016-01-26,2,7.0,Trump 1.0
Washington,2016-01-27,6,8.0,Trump 1.0
Washington,2016-01-28,7,8.0,Trump 1.0
Washington,2016-01-29,14,8.0,Trump 1.0
Washington,2016-01-31,4,7.0,Trump 1.0
Washington,2016-02-01,12,7.0,Trump 1.0
Washington,2016-02-02,7,7.0,Trump 1.0
Washington,2016-02-03,5,8.0,Trump 1.0
Washington,2016-02-04,5,8.0,Trump 1.0
Washington,2016-02-05,7,8.0,Trump 1.0
Washington,2016-02-06,6,7.0,Trump 1.0
Washington,2016-02-08,9,7.0,Trump 1.0
Washington,2016-02-09,14,8.0,Trump 1.0
Washington,2016-02-10,12,8.0,Trump 1.0
Washington,2016-02-11,6,8.0,Trump 1.0
Washington,2016-02-12,10,9.0,Trump 1.0
Washington,2016-02-13,1,8.0,Trump 1.0
Washington,2016-02-16,8,9.0,Trump 1.0
Washington,2016-02-17,13,9.0,Trump 1.0
Washington,2016-02-18,9,8.0,Trump 1.0
Washington,2016-02-19,19,9.0,Trump 1.0
Washington,2016-02-22,4,9.0,Trump 1.0
Washington,2016-02-23,5,8.0,Trump 1.0
Washington,2016-02-24,12,10.0,Trump 1.0
Washington,2016-02-25,8,10.0,Trump 1.0
Washington,2016-02-26,11,10.0,Trump 1.0
Washington,2016-02-28,1,9.0,Trump 1.0
Washington,2016-02-29,8,7.0,Trump 1.0
Washington,2016-03-01,12,8.0,Trump 1.0
Washington,2016-03-02,9,9.0,Trump 1.0
Washington,2016-03-03,11,9.0,Trump 1.0
Washington,2016-03-04,10,9.0,Trump 1.0
Washington,2016-03-07,13,9.0,Trump 1.0
Washington,2016-03-08,6,10.0,Trump 1.0
Washington,2016-03-09,5,9.0,Trump 1.0
Washington,2016-03-10,12,9.0,Trump 1.0
Washington,2016-03-11,5,9.0,Trump 1.0
Washington,2016-03-12,1,7.0,Trump 1.0
Washington,2016-03-14,14,8.0,Trump 1.0
Washington,2016-03-15,11,8.0,Trump 1.0
Washington,2016-03-16,6,8.0,Trump 1.0
Washington,2016-03-17,9,8.0,Trump 1.0
Washington,2016-03-18,12,8.0,Trump 1.0
Washington,2016-03-20,2,8.0,Trump 1.0
Washington,2016-03-21,11,9.0,Trump 1.0
Washington,2016-03-22,5,8.0,Trump 1.0
Washington,2016-03-23,7,7.0,Trump 1.0
Washington,2016-03-24,12,8.0,Trump 1.0
Washington,2016-03-25,19,10.0,Trump 1.0
Washington,2016-03-28,14,10.0,Trump 1.0
Washington,2016-03-29,7,11.0,Trump 1.0
Washington,2016-03-30,11,11.0,Trump 1.0
Washington,2016-03-31,5,11.0,Trump 1.0
Washington,2016-04-01,8,11.0,Trump 1.0
Washington,2016-04-04,13,11.0,Trump 1.0
Washington,2016-04-05,7,9.0,Trump 1.0
Washington,2016-04-06,8,8.0,Trump 1.0
Washington,2016-04-07,4,8.0,Trump 1.0
Washington,2016-04-08,13,8.0,Trump 1.0
Washington,2016-04-11,11,9.0,Trump 1.0
Washington,2016-04-12,8,9.0,Trump 1.0
Washington,2016-04-13,5,8.0,Trump 1.0
Washington,2016-04-14,13,9.0,Trump 1.0
Washington,2016-04-15,9,9.0,Trump 1.0
Washington,2016-04-17,2,9.0,Trump 1.0
Washington,2016-04-18,9,8.0,Trump 1.0
Washington,2016-04-19,3,7.0,Trump 1.0
Washington,2016-04-20,8,7.0,Trump 1.0
Washington,2016-04-21,9,8.0,Trump 1.0
Washington,2016-04-22,10,7.0,Trump 1.0
Washington,2016-04-25,14,8.0,Trump 1.0
Washington,2016-04-26,11,9.0,Trump 1.0
Washington,2016-04-27,7,9.0,Trump 1.0
Washington,2016-04-28,2,9.0,Trump 1.0
Washington,2016-04-29,11,9.0,Trump 1.0
Washington,2016-05-02,13,10.0,Trump 1.0
Washington,2016-05-03,5,9.0,Trump 1.0
Washington,2016-05-04,6,8.0,Trump 1.0
Washington,2016-05-05,6,7.0,Trump 1.0
Washington,2016-05-06,10,8.0,Trump 1.0
Washington,2016-05-09,7,8.0,Trump 1.0
Washington,2016-05-10,11,8.0,Trump 1.0
Washington,2016-05-11,7,7.0,Trump 1.0
Washington,2016-05-12,9,8.0,Trump 1.0
Washington,2016-05-13,11,9.0,Trump 1.0
Washington,2016-05-16,10,9.0,Trump 1.0
Washington,2016-05-17,8,9.0,Trump 1.0
Washington,2016-05-18,13,10.0,Trump 1.0
Washington,2016-05-19,13,10.0,Trump 1.0
Washington,2016-05-20,14,11.0,Trump 1.0
Washington,2016-05-21,1,10.0,Trump 1.0
Washington,2016-05-22,2,9.0,Trump 1.0
Washington,2016-05-23,18,10.0,Trump 1.0
Washington,2016-05-24,17,11.0,Trump 1.0
Washington,2016-05-25,17,12.0,Trump 1.0
Washington,2016-05-26,16,12.0,Trump 1.0
Washington,2016-05-27,18,13.0,Trump 1.0
Washington,2016-05-30,3,13.0,Trump 1.0
Washington,2016-05-31,12,14.0,Trump 1.0
Washington,2016-06-01,9,13.0,Trump 1.0
Washington,2016-06-02,8,12.0,Trump 1.0
Washington,2016-06-03,12,11.0,Trump 1.0
Washington,2016-06-06,5,10.0,Trump 1.0
Washington,2016-06-07,8,8.0,Trump 1.0
Washington,2016-06-08,11,9.0,Trump 1.0
Washington,2016-06-09,12,9.0,Trump 1.0
Washington,2016-06-10,7,9.0,Trump 1.0
Washington,2016-06-12,5,9.0,Trump 1.0
Washington,2016-06-13,9,8.0,Trump 1.0
Washington,2016-06-14,11,9.0,Trump 1.0
Washington,2016-06-15,13,10.0,Trump 1.0
Washington,2016-06-16,12,10.0,Trump 1.0
Washington,2016-06-17,4,9.0,Trump 1.0
Washington,2016-06-20,11,9.0,Trump 1.0
Washington,2016-06-21,7,10.0,Trump 1.0
Washington,2016-06-22,9,10.0,Trump 1.0
Washington,2016-06-23,14,10.0,Trump 1.0
Washington,2016-06-24,8,9.0,Trump 1.0
Washington,2016-06-27,24,11.0,Trump 1.0
Washington,2016-06-28,10,12.0,Trump 1.0
Washington,2016-06-29,11,12.0,Trump 1.0
Washington,2016-06-30,9,12.0,Trump 1.0
Washington,2016-07-01,14,13.0,Trump 1.0
Washington,2016-07-05,11,12.0,Trump 1.0
Washington,2016-07-06,11,13.0,Trump 1.0
Washington,2016-07-07,17,12.0,Trump 1.0
Washington,2016-07-08,11,12.0,Trump 1.0
Washington,2016-07-09,5,11.0,Trump 1.0
Washington,2016-07-10,10,11.0,Trump 1.0
Washington,2016-07-11,9,11.0,Trump 1.0
Washington,2016-07-12,13,11.0,Trump 1.0
Washington,2016-07-13,13,11.0,Trump 1.0
Washington,2016-07-14,29,13.0,Trump 1.0
Washington,2016-07-15,5,12.0,Trump 1.0
Washington,2016-07-16,1,11.0,Trump 1.0
Washington,2016-07-18,12,12.0,Trump 1.0
Washington,2016-07-19,6,11.0,Trump 1.0
Washington,2016-07-20,11,11.0,Trump 1.0
Washington,2016-07-21,4,10.0,Trump 1.0
Washington,2016-07-22,4,6.0,Trump 1.0
Washington,2016-07-24,6,6.0,Trump 1.0
Washington,2016-07-25,27,10.0,Trump 1.0
Washington,2016-07-26,6,9.0,Trump 1.0
Washington,2016-07-27,10,10.0,Trump 1.0
Washington,2016-07-28,11,10.0,Trump 1.0
Washington,2016-07-29,13,11.0,Trump 1.0
Washington,2016-07-30,3,11.0,Trump 1.0
Washington,2016-08-01,7,11.0,Trump 1.0
Washington,2016-08-02,10,9.0,Trump 1.0
Washington,2016-08-03,15,10.0,Trump 1.0
Washington,2016-08-04,5,9.0,Trump 1.0
Washington,2016-08-05,7,9.0,Trump 1.0
Washington,2016-08-08,15,9.0,Trump 1.0
Washington,2016-08-09,10,10.0,Trump 1.0
Washington,2016-08-10,8,10.0,Trump 1.0
Washington,2016-08-11,9,10.0,Trump 1.0
Washington,2016-08-12,20,11.0,Trump 1.0
Washington,2016-08-15,20,13.0,Trump 1.0
Washington,2016-08-16,12,13.0,Trump 1.0
Washington,2016-08-17,8,12.0,Trump 1.0
Washington,2016-08-18,13,13.0,Trump 1.0
Washington,2016-08-19,12,13.0,Trump 1.0
Washington,2016-08-22,11,14.0,Trump 1.0
Washington,2016-08-23,7,12.0,Trump 1.0
Washington,2016-08-24,9,10.0,Trump 1.0
Washington,2016-08-25,15,11.0,Trump 1.0
Washington,2016-08-26,10,11.0,Trump 1.0
Washington,2016-08-27,4,10.0,Trump 1.0
Washington,2016-08-29,18,11.0,Trump 1.0
Washington,2016-08-30,11,11.0,Trump 1.0
Washington,2016-08-31,9,11.0,Trump 1.0
Washington,2016-09-01,9,11.0,Trump 1.0
Washington,2016-09-02,12,10.0,Trump 1.0
Washington,2016-09-04,4,10.0,Trump 1.0
Washington,2016-09-05,3,9.0,Trump 1.0
Washington,2016-09-06,7,8.0,Trump 1.0
Washington,2016-09-07,11,8.0,Trump 1.0
Washington,2016-09-08,10,8.0,Trump 1.0
Washington,2016-09-09,17,9.0,Trump 1.0
Washington,2016-09-10,1,8.0,Trump 1.0
Washington,2016-09-11,1,7.0,Trump 1.0
Washington,2016-09-12,6,8.0,Trump 1.0
Washington,2016-09-13,11,8.0,Trump 1.0
Washington,2016-09-14,7,8.0,Trump 1.0
Washington,2016-09-15,12,8.0,Trump 1.0
Washington,2016-09-16,9,7.0,Trump 1.0
Washington,2016-09-18,23,10.0,Trump 1.0
Washington,2016-09-19,27,14.0,Trump 1.0
Washington,2016-09-20,21,16.0,Trump 1.0
Washington,2016-09-21,10,16.0,Trump 1.0
Washington,2016-09-22,12,16.0,Trump 1.0
Washington,2016-09-23,12,16.0,Trump 1.0
Washington,2016-09-26,7,16.0,Trump 1.0
Washington,2016-09-27,12,14.0,Trump 1.0
Washington,2016-09-28,6,11.0,Trump 1.0
Washington,2016-09-29,10,10.0,Trump 1.0
Washington,2016-09-30,7,9.0,Trump 1.0
Washington,2016-10-02,3,8.0,Trump 1.0
Washington,2016-10-03,13,8.0,Trump 1.0
Washington,2016-10-04,4,8.0,Trump 1.0
Washington,2016-10-05,16,8.0,Trump 1.0
Washington,2016-10-06,9,9.0,Trump 1.0
Washington,2016-10-07,21,10.0,Trump 1.0
Washington,2016-10-08,2,10.0,Trump 1.0
Washington,2016-10-11,9,11.0,Trump 1.0
Washington,2016-10-12,17,11.0,Trump 1.0
Washington,2016-10-13,12,12.0,Trump 1.0
Washington,2016-10-14,13,12.0,Trump 1.0
Washington,2016-10-16,1,11.0,Trump 1.0
Washington,2016-10-17,16,10.0,Trump 1.0
Washington,2016-10-18,13,12.0,Trump 1.0
Washington,2016-10-19,11,12.0,Trump 1.0
Washington,2016-10-20,15,12.0,Trump 1.0
Washington,2016-10-21,6,11.0,Trump 1.0
Washington,2016-10-24,10,10.0,Trump 1.0
Washington,2016-10-25,15,12.0,Trump 1.0
Washington,2016-10-26,14,12.0,Trump 1.0
Washington,2016-10-27,10,12.0,Trump 1.0
Washington,2016-10-28,12,12.0,Trump 1.0
Washington,2016-10-31,14,12.0,Trump 1.0
Washington,2016-11-01,13,13.0,Trump 1.0
Washington,2016-11-02,14,13.0,Trump 1.0
Washington,2016-11-03,11,13.0,Trump 1.0
Washington,2016-11-04,13,12.0,Trump 1.0
Washington,2016-11-06,5,12.0,Trump 1.0
Washington,2016-11-07,21,13.0,Trump 1.0
Washington,2016-11-08,15,13.0,Trump 1.0
Washington,2016-11-09,5,12.0,Trump 1.0
Washington,2016-11-10,20,13.0,Trump 1.0
Washington,2016-11-11,2,12.0,Trump 1.0
Washington,2016-11-12,1,10.0,Trump 1.0
Washington,2016-11-14,15,11.0,Trump 1.0
Washington,2016-11-15,8,9.0,Trump 1.0
Washington,2016-11-16,12,9.0,Trump 1.0
Washington,2016-11-17,18,11.0,Trump 1.0
Washington,2016-11-18,16,10.0,Trump 1.0
Washington,2016-11-19,1,10.0,Trump 1.0
Washington,2016-11-20,8,11.0,Trump 1.0
Washington,2016-11-21,18,12.0,Trump 1.0
Washington,2016-11-22,20,13.0,Trump 1.0
Washington,2016-11-23,14,14.0,Trump 1.0
Washington,2016-11-25,9,12.0,Trump 1.0
Washington,2016-11-28,8,11.0,Trump 1.0
Washington,2016-11-29,16,13.0,Trump 1.0
Washington,2016-11-30,11,14.0,Trump 1.0
Washington,2016-12-01,13,13.0,Trump 1.0
Washington,2016-12-02,11,12.0,Trump 1.0
Washington,2016-12-04,1,10.0,Trump 1.0
Washington,2016-12-05,14,11.0,Trump 1.0
Washington,2016-12-06,14,11.0,Trump 1.0
Washington,2016-12-07,11,11.0,Trump 1.0
Washington,2016-12-08,9,10.0,Trump 1.0
Washington,2016-12-09,17,11.0,Trump 1.0
Washington,2016-12-11,2,10.0,Trump 1.0
Washington,2016-12-12,20,12.0,Trump 1.0
Washington,2016-12-13,11,12.0,Trump 1.0
Washington,2016-12-14,7,11.0,Trump 1.0
Washington,2016-12-15,10,11.0,Trump 1.0
Washington,2016-12-16,12,11.0,Trump 1.0
Washington,2016-12-19,17,11.0,Trump 1.0
Washington,2016-12-20,13,13.0,Trump 1.0
Washington,2016-12-21,22,13.0,Trump 1.0
Washington,2016-12-22,18,14.0,Trump 1.0
Washington,2016-12-23,5,14.0,Trump 1.0
Washington,2016-12-24,2,13.0,Trump 1.0
Washington,2016-12-25,2,11.0,Trump 1.0
Washington,2016-12-26,3,9.0,Trump 1.0
Washington,2016-12-27,11,9.0,Trump 1.0
Washington,2016-12-28,13,8.0,Trump 1.0
Washington,2016-12-29,13,7.0,Trump 1.0
Washington,2016-12-30,19,9.0,Trump 1.0
Washington,2017-01-01,1,9.0,Trump 1.0
Washington,2017-01-02,2,9.0,Trump 1.0
Washington,2017-01-03,7,9.0,Trump 1.0
Washington,2017-01-04,17,10.0,Trump 1.0
Washington,2017-01-05,11,10.0,Trump 1.0
Washington,2017-01-06,24,12.0,Trump 1.0
Washington,2017-01-09,15,11.0,Trump 1.0
Washington,2017-01-10,10,12.0,Trump 1.0
Washington,2017-01-11,8,13.0,Trump 1.0
Washington,2017-01-12,7,13.0,Trump 1.0
Washington,2017-01-13,12,12.0,Trump 1.0
Washington,2017-01-15,2,11.0,Trump 1.0
Washington,2017-01-16,7,9.0,Trump 1.0
Washington,2017-01-17,7,8.0,Trump 1.0
Washington,2017-01-18,23,9.0,Trump 1.0
Washington,2017-01-19,10,10.0,Trump 1.0
Washington,2017-01-20,17,11.0,Trump 1.0
Washington,2017-01-21,1,10.0,Trump 1.0
Washington,2017-01-23,12,11.0,Trump 1.0
Washington,2017-01-24,14,12.0,Trump 1.0
Washington,2017-01-25,12,13.0,Trump 1.0
Washington,2017-01-26,12,11.0,Trump 1.0
Washington,2017-01-27,13,12.0,Trump 1.0
Washington,2017-01-28,1,9.0,Trump 1.0
Washington,2017-01-30,21,12.0,Trump 1.0
Washington,2017-01-31,15,13.0,Trump 1.0
Washington,2017-02-01,12,12.0,Trump 1.0
Washington,2017-02-02,17,13.0,Trump 1.0
Washington,2017-02-03,11,13.0,Trump 1.0
Washington,2017-02-04,1,11.0,Trump 1.0
Washington,2017-02-06,16,13.0,Trump 1.0
Washington,2017-02-07,23,14.0,Trump 1.0
Washington,2017-02-08,29,16.0,Trump 1.0
Washington,2017-02-09,28,18.0,Trump 1.0
Washington,2017-02-10,23,19.0,Trump 1.0
Washington,2017-02-12,1,17.0,Trump 1.0
Washington,2017-02-13,12,19.0,Trump 1.0
Washington,2017-02-14,19,19.0,Trump 1.0
Washington,2017-02-15,24,19.0,Trump 1.0
Washington,2017-02-16,18,18.0,Trump 1.0
Washington,2017-02-17,16,16.0,Trump 1.0
Washington,2017-02-19,2,13.0,Trump 1.0
Washington,2017-02-20,1,13.0,Trump 1.0
Washington,2017-02-21,16,14.0,Trump 1.0
Washington,2017-02-22,7,12.0,Trump 1.0
Washington,2017-02-23,14,11.0,Trump 1.0
Washington,2017-02-24,12,10.0,Trump 1.0
Washington,2017-02-25,1,8.0,Trump 1.0
Washington,2017-02-26,1,7.0,Trump 1.0
Washington,2017-02-27,21,10.0,Trump 1.0
Washington,2017-02-28,14,10.0,Trump 1.0
Washington,2017-03-01,12,11.0,Trump 1.0
Washington,2017-03-02,11,10.0,Trump 1.0
Washington,2017-03-03,20,11.0,Trump 1.0
Washington,2017-03-04,3,12.0,Trump 1.0
Washington,2017-03-06,9,13.0,Trump 1.0
Washington,2017-03-07,16,12.0,Trump 1.0
Washington,2017-03-08,11,12.0,Trump 1.0
Washington,2017-03-09,14,12.0,Trump 1.0
Washington,2017-03-10,23,14.0,Trump 1.0
Washington,2017-03-12,1,11.0,Trump 1.0
Washington,2017-03-13,14,13.0,Trump 1.0
Washington,2017-03-14,10,13.0,Trump 1.0
Washington,2017-03-15,13,12.0,Trump 1.0
Washington,2017-03-16,10,12.0,Trump 1.0
Washington,2017-03-17,14,12.0,Trump 1.0
Washington,2017-03-20,22,12.0,Trump 1.0
Washington,2017-03-21,8,13.0,Trump 1.0
Washington,2017-03-22,8,12.0,Trump 1.0
Washington,2017-03-23,11,12.0,Trump 1.0
Washington,2017-03-24,16,13.0,Trump 1.0
Washington,2017-03-26,21,14.0,Trump 1.0
Washington,2017-03-27,24,16.0,Trump 1.0
Washington,2017-03-28,30,17.0,Trump 1.0
Washington,2017-03-29,28,20.0,Trump 1.0
Washington,2017-03-30,20,21.0,Trump 1.0
Washington,2017-03-31,14,22.0,Trump 1.0
Washington,2017-04-02,3,20.0,Trump 1.0
Washington,2017-04-03,9,18.0,Trump 1.0
Washington,2017-04-04,11,16.0,Trump 1.0
Washington,2017-04-05,16,14.0,Trump 1.0
Washington,2017-04-06,11,12.0,Trump 1.0
Washington,2017-04-07,13,11.0,Trump 1.0
Washington,2017-04-08,1,9.0,Trump 1.0
Washington,2017-04-09,2,9.0,Trump 1.0
Washington,2017-04-10,18,10.0,Trump 1.0
Washington,2017-04-11,17,11.0,Trump 1.0
Washington,2017-04-12,8,10.0,Trump 1.0
Washington,2017-04-13,12,10.0,Trump 1.0
Washington,2017-04-14,13,10.0,Trump 1.0
Washington,2017-04-15,1,10.0,Trump 1.0
Washington,2017-04-17,13,12.0,Trump 1.0
Washington,2017-04-18,18,12.0,Trump 1.0
Washington,2017-04-19,19,12.0,Trump 1.0
Washington,2017-04-20,17,13.0,Trump 1.0
Washington,2017-04-21,15,14.0,Trump 1.0
Washington,2017-04-24,9,13.0,Trump 1.0
Washington,2017-04-25,11,15.0,Trump 1.0
Washington,2017-04-26,16,15.0,Trump 1.0
Washington,2017-04-27,17,15.0,Trump 1.0
Washington,2017-04-28,13,14.0,Trump 1.0
Washington,2017-04-30,1,12.0,Trump 1.0
Washington,2017-05-01,14,12.0,Trump 1.0
Washington,2017-05-02,11,12.0,Trump 1.0
Washington,2017-05-03,14,12.0,Trump 1.0
Washington,2017-05-04,14,12.0,Trump 1.0
Washington,2017-05-05,13,11.0,Trump 1.0
Washington,2017-05-08,23,13.0,Trump 1.0
Washington,2017-05-09,18,15.0,Trump 1.0
Washington,2017-05-10,22,16.0,Trump 1.0
Washington,2017-05-11,22,18.0,Trump 1.0
Washington,2017-05-12,16,18.0,Trump 1.0
Washington,2017-05-13,1,16.0,Trump 1.0
Washington,2017-05-15,13,16.0,Trump 1.0
Washington,2017-05-16,17,16.0,Trump 1.0
Washington,2017-05-17,14,15.0,Trump 1.0
Washington,2017-05-18,13,14.0,Trump 1.0
Washington,2017-05-19,15,13.0,Trump 1.0
Washington,2017-05-21,2,11.0,Trump 1.0
Washington,2017-05-22,25,14.0,Trump 1.0
Washington,2017-05-23,17,15.0,Trump 1.0
Washington,2017-05-24,11,14.0,Trump 1.0
Washington,2017-05-25,8,13.0,Trump 1.0
Washington,2017-05-26,23,14.0,Trump 1.0
Washington,2017-05-27,1,12.0,Trump 1.0
Washington,2017-05-28,3,13.0,Trump 1.0
Washington,2017-05-30,20,12.0,Trump 1.0
Washington,2017-05-31,20,12.0,Trump 1.0
Washington,2017-06-01,15,13.0,Trump 1.0
Washington,2017-06-02,9,13.0,Trump 1.0
Washington,2017-06-04,1,10.0,Trump 1.0
Washington,2017-06-05,15,12.0,Trump 1.0
Washington,2017-06-06,13,13.0,Trump 1.0
Washington,2017-06-07,11,12.0,Trump 1.0
Washington,2017-06-08,13,11.0,Trump 1.0
Washington,2017-06-09,19,12.0,Trump 1.0
Washington,2017-06-11,1,10.0,Trump 1.0
Washington,2017-06-12,16,13.0,Trump 1.0
Washington,2017-06-13,28,14.0,Trump 1.0
Washington,2017-06-14,12,14.0,Trump 1.0
Washington,2017-06-15,13,15.0,Trump 1.0
Washington,2017-06-16,13,15.0,Trump 1.0
Washington,2017-06-19,20,15.0,Trump 1.0
Washington,2017-06-20,18,17.0,Trump 1.0
Washington,2017-06-21,11,16.0,Trump 1.0
Washington,2017-06-22,10,14.0,Trump 1.0
Washington,2017-06-23,12,14.0,Trump 1.0
Washington,2017-06-26,22,15.0,Trump 1.0
Washington,2017-06-27,16,16.0,Trump 1.0
Washington,2017-06-28,12,14.0,Trump 1.0
Washington,2017-06-29,20,15.0,Trump 1.0
Washington,2017-06-30,20,16.0,Trump 1.0
Washington,2017-07-02,3,15.0,Trump 1.0
Washington,2017-07-03,15,15.0,Trump 1.0
Washington,2017-07-04,2,13.0,Trump 1.0
Washington,2017-07-05,15,12.0,Trump 1.0
Washington,2017-07-06,20,14.0,Trump 1.0
Washington,2017-07-07,14,13.0,Trump 1.0
Washington,2017-07-09,2,10.0,Trump 1.0
Washington,2017-07-10,13,12.0,Trump 1.0
Washington,2017-07-11,12,11.0,Trump 1.0
Washington,2017-07-12,12,13.0,Trump 1.0
Washington,2017-07-13,16,13.0,Trump 1.0
Washington,2017-07-14,15,12.0,Trump 1.0
Washington,2017-07-15,2,10.0,Trump 1.0
Washington,2017-07-16,2,10.0,Trump 1.0
Washington,2017-07-17,20,11.0,Trump 1.0
Washington,2017-07-18,19,12.0,Trump 1.0
Washington,2017-07-19,5,11.0,Trump 1.0
Washington,2017-07-20,16,11.0,Trump 1.0
Washington,2017-07-21,18,12.0,Trump 1.0
Washington,2017-07-23,16,14.0,Trump 1.0
Washington,2017-07-24,37,19.0,Trump 1.0
Washington,2017-07-25,29,20.0,Trump 1.0
Washington,2017-07-26,18,20.0,Trump 1.0
Washington,2017-07-27,23,22.0,Trump 1.0
Washington,2017-07-28,22,23.0,Trump 1.0
Washington,2017-07-29,1,21.0,Trump 1.0
Washington,2017-07-30,3,19.0,Trump 1.0
Washington,2017-07-31,20,17.0,Trump 1.0
Washington,2017-08-01,18,15.0,Trump 1.0
Washington,2017-08-02,17,15.0,Trump 1.0
Washington,2017-08-03,19,14.0,Trump 1.0
Washington,2017-08-04,17,14.0,Trump 1.0
Washington,2017-08-06,1,14.0,Trump 1.0
Washington,2017-08-07,21,16.0,Trump 1.0
Washington,2017-08-08,20,16.0,Trump 1.0
Washington,2017-08-09,23,17.0,Trump 1.0
Washington,2017-08-10,18,17.0,Trump 1.0
Washington,2017-08-11,12,16.0,Trump 1.0
Washington,2017-08-13,1,14.0,Trump 1.0
Washington,2017-08-14,13,15.0,Trump 1.0
Washington,2017-08-15,23,16.0,Trump 1.0
Washington,2017-08-16,15,15.0,Trump 1.0
Washington,2017-08-17,13,14.0,Trump 1.0
Washington,2017-08-18,23,14.0,Trump 1.0
Washington,2017-08-20,1,13.0,Trump 1.0
Washington,2017-08-21,25,16.0,Trump 1.0
Washington,2017-08-22,21,17.0,Trump 1.0
Washington,2017-08-23,12,16.0,Trump 1.0
Washington,2017-08-24,15,16.0,Trump 1.0
Washington,2017-08-25,14,16.0,Trump 1.0
Washington,2017-08-26,1,13.0,Trump 1.0
Washington,2017-08-27,1,13.0,Trump 1.0
Washington,2017-08-28,18,12.0,Trump 1.0
Washington,2017-08-29,19,11.0,Trump 1.0
Washington,2017-08-30,9,11.0,Trump 1.0
Washington,2017-08-31,7,10.0,Trump 1.0
Washington,2017-09-01,7,9.0,Trump 1.0
Washington,2017-09-03,1,9.0,Trump 1.0
Washington,2017-09-04,5,9.0,Trump 1.0
Washington,2017-09-05,24,10.0,Trump 1.0
Washington,2017-09-06,11,9.0,Trump 1.0
Washington,2017-09-07,13,10.0,Trump 1.0
Washington,2017-09-08,18,11.0,Trump 1.0
Washington,2017-09-10,1,10.0,Trump 1.0
Washington,2017-09-11,24,14.0,Trump 1.0
Washington,2017-09-12,22,16.0,Trump 1.0
Washington,2017-09-13,13,15.0,Trump 1.0
Washington,2017-09-14,23,16.0,Trump 1.0
Washington,2017-09-15,23,18.0,Trump 1.0
Washington,2017-09-17,20,18.0,Trump 1.0
Washington,2017-09-18,24,21.0,Trump 1.0
Washington,2017-09-19,21,21.0,Trump 1.0
Washington,2017-09-20,27,22.0,Trump 1.0
Washington,2017-09-21,13,22.0,Trump 1.0
Washington,2017-09-22,19,21.0,Trump 1.0
Washington,2017-09-23,1,18.0,Trump 1.0
Washington,2017-09-24,7,16.0,Trump 1.0
Washington,2017-09-25,23,16.0,Trump 1.0
Washington,2017-09-26,28,17.0,Trump 1.0
Washington,2017-09-27,8,14.0,Trump 1.0
Washington,2017-09-28,10,14.0,Trump 1.0
Washington,2017-09-29,26,15.0,Trump 1.0
Washington,2017-10-02,21,18.0,Trump 1.0
Washington,2017-10-03,15,19.0,Trump 1.0
Washington,2017-10-04,19,18.0,Trump 1.0
Washington,2017-10-05,18,17.0,Trump 1.0
Washington,2017-10-06,20,18.0,Trump 1.0
Washington,2017-10-07,1,17.0,Trump 1.0
Washington,2017-10-08,1,14.0,Trump 1.0
Washington,2017-10-09,1,11.0,Trump 1.0
Washington,2017-10-10,30,13.0,Trump 1.0
Washington,2017-10-11,25,14.0,Trump 1.0
Washington,2017-10-12,21,14.0,Trump 1.0
Washington,2017-10-13,22,14.0,Trump 1.0
Washington,2017-10-14,3,15.0,Trump 1.0
Washington,2017-10-15,2,15.0,Trump 1.0
Washington,2017-10-16,24,18.0,Trump 1.0
Washington,2017-10-17,12,16.0,Trump 1.0
Washington,2017-10-18,6,13.0,Trump 1.0
Washington,2017-10-19,15,12.0,Trump 1.0
Washington,2017-10-20,21,12.0,Trump 1.0
Washington,2017-10-21,1,12.0,Trump 1.0
Washington,2017-10-23,17,14.0,Trump 1.0
Washington,2017-10-24,16,13.0,Trump 1.0
Washington,2017-10-25,21,14.0,Trump 1.0
Washington,2017-10-26,13,15.0,Trump 1.0
Washington,2017-10-27,12,14.0,Trump 1.0
Washington,2017-10-28,1,12.0,Trump 1.0
Washington,2017-10-29,1,12.0,Trump 1.0
Washington,2017-10-30,21,12.0,Trump 1.0
Washington,2017-10-31,15,12.0,Trump 1.0
Washington,2017-11-01,14,11.0,Trump 1.0
Washington,2017-11-02,13,11.0,Trump 1.0
Washington,2017-11-03,11,11.0,Trump 1.0
Washington,2017-11-04,1,11.0,Trump 1.0
Washington,2017-11-06,24,14.0,Trump 1.0
Washington,2017-11-07,19,14.0,Trump 1.0
Washington,2017-11-08,12,13.0,Trump 1.0
Washington,2017-11-09,16,14.0,Trump 1.0
Washington,2017-11-10,1,12.0,Trump 1.0
Washington,2017-11-11,2,11.0,Trump 1.0
Washington,2017-11-13,26,14.0,Trump 1.0
Washington,2017-11-14,21,14.0,Trump 1.0
Washington,2017-11-15,18,14.0,Trump 1.0
Washington,2017-11-16,10,13.0,Trump 1.0
Washington,2017-11-17,21,14.0,Trump 1.0
Washington,2017-11-20,11,16.0,Trump 1.0
Washington,2017-11-21,16,18.0,Trump 1.0
Washington,2017-11-22,17,16.0,Trump 1.0
Washington,2017-11-24,9,15.0,Trump 1.0
Washington,2017-11-25,2,12.0,Trump 1.0
Washington,2017-11-26,2,11.0,Trump 1.0
Washington,2017-11-27,25,12.0,Trump 1.0
Washington,2017-11-28,21,13.0,Trump 1.0
Washington,2017-11-29,15,13.0,Trump 1.0
Washington,2017-11-30,13,12.0,Trump 1.0
Washington,2017-12-01,20,14.0,Trump 1.0
Washington,2017-12-04,16,16.0,Trump 1.0
Washington,2017-12-05,13,18.0,Trump 1.0
Washington,2017-12-06,12,16.0,Trump 1.0
Washington,2017-12-07,19,15.0,Trump 1.0
Washington,2017-12-08,16,16.0,Trump 1.0
Washington,2017-12-10,2,14.0,Trump 1.0
Washington,2017-12-11,20,14.0,Trump 1.0
Washington,2017-12-12,16,14.0,Trump 1.0
Washington,2017-12-13,13,14.0,Trump 1.0
Washington,2017-12-14,16,15.0,Trump 1.0
Washington,2017-12-15,16,14.0,Trump 1.0
Washington,2017-12-17,2,12.0,Trump 1.0
Washington,2017-12-18,15,14.0,Trump 1.0
Washington,2017-12-19,22,14.0,Trump 1.0
Washington,2017-12-20,16,14.0,Trump 1.0
Washington,2017-12-21,7,13.0,Trump 1.0
Washington,2017-12-22,6,12.0,Trump 1.0
Washington,2017-12-26,23,13.0,Trump 1.0
Washington,2017-12-27,13,15.0,Trump 1.0
Washington,2017-12-28,10,14.0,Trump 1.0
Washington,2017-12-29,14,13.0,Trump 1.0
Washington,2018-01-01,1,11.0,Trump 1.0
Washington,2018-01-02,25,13.0,Trump 1.0
Washington,2018-01-03,13,14.0,Trump 1.0
Washington,2018-01-04,6,12.0,Trump 1.0
Washington,2018-01-05,20,13.0,Trump 1.0
Washington,2018-01-07,2,12.0,Trump 1.0
Washington,2018-01-08,14,12.0,Trump 1.0
Washington,2018-01-09,15,14.0,Trump 1.0
Washington,2018-01-10,13,12.0,Trump 1.0
Washington,2018-01-11,16,12.0,Trump 1.0
Washington,2018-01-12,14,13.0,Trump 1.0
Washington,2018-01-14,2,11.0,Trump 1.0
Washington,2018-01-15,1,11.0,Trump 1.0
Washington,2018-01-16,10,10.0,Trump 1.0
Washington,2018-01-17,16,10.0,Trump 1.0
Washington,2018-01-18,5,9.0,Trump 1.0
Washington,2018-01-19,20,10.0,Trump 1.0
Washington,2018-01-20,1,8.0,Trump 1.0
Washington,2018-01-22,14,10.0,Trump 1.0
Washington,2018-01-23,23,13.0,Trump 1.0
Washington,2018-01-24,11,13.0,Trump 1.0
Washington,2018-01-25,19,13.0,Trump 1.0
Washington,2018-01-26,7,14.0,Trump 1.0
Washington,2018-01-27,3,11.0,Trump 1.0
Washington,2018-01-28,3,11.0,Trump 1.0
Washington,2018-01-29,21,12.0,Trump 1.0
Washington,2018-01-30,18,12.0,Trump 1.0
Washington,2018-01-31,19,13.0,Trump 1.0
Washington,2018-02-01,14,12.0,Trump 1.0
Washington,2018-02-02,15,13.0,Trump 1.0
Washington,2018-02-05,11,14.0,Trump 1.0
Washington,2018-02-06,22,17.0,Trump 1.0
Washington,2018-02-07,10,16.0,Trump 1.0
Washington,2018-02-08,10,14.0,Trump 1.0
Washington,2018-02-09,19,14.0,Trump 1.0
Washington,2018-02-10,1,13.0,Trump 1.0
Washington,2018-02-11,2,11.0,Trump 1.0
Washington,2018-02-12,16,11.0,Trump 1.0
Washington,2018-02-13,23,12.0,Trump 1.0
Washington,2018-02-14,23,13.0,Trump 1.0
Washington,2018-02-15,21,15.0,Trump 1.0
Washington,2018-02-16,19,15.0,Trump 1.0
Washington,2018-02-17,1,15.0,Trump 1.0
Washington,2018-02-19,2,15.0,Trump 1.0
Washington,2018-02-20,19,15.0,Trump 1.0
Washington,2018-02-21,12,14.0,Trump 1.0
Washington,2018-02-22,15,13.0,Trump 1.0
Washington,2018-02-23,23,13.0,Trump 1.0
Washington,2018-02-25,1,10.0,Trump 1.0
Washington,2018-02-26,17,13.0,Trump 1.0
Washington,2018-02-27,25,16.0,Trump 1.0
Washington,2018-02-28,16,16.0,Trump 1.0
Washington,2018-03-01,16,16.0,Trump 1.0
Washington,2018-03-02,14,16.0,Trump 1.0
Washington,2018-03-03,3,13.0,Trump 1.0
Washington,2018-03-04,2,13.0,Trump 1.0
Washington,2018-03-05,19,14.0,Trump 1.0
Washington,2018-03-06,17,12.0,Trump 1.0
Washington,2018-03-07,12,12.0,Trump 1.0
Washington,2018-03-08,8,11.0,Trump 1.0
Washington,2018-03-09,17,11.0,Trump 1.0
Washington,2018-03-10,5,11.0,Trump 1.0
Washington,2018-03-12,16,13.0,Trump 1.0
Washington,2018-03-13,17,13.0,Trump 1.0
Washington,2018-03-14,14,13.0,Trump 1.0
Washington,2018-03-15,10,12.0,Trump 1.0
Washington,2018-03-16,14,13.0,Trump 1.0
Washington,2018-03-19,14,13.0,Trump 1.0
Washington,2018-03-20,11,14.0,Trump 1.0
Washington,2018-03-21,4,12.0,Trump 1.0
Washington,2018-03-22,15,12.0,Trump 1.0
Washington,2018-03-23,15,12.0,Trump 1.0
Washington,2018-03-26,14,12.0,Trump 1.0
Washington,2018-03-27,19,13.0,Trump 1.0
Washington,2018-03-28,12,13.0,Trump 1.0
Washington,2018-03-29,18,14.0,Trump 1.0
Washington,2018-03-30,13,15.0,Trump 1.0
Washington,2018-03-31,1,13.0,Trump 1.0
Washington,2018-04-01,1,11.0,Trump 1.0
Washington,2018-04-02,20,12.0,Trump 1.0
Washington,2018-04-03,9,11.0,Trump 1.0
Washington,2018-04-04,11,10.0,Trump 1.0
Washington,2018-04-05,17,10.0,Trump 1.0
Washington,2018-04-06,19,11.0,Trump 1.0
Washington,2018-04-07,1,11.0,Trump 1.0
Washington,2018-04-08,2,11.0,Trump 1.0
Washington,2018-04-09,16,11.0,Trump 1.0
Washington,2018-04-10,12,11.0,Trump 1.0
Washington,2018-04-11,10,11.0,Trump 1.0
Washington,2018-04-12,13,10.0,Trump 1.0
Washington,2018-04-13,25,11.0,Trump 1.0
Washington,2018-04-14,1,11.0,Trump 1.0
Washington,2018-04-15,1,11.0,Trump 1.0
Washington,2018-04-16,15,11.0,Trump 1.0
Washington,2018-04-17,22,12.0,Trump 1.0
Washington,2018-04-18,9,12.0,Trump 1.0
Washington,2018-04-19,10,12.0,Trump 1.0
Washington,2018-04-20,21,11.0,Trump 1.0
Washington,2018-04-22,2,11.0,Trump 1.0
Washington,2018-04-23,29,15.0,Trump 1.0
Washington,2018-04-24,25,17.0,Trump 1.0
Washington,2018-04-25,19,16.0,Trump 1.0
Washington,2018-04-26,13,17.0,Trump 1.0
Washington,2018-04-27,10,17.0,Trump 1.0
Washington,2018-04-30,14,16.0,Trump 1.0
Washington,2018-05-01,16,18.0,Trump 1.0
Washington,2018-05-02,8,15.0,Trump 1.0
Washington,2018-05-03,17,14.0,Trump 1.0
Washington,2018-05-04,7,12.0,Trump 1.0
Washington,2018-05-07,24,14.0,Trump 1.0
Washington,2018-05-08,14,14.0,Trump 1.0
Washington,2018-05-09,14,14.0,Trump 1.0
Washington,2018-05-10,19,15.0,Trump 1.0
Washington,2018-05-11,11,15.0,Trump 1.0
Washington,2018-05-13,1,13.0,Trump 1.0
Washington,2018-05-14,13,14.0,Trump 1.0
Washington,2018-05-15,16,13.0,Trump 1.0
Washington,2018-05-16,13,12.0,Trump 1.0
Washington,2018-05-17,14,12.0,Trump 1.0
Washington,2018-05-18,25,13.0,Trump 1.0
Washington,2018-05-20,1,12.0,Trump 1.0
Washington,2018-05-21,33,16.0,Trump 1.0
Washington,2018-05-22,21,18.0,Trump 1.0
Washington,2018-05-23,14,17.0,Trump 1.0
Washington,2018-05-24,16,18.0,Trump 1.0
Washington,2018-05-25,22,19.0,Trump 1.0
Washington,2018-05-26,3,16.0,Trump 1.0
Washington,2018-05-27,3,16.0,Trump 1.0
Washington,2018-05-28,2,12.0,Trump 1.0
Washington,2018-05-29,19,11.0,Trump 1.0
Washington,2018-05-30,15,11.0,Trump 1.0
Washington,2018-05-31,10,11.0,Trump 1.0
Washington,2018-06-01,10,9.0,Trump 1.0
Washington,2018-06-02,1,9.0,Trump 1.0
Washington,2018-06-04,9,9.0,Trump 1.0
Washington,2018-06-05,21,12.0,Trump 1.0
Washington,2018-06-06,15,12.0,Trump 1.0
Washington,2018-06-07,7,10.0,Trump 1.0
Washington,2018-06-08,12,11.0,Trump 1.0
Washington,2018-06-10,1,9.0,Trump 1.0
Washington,2018-06-11,16,12.0,Trump 1.0
Washington,2018-06-12,14,12.0,Trump 1.0
Washington,2018-06-13,12,11.0,Trump 1.0
Washington,2018-06-14,19,12.0,Trump 1.0
Washington,2018-06-15,18,13.0,Trump 1.0
Washington,2018-06-16,1,12.0,Trump 1.0
Washington,2018-06-17,1,12.0,Trump 1.0
Washington,2018-06-18,14,11.0,Trump 1.0
Washington,2018-06-19,22,12.0,Trump 1.0
Washington,2018-06-20,8,12.0,Trump 1.0
Washington,2018-06-21,20,12.0,Trump 1.0
Washington,2018-06-22,21,12.0,Trump 1.0
Washington,2018-06-23,2,13.0,Trump 1.0
Washington,2018-06-25,14,14.0,Trump 1.0
Washington,2018-06-26,23,16.0,Trump 1.0
Washington,2018-06-27,19,15.0,Trump 1.0
Washington,2018-06-28,11,16.0,Trump 1.0
Washington,2018-06-29,16,15.0,Trump 1.0
Washington,2018-06-30,1,12.0,Trump 1.0
Washington,2018-07-01,1,12.0,Trump 1.0
Washington,2018-07-02,24,14.0,Trump 1.0
Washington,2018-07-03,13,12.0,Trump 1.0
Washington,2018-07-04,6,10.0,Trump 1.0
Washington,2018-07-05,9,10.0,Trump 1.0
Washington,2018-07-06,15,10.0,Trump 1.0
Washington,2018-07-09,26,13.0,Trump 1.0
Washington,2018-07-10,32,18.0,Trump 1.0
Washington,2018-07-11,16,17.0,Trump 1.0
Washington,2018-07-12,30,19.0,Trump 1.0
Washington,2018-07-13,36,23.0,Trump 1.0
Washington,2018-07-14,10,24.0,Trump 1.0
Washington,2018-07-15,3,22.0,Trump 1.0
Washington,2018-07-16,33,23.0,Trump 1.0
Washington,2018-07-17,21,21.0,Trump 1.0
Washington,2018-07-18,23,22.0,Trump 1.0
Washington,2018-07-19,22,21.0,Trump 1.0
Washington,2018-07-20,16,18.0,Trump 1.0
Washington,2018-07-22,10,18.0,Trump 1.0
Washington,2018-07-23,15,20.0,Trump 1.0
Washington,2018-07-24,17,18.0,Trump 1.0
Washington,2018-07-25,16,17.0,Trump 1.0
Washington,2018-07-26,17,16.0,Trump 1.0
Washington,2018-07-27,15,15.0,Trump 1.0
Washington,2018-07-29,5,14.0,Trump 1.0
Washington,2018-07-30,15,14.0,Trump 1.0
Washington,2018-07-31,12,14.0,Trump 1.0
Washington,2018-08-01,12,13.0,Trump 1.0
Washington,2018-08-02,14,13.0,Trump 1.0
Washington,2018-08-03,12,12.0,Trump 1.0
Washington,2018-08-05,3,10.0,Trump 1.0
Washington,2018-08-06,14,12.0,Trump 1.0
Washington,2018-08-07,19,12.0,Trump 1.0
Washington,2018-08-08,8,12.0,Trump 1.0
Washington,2018-08-09,11,12.0,Trump 1.0
Washington,2018-08-10,18,12.0,Trump 1.0
Washington,2018-08-11,3,11.0,Trump 1.0
Washington,2018-08-13,24,14.0,Trump 1.0
Washington,2018-08-14,22,15.0,Trump 1.0
Washington,2018-08-15,12,14.0,Trump 1.0
Washington,2018-08-16,11,14.0,Trump 1.0
Washington,2018-08-17,18,15.0,Trump 1.0
Washington,2018-08-18,2,13.0,Trump 1.0
Washington,2018-08-19,6,14.0,Trump 1.0
Washington,2018-08-20,14,12.0,Trump 1.0
Washington,2018-08-21,17,11.0,Trump 1.0
Washington,2018-08-22,13,12.0,Trump 1.0
Washington,2018-08-23,11,12.0,Trump 1.0
Washington,2018-08-24,19,12.0,Trump 1.0
Washington,2018-08-25,1,12.0,Trump 1.0
Washington,2018-08-26,2,11.0,Trump 1.0
Washington,2018-08-27,24,12.0,Trump 1.0
Washington,2018-08-28,15,12.0,Trump 1.0
Washington,2018-08-29,13,12.0,Trump 1.0
Washington,2018-08-30,11,12.0,Trump 1.0
Washington,2018-08-31,19,12.0,Trump 1.0
Washington,2018-09-01,3,12.0,Trump 1.0
Washington,2018-09-02,4,13.0,Trump 1.0
Washington,2018-09-03,3,10.0,Trump 1.0
Washington,2018-09-04,31,12.0,Trump 1.0
Washington,2018-09-05,22,13.0,Trump 1.0
Washington,2018-09-06,8,13.0,Trump 1.0
Washington,2018-09-07,12,12.0,Trump 1.0
Washington,2018-09-08,3,12.0,Trump 1.0
Washington,2018-09-09,2,12.0,Trump 1.0
Washington,2018-09-10,11,13.0,Trump 1.0
Washington,2018-09-11,20,11.0,Trump 1.0
Washington,2018-09-12,3,8.0,Trump 1.0
Washington,2018-09-13,6,8.0,Trump 1.0
Washington,2018-09-14,8,8.0,Trump 1.0
Washington,2018-09-15,2,7.0,Trump 1.0
Washington,2018-09-16,4,8.0,Trump 1.0
Washington,2018-09-17,14,8.0,Trump 1.0
Washington,2018-09-18,17,8.0,Trump 1.0
Washington,2018-09-19,17,10.0,Trump 1.0
Washington,2018-09-20,12,11.0,Trump 1.0
Washington,2018-09-21,15,12.0,Trump 1.0
Washington,2018-09-22,2,12.0,Trump 1.0
Washington,2018-09-23,5,12.0,Trump 1.0
Washington,2018-09-24,20,13.0,Trump 1.0
Washington,2018-09-25,10,12.0,Trump 1.0
Washington,2018-09-26,9,10.0,Trump 1.0
Washington,2018-09-27,10,10.0,Trump 1.0
Washington,2018-09-28,12,10.0,Trump 1.0
Washington,2018-09-30,1,10.0,Trump 1.0
National,2015-10-01,371,,Trump 1.0
National,2015-10-02,364,,Trump 1.0
National,2015-10-03,40,,Trump 1.0
National,2015-10-04,39,,Trump 1.0
National,2015-10-05,358,,Trump 1.0
National,2015-10-06,390,,Trump 1.0
National,2015-10-07,416,283.0,Trump 1.0
National,2015-10-08,397,286.0,Trump 1.0
National,2015-10-09,397,291.0,Trump 1.0
National,2015-10-10,52,293.0,Trump 1.0
National,2015-10-11,38,293.0,Trump 1.0
National,2015-10-12,103,256.0,Trump 1.0
National,2015-10-13,400,258.0,Trump 1.0
National,2015-10-14,420,258.0,Trump 1.0
National,2015-10-15,439,264.0,Trump 1.0
National,2015-10-16,416,267.0,Trump 1.0
National,2015-10-17,58,268.0,Trump 1.0
National,2015-10-18,42,268.0,Trump 1.0
National,2015-10-19,406,312.0,Trump 1.0
National,2015-10-20,460,320.0,Trump 1.0
National,2015-10-21,412,319.0,Trump 1.0
National,2015-10-22,438,319.0,Trump 1.0
National,2015-10-23,395,316.0,Trump 1.0
National,2015-10-24,118,324.0,Trump 1.0
National,2015-10-25,115,335.0,Trump 1.0
National,2015-10-26,368,329.0,Trump 1.0
National,2015-10-27,472,331.0,Trump 1.0
National,2015-10-28,452,337.0,Trump 1.0
National,2015-10-29,484,343.0,Trump 1.0
National,2015-10-30,941,421.0,Trump 1.0
National,2015-10-31,68,414.0,Trump 1.0
National,2015-11-01,50,405.0,Trump 1.0
National,2015-11-02,586,436.0,Trump 1.0
National,2015-11-03,431,430.0,Trump 1.0
National,2015-11-04,442,429.0,Trump 1.0
National,2015-11-05,421,420.0,Trump 1.0
National,2015-11-06,396,342.0,Trump 1.0
National,2015-11-07,49,339.0,Trump 1.0
National,2015-11-08,65,341.0,Trump 1.0
National,2015-11-09,439,320.0,Trump 1.0
National,2015-11-10,427,320.0,Trump 1.0
National,2015-11-11,111,273.0,Trump 1.0
National,2015-11-12,390,268.0,Trump 1.0
National,2015-11-13,445,275.0,Trump 1.0
National,2015-11-14,73,279.0,Trump 1.0
National,2015-11-15,47,276.0,Trump 1.0
National,2015-11-16,391,269.0,Trump 1.0
National,2015-11-17,422,268.0,Trump 1.0
National,2015-11-18,380,307.0,Trump 1.0
National,2015-11-19,406,309.0,Trump 1.0
National,2015-11-20,399,303.0,Trump 1.0
National,2015-11-21,40,298.0,Trump 1.0
National,2015-11-22,33,296.0,Trump 1.0
National,2015-11-23,390,296.0,Trump 1.0
National,2015-11-24,381,290.0,Trump 1.0
National,2015-11-25,319,281.0,Trump 1.0
National,2015-11-26,44,229.0,Trump 1.0
National,2015-11-27,225,205.0,Trump 1.0
National,2015-11-28,31,203.0,Trump 1.0
National,2015-11-29,48,205.0,Trump 1.0
National,2015-11-30,388,205.0,Trump 1.0
National,2015-12-01,429,212.0,Trump 1.0
National,2015-12-02,408,225.0,Trump 1.0
National,2015-12-03,432,280.0,Trump 1.0
National,2015-12-04,407,306.0,Trump 1.0
National,2015-12-05,50,309.0,Trump 1.0
National,2015-12-06,74,313.0,Trump 1.0
National,2015-12-07,396,314.0,Trump 1.0
National,2015-12-08,382,307.0,Trump 1.0
National,2015-12-09,379,303.0,Trump 1.0
National,2015-12-10,393,297.0,Trump 1.0
National,2015-12-11,400,296.0,Trump 1.0
National,2015-12-12,74,300.0,Trump 1.0
National,2015-12-13,67,299.0,Trump 1.0
National,2015-12-14,382,297.0,Trump 1.0
National,2015-12-15,395,299.0,Trump 1.0
National,2015-12-16,409,303.0,Trump 1.0
National,2015-12-17,397,303.0,Trump 1.0
National,2015-12-18,425,307.0,Trump 1.0
National,2015-12-19,65,306.0,Trump 1.0
National,2015-12-20,63,305.0,Trump 1.0
National,2015-12-21,345,300.0,Trump 1.0
National,2015-12-22,316,289.0,Trump 1.0
National,2015-12-23,314,275.0,Trump 1.0
National,2015-12-24,243,253.0,Trump 1.0
National,2015-12-25,36,197.0,Trump 1.0
National,2015-12-26,54,196.0,Trump 1.0
National,2015-12-27,32,191.0,Trump 1.0
National,2015-12-28,255,179.0,Trump 1.0
National,2015-12-29,284,174.0,Trump 1.0
National,2015-12-30,293,171.0,Trump 1.0
National,2015-12-31,317,182.0,Trump 1.0
National,2016-01-01,38,182.0,Trump 1.0
National,2016-01-02,142,194.0,Trump 1.0
National,2016-01-03,53,197.0,Trump 1.0
National,2016-01-04,266,199.0,Trump 1.0
National,2016-01-05,329,205.0,Trump 1.0
National,2016-01-06,381,218.0,Trump 1.0
National,2016-01-07,400,230.0,Trump 1.0
National,2016-01-08,370,277.0,Trump 1.0
National,2016-01-09,65,266.0,Trump 1.0
National,2016-01-10,46,265.0,Trump 1.0
National,2016-01-11,371,280.0,Trump 1.0
National,2016-01-12,392,289.0,Trump 1.0
National,2016-01-13,363,287.0,Trump 1.0
National,2016-01-14,414,289.0,Trump 1.0
National,2016-01-15,438,298.0,Trump 1.0
National,2016-01-16,53,297.0,Trump 1.0
National,2016-01-17,37,295.0,Trump 1.0
National,2016-01-18,70,252.0,Trump 1.0
National,2016-01-19,349,246.0,Trump 1.0
National,2016-01-20,347,244.0,Trump 1.0
National,2016-01-21,350,235.0,Trump 1.0
National,2016-01-22,361,224.0,Trump 1.0
National,2016-01-23,54,224.0,Trump 1.0
National,2016-01-24,39,224.0,Trump 1.0
National,2016-01-25,364,266.0,Trump 1.0
National,2016-01-26,363,268.0,Trump 1.0
National,2016-01-27,379,273.0,Trump 1.0
National,2016-01-28,387,278.0,Trump 1.0
National,2016-01-29,392,283.0,Trump 1.0
National,2016-01-30,75,286.0,Trump 1.0
National,2016-01-31,66,289.0,Trump 1.0
National,2016-02-01,434,299.0,Trump 1.0
National,2016-02-02,397,304.0,Trump 1.0
National,2016-02-03,361,302.0,Trump 1.0
National,2016-02-04,383,301.0,Trump 1.0
National,2016-02-05,362,297.0,Trump 1.0
National,2016-02-06,90,299.0,Trump 1.0
National,2016-02-07,48,296.0,Trump 1.0
National,2016-02-08,338,283.0,Trump 1.0
National,2016-02-09,406,284.0,Trump 1.0
National,2016-02-10,373,286.0,Trump 1.0
National,2016-02-11,444,294.0,Trump 1.0
National,2016-02-12,405,301.0,Trump 1.0
National,2016-02-13,57,296.0,Trump 1.0
National,2016-02-14,51,296.0,Trump 1.0
National,2016-02-15,45,254.0,Trump 1.0
National,2016-02-16,377,250.0,Trump 1.0
National,2016-02-17,396,254.0,Trump 1.0
National,2016-02-18,443,253.0,Trump 1.0
National,2016-02-19,372,249.0,Trump 1.0
National,2016-02-20,47,247.0,Trump 1.0
National,2016-02-21,42,246.0,Trump 1.0
National,2016-02-22,377,293.0,Trump 1.0
National,2016-02-23,412,298.0,Trump 1.0
National,2016-02-24,384,297.0,Trump 1.0
National,2016-02-25,404,291.0,Trump 1.0
National,2016-02-26,471,305.0,Trump 1.0
National,2016-02-27,55,306.0,Trump 1.0
National,2016-02-28,74,311.0,Trump 1.0
National,2016-02-29,385,312.0,Trump 1.0
National,2016-03-01,433,315.0,Trump 1.0
National,2016-03-02,409,319.0,Trump 1.0
National,2016-03-03,409,319.0,Trump 1.0
National,2016-03-04,417,312.0,Trump 1.0
National,2016-03-05,68,314.0,Trump 1.0
National,2016-03-06,62,312.0,Trump 1.0
National,2016-03-07,404,315.0,Trump 1.0
National,2016-03-08,403,310.0,Trump 1.0
National,2016-03-09,355,303.0,Trump 1.0
National,2016-03-10,426,305.0,Trump 1.0
National,2016-03-11,416,305.0,Trump 1.0
National,2016-03-12,52,303.0,Trump 1.0
National,2016-03-13,44,300.0,Trump 1.0
National,2016-03-14,396,299.0,Trump 1.0
National,2016-03-15,384,296.0,Trump 1.0
National,2016-03-16,362,297.0,Trump 1.0
National,2016-03-17,384,291.0,Trump 1.0
National,2016-03-18,343,281.0,Trump 1.0
National,2016-03-19,45,280.0,Trump 1.0
National,2016-03-20,42,279.0,Trump 1.0
National,2016-03-21,351,273.0,Trump 1.0
National,2016-03-22,351,268.0,Trump 1.0
National,2016-03-23,388,272.0,Trump 1.0
National,2016-03-24,385,272.0,Trump 1.0
National,2016-03-25,369,276.0,Trump 1.0
National,2016-03-26,59,278.0,Trump 1.0
National,2016-03-27,54,280.0,Trump 1.0
National,2016-03-28,368,282.0,Trump 1.0
National,2016-03-29,383,287.0,Trump 1.0
National,2016-03-30,387,286.0,Trump 1.0
National,2016-03-31,374,285.0,Trump 1.0
National,2016-04-01,383,287.0,Trump 1.0
National,2016-04-02,38,284.0,Trump 1.0
National,2016-04-03,35,281.0,Trump 1.0
National,2016-04-04,391,284.0,Trump 1.0
National,2016-04-05,425,290.0,Trump 1.0
National,2016-04-06,405,293.0,Trump 1.0
National,2016-04-07,429,301.0,Trump 1.0
National,2016-04-08,428,307.0,Trump 1.0
National,2016-04-09,60,310.0,Trump 1.0
National,2016-04-10,55,313.0,Trump 1.0
National,2016-04-11,419,317.0,Trump 1.0
National,2016-04-12,484,326.0,Trump 1.0
National,2016-04-13,403,325.0,Trump 1.0
National,2016-04-14,442,327.0,Trump 1.0
National,2016-04-15,400,323.0,Trump 1.0
National,2016-04-16,72,325.0,Trump 1.0
National,2016-04-17,41,323.0,Trump 1.0
National,2016-04-18,369,316.0,Trump 1.0
National,2016-04-19,423,307.0,Trump 1.0
National,2016-04-20,386,305.0,Trump 1.0
National,2016-04-21,444,305.0,Trump 1.0
National,2016-04-22,437,310.0,Trump 1.0
National,2016-04-23,86,312.0,Trump 1.0
National,2016-04-24,34,311.0,Trump 1.0
National,2016-04-25,403,316.0,Trump 1.0
National,2016-04-26,374,309.0,Trump 1.0
National,2016-04-27,390,310.0,Trump 1.0
National,2016-04-28,385,301.0,Trump 1.0
National,2016-04-29,398,296.0,Trump 1.0
National,2016-04-30,65,293.0,Trump 1.0
National,2016-05-01,56,296.0,Trump 1.0
National,2016-05-02,403,296.0,Trump 1.0
National,2016-05-03,429,304.0,Trump 1.0
National,2016-05-04,395,304.0,Trump 1.0
National,2016-05-05,434,311.0,Trump 1.0
National,2016-05-06,423,315.0,Trump 1.0
National,2016-05-07,52,313.0,Trump 1.0
National,2016-05-08,43,311.0,Trump 1.0
National,2016-05-09,429,315.0,Trump 1.0
National,2016-05-10,465,320.0,Trump 1.0
National,2016-05-11,472,331.0,Trump 1.0
National,2016-05-12,433,331.0,Trump 1.0
National,2016-05-13,426,331.0,Trump 1.0
National,2016-05-14,53,332.0,Trump 1.0
National,2016-05-15,55,333.0,Trump 1.0
National,2016-05-16,396,329.0,Trump 1.0
National,2016-05-17,396,319.0,Trump 1.0
National,2016-05-18,395,308.0,Trump 1.0
National,2016-05-19,409,304.0,Trump 1.0
National,2016-05-20,432,305.0,Trump 1.0
National,2016-05-21,63,307.0,Trump 1.0
National,2016-05-22,67,308.0,Trump 1.0
National,2016-05-23,431,313.0,Trump 1.0
National,2016-05-24,359,308.0,Trump 1.0
National,2016-05-25,385,307.0,Trump 1.0
National,2016-05-26,409,307.0,Trump 1.0
National,2016-05-27,404,303.0,Trump 1.0
National,2016-05-28,71,304.0,Trump 1.0
National,2016-05-29,48,301.0,Trump 1.0
National,2016-05-30,65,249.0,Trump 1.0
National,2016-05-31,346,247.0,Trump 1.0
National,2016-06-01,392,248.0,Trump 1.0
National,2016-06-02,405,247.0,Trump 1.0
National,2016-06-03,410,248.0,Trump 1.0
National,2016-06-04,76,249.0,Trump 1.0
National,2016-06-05,32,247.0,Trump 1.0
National,2016-06-06,372,290.0,Trump 1.0
National,2016-06-07,388,296.0,Trump 1.0
National,2016-06-08,356,291.0,Trump 1.0
National,2016-06-09,387,289.0,Trump 1.0
National,2016-06-10,414,289.0,Trump 1.0
National,2016-06-11,90,291.0,Trump 1.0
National,2016-06-12,61,295.0,Trump 1.0
National,2016-06-13,359,294.0,Trump 1.0
National,2016-06-14,403,296.0,Trump 1.0
National,2016-06-15,401,302.0,Trump 1.0
National,2016-06-16,413,306.0,Trump 1.0
National,2016-06-17,380,301.0,Trump 1.0
National,2016-06-18,43,294.0,Trump 1.0
National,2016-06-19,43,292.0,Trump 1.0
National,2016-06-20,342,289.0,Trump 1.0
National,2016-06-21,357,283.0,Trump 1.0
National,2016-06-22,360,277.0,Trump 1.0
National,2016-06-23,357,269.0,Trump 1.0
National,2016-06-24,347,264.0,Trump 1.0
National,2016-06-25,59,266.0,Trump 1.0
National,2016-06-26,43,266.0,Trump 1.0
National,2016-06-27,398,274.0,Trump 1.0
National,2016-06-28,388,279.0,Trump 1.0
National,2016-06-29,382,282.0,Trump 1.0
National,2016-06-30,347,281.0,Trump 1.0
National,2016-07-01,401,288.0,Trump 1.0
National,2016-07-02,64,289.0,Trump 1.0
National,2016-07-03,50,290.0,Trump 1.0
National,2016-07-04,43,239.0,Trump 1.0
National,2016-07-05,294,226.0,Trump 1.0
National,2016-07-06,393,227.0,Trump 1.0
National,2016-07-07,397,235.0,Trump 1.0
National,2016-07-08,413,236.0,Trump 1.0
National,2016-07-09,21,230.0,Trump 1.0
National,2016-07-10,25,227.0,Trump 1.0
National,2016-07-11,389,276.0,Trump 1.0
National,2016-07-12,405,292.0,Trump 1.0
National,2016-07-13,420,296.0,Trump 1.0
National,2016-07-14,378,293.0,Trump 1.0
National,2016-07-15,409,292.0,Trump 1.0
National,2016-07-16,50,297.0,Trump 1.0
National,2016-07-17,64,302.0,Trump 1.0
National,2016-07-18,395,303.0,Trump 1.0
National,2016-07-19,428,306.0,Trump 1.0
National,2016-07-20,417,306.0,Trump 1.0
National,2016-07-21,357,303.0,Trump 1.0
National,2016-07-22,374,298.0,Trump 1.0
National,2016-07-23,37,296.0,Trump 1.0
National,2016-07-24,43,293.0,Trump 1.0
National,2016-07-25,327,283.0,Trump 1.0
National,2016-07-26,357,273.0,Trump 1.0
National,2016-07-27,412,272.0,Trump 1.0
National,2016-07-28,380,276.0,Trump 1.0
National,2016-07-29,374,276.0,Trump 1.0
National,2016-07-30,53,278.0,Trump 1.0
National,2016-07-31,40,278.0,Trump 1.0
National,2016-08-01,370,284.0,Trump 1.0
National,2016-08-02,378,287.0,Trump 1.0
National,2016-08-03,420,288.0,Trump 1.0
National,2016-08-04,394,290.0,Trump 1.0
National,2016-08-05,382,291.0,Trump 1.0
National,2016-08-06,49,290.0,Trump 1.0
National,2016-08-07,38,290.0,Trump 1.0
National,2016-08-08,393,293.0,Trump 1.0
National,2016-08-09,408,298.0,Trump 1.0
National,2016-08-10,438,300.0,Trump 1.0
National,2016-08-11,438,307.0,Trump 1.0
National,2016-08-12,422,312.0,Trump 1.0
National,2016-08-13,60,314.0,Trump 1.0
National,2016-08-14,31,313.0,Trump 1.0
National,2016-08-15,402,314.0,Trump 1.0
National,2016-08-16,475,324.0,Trump 1.0
National,2016-08-17,468,328.0,Trump 1.0
National,2016-08-18,453,330.0,Trump 1.0
National,2016-08-19,417,329.0,Trump 1.0
National,2016-08-20,70,331.0,Trump 1.0
National,2016-08-21,61,335.0,Trump 1.0
National,2016-08-22,389,333.0,Trump 1.0
National,2016-08-23,416,325.0,Trump 1.0
National,2016-08-24,422,318.0,Trump 1.0
National,2016-08-25,383,308.0,Trump 1.0
National,2016-08-26,386,304.0,Trump 1.0
National,2016-08-27,49,301.0,Trump 1.0
National,2016-08-28,50,299.0,Trump 1.0
National,2016-08-29,380,298.0,Trump 1.0
National,2016-08-30,399,296.0,Trump 1.0
National,2016-08-31,451,300.0,Trump 1.0
National,2016-09-01,397,302.0,Trump 1.0
National,2016-09-02,458,312.0,Trump 1.0
National,2016-09-03,53,313.0,Trump 1.0
National,2016-09-04,42,311.0,Trump 1.0
National,2016-09-05,64,266.0,Trump 1.0
National,2016-09-06,402,267.0,Trump 1.0
National,2016-09-07,430,264.0,Trump 1.0
National,2016-09-08,450,271.0,Trump 1.0
National,2016-09-09,424,266.0,Trump 1.0
National,2016-09-10,35,264.0,Trump 1.0
National,2016-09-11,44,264.0,Trump 1.0
National,2016-09-12,353,305.0,Trump 1.0
National,2016-09-13,420,308.0,Trump 1.0
National,2016-09-14,391,302.0,Trump 1.0
National,2016-09-15,425,299.0,Trump 1.0
National,2016-09-16,422,299.0,Trump 1.0
National,2016-09-17,69,303.0,Trump 1.0
National,2016-09-18,102,312.0,Trump 1.0
National,2016-09-19,410,320.0,Trump 1.0
National,2016-09-20,446,324.0,Trump 1.0
National,2016-09-21,413,327.0,Trump 1.0
National,2016-09-22,396,323.0,Trump 1.0
National,2016-09-23,355,313.0,Trump 1.0
National,2016-09-24,70,313.0,Trump 1.0
National,2016-09-25,37,304.0,Trump 1.0
National,2016-09-26,421,305.0,Trump 1.0
National,2016-09-27,410,300.0,Trump 1.0
National,2016-09-28,422,302.0,Trump 1.0
National,2016-09-29,434,307.0,Trump 1.0
National,2016-09-30,386,311.0,Trump 1.0
National,2016-10-01,68,311.0,Trump 1.0
National,2016-10-02,77,317.0,Trump 1.0
National,2016-10-03,388,312.0,Trump 1.0
National,2016-10-04,429,315.0,Trump 1.0
National,2016-10-05,416,314.0,Trump 1.0
National,2016-10-06,382,307.0,Trump 1.0
National,2016-10-07,424,312.0,Trump 1.0
National,2016-10-08,75,313.0,Trump 1.0
National,2016-10-09,37,307.0,Trump 1.0
National,2016-10-10,100,266.0,Trump 1.0
National,2016-10-11,439,268.0,Trump 1.0
National,2016-10-12,438,271.0,Trump 1.0
National,2016-10-13,419,276.0,Trump 1.0
National,2016-10-14,477,284.0,Trump 1.0
National,2016-10-15,55,281.0,Trump 1.0
National,2016-10-16,70,285.0,Trump 1.0
National,2016-10-17,385,326.0,Trump 1.0
National,2016-10-18,457,329.0,Trump 1.0
National,2016-10-19,456,331.0,Trump 1.0
National,2016-10-20,442,335.0,Trump 1.0
National,2016-10-21,433,328.0,Trump 1.0
National,2016-10-22,59,329.0,Trump 1.0
National,2016-10-23,61,328.0,Trump 1.0
National,2016-10-24,426,333.0,Trump 1.0
National,2016-10-25,393,324.0,Trump 1.0
National,2016-10-26,389,315.0,Trump 1.0
National,2016-10-27,407,310.0,Trump 1.0
National,2016-10-28,391,304.0,Trump 1.0
National,2016-10-29,52,303.0,Trump 1.0
National,2016-10-30,65,303.0,Trump 1.0
National,2016-10-31,333,290.0,Trump 1.0
National,2016-11-01,428,295.0,Trump 1.0
National,2016-11-02,417,299.0,Trump 1.0
National,2016-11-03,390,297.0,Trump 1.0
National,2016-11-04,446,304.0,Trump 1.0
National,2016-11-05,61,306.0,Trump 1.0
National,2016-11-06,61,305.0,Trump 1.0
National,2016-11-07,386,313.0,Trump 1.0
National,2016-11-08,393,308.0,Trump 1.0
National,2016-11-09,406,306.0,Trump 1.0
National,2016-11-10,508,323.0,Trump 1.0
National,2016-11-11,103,274.0,Trump 1.0
National,2016-11-12,46,272.0,Trump 1.0
National,2016-11-13,56,271.0,Trump 1.0
National,2016-11-14,404,274.0,Trump 1.0
National,2016-11-15,436,280.0,Trump 1.0
National,2016-11-16,445,285.0,Trump 1.0
National,2016-11-17,436,275.0,Trump 1.0
National,2016-11-18,443,324.0,Trump 1.0
National,2016-11-19,54,325.0,Trump 1.0
National,2016-11-20,69,327.0,Trump 1.0
National,2016-11-21,404,327.0,Trump 1.0
National,2016-11-22,443,328.0,Trump 1.0
National,2016-11-23,400,321.0,Trump 1.0
National,2016-11-24,45,265.0,Trump 1.0
National,2016-11-25,239,236.0,Trump 1.0
National,2016-11-26,44,235.0,Trump 1.0
National,2016-11-27,44,231.0,Trump 1.0
National,2016-11-28,310,218.0,Trump 1.0
National,2016-11-29,402,212.0,Trump 1.0
National,2016-11-30,405,213.0,Trump 1.0
National,2016-12-01,388,262.0,Trump 1.0
National,2016-12-02,431,289.0,Trump 1.0
National,2016-12-03,75,294.0,Trump 1.0
National,2016-12-04,89,300.0,Trump 1.0
National,2016-12-05,396,312.0,Trump 1.0
National,2016-12-06,444,318.0,Trump 1.0
National,2016-12-07,462,326.0,Trump 1.0
National,2016-12-08,383,326.0,Trump 1.0
National,2016-12-09,423,325.0,Trump 1.0
National,2016-12-10,79,325.0,Trump 1.0
National,2016-12-11,57,321.0,Trump 1.0
National,2016-12-12,417,324.0,Trump 1.0
National,2016-12-13,396,317.0,Trump 1.0
National,2016-12-14,445,314.0,Trump 1.0
National,2016-12-15,444,323.0,Trump 1.0
National,2016-12-16,405,320.0,Trump 1.0
National,2016-12-17,63,318.0,Trump 1.0
National,2016-12-18,54,318.0,Trump 1.0
National,2016-12-19,364,310.0,Trump 1.0
National,2016-12-20,390,309.0,Trump 1.0
National,2016-12-21,431,307.0,Trump 1.0
National,2016-12-22,382,298.0,Trump 1.0
National,2016-12-23,348,290.0,Trump 1.0
National,2016-12-24,49,288.0,Trump 1.0
National,2016-12-25,28,285.0,Trump 1.0
National,2016-12-26,50,240.0,Trump 1.0
National,2016-12-27,267,222.0,Trump 1.0
National,2016-12-28,261,198.0,Trump 1.0
National,2016-12-29,309,187.0,Trump 1.0
National,2016-12-30,337,186.0,Trump 1.0
National,2016-12-31,27,183.0,Trump 1.0
National,2017-01-01,39,184.0,Trump 1.0
National,2017-01-02,60,186.0,Trump 1.0
National,2017-01-03,296,190.0,Trump 1.0
National,2017-01-04,382,207.0,Trump 1.0
National,2017-01-05,410,222.0,Trump 1.0
National,2017-01-06,422,234.0,Trump 1.0
National,2017-01-07,45,236.0,Trump 1.0
National,2017-01-08,34,236.0,Trump 1.0
National,2017-01-09,391,283.0,Trump 1.0
National,2017-01-10,438,303.0,Trump 1.0
National,2017-01-11,396,305.0,Trump 1.0
National,2017-01-12,425,307.0,Trump 1.0
National,2017-01-13,475,315.0,Trump 1.0
National,2017-01-14,77,319.0,Trump 1.0
National,2017-01-15,54,322.0,Trump 1.0
National,2017-01-16,84,278.0,Trump 1.0
National,2017-01-17,416,275.0,Trump 1.0
National,2017-01-18,446,282.0,Trump 1.0
National,2017-01-19,427,283.0,Trump 1.0
National,2017-01-20,491,285.0,Trump 1.0
National,2017-01-21,74,285.0,Trump 1.0
National,2017-01-22,30,281.0,Trump 1.0
National,2017-01-23,365,321.0,Trump 1.0
National,2017-01-24,452,326.0,Trump 1.0
National,2017-01-25,462,329.0,Trump 1.0
National,2017-01-26,464,334.0,Trump 1.0
National,2017-01-27,475,332.0,Trump 1.0
National,2017-01-28,75,332.0,Trump 1.0
National,2017-01-29,58,336.0,Trump 1.0
National,2017-01-30,473,351.0,Trump 1.0
National,2017-01-31,497,358.0,Trump 1.0
National,2017-02-01,449,356.0,Trump 1.0
National,2017-02-02,493,360.0,Trump 1.0
National,2017-02-03,512,365.0,Trump 1.0
National,2017-02-04,73,365.0,Trump 1.0
National,2017-02-05,129,375.0,Trump 1.0
National,2017-02-06,554,387.0,Trump 1.0
National,2017-02-07,666,411.0,Trump 1.0
National,2017-02-08,642,438.0,Trump 1.0
National,2017-02-09,604,454.0,Trump 1.0
National,2017-02-10,598,467.0,Trump 1.0
National,2017-02-11,93,469.0,Trump 1.0
National,2017-02-12,101,465.0,Trump 1.0
National,2017-02-13,471,454.0,Trump 1.0
National,2017-02-14,529,434.0,Trump 1.0
National,2017-02-15,551,421.0,Trump 1.0
National,2017-02-16,494,405.0,Trump 1.0
National,2017-02-17,574,402.0,Trump 1.0
National,2017-02-18,90,401.0,Trump 1.0
National,2017-02-19,72,397.0,Trump 1.0
National,2017-02-20,78,341.0,Trump 1.0
National,2017-02-21,546,344.0,Trump 1.0
National,2017-02-22,515,338.0,Trump 1.0
National,2017-02-23,525,343.0,Trump 1.0
National,2017-02-24,525,336.0,Trump 1.0
National,2017-02-25,75,334.0,Trump 1.0
National,2017-02-26,83,335.0,Trump 1.0
National,2017-02-27,513,397.0,Trump 1.0
National,2017-02-28,552,398.0,Trump 1.0
National,2017-03-01,552,404.0,Trump 1.0
National,2017-03-02,525,404.0,Trump 1.0
National,2017-03-03,514,402.0,Trump 1.0
National,2017-03-04,105,406.0,Trump 1.0
National,2017-03-05,135,414.0,Trump 1.0
National,2017-03-06,531,416.0,Trump 1.0
National,2017-03-07,617,426.0,Trump 1.0
National,2017-03-08,636,438.0,Trump 1.0
National,2017-03-09,610,450.0,Trump 1.0
National,2017-03-10,566,457.0,Trump 1.0
National,2017-03-11,128,460.0,Trump 1.0
National,2017-03-12,116,458.0,Trump 1.0
National,2017-03-13,535,458.0,Trump 1.0
National,2017-03-14,479,439.0,Trump 1.0
National,2017-03-15,467,414.0,Trump 1.0
National,2017-03-16,498,398.0,Trump 1.0
National,2017-03-17,450,382.0,Trump 1.0
National,2017-03-18,122,381.0,Trump 1.0
National,2017-03-19,103,379.0,Trump 1.0
National,2017-03-20,485,372.0,Trump 1.0
National,2017-03-21,531,379.0,Trump 1.0
National,2017-03-22,578,395.0,Trump 1.0
National,2017-03-23,538,401.0,Trump 1.0
National,2017-03-24,549,415.0,Trump 1.0
National,2017-03-25,154,420.0,Trump 1.0
National,2017-03-26,152,427.0,Trump 1.0
National,2017-03-27,585,441.0,Trump 1.0
National,2017-03-28,630,455.0,Trump 1.0
National,2017-03-29,554,452.0,Trump 1.0
National,2017-03-30,563,455.0,Trump 1.0
National,2017-03-31,528,452.0,Trump 1.0
National,2017-04-01,167,454.0,Trump 1.0
National,2017-04-02,176,458.0,Trump 1.0
National,2017-04-03,477,442.0,Trump 1.0
National,2017-04-04,535,429.0,Trump 1.0
National,2017-04-05,544,427.0,Trump 1.0
National,2017-04-06,530,422.0,Trump 1.0
National,2017-04-07,534,423.0,Trump 1.0
National,2017-04-08,99,414.0,Trump 1.0
National,2017-04-09,89,401.0,Trump 1.0
National,2017-04-10,469,400.0,Trump 1.0
National,2017-04-11,545,401.0,Trump 1.0
National,2017-04-12,612,411.0,Trump 1.0
National,2017-04-13,503,407.0,Trump 1.0
National,2017-04-14,450,395.0,Trump 1.0
National,2017-04-15,106,396.0,Trump 1.0
National,2017-04-16,70,394.0,Trump 1.0
National,2017-04-17,482,395.0,Trump 1.0
National,2017-04-18,602,404.0,Trump 1.0
National,2017-04-19,642,408.0,Trump 1.0
National,2017-04-20,572,418.0,Trump 1.0
National,2017-04-21,600,439.0,Trump 1.0
National,2017-04-22,104,439.0,Trump 1.0
National,2017-04-23,62,438.0,Trump 1.0
National,2017-04-24,559,449.0,Trump 1.0
National,2017-04-25,541,440.0,Trump 1.0
National,2017-04-26,566,429.0,Trump 1.0
National,2017-04-27,516,421.0,Trump 1.0
National,2017-04-28,501,407.0,Trump 1.0
National,2017-04-29,84,404.0,Trump 1.0
National,2017-04-30,82,407.0,Trump 1.0
National,2017-05-01,499,398.0,Trump 1.0
National,2017-05-02,531,397.0,Trump 1.0
National,2017-05-03,576,398.0,Trump 1.0
National,2017-05-04,536,401.0,Trump 1.0
National,2017-05-05,488,399.0,Trump 1.0
National,2017-05-06,90,400.0,Trump 1.0
National,2017-05-07,74,399.0,Trump 1.0
National,2017-05-08,516,402.0,Trump 1.0
National,2017-05-09,508,398.0,Trump 1.0
National,2017-05-10,552,395.0,Trump 1.0
National,2017-05-11,548,397.0,Trump 1.0
National,2017-05-12,524,402.0,Trump 1.0
National,2017-05-13,111,405.0,Trump 1.0
National,2017-05-14,81,406.0,Trump 1.0
National,2017-05-15,522,407.0,Trump 1.0
National,2017-05-16,563,414.0,Trump 1.0
National,2017-05-17,566,416.0,Trump 1.0
National,2017-05-18,578,421.0,Trump 1.0
National,2017-05-19,490,416.0,Trump 1.0
National,2017-05-20,149,421.0,Trump 1.0
National,2017-05-21,154,432.0,Trump 1.0
National,2017-05-22,540,434.0,Trump 1.0
National,2017-05-23,612,441.0,Trump 1.0
National,2017-05-24,618,449.0,Trump 1.0
National,2017-05-25,532,442.0,Trump 1.0
National,2017-05-26,535,449.0,Trump 1.0
National,2017-05-27,105,442.0,Trump 1.0
National,2017-05-28,91,433.0,Trump 1.0
National,2017-05-29,132,375.0,Trump 1.0
National,2017-05-30,558,367.0,Trump 1.0
National,2017-05-31,577,361.0,Trump 1.0
National,2017-06-01,592,370.0,Trump 1.0
National,2017-06-02,581,377.0,Trump 1.0
National,2017-06-03,99,376.0,Trump 1.0
National,2017-06-04,97,377.0,Trump 1.0
National,2017-06-05,630,448.0,Trump 1.0
National,2017-06-06,594,453.0,Trump 1.0
National,2017-06-07,620,459.0,Trump 1.0
National,2017-06-08,558,454.0,Trump 1.0
National,2017-06-09,539,448.0,Trump 1.0
National,2017-06-10,150,455.0,Trump 1.0
National,2017-06-11,183,468.0,Trump 1.0
National,2017-06-12,550,456.0,Trump 1.0
National,2017-06-13,576,454.0,Trump 1.0
National,2017-06-14,547,443.0,Trump 1.0
National,2017-06-15,573,445.0,Trump 1.0
National,2017-06-16,523,443.0,Trump 1.0
National,2017-06-17,94,435.0,Trump 1.0
National,2017-06-18,71,419.0,Trump 1.0
National,2017-06-19,528,416.0,Trump 1.0
National,2017-06-20,511,407.0,Trump 1.0
National,2017-06-21,537,405.0,Trump 1.0
National,2017-06-22,537,400.0,Trump 1.0
National,2017-06-23,531,401.0,Trump 1.0
National,2017-06-24,85,400.0,Trump 1.0
National,2017-06-25,83,402.0,Trump 1.0
National,2017-06-26,525,401.0,Trump 1.0
National,2017-06-27,582,411.0,Trump 1.0
National,2017-06-28,659,429.0,Trump 1.0
National,2017-06-29,625,441.0,Trump 1.0
National,2017-06-30,556,445.0,Trump 1.0
National,2017-07-01,110,449.0,Trump 1.0
National,2017-07-02,88,449.0,Trump 1.0
National,2017-07-03,464,441.0,Trump 1.0
National,2017-07-04,126,375.0,Trump 1.0
National,2017-07-05,437,344.0,Trump 1.0
National,2017-07-06,557,334.0,Trump 1.0
National,2017-07-07,574,337.0,Trump 1.0
National,2017-07-08,112,337.0,Trump 1.0
National,2017-07-09,85,336.0,Trump 1.0
National,2017-07-10,487,340.0,Trump 1.0
National,2017-07-11,627,411.0,Trump 1.0
National,2017-07-12,610,436.0,Trump 1.0
National,2017-07-13,614,444.0,Trump 1.0
National,2017-07-14,575,444.0,Trump 1.0
National,2017-07-15,117,445.0,Trump 1.0
National,2017-07-16,142,453.0,Trump 1.0
National,2017-07-17,546,462.0,Trump 1.0
National,2017-07-18,595,457.0,Trump 1.0
National,2017-07-19,591,454.0,Trump 1.0
National,2017-07-20,574,449.0,Trump 1.0
National,2017-07-21,536,443.0,Trump 1.0
National,2017-07-22,139,446.0,Trump 1.0
National,2017-07-23,295,468.0,Trump 1.0
National,2017-07-24,680,487.0,Trump 1.0
National,2017-07-25,722,505.0,Trump 1.0
National,2017-07-26,688,519.0,Trump 1.0
National,2017-07-27,544,515.0,Trump 1.0
National,2017-07-28,490,508.0,Trump 1.0
National,2017-07-29,142,509.0,Trump 1.0
National,2017-07-30,104,481.0,Trump 1.0
National,2017-07-31,572,466.0,Trump 1.0
National,2017-08-01,622,452.0,Trump 1.0
National,2017-08-02,654,447.0,Trump 1.0
National,2017-08-03,509,442.0,Trump 1.0
National,2017-08-04,591,456.0,Trump 1.0
National,2017-08-05,125,454.0,Trump 1.0
National,2017-08-06,121,456.0,Trump 1.0
National,2017-08-07,493,445.0,Trump 1.0
National,2017-08-08,533,432.0,Trump 1.0
National,2017-08-09,629,429.0,Trump 1.0
National,2017-08-10,585,440.0,Trump 1.0
National,2017-08-11,560,435.0,Trump 1.0
National,2017-08-12,129,436.0,Trump 1.0
National,2017-08-13,108,434.0,Trump 1.0
National,2017-08-14,544,441.0,Trump 1.0
National,2017-08-15,638,456.0,Trump 1.0
National,2017-08-16,605,453.0,Trump 1.0
National,2017-08-17,590,453.0,Trump 1.0
National,2017-08-18,631,464.0,Trump 1.0
National,2017-08-19,132,464.0,Trump 1.0
National,2017-08-20,108,464.0,Trump 1.0
National,2017-08-21,507,459.0,Trump 1.0
National,2017-08-22,559,447.0,Trump 1.0
National,2017-08-23,627,451.0,Trump 1.0
National,2017-08-24,555,446.0,Trump 1.0
National,2017-08-25,575,438.0,Trump 1.0
National,2017-08-26,83,431.0,Trump 1.0
National,2017-08-27,94,429.0,Trump 1.0
National,2017-08-28,456,421.0,Trump 1.0
National,2017-08-29,501,413.0,Trump 1.0
National,2017-08-30,548,402.0,Trump 1.0
National,2017-08-31,453,387.0,Trump 1.0
National,2017-09-01,555,384.0,Trump 1.0
National,2017-09-02,98,386.0,Trump 1.0
National,2017-09-03,97,387.0,Trump 1.0
National,2017-09-04,120,339.0,Trump 1.0
National,2017-09-05,523,342.0,Trump 1.0
National,2017-09-06,543,341.0,Trump 1.0
National,2017-09-07,557,356.0,Trump 1.0
National,2017-09-08,560,357.0,Trump 1.0
National,2017-09-09,106,358.0,Trump 1.0
National,2017-09-10,86,356.0,Trump 1.0
National,2017-09-11,500,411.0,Trump 1.0
National,2017-09-12,627,426.0,Trump 1.0
National,2017-09-13,574,430.0,Trump 1.0
National,2017-09-14,567,431.0,Trump 1.0
National,2017-09-15,539,428.0,Trump 1.0
National,2017-09-16,103,428.0,Trump 1.0
National,2017-09-17,141,436.0,Trump 1.0
National,2017-09-18,584,448.0,Trump 1.0
National,2017-09-19,557,438.0,Trump 1.0
National,2017-09-20,642,448.0,Trump 1.0
National,2017-09-21,555,446.0,Trump 1.0
National,2017-09-22,558,449.0,Trump 1.0
National,2017-09-23,87,446.0,Trump 1.0
National,2017-09-24,249,462.0,Trump 1.0
National,2017-09-25,639,470.0,Trump 1.0
National,2017-09-26,690,489.0,Trump 1.0
National,2017-09-27,631,487.0,Trump 1.0
National,2017-09-28,494,478.0,Trump 1.0
National,2017-09-29,520,473.0,Trump 1.0
National,2017-09-30,121,478.0,Trump 1.0
National,2017-10-01,107,457.0,Trump 1.0
National,2017-10-02,498,437.0,Trump 1.0
National,2017-10-03,553,418.0,Trump 1.0
National,2017-10-04,635,418.0,Trump 1.0
National,2017-10-05,556,427.0,Trump 1.0
National,2017-10-06,636,444.0,Trump 1.0
National,2017-10-07,131,445.0,Trump 1.0
National,2017-10-08,106,445.0,Trump 1.0
National,2017-10-09,143,394.0,Trump 1.0
National,2017-10-10,662,410.0,Trump 1.0
National,2017-10-11,594,404.0,Trump 1.0
National,2017-10-12,558,404.0,Trump 1.0
National,2017-10-13,594,398.0,Trump 1.0
National,2017-10-14,119,397.0,Trump 1.0
National,2017-10-15,107,397.0,Trump 1.0
National,2017-10-16,555,456.0,Trump 1.0
National,2017-10-17,660,455.0,Trump 1.0
National,2017-10-18,537,447.0,Trump 1.0
National,2017-10-19,617,456.0,Trump 1.0
National,2017-10-20,639,462.0,Trump 1.0
National,2017-10-21,116,462.0,Trump 1.0
National,2017-10-22,134,465.0,Trump 1.0
National,2017-10-23,574,468.0,Trump 1.0
National,2017-10-24,602,460.0,Trump 1.0
National,2017-10-25,598,469.0,Trump 1.0
National,2017-10-26,590,465.0,Trump 1.0
National,2017-10-27,525,448.0,Trump 1.0
National,2017-10-28,120,449.0,Trump 1.0
National,2017-10-29,127,448.0,Trump 1.0
National,2017-10-30,530,442.0,Trump 1.0
National,2017-10-31,552,435.0,Trump 1.0
National,2017-11-01,524,424.0,Trump 1.0
National,2017-11-02,608,427.0,Trump 1.0
National,2017-11-03,611,439.0,Trump 1.0
National,2017-11-04,117,438.0,Trump 1.0
National,2017-11-05,132,439.0,Trump 1.0
National,2017-11-06,537,440.0,Trump 1.0
National,2017-11-07,617,449.0,Trump 1.0
National,2017-11-08,588,459.0,Trump 1.0
National,2017-11-09,688,470.0,Trump 1.0
National,2017-11-10,174,408.0,Trump 1.0
National,2017-11-11,116,407.0,Trump 1.0
National,2017-11-12,97,402.0,Trump 1.0
National,2017-11-13,542,403.0,Trump 1.0
National,2017-11-14,584,398.0,Trump 1.0
National,2017-11-15,634,405.0,Trump 1.0
National,2017-11-16,582,390.0,Trump 1.0
National,2017-11-17,603,451.0,Trump 1.0
National,2017-11-18,127,453.0,Trump 1.0
National,2017-11-19,128,457.0,Trump 1.0
National,2017-11-20,592,464.0,Trump 1.0
National,2017-11-21,566,462.0,Trump 1.0
National,2017-11-22,513,444.0,Trump 1.0
National,2017-11-23,92,374.0,Trump 1.0
National,2017-11-24,375,342.0,Trump 1.0
National,2017-11-25,97,338.0,Trump 1.0
National,2017-11-26,84,331.0,Trump 1.0
National,2017-11-27,495,317.0,Trump 1.0
National,2017-11-28,565,317.0,Trump 1.0
National,2017-11-29,615,332.0,Trump 1.0
National,2017-11-30,602,405.0,Trump 1.0
National,2017-12-01,587,435.0,Trump 1.0
National,2017-12-02,122,439.0,Trump 1.0
National,2017-12-03,174,451.0,Trump 1.0
National,2017-12-04,658,475.0,Trump 1.0
National,2017-12-05,669,490.0,Trump 1.0
National,2017-12-06,601,488.0,Trump 1.0
National,2017-12-07,591,486.0,Trump 1.0
National,2017-12-08,541,479.0,Trump 1.0
National,2017-12-09,71,472.0,Trump 1.0
National,2017-12-10,94,461.0,Trump 1.0
National,2017-12-11,592,451.0,Trump 1.0
National,2017-12-12,622,445.0,Trump 1.0
National,2017-12-13,576,441.0,Trump 1.0
National,2017-12-14,575,439.0,Trump 1.0
National,2017-12-15,561,442.0,Trump 1.0
National,2017-12-16,93,445.0,Trump 1.0
National,2017-12-17,127,449.0,Trump 1.0
National,2017-12-18,524,440.0,Trump 1.0
National,2017-12-19,546,429.0,Trump 1.0
National,2017-12-20,559,426.0,Trump 1.0
National,2017-12-21,463,410.0,Trump 1.0
National,2017-12-22,537,407.0,Trump 1.0
National,2017-12-23,126,412.0,Trump 1.0
National,2017-12-24,110,409.0,Trump 1.0
National,2017-12-25,69,344.0,Trump 1.0
National,2017-12-26,317,312.0,Trump 1.0
National,2017-12-27,332,279.0,Trump 1.0
National,2017-12-28,351,263.0,Trump 1.0
National,2017-12-29,430,248.0,Trump 1.0
National,2017-12-30,92,243.0,Trump 1.0
National,2017-12-31,66,237.0,Trump 1.0
National,2018-01-01,57,235.0,Trump 1.0
National,2018-01-02,460,255.0,Trump 1.0
National,2018-01-03,469,275.0,Trump 1.0
National,2018-01-04,438,287.0,Trump 1.0
National,2018-01-05,594,311.0,Trump 1.0
National,2018-01-06,111,314.0,Trump 1.0
National,2018-01-07,111,320.0,Trump 1.0
National,2018-01-08,502,384.0,Trump 1.0
National,2018-01-09,539,395.0,Trump 1.0
National,2018-01-10,587,412.0,Trump 1.0
National,2018-01-11,599,435.0,Trump 1.0
National,2018-01-12,633,440.0,Trump 1.0
National,2018-01-13,104,439.0,Trump 1.0
National,2018-01-14,97,437.0,Trump 1.0
National,2018-01-15,127,384.0,Trump 1.0
National,2018-01-16,453,371.0,Trump 1.0
National,2018-01-17,450,352.0,Trump 1.0
National,2018-01-18,500,338.0,Trump 1.0
National,2018-01-19,682,345.0,Trump 1.0
National,2018-01-20,117,347.0,Trump 1.0
National,2018-01-21,104,348.0,Trump 1.0
National,2018-01-22,497,400.0,Trump 1.0
National,2018-01-23,619,424.0,Trump 1.0
National,2018-01-24,634,450.0,Trump 1.0
National,2018-01-25,588,463.0,Trump 1.0
National,2018-01-26,658,460.0,Trump 1.0
National,2018-01-27,116,459.0,Trump 1.0
National,2018-01-28,111,460.0,Trump 1.0
National,2018-01-29,544,467.0,Trump 1.0
National,2018-01-30,554,458.0,Trump 1.0
National,2018-01-31,572,449.0,Trump 1.0
National,2018-02-01,564,446.0,Trump 1.0
National,2018-02-02,560,432.0,Trump 1.0
National,2018-02-03,116,432.0,Trump 1.0
National,2018-02-04,87,428.0,Trump 1.0
National,2018-02-05,545,428.0,Trump 1.0
National,2018-02-06,573,431.0,Trump 1.0
National,2018-02-07,550,428.0,Trump 1.0
National,2018-02-08,588,431.0,Trump 1.0
National,2018-02-09,598,437.0,Trump 1.0
National,2018-02-10,120,437.0,Trump 1.0
National,2018-02-11,203,454.0,Trump 1.0
National,2018-02-12,626,465.0,Trump 1.0
National,2018-02-13,655,477.0,Trump 1.0
National,2018-02-14,677,495.0,Trump 1.0
National,2018-02-15,608,498.0,Trump 1.0
National,2018-02-16,636,504.0,Trump 1.0
National,2018-02-17,141,507.0,Trump 1.0
National,2018-02-18,74,488.0,Trump 1.0
National,2018-02-19,144,419.0,Trump 1.0
National,2018-02-20,587,410.0,Trump 1.0
National,2018-02-21,596,398.0,Trump 1.0
National,2018-02-22,579,394.0,Trump 1.0
National,2018-02-23,590,387.0,Trump 1.0
National,2018-02-24,122,385.0,Trump 1.0
National,2018-02-25,195,402.0,Trump 1.0
National,2018-02-26,630,471.0,Trump 1.0
National,2018-02-27,662,482.0,Trump 1.0
National,2018-02-28,653,490.0,Trump 1.0
National,2018-03-01,559,487.0,Trump 1.0
National,2018-03-02,611,490.0,Trump 1.0
National,2018-03-03,148,494.0,Trump 1.0
National,2018-03-04,107,481.0,Trump 1.0
National,2018-03-05,531,467.0,Trump 1.0
National,2018-03-06,559,453.0,Trump 1.0
National,2018-03-07,506,432.0,Trump 1.0
National,2018-03-08,495,422.0,Trump 1.0
National,2018-03-09,532,411.0,Trump 1.0
National,2018-03-10,144,411.0,Trump 1.0
National,2018-03-11,111,411.0,Trump 1.0
National,2018-03-12,521,410.0,Trump 1.0
National,2018-03-13,547,408.0,Trump 1.0
National,2018-03-14,613,423.0,Trump 1.0
National,2018-03-15,508,425.0,Trump 1.0
National,2018-03-16,556,429.0,Trump 1.0
National,2018-03-17,114,424.0,Trump 1.0
National,2018-03-18,160,431.0,Trump 1.0
National,2018-03-19,564,437.0,Trump 1.0
National,2018-03-20,666,454.0,Trump 1.0
National,2018-03-21,592,451.0,Trump 1.0
National,2018-03-22,580,462.0,Trump 1.0
National,2018-03-23,587,466.0,Trump 1.0
National,2018-03-24,90,463.0,Trump 1.0
National,2018-03-25,107,455.0,Trump 1.0
National,2018-03-26,485,444.0,Trump 1.0
National,2018-03-27,518,423.0,Trump 1.0
National,2018-03-28,544,416.0,Trump 1.0
National,2018-03-29,548,411.0,Trump 1.0
National,2018-03-30,487,397.0,Trump 1.0
National,2018-03-31,89,397.0,Trump 1.0
National,2018-04-01,74,392.0,Trump 1.0
National,2018-04-02,477,391.0,Trump 1.0
National,2018-04-03,453,382.0,Trump 1.0
National,2018-04-04,548,382.0,Trump 1.0
National,2018-04-05,606,391.0,Trump 1.0
National,2018-04-06,550,400.0,Trump 1.0
National,2018-04-07,105,402.0,Trump 1.0
National,2018-04-08,91,404.0,Trump 1.0
National,2018-04-09,621,425.0,Trump 1.0
National,2018-04-10,605,447.0,Trump 1.0
National,2018-04-11,612,456.0,Trump 1.0
National,2018-04-12,625,458.0,Trump 1.0
National,2018-04-13,661,474.0,Trump 1.0
National,2018-04-14,140,479.0,Trump 1.0
National,2018-04-15,107,482.0,Trump 1.0
National,2018-04-16,518,467.0,Trump 1.0
National,2018-04-17,612,468.0,Trump 1.0
National,2018-04-18,573,462.0,Trump 1.0
National,2018-04-19,557,453.0,Trump 1.0
National,2018-04-20,577,441.0,Trump 1.0
National,2018-04-21,98,435.0,Trump 1.0
National,2018-04-22,93,433.0,Trump 1.0
National,2018-04-23,525,434.0,Trump 1.0
National,2018-04-24,631,436.0,Trump 1.0
National,2018-04-25,526,430.0,Trump 1.0
National,2018-04-26,501,422.0,Trump 1.0
National,2018-04-27,539,416.0,Trump 1.0
National,2018-04-28,77,413.0,Trump 1.0
National,2018-04-29,92,413.0,Trump 1.0
National,2018-04-30,570,419.0,Trump 1.0
National,2018-05-01,609,416.0,Trump 1.0
National,2018-05-02,623,430.0,Trump 1.0
National,2018-05-03,547,437.0,Trump 1.0
National,2018-05-04,574,442.0,Trump 1.0
National,2018-05-05,105,446.0,Trump 1.0
National,2018-05-06,97,446.0,Trump 1.0
National,2018-05-07,573,447.0,Trump 1.0
National,2018-05-08,588,444.0,Trump 1.0
National,2018-05-09,653,448.0,Trump 1.0
National,2018-05-10,571,452.0,Trump 1.0
National,2018-05-11,627,459.0,Trump 1.0
National,2018-05-12,100,458.0,Trump 1.0
National,2018-05-13,86,457.0,Trump 1.0
National,2018-05-14,548,453.0,Trump 1.0
National,2018-05-15,586,453.0,Trump 1.0
National,2018-05-16,544,437.0,Trump 1.0
National,2018-05-17,479,424.0,Trump 1.0
National,2018-05-18,565,415.0,Trump 1.0
National,2018-05-19,158,424.0,Trump 1.0
National,2018-05-20,145,432.0,Trump 1.0
National,2018-05-21,604,440.0,Trump 1.0
National,2018-05-22,537,433.0,Trump 1.0
National,2018-05-23,572,437.0,Trump 1.0
National,2018-05-24,571,450.0,Trump 1.0
National,2018-05-25,610,457.0,Trump 1.0
National,2018-05-26,134,453.0,Trump 1.0
National,2018-05-27,109,448.0,Trump 1.0
National,2018-05-28,152,384.0,Trump 1.0
National,2018-05-29,588,391.0,Trump 1.0
National,2018-05-30,589,393.0,Trump 1.0
National,2018-05-31,520,386.0,Trump 1.0
National,2018-06-01,578,381.0,Trump 1.0
National,2018-06-02,103,377.0,Trump 1.0
National,2018-06-03,127,380.0,Trump 1.0
National,2018-06-04,575,440.0,Trump 1.0
National,2018-06-05,600,442.0,Trump 1.0
National,2018-06-06,615,445.0,Trump 1.0
National,2018-06-07,585,455.0,Trump 1.0
National,2018-06-08,579,455.0,Trump 1.0
National,2018-06-09,106,455.0,Trump 1.0
National,2018-06-10,164,461.0,Trump 1.0
National,2018-06-11,627,468.0,Trump 1.0
National,2018-06-12,581,465.0,Trump 1.0
National,2018-06-13,609,464.0,Trump 1.0
National,2018-06-14,585,464.0,Trump 1.0
National,2018-06-15,524,457.0,Trump 1.0
National,2018-06-16,98,455.0,Trump 1.0
National,2018-06-17,104,447.0,Trump 1.0
National,2018-06-18,557,437.0,Trump 1.0
National,2018-06-19,577,436.0,Trump 1.0
National,2018-06-20,520,424.0,Trump 1.0
National,2018-06-21,530,416.0,Trump 1.0
National,2018-06-22,517,415.0,Trump 1.0
National,2018-06-23,104,416.0,Trump 1.0
National,2018-06-24,88,413.0,Trump 1.0
National,2018-06-25,504,406.0,Trump 1.0
National,2018-06-26,567,404.0,Trump 1.0
National,2018-06-27,530,406.0,Trump 1.0
National,2018-06-28,543,408.0,Trump 1.0
National,2018-06-29,532,410.0,Trump 1.0
National,2018-06-30,78,406.0,Trump 1.0
National,2018-07-01,107,409.0,Trump 1.0
National,2018-07-02,471,404.0,Trump 1.0
National,2018-07-03,517,397.0,Trump 1.0
National,2018-07-04,89,334.0,Trump 1.0
National,2018-07-05,478,325.0,Trump 1.0
National,2018-07-06,485,318.0,Trump 1.0
National,2018-07-07,91,320.0,Trump 1.0
National,2018-07-08,62,313.0,Trump 1.0
National,2018-07-09,555,325.0,Trump 1.0
National,2018-07-10,555,331.0,Trump 1.0
National,2018-07-11,541,395.0,Trump 1.0
National,2018-07-12,562,407.0,Trump 1.0
National,2018-07-13,586,422.0,Trump 1.0
National,2018-07-14,114,425.0,Trump 1.0
National,2018-07-15,88,429.0,Trump 1.0
National,2018-07-16,571,431.0,Trump 1.0
National,2018-07-17,599,437.0,Trump 1.0
National,2018-07-18,550,439.0,Trump 1.0
National,2018-07-19,565,439.0,Trump 1.0
National,2018-07-20,505,427.0,Trump 1.0
National,2018-07-21,107,426.0,Trump 1.0
National,2018-07-22,73,424.0,Trump 1.0
National,2018-07-23,521,417.0,Trump 1.0
National,2018-07-24,555,411.0,Trump 1.0
National,2018-07-25,492,403.0,Trump 1.0
National,2018-07-26,539,399.0,Trump 1.0
National,2018-07-27,579,409.0,Trump 1.0
National,2018-07-28,116,411.0,Trump 1.0
National,2018-07-29,74,411.0,Trump 1.0
National,2018-07-30,485,406.0,Trump 1.0
National,2018-07-31,500,398.0,Trump 1.0
National,2018-08-01,506,400.0,Trump 1.0
National,2018-08-02,504,395.0,Trump 1.0
National,2018-08-03,524,387.0,Trump 1.0
National,2018-08-04,90,383.0,Trump 1.0
National,2018-08-05,99,387.0,Trump 1.0
National,2018-08-06,495,388.0,Trump 1.0
National,2018-08-07,546,395.0,Trump 1.0
National,2018-08-08,464,389.0,Trump 1.0
National,2018-08-09,554,396.0,Trump 1.0
National,2018-08-10,532,397.0,Trump 1.0
National,2018-08-11,122,402.0,Trump 1.0
National,2018-08-12,87,400.0,Trump 1.0
National,2018-08-13,513,403.0,Trump 1.0
National,2018-08-14,586,408.0,Trump 1.0
National,2018-08-15,554,421.0,Trump 1.0
National,2018-08-16,528,417.0,Trump 1.0
National,2018-08-17,572,423.0,Trump 1.0
National,2018-08-18,122,423.0,Trump 1.0
National,2018-08-19,118,428.0,Trump 1.0
National,2018-08-20,473,422.0,Trump 1.0
National,2018-08-21,545,416.0,Trump 1.0
National,2018-08-22,567,418.0,Trump 1.0
National,2018-08-23,550,421.0,Trump 1.0
National,2018-08-24,558,419.0,Trump 1.0
National,2018-08-25,140,422.0,Trump 1.0
National,2018-08-26,123,422.0,Trump 1.0
National,2018-08-27,539,432.0,Trump 1.0
National,2018-08-28,618,442.0,Trump 1.0
National,2018-08-29,529,437.0,Trump 1.0
National,2018-08-30,555,437.0,Trump 1.0
National,2018-08-31,535,434.0,Trump 1.0
National,2018-09-01,111,430.0,Trump 1.0
National,2018-09-02,69,422.0,Trump 1.0
National,2018-09-03,115,362.0,Trump 1.0
National,2018-09-04,511,346.0,Trump 1.0
National,2018-09-05,521,345.0,Trump 1.0
National,2018-09-06,546,344.0,Trump 1.0
National,2018-09-07,536,344.0,Trump 1.0
National,2018-09-08,106,343.0,Trump 1.0
National,2018-09-09,79,345.0,Trump 1.0
National,2018-09-10,533,405.0,Trump 1.0
National,2018-09-11,536,408.0,Trump 1.0
National,2018-09-12,505,406.0,Trump 1.0
National,2018-09-13,447,392.0,Trump 1.0
National,2018-09-14,578,398.0,Trump 1.0
National,2018-09-15,108,398.0,Trump 1.0
National,2018-09-16,99,401.0,Trump 1.0
National,2018-09-17,597,410.0,Trump 1.0
National,2018-09-18,563,414.0,Trump 1.0
National,2018-09-19,562,422.0,Trump 1.0
National,2018-09-20,615,446.0,Trump 1.0
National,2018-09-21,543,441.0,Trump 1.0
National,2018-09-22,154,448.0,Trump 1.0
National,2018-09-23,208,463.0,Trump 1.0
National,2018-09-24,556,457.0,Trump 1.0
National,2018-09-25,573,459.0,Trump 1.0
National,2018-09-26,509,451.0,Trump 1.0
National,2018-09-27,480,432.0,Trump 1.0
National,2018-09-28,492,425.0,Trump 1.0
National,2018-09-29,100,417.0,Trump 1.0
National,2018-09-30,99,401.0,Trump 1.0
