aor_nam,Apprehension Date,arrests,week_rolling_avg
Atlanta,2022-10-01,2,
Atlanta,2022-10-02,3,
Atlanta,2022-10-03,61,
Atlanta,2022-10-04,45,
Atlanta,2022-10-05,40,
Atlanta,2022-10-06,32,
Atlanta,2022-10-07,34,31.0
Atlanta,2022-10-08,13,33.0
Atlanta,2022-10-09,1,32.0
Atlanta,2022-10-10,10,25.0
Atlanta,2022-10-11,34,23.0
Atlanta,2022-10-12,25,21.0
Atlanta,2022-10-13,33,21.0
Atlanta,2022-10-14,37,22.0
Atlanta,2022-10-15,11,22.0
Atlanta,2022-10-16,1,22.0
Atlanta,2022-10-17,33,25.0
Atlanta,2022-10-18,25,24.0
Atlanta,2022-10-19,36,25.0
Atlanta,2022-10-20,38,26.0
Atlanta,2022-10-21,30,25.0
Atlanta,2022-10-23,14,25.0
Atlanta,2022-10-24,49,32.0
Atlanta,2022-10-25,46,34.0
Atlanta,2022-10-26,52,38.0
Atlanta,2022-10-27,46,39.0
Atlanta,2022-10-28,51,41.0
Atlanta,2022-10-29,12,39.0
Atlanta,2022-10-30,11,38.0
Atlanta,2022-10-31,37,36.0
Atlanta,2022-11-01,47,37.0
Atlanta,2022-11-02,64,38.0
Atlanta,2022-11-03,26,35.0
Atlanta,2022-11-04,40,34.0
Atlanta,2022-11-05,18,35.0
Atlanta,2022-11-06,9,34.0
Atlanta,2022-11-07,35,34.0
Atlanta,2022-11-08,39,33.0
Atlanta,2022-11-09,59,32.0
Atlanta,2022-11-10,42,35.0
Atlanta,2022-11-11,8,30.0
Atlanta,2022-11-12,15,30.0
Atlanta,2022-11-13,16,31.0
Atlanta,2022-11-14,30,30.0
Atlanta,2022-11-15,32,29.0
Atlanta,2022-11-16,34,25.0
Atlanta,2022-11-17,45,26.0
Atlanta,2022-11-18,41,30.0
Atlanta,2022-11-19,3,29.0
Atlanta,2022-11-20,5,27.0
Atlanta,2022-11-21,31,27.0
Atlanta,2022-11-22,60,31.0
Atlanta,2022-11-23,19,29.0
Atlanta,2022-11-24,2,23.0
Atlanta,2022-11-25,15,19.0
Atlanta,2022-11-26,4,19.0
Atlanta,2022-11-27,6,20.0
Atlanta,2022-11-28,38,21.0
Atlanta,2022-11-29,44,18.0
Atlanta,2022-11-30,35,21.0
Atlanta,2022-12-01,27,24.0
Atlanta,2022-12-02,27,26.0
Atlanta,2022-12-03,3,26.0
Atlanta,2022-12-04,2,25.0
Atlanta,2022-12-05,29,24.0
Atlanta,2022-12-06,25,21.0
Atlanta,2022-12-07,42,22.0
Atlanta,2022-12-08,28,22.0
Atlanta,2022-12-09,26,22.0
Atlanta,2022-12-10,2,22.0
Atlanta,2022-12-11,3,22.0
Atlanta,2022-12-12,26,22.0
Atlanta,2022-12-13,25,22.0
Atlanta,2022-12-14,36,21.0
Atlanta,2022-12-15,25,20.0
Atlanta,2022-12-16,25,20.0
Atlanta,2022-12-17,5,21.0
Atlanta,2022-12-18,4,21.0
Atlanta,2022-12-19,19,20.0
Atlanta,2022-12-20,31,21.0
Atlanta,2022-12-21,21,19.0
Atlanta,2022-12-22,23,18.0
Atlanta,2022-12-23,8,16.0
Atlanta,2022-12-25,2,15.0
Atlanta,2022-12-27,14,17.0
Atlanta,2022-12-28,10,16.0
Atlanta,2022-12-29,10,13.0
Atlanta,2022-12-30,11,11.0
Atlanta,2022-12-31,3,8.0
Atlanta,2023-01-01,4,8.0
Atlanta,2023-01-02,2,8.0
Atlanta,2023-01-03,15,8.0
Atlanta,2023-01-04,28,10.0
Atlanta,2023-01-05,27,13.0
Atlanta,2023-01-06,30,16.0
Atlanta,2023-01-07,1,15.0
Atlanta,2023-01-08,1,15.0
Atlanta,2023-01-09,22,18.0
Atlanta,2023-01-10,31,20.0
Atlanta,2023-01-11,21,19.0
Atlanta,2023-01-12,24,19.0
Atlanta,2023-01-13,19,17.0
Atlanta,2023-01-14,1,17.0
Atlanta,2023-01-15,13,19.0
Atlanta,2023-01-16,5,16.0
Atlanta,2023-01-17,35,17.0
Atlanta,2023-01-18,36,19.0
Atlanta,2023-01-19,32,20.0
Atlanta,2023-01-20,22,21.0
Atlanta,2023-01-21,3,21.0
Atlanta,2023-01-22,4,20.0
Atlanta,2023-01-23,28,23.0
Atlanta,2023-01-24,28,22.0
Atlanta,2023-01-25,28,21.0
Atlanta,2023-01-26,24,20.0
Atlanta,2023-01-27,14,18.0
Atlanta,2023-01-28,4,19.0
Atlanta,2023-01-29,5,19.0
Atlanta,2023-01-30,31,19.0
Atlanta,2023-01-31,38,21.0
Atlanta,2023-02-01,42,23.0
Atlanta,2023-02-02,37,24.0
Atlanta,2023-02-03,15,25.0
Atlanta,2023-02-05,2,24.0
Atlanta,2023-02-06,19,26.0
Atlanta,2023-02-07,24,25.0
Atlanta,2023-02-08,40,26.0
Atlanta,2023-02-09,33,24.0
Atlanta,2023-02-10,27,23.0
Atlanta,2023-02-11,3,21.0
Atlanta,2023-02-12,2,21.0
Atlanta,2023-02-13,36,24.0
Atlanta,2023-02-14,29,24.0
Atlanta,2023-02-15,54,26.0
Atlanta,2023-02-16,27,25.0
Atlanta,2023-02-17,42,28.0
Atlanta,2023-02-18,2,27.0
Atlanta,2023-02-19,3,28.0
Atlanta,2023-02-21,29,27.0
Atlanta,2023-02-22,24,26.0
Atlanta,2023-02-23,25,22.0
Atlanta,2023-02-24,23,21.0
Atlanta,2023-02-25,2,15.0
Atlanta,2023-02-26,2,15.0
Atlanta,2023-02-27,26,19.0
Atlanta,2023-02-28,21,18.0
Atlanta,2023-03-01,19,17.0
Atlanta,2023-03-02,20,16.0
Atlanta,2023-03-03,13,15.0
Atlanta,2023-03-04,3,15.0
Atlanta,2023-03-05,2,15.0
Atlanta,2023-03-06,26,15.0
Atlanta,2023-03-07,26,16.0
Atlanta,2023-03-08,25,16.0
Atlanta,2023-03-09,23,17.0
Atlanta,2023-03-10,28,19.0
Atlanta,2023-03-11,3,19.0
Atlanta,2023-03-12,4,19.0
Atlanta,2023-03-13,25,19.0
Atlanta,2023-03-14,32,20.0
Atlanta,2023-03-15,28,20.0
Atlanta,2023-03-16,41,23.0
Atlanta,2023-03-17,14,21.0
Atlanta,2023-03-19,2,21.0
Atlanta,2023-03-20,20,23.0
Atlanta,2023-03-21,29,24.0
Atlanta,2023-03-22,45,26.0
Atlanta,2023-03-23,26,25.0
Atlanta,2023-03-24,18,22.0
Atlanta,2023-03-25,5,21.0
Atlanta,2023-03-26,1,21.0
Atlanta,2023-03-27,19,20.0
Atlanta,2023-03-28,25,20.0
Atlanta,2023-03-29,49,20.0
Atlanta,2023-03-30,45,23.0
Atlanta,2023-03-31,21,24.0
Atlanta,2023-04-01,2,23.0
Atlanta,2023-04-02,2,23.0
Atlanta,2023-04-03,19,23.0
Atlanta,2023-04-04,17,22.0
Atlanta,2023-04-05,34,20.0
Atlanta,2023-04-06,27,17.0
Atlanta,2023-04-07,13,16.0
Atlanta,2023-04-09,3,16.0
Atlanta,2023-04-10,17,19.0
Atlanta,2023-04-11,20,19.0
Atlanta,2023-04-12,35,21.0
Atlanta,2023-04-13,31,21.0
Atlanta,2023-04-14,12,19.0
Atlanta,2023-04-15,2,17.0
Atlanta,2023-04-16,2,17.0
Atlanta,2023-04-17,39,20.0
Atlanta,2023-04-18,17,20.0
Atlanta,2023-04-19,26,18.0
Atlanta,2023-04-20,22,17.0
Atlanta,2023-04-21,20,18.0
Atlanta,2023-04-22,1,18.0
Atlanta,2023-04-23,5,19.0
Atlanta,2023-04-24,26,17.0
Atlanta,2023-04-25,39,20.0
Atlanta,2023-04-26,35,21.0
Atlanta,2023-04-27,16,20.0
Atlanta,2023-04-28,13,19.0
Atlanta,2023-04-29,6,20.0
Atlanta,2023-04-30,1,19.0
Atlanta,2023-05-01,16,18.0
Atlanta,2023-05-02,15,15.0
Atlanta,2023-05-03,20,12.0
Atlanta,2023-05-04,23,13.0
Atlanta,2023-05-05,13,13.0
Atlanta,2023-05-07,4,13.0
Atlanta,2023-05-08,31,17.0
Atlanta,2023-05-09,34,20.0
Atlanta,2023-05-10,37,23.0
Atlanta,2023-05-11,18,23.0
Atlanta,2023-05-12,20,22.0
Atlanta,2023-05-13,2,21.0
Atlanta,2023-05-14,3,21.0
Atlanta,2023-05-15,20,19.0
Atlanta,2023-05-16,23,18.0
Atlanta,2023-05-17,20,15.0
Atlanta,2023-05-18,25,16.0
Atlanta,2023-05-19,11,15.0
Atlanta,2023-05-20,3,15.0
Atlanta,2023-05-21,3,15.0
Atlanta,2023-05-22,14,14.0
Atlanta,2023-05-23,26,15.0
Atlanta,2023-05-24,21,15.0
Atlanta,2023-05-25,33,16.0
Atlanta,2023-05-26,20,17.0
Atlanta,2023-05-27,4,17.0
Atlanta,2023-05-28,4,17.0
Atlanta,2023-05-29,9,17.0
Atlanta,2023-05-30,17,15.0
Atlanta,2023-05-31,30,17.0
Atlanta,2023-06-01,23,15.0
Atlanta,2023-06-02,19,15.0
Atlanta,2023-06-03,2,15.0
Atlanta,2023-06-04,2,15.0
Atlanta,2023-06-05,24,17.0
Atlanta,2023-06-06,22,17.0
Atlanta,2023-06-07,26,17.0
Atlanta,2023-06-08,23,17.0
Atlanta,2023-06-09,14,16.0
Atlanta,2023-06-10,6,17.0
Atlanta,2023-06-11,2,17.0
Atlanta,2023-06-12,23,17.0
Atlanta,2023-06-13,20,16.0
Atlanta,2023-06-14,35,18.0
Atlanta,2023-06-15,19,17.0
Atlanta,2023-06-16,22,18.0
Atlanta,2023-06-18,3,18.0
Atlanta,2023-06-19,2,18.0
Atlanta,2023-06-20,29,19.0
Atlanta,2023-06-21,18,18.0
Atlanta,2023-06-22,17,16.0
Atlanta,2023-06-23,24,16.0
Atlanta,2023-06-24,2,14.0
Atlanta,2023-06-25,1,13.0
Atlanta,2023-06-26,23,16.0
Atlanta,2023-06-27,12,14.0
Atlanta,2023-06-28,25,15.0
Atlanta,2023-06-29,27,16.0
Atlanta,2023-06-30,16,15.0
Atlanta,2023-07-01,1,15.0
Atlanta,2023-07-02,1,15.0
Atlanta,2023-07-03,15,14.0
Atlanta,2023-07-04,1,12.0
Atlanta,2023-07-05,25,12.0
Atlanta,2023-07-06,21,11.0
Atlanta,2023-07-07,22,12.0
Atlanta,2023-07-08,4,13.0
Atlanta,2023-07-09,3,13.0
Atlanta,2023-07-10,23,14.0
Atlanta,2023-07-11,18,17.0
Atlanta,2023-07-12,40,19.0
Atlanta,2023-07-13,18,18.0
Atlanta,2023-07-14,14,17.0
Atlanta,2023-07-15,2,17.0
Atlanta,2023-07-16,2,17.0
Atlanta,2023-07-17,24,17.0
Atlanta,2023-07-18,21,17.0
Atlanta,2023-07-19,22,15.0
Atlanta,2023-07-20,17,15.0
Atlanta,2023-07-21,14,15.0
Atlanta,2023-07-22,1,14.0
Atlanta,2023-07-23,3,15.0
Atlanta,2023-07-24,15,13.0
Atlanta,2023-07-25,22,13.0
Atlanta,2023-07-26,30,15.0
Atlanta,2023-07-27,19,15.0
Atlanta,2023-07-28,17,15.0
Atlanta,2023-07-29,1,15.0
Atlanta,2023-07-31,31,19.0
Atlanta,2023-08-01,19,20.0
Atlanta,2023-08-02,23,20.0
Atlanta,2023-08-03,25,19.0
Atlanta,2023-08-04,11,18.0
Atlanta,2023-08-05,4,16.0
Atlanta,2023-08-06,3,17.0
Atlanta,2023-08-07,15,14.0
Atlanta,2023-08-08,16,14.0
Atlanta,2023-08-09,23,14.0
Atlanta,2023-08-10,23,14.0
Atlanta,2023-08-11,17,14.0
Atlanta,2023-08-12,2,14.0
Atlanta,2023-08-13,2,14.0
Atlanta,2023-08-14,22,15.0
Atlanta,2023-08-15,13,15.0
Atlanta,2023-08-16,23,15.0
Atlanta,2023-08-17,19,14.0
Atlanta,2023-08-18,16,14.0
Atlanta,2023-08-19,1,14.0
Atlanta,2023-08-21,27,17.0
Atlanta,2023-08-22,25,18.0
Atlanta,2023-08-23,32,20.0
Atlanta,2023-08-24,28,21.0
Atlanta,2023-08-25,12,20.0
Atlanta,2023-08-26,1,18.0
Atlanta,2023-08-27,1,18.0
Atlanta,2023-08-28,25,18.0
Atlanta,2023-08-29,17,17.0
Atlanta,2023-08-30,25,16.0
Atlanta,2023-08-31,11,13.0
Atlanta,2023-09-01,24,15.0
Atlanta,2023-09-02,7,16.0
Atlanta,2023-09-03,3,16.0
Atlanta,2023-09-04,3,13.0
Atlanta,2023-09-05,32,15.0
Atlanta,2023-09-06,24,15.0
Atlanta,2023-09-07,24,17.0
Atlanta,2023-09-08,21,16.0
Atlanta,2023-09-09,1,15.0
Atlanta,2023-09-10,9,16.0
Atlanta,2023-09-11,23,19.0
Atlanta,2023-09-12,38,20.0
Atlanta,2023-09-13,25,20.0
Atlanta,2023-09-14,14,19.0
Atlanta,2023-09-15,12,17.0
Atlanta,2023-09-16,2,18.0
Atlanta,2023-09-17,8,17.0
Atlanta,2023-09-18,22,17.0
Atlanta,2023-09-19,26,16.0
Atlanta,2023-09-20,21,15.0
Atlanta,2023-09-21,22,16.0
Atlanta,2023-09-22,16,17.0
Atlanta,2023-09-23,4,17.0
Atlanta,2023-09-25,24,19.0
Atlanta,2023-09-26,17,19.0
Atlanta,2023-09-27,22,18.0
Atlanta,2023-09-28,16,17.0
Atlanta,2023-09-29,19,17.0
Atlanta,2023-09-30,5,15.0
Atlanta,2023-10-01,7,16.0
Atlanta,2023-10-02,24,16.0
Atlanta,2023-10-03,12,15.0
Atlanta,2023-10-04,29,16.0
Atlanta,2023-10-05,39,19.0
Atlanta,2023-10-06,21,20.0
Atlanta,2023-10-07,2,19.0
Atlanta,2023-10-08,5,19.0
Atlanta,2023-10-09,8,17.0
Atlanta,2023-10-10,38,20.0
Atlanta,2023-10-11,29,20.0
Atlanta,2023-10-12,29,19.0
Atlanta,2023-10-13,16,18.0
Atlanta,2023-10-14,5,19.0
Atlanta,2023-10-15,3,18.0
Atlanta,2023-10-16,18,20.0
Atlanta,2023-10-17,29,18.0
Atlanta,2023-10-18,36,19.0
Atlanta,2023-10-19,31,20.0
Atlanta,2023-10-20,15,20.0
Atlanta,2023-10-22,1,19.0
Atlanta,2023-10-23,17,21.0
Atlanta,2023-10-24,38,24.0
Atlanta,2023-10-25,29,24.0
Atlanta,2023-10-26,35,24.0
Atlanta,2023-10-27,22,22.0
Atlanta,2023-10-29,1,20.0
Atlanta,2023-10-30,24,24.0
Atlanta,2023-10-31,16,24.0
Atlanta,2023-11-01,33,23.0
Atlanta,2023-11-02,36,24.0
Atlanta,2023-11-03,16,21.0
Atlanta,2023-11-06,29,22.0
Atlanta,2023-11-07,23,25.0
Atlanta,2023-11-08,28,26.0
Atlanta,2023-11-09,32,28.0
Atlanta,2023-11-10,2,24.0
Atlanta,2023-11-11,1,19.0
Atlanta,2023-11-12,3,17.0
Atlanta,2023-11-13,18,15.0
Atlanta,2023-11-14,30,16.0
Atlanta,2023-11-15,31,17.0
Atlanta,2023-11-16,19,15.0
Atlanta,2023-11-17,26,18.0
Atlanta,2023-11-18,2,18.0
Atlanta,2023-11-19,1,18.0
Atlanta,2023-11-20,17,18.0
Atlanta,2023-11-21,18,16.0
Atlanta,2023-11-22,13,14.0
Atlanta,2023-11-23,1,11.0
Atlanta,2023-11-24,10,9.0
Atlanta,2023-11-27,21,12.0
Atlanta,2023-11-28,23,15.0
Atlanta,2023-11-29,27,16.0
Atlanta,2023-11-30,23,17.0
Atlanta,2023-12-01,18,18.0
Atlanta,2023-12-02,3,18.0
Atlanta,2023-12-03,4,17.0
Atlanta,2023-12-04,19,17.0
Atlanta,2023-12-05,19,16.0
Atlanta,2023-12-06,38,18.0
Atlanta,2023-12-07,26,18.0
Atlanta,2023-12-08,20,18.0
Atlanta,2023-12-09,1,18.0
Atlanta,2023-12-11,17,20.0
Atlanta,2023-12-12,19,20.0
Atlanta,2023-12-13,30,22.0
Atlanta,2023-12-14,24,20.0
Atlanta,2023-12-15,26,20.0
Atlanta,2023-12-17,8,18.0
Atlanta,2023-12-18,17,20.0
Atlanta,2023-12-19,17,20.0
Atlanta,2023-12-20,22,21.0
Atlanta,2023-12-21,15,18.0
Atlanta,2023-12-22,20,18.0
Atlanta,2023-12-23,1,14.0
Atlanta,2023-12-24,2,13.0
Atlanta,2023-12-26,8,12.0
Atlanta,2023-12-27,10,11.0
Atlanta,2023-12-28,12,10.0
Atlanta,2023-12-29,12,9.0
Atlanta,2023-12-30,2,7.0
Atlanta,2023-12-31,2,7.0
Atlanta,2024-01-01,3,7.0
Atlanta,2024-01-02,11,7.0
Atlanta,2024-01-03,28,10.0
Atlanta,2024-01-04,19,11.0
Atlanta,2024-01-05,19,12.0
Atlanta,2024-01-08,17,14.0
Atlanta,2024-01-09,12,16.0
Atlanta,2024-01-10,25,19.0
Atlanta,2024-01-11,13,19.0
Atlanta,2024-01-12,10,16.0
Atlanta,2024-01-13,3,14.0
Atlanta,2024-01-14,3,12.0
Atlanta,2024-01-15,2,10.0
Atlanta,2024-01-16,16,10.0
Atlanta,2024-01-17,22,10.0
Atlanta,2024-01-18,17,10.0
Atlanta,2024-01-19,18,12.0
Atlanta,2024-01-20,2,11.0
Atlanta,2024-01-21,8,12.0
Atlanta,2024-01-22,21,15.0
Atlanta,2024-01-23,17,15.0
Atlanta,2024-01-24,24,15.0
Atlanta,2024-01-25,27,17.0
Atlanta,2024-01-26,12,16.0
Atlanta,2024-01-28,9,17.0
Atlanta,2024-01-29,16,18.0
Atlanta,2024-01-30,12,17.0
Atlanta,2024-01-31,23,18.0
Atlanta,2024-02-01,17,17.0
Atlanta,2024-02-02,23,16.0
Atlanta,2024-02-04,1,14.0
Atlanta,2024-02-05,22,16.0
Atlanta,2024-02-06,22,17.0
Atlanta,2024-02-07,24,19.0
Atlanta,2024-02-08,27,19.0
Atlanta,2024-02-09,22,20.0
Atlanta,2024-02-10,1,17.0
Atlanta,2024-02-11,5,18.0
Atlanta,2024-02-12,22,18.0
Atlanta,2024-02-13,15,17.0
Atlanta,2024-02-14,24,17.0
Atlanta,2024-02-15,19,15.0
Atlanta,2024-02-16,18,15.0
Atlanta,2024-02-17,3,15.0
Atlanta,2024-02-18,2,15.0
Atlanta,2024-02-19,6,12.0
Atlanta,2024-02-20,23,14.0
Atlanta,2024-02-21,27,14.0
Atlanta,2024-02-22,15,13.0
Atlanta,2024-02-23,19,14.0
Atlanta,2024-02-24,7,14.0
Atlanta,2024-02-25,6,15.0
Atlanta,2024-02-26,15,16.0
Atlanta,2024-02-27,22,16.0
Atlanta,2024-02-28,21,15.0
Atlanta,2024-02-29,17,15.0
Atlanta,2024-03-01,26,16.0
Atlanta,2024-03-03,3,16.0
Atlanta,2024-03-04,26,19.0
Atlanta,2024-03-05,20,19.0
Atlanta,2024-03-06,19,19.0
Atlanta,2024-03-07,18,18.0
Atlanta,2024-03-08,20,19.0
Atlanta,2024-03-09,2,15.0
Atlanta,2024-03-11,25,19.0
Atlanta,2024-03-12,17,17.0
Atlanta,2024-03-13,29,19.0
Atlanta,2024-03-14,11,17.0
Atlanta,2024-03-15,23,18.0
Atlanta,2024-03-16,2,16.0
Atlanta,2024-03-18,31,20.0
Atlanta,2024-03-19,30,20.0
Atlanta,2024-03-20,34,23.0
Atlanta,2024-03-21,25,22.0
Atlanta,2024-03-22,19,23.0
Atlanta,2024-03-23,2,20.0
Atlanta,2024-03-24,2,20.0
Atlanta,2024-03-25,24,19.0
Atlanta,2024-03-26,22,18.0
Atlanta,2024-03-27,26,17.0
Atlanta,2024-03-28,17,16.0
Atlanta,2024-03-29,19,16.0
Atlanta,2024-03-31,1,16.0
Atlanta,2024-04-01,11,17.0
Atlanta,2024-04-02,17,16.0
Atlanta,2024-04-03,13,15.0
Atlanta,2024-04-04,16,13.0
Atlanta,2024-04-05,19,14.0
Atlanta,2024-04-07,1,11.0
Atlanta,2024-04-08,23,14.0
Atlanta,2024-04-09,25,16.0
Atlanta,2024-04-10,22,17.0
Atlanta,2024-04-11,19,18.0
Atlanta,2024-04-12,18,18.0
Atlanta,2024-04-13,4,16.0
Atlanta,2024-04-14,2,16.0
Atlanta,2024-04-15,20,16.0
Atlanta,2024-04-16,30,16.0
Atlanta,2024-04-17,37,19.0
Atlanta,2024-04-18,24,19.0
Atlanta,2024-04-19,25,20.0
Atlanta,2024-04-20,5,20.0
Atlanta,2024-04-21,4,21.0
Atlanta,2024-04-22,28,22.0
Atlanta,2024-04-23,30,22.0
Atlanta,2024-04-24,29,21.0
Atlanta,2024-04-25,20,20.0
Atlanta,2024-04-26,21,20.0
Atlanta,2024-04-28,5,20.0
Atlanta,2024-04-29,11,21.0
Atlanta,2024-04-30,19,19.0
Atlanta,2024-05-01,29,19.0
Atlanta,2024-05-02,22,18.0
Atlanta,2024-05-03,22,18.0
Atlanta,2024-05-04,2,16.0
Atlanta,2024-05-06,31,19.0
Atlanta,2024-05-07,29,22.0
Atlanta,2024-05-08,33,24.0
Atlanta,2024-05-09,21,23.0
Atlanta,2024-05-10,26,23.0
Atlanta,2024-05-11,1,20.0
Atlanta,2024-05-12,3,21.0
Atlanta,2024-05-13,30,20.0
Atlanta,2024-05-14,22,19.0
Atlanta,2024-05-15,28,19.0
Atlanta,2024-05-16,23,19.0
Atlanta,2024-05-17,24,19.0
Atlanta,2024-05-18,4,19.0
Atlanta,2024-05-19,4,19.0
Atlanta,2024-05-20,24,18.0
Atlanta,2024-05-21,31,20.0
Atlanta,2024-05-22,21,19.0
Atlanta,2024-05-23,36,21.0
Atlanta,2024-05-24,19,20.0
Atlanta,2024-05-25,4,20.0
Atlanta,2024-05-26,4,20.0
Atlanta,2024-05-27,1,17.0
Atlanta,2024-05-28,31,17.0
Atlanta,2024-05-29,11,15.0
Atlanta,2024-05-30,18,13.0
Atlanta,2024-05-31,16,12.0
Atlanta,2024-06-01,1,12.0
Atlanta,2024-06-02,3,12.0
Atlanta,2024-06-03,28,15.0
Atlanta,2024-06-04,24,14.0
Atlanta,2024-06-05,26,17.0
Atlanta,2024-06-06,16,16.0
Atlanta,2024-06-07,29,18.0
Atlanta,2024-06-08,9,19.0
Atlanta,2024-06-09,6,20.0
Atlanta,2024-06-10,21,19.0
Atlanta,2024-06-11,15,17.0
Atlanta,2024-06-12,25,17.0
Atlanta,2024-06-13,18,18.0
Atlanta,2024-06-14,18,16.0
Atlanta,2024-06-15,1,15.0
Atlanta,2024-06-16,2,14.0
Atlanta,2024-06-17,30,16.0
Atlanta,2024-06-18,27,17.0
Atlanta,2024-06-19,4,14.0
Atlanta,2024-06-20,21,15.0
Atlanta,2024-06-21,14,14.0
Atlanta,2024-06-22,2,14.0
Atlanta,2024-06-23,1,14.0
Atlanta,2024-06-24,31,14.0
Atlanta,2024-06-25,25,14.0
Atlanta,2024-06-26,21,16.0
Atlanta,2024-06-27,17,16.0
Atlanta,2024-06-28,23,17.0
Atlanta,2024-06-29,2,17.0
Atlanta,2024-06-30,2,17.0
Atlanta,2024-07-01,13,15.0
Atlanta,2024-07-02,32,16.0
Atlanta,2024-07-03,23,16.0
Atlanta,2024-07-04,3,14.0
Atlanta,2024-07-05,23,14.0
Atlanta,2024-07-06,3,14.0
Atlanta,2024-07-07,3,14.0
Atlanta,2024-07-08,24,16.0
Atlanta,2024-07-09,29,15.0
Atlanta,2024-07-10,24,16.0
Atlanta,2024-07-11,14,17.0
Atlanta,2024-07-12,24,17.0
Atlanta,2024-07-13,2,17.0
Atlanta,2024-07-14,4,17.0
Atlanta,2024-07-15,18,16.0
Atlanta,2024-07-16,21,15.0
Atlanta,2024-07-17,27,16.0
Atlanta,2024-07-18,25,17.0
Atlanta,2024-07-19,20,17.0
Atlanta,2024-07-20,1,17.0
Atlanta,2024-07-21,3,16.0
Atlanta,2024-07-22,21,17.0
Atlanta,2024-07-23,28,18.0
Atlanta,2024-07-24,13,16.0
Atlanta,2024-07-25,21,15.0
Atlanta,2024-07-26,17,15.0
Atlanta,2024-07-27,2,15.0
Atlanta,2024-07-28,4,15.0
Atlanta,2024-07-29,24,16.0
Atlanta,2024-07-30,34,16.0
Atlanta,2024-07-31,24,18.0
Atlanta,2024-08-01,17,17.0
Atlanta,2024-08-02,24,18.0
Atlanta,2024-08-03,1,18.0
Atlanta,2024-08-04,4,18.0
Atlanta,2024-08-05,13,17.0
Atlanta,2024-08-06,26,16.0
Atlanta,2024-08-07,15,14.0
Atlanta,2024-08-08,8,13.0
Atlanta,2024-08-09,17,12.0
Atlanta,2024-08-10,2,12.0
Atlanta,2024-08-11,7,13.0
Atlanta,2024-08-12,24,14.0
Atlanta,2024-08-13,28,14.0
Atlanta,2024-08-14,20,15.0
Atlanta,2024-08-15,32,19.0
Atlanta,2024-08-16,23,19.0
Atlanta,2024-08-17,2,19.0
Atlanta,2024-08-18,4,19.0
Atlanta,2024-08-19,15,18.0
Atlanta,2024-08-20,23,17.0
Atlanta,2024-08-21,22,17.0
Atlanta,2024-08-22,28,17.0
Atlanta,2024-08-23,22,17.0
Atlanta,2024-08-24,12,18.0
Atlanta,2024-08-26,19,20.0
Atlanta,2024-08-27,22,21.0
Atlanta,2024-08-28,37,23.0
Atlanta,2024-08-29,28,24.0
Atlanta,2024-08-30,19,23.0
Atlanta,2024-08-31,2,20.0
Atlanta,2024-09-01,5,19.0
Atlanta,2024-09-02,5,17.0
Atlanta,2024-09-03,20,17.0
Atlanta,2024-09-04,18,14.0
Atlanta,2024-09-05,29,14.0
Atlanta,2024-09-06,27,15.0
Atlanta,2024-09-07,1,15.0
Atlanta,2024-09-08,6,15.0
Atlanta,2024-09-09,13,16.0
Atlanta,2024-09-10,18,16.0
Atlanta,2024-09-11,33,18.0
Atlanta,2024-09-12,18,17.0
Atlanta,2024-09-13,24,16.0
Atlanta,2024-09-14,4,17.0
Atlanta,2024-09-15,5,16.0
Atlanta,2024-09-16,22,18.0
Atlanta,2024-09-17,20,18.0
Atlanta,2024-09-18,41,19.0
Atlanta,2024-09-19,18,19.0
Atlanta,2024-09-20,17,18.0
Atlanta,2024-09-21,6,18.0
Atlanta,2024-09-22,1,18.0
Atlanta,2024-09-23,29,19.0
Atlanta,2024-09-24,25,20.0
Atlanta,2024-09-25,22,17.0
Atlanta,2024-09-26,16,17.0
Atlanta,2024-09-27,4,15.0
Atlanta,2024-09-28,7,15.0
Atlanta,2024-09-29,5,15.0
Atlanta,2024-09-30,24,15.0
Atlanta,2024-10-01,19,14.0
Atlanta,2024-10-02,15,13.0
Atlanta,2024-10-03,20,13.0
Atlanta,2024-10-04,23,16.0
Atlanta,2024-10-05,8,16.0
Atlanta,2024-10-06,3,16.0
Atlanta,2024-10-07,33,17.0
Atlanta,2024-10-08,27,18.0
Atlanta,2024-10-09,33,21.0
Atlanta,2024-10-10,22,21.0
Atlanta,2024-10-11,19,21.0
Atlanta,2024-10-12,1,20.0
Atlanta,2024-10-14,8,20.0
Atlanta,2024-10-15,27,20.0
Atlanta,2024-10-16,25,19.0
Atlanta,2024-10-17,22,18.0
Atlanta,2024-10-18,19,17.0
Atlanta,2024-10-19,3,15.0
Atlanta,2024-10-20,4,15.0
Atlanta,2024-10-21,24,18.0
Atlanta,2024-10-22,23,17.0
Atlanta,2024-10-23,36,19.0
Atlanta,2024-10-24,23,19.0
Atlanta,2024-10-25,29,20.0
Atlanta,2024-10-26,3,20.0
Atlanta,2024-10-27,4,20.0
Atlanta,2024-10-28,24,20.0
Atlanta,2024-10-29,20,20.0
Atlanta,2024-10-30,30,19.0
Atlanta,2024-10-31,25,19.0
Atlanta,2024-11-01,27,19.0
Atlanta,2024-11-02,5,19.0
Atlanta,2024-11-03,6,20.0
Atlanta,2024-11-04,25,20.0
Atlanta,2024-11-05,18,19.0
Atlanta,2024-11-06,32,20.0
Atlanta,2024-11-07,24,20.0
Atlanta,2024-11-08,27,20.0
Atlanta,2024-11-09,3,19.0
Atlanta,2024-11-10,2,19.0
Atlanta,2024-11-12,31,20.0
Atlanta,2024-11-13,26,21.0
Atlanta,2024-11-14,39,22.0
Atlanta,2024-11-15,25,22.0
Atlanta,2024-11-16,4,19.0
Atlanta,2024-11-17,6,19.0
Atlanta,2024-11-18,12,20.0
Atlanta,2024-11-19,19,19.0
Atlanta,2024-11-20,31,19.0
Atlanta,2024-11-21,20,17.0
Atlanta,2024-11-22,23,16.0
Atlanta,2024-11-23,4,16.0
Atlanta,2024-11-25,31,20.0
Atlanta,2024-11-26,22,21.0
Atlanta,2024-11-27,23,22.0
Atlanta,2024-11-28,1,18.0
Atlanta,2024-11-29,12,17.0
Atlanta,2024-11-30,8,14.0
Atlanta,2024-12-01,2,14.0
Atlanta,2024-12-02,29,14.0
Atlanta,2024-12-03,22,14.0
Atlanta,2024-12-04,21,14.0
Atlanta,2024-12-05,24,17.0
Atlanta,2024-12-06,23,18.0
Atlanta,2024-12-07,1,17.0
Atlanta,2024-12-08,4,18.0
Atlanta,2024-12-09,28,18.0
Atlanta,2024-12-10,20,17.0
Atlanta,2024-12-11,34,19.0
Atlanta,2024-12-12,27,20.0
Atlanta,2024-12-13,19,19.0
Atlanta,2024-12-14,4,19.0
Atlanta,2024-12-16,31,23.0
Atlanta,2024-12-17,15,21.0
Atlanta,2024-12-18,25,22.0
Atlanta,2024-12-19,29,21.0
Atlanta,2024-12-20,23,21.0
Atlanta,2024-12-21,3,19.0
Atlanta,2024-12-22,2,18.0
Atlanta,2024-12-23,16,16.0
Atlanta,2024-12-24,3,14.0
Atlanta,2024-12-25,1,11.0
Atlanta,2024-12-26,20,10.0
Atlanta,2024-12-27,14,8.0
Atlanta,2024-12-28,4,9.0
Atlanta,2024-12-29,3,9.0
Atlanta,2024-12-30,18,9.0
Atlanta,2024-12-31,15,11.0
Atlanta,2025-01-01,1,11.0
Atlanta,2025-01-02,22,11.0
Atlanta,2025-01-03,11,11.0
Atlanta,2025-01-04,3,10.0
Atlanta,2025-01-05,3,10.0
Atlanta,2025-01-06,23,11.0
Atlanta,2025-01-07,18,12.0
Atlanta,2025-01-08,19,14.0
Atlanta,2025-01-09,5,12.0
Atlanta,2025-01-10,16,12.0
Atlanta,2025-01-11,2,12.0
Atlanta,2025-01-12,2,12.0
Atlanta,2025-01-13,41,15.0
Atlanta,2025-01-14,29,16.0
Atlanta,2025-01-15,32,18.0
Atlanta,2025-01-16,29,22.0
Atlanta,2025-01-17,27,23.0
Atlanta,2025-01-18,3,23.0
Atlanta,2025-01-19,7,24.0
Atlanta,2025-01-20,8,19.0
Atlanta,2025-01-21,29,19.0
Atlanta,2025-01-22,20,18.0
Atlanta,2025-01-23,34,18.0
Atlanta,2025-01-24,30,19.0
Atlanta,2025-01-25,11,20.0
Atlanta,2025-01-26,82,31.0
Atlanta,2025-01-27,47,36.0
Atlanta,2025-01-28,42,38.0
Atlanta,2025-01-29,58,43.0
Atlanta,2025-01-30,55,46.0
Atlanta,2025-01-31,60,51.0
Atlanta,2025-02-01,18,52.0
Atlanta,2025-02-02,18,43.0
Atlanta,2025-02-03,53,43.0
Atlanta,2025-02-04,46,44.0
Atlanta,2025-02-05,51,43.0
Atlanta,2025-02-06,39,41.0
Atlanta,2025-02-07,55,40.0
Atlanta,2025-02-08,29,42.0
Atlanta,2025-02-09,19,42.0
Atlanta,2025-02-10,61,43.0
Atlanta,2025-02-11,55,44.0
Atlanta,2025-02-12,67,46.0
Atlanta,2025-02-13,56,49.0
Atlanta,2025-02-14,58,49.0
Atlanta,2025-02-15,20,48.0
Atlanta,2025-02-16,15,47.0
Atlanta,2025-02-17,18,41.0
Atlanta,2025-02-18,69,43.0
Atlanta,2025-02-19,56,42.0
Atlanta,2025-02-20,54,41.0
Atlanta,2025-02-21,60,42.0
Atlanta,2025-02-22,23,42.0
Atlanta,2025-02-23,33,45.0
Atlanta,2025-02-24,63,51.0
Atlanta,2025-02-25,49,48.0
Atlanta,2025-02-26,68,50.0
Atlanta,2025-02-27,63,51.0
Atlanta,2025-02-28,66,52.0
Atlanta,2025-03-01,19,52.0
Atlanta,2025-03-02,24,50.0
Atlanta,2025-03-03,87,54.0
Atlanta,2025-03-04,55,55.0
Atlanta,2025-03-05,72,55.0
Atlanta,2025-03-06,73,57.0
Atlanta,2025-03-07,82,59.0
Atlanta,2025-03-08,20,59.0
Atlanta,2025-03-09,13,57.0
Atlanta,2025-03-10,74,56.0
Atlanta,2025-03-11,81,59.0
Atlanta,2025-03-12,65,58.0
Atlanta,2025-03-13,66,57.0
Atlanta,2025-03-14,79,57.0
Atlanta,2025-03-15,13,56.0
Atlanta,2025-03-16,18,57.0
Atlanta,2025-03-17,78,57.0
Atlanta,2025-03-18,51,53.0
Atlanta,2025-03-19,64,53.0
Atlanta,2025-03-20,46,50.0
Atlanta,2025-03-21,62,47.0
Atlanta,2025-03-22,15,48.0
Atlanta,2025-03-23,17,48.0
Atlanta,2025-03-24,61,45.0
Atlanta,2025-03-25,49,45.0
Atlanta,2025-03-26,59,44.0
Atlanta,2025-03-27,44,44.0
Atlanta,2025-03-28,67,45.0
Atlanta,2025-03-29,11,44.0
Atlanta,2025-03-30,21,45.0
Atlanta,2025-03-31,68,46.0
Atlanta,2025-04-01,61,47.0
Atlanta,2025-04-02,63,48.0
Atlanta,2025-04-03,61,50.0
Atlanta,2025-04-04,67,50.0
Atlanta,2025-04-05,21,52.0
Atlanta,2025-04-06,9,50.0
Atlanta,2025-04-07,54,48.0
Atlanta,2025-04-08,57,47.0
Atlanta,2025-04-09,72,49.0
Atlanta,2025-04-10,38,45.0
Atlanta,2025-04-11,57,44.0
Atlanta,2025-04-12,14,43.0
Atlanta,2025-04-13,7,43.0
Atlanta,2025-04-14,54,43.0
Atlanta,2025-04-15,59,43.0
Atlanta,2025-04-16,55,41.0
Atlanta,2025-04-17,41,41.0
Atlanta,2025-04-18,50,40.0
Atlanta,2025-04-19,11,40.0
Atlanta,2025-04-20,11,40.0
Atlanta,2025-04-21,77,43.0
Atlanta,2025-04-22,62,44.0
Atlanta,2025-04-23,55,44.0
Atlanta,2025-04-24,64,47.0
Atlanta,2025-04-25,65,49.0
Atlanta,2025-04-26,23,51.0
Atlanta,2025-04-27,17,52.0
Atlanta,2025-04-28,57,49.0
Atlanta,2025-04-29,52,48.0
Atlanta,2025-04-30,54,47.0
Atlanta,2025-05-01,46,45.0
Atlanta,2025-05-02,49,43.0
Atlanta,2025-05-03,15,41.0
Atlanta,2025-05-04,13,41.0
Atlanta,2025-05-05,58,41.0
Atlanta,2025-05-06,56,42.0
Atlanta,2025-05-07,46,40.0
Atlanta,2025-05-08,41,40.0
Atlanta,2025-05-09,66,42.0
Atlanta,2025-05-10,19,43.0
Atlanta,2025-05-11,7,42.0
Atlanta,2025-05-12,83,45.0
Atlanta,2025-05-13,104,52.0
Atlanta,2025-05-14,111,62.0
Atlanta,2025-05-15,76,67.0
Atlanta,2025-05-16,81,69.0
Atlanta,2025-05-17,39,72.0
Atlanta,2025-05-18,11,72.0
Atlanta,2025-05-19,67,70.0
Atlanta,2025-05-20,48,62.0
Atlanta,2025-05-21,75,57.0
Atlanta,2025-05-22,65,55.0
Atlanta,2025-05-23,91,57.0
Atlanta,2025-05-24,26,55.0
Atlanta,2025-05-25,26,57.0
Atlanta,2025-05-26,19,50.0
Atlanta,2025-05-27,77,54.0
Atlanta,2025-05-28,99,58.0
Atlanta,2025-05-29,69,58.0
Atlanta,2025-05-30,65,54.0
Atlanta,2025-05-31,32,55.0
Atlanta,2025-06-01,82,63.0
Atlanta,2025-06-02,85,73.0
Atlanta,2025-06-03,76,73.0
Atlanta,2025-06-04,110,74.0
Atlanta,2025-06-05,81,76.0
Atlanta,2025-06-06,76,77.0
Atlanta,2025-06-07,51,80.0
Atlanta,2025-06-08,34,73.0
Atlanta,2025-06-09,70,71.0
Atlanta,2025-06-10,72,71.0
Atlanta,2025-06-11,113,71.0
Atlanta,2025-06-12,77,70.0
Atlanta,2025-06-13,80,71.0
Atlanta,2025-06-14,21,67.0
Atlanta,2025-06-15,22,65.0
Atlanta,2025-06-16,80,66.0
Atlanta,2025-06-17,89,69.0
Atlanta,2025-06-18,89,65.0
Atlanta,2025-06-19,42,60.0
Atlanta,2025-06-20,47,56.0
Atlanta,2025-06-21,35,58.0
Atlanta,2025-06-22,19,57.0
Atlanta,2025-06-23,57,54.0
Atlanta,2025-06-24,64,50.0
Atlanta,2025-06-25,71,48.0
Atlanta,2025-06-26,57,50.0
Atlanta,2025-06-27,59,52.0
Atlanta,2025-06-28,18,49.0
Atlanta,2025-06-29,25,50.0
Atlanta,2025-06-30,45,48.0
Atlanta,2025-07-01,77,50.0
Atlanta,2025-07-02,70,50.0
Atlanta,2025-07-03,74,53.0
Atlanta,2025-07-04,45,51.0
Atlanta,2025-07-05,41,54.0
Atlanta,2025-07-06,27,54.0
Atlanta,2025-07-07,60,56.0
Atlanta,2025-07-08,67,55.0
Atlanta,2025-07-09,74,55.0
Atlanta,2025-07-10,72,55.0
Atlanta,2025-07-11,57,57.0
Atlanta,2025-07-12,52,58.0
Atlanta,2025-07-13,33,59.0
Atlanta,2025-07-14,71,61.0
Atlanta,2025-07-15,72,62.0
Atlanta,2025-07-16,66,60.0
Atlanta,2025-07-17,63,59.0
Atlanta,2025-07-18,69,61.0
Atlanta,2025-07-19,43,60.0
Atlanta,2025-07-20,25,58.0
Atlanta,2025-07-21,65,58.0
Atlanta,2025-07-22,80,59.0
Atlanta,2025-07-23,80,61.0
Atlanta,2025-07-24,52,59.0
Atlanta,2025-07-25,66,59.0
Atlanta,2025-07-26,40,58.0
Atlanta,2025-07-27,32,59.0
Atlanta,2025-07-28,44,56.0
Atlanta,2025-07-29,52,52.0
Atlanta,2025-07-30,69,51.0
Atlanta,2025-07-31,65,53.0
Atlanta,2025-08-01,57,51.0
Atlanta,2025-08-02,45,52.0
Atlanta,2025-08-03,36,53.0
Atlanta,2025-08-04,50,53.0
Atlanta,2025-08-05,64,55.0
Atlanta,2025-08-06,73,56.0
Atlanta,2025-08-07,63,55.0
Atlanta,2025-08-08,89,60.0
Atlanta,2025-08-09,44,60.0
Atlanta,2025-08-10,47,61.0
Atlanta,2025-08-11,57,62.0
Atlanta,2025-08-12,65,63.0
Atlanta,2025-08-13,56,60.0
Atlanta,2025-08-14,51,58.0
Atlanta,2025-08-15,61,54.0
Atlanta,2025-08-16,34,53.0
Atlanta,2025-08-17,45,53.0
Atlanta,2025-08-18,65,54.0
Atlanta,2025-08-19,54,52.0
Atlanta,2025-08-20,48,51.0
Atlanta,2025-08-21,64,53.0
Atlanta,2025-08-22,71,54.0
Atlanta,2025-08-23,36,55.0
Atlanta,2025-08-24,30,53.0
Atlanta,2025-08-25,68,53.0
Atlanta,2025-08-26,68,55.0
Atlanta,2025-08-27,65,57.0
Atlanta,2025-08-28,64,57.0
Atlanta,2025-08-29,63,56.0
Atlanta,2025-08-30,58,59.0
Atlanta,2025-08-31,50,62.0
Atlanta,2025-09-01,37,58.0
Atlanta,2025-09-02,52,56.0
Atlanta,2025-09-03,40,52.0
Atlanta,2025-09-04,104,58.0
Atlanta,2025-09-05,161,72.0
Atlanta,2025-09-06,126,81.0
Atlanta,2025-09-07,58,83.0
Atlanta,2025-09-08,150,99.0
Atlanta,2025-09-09,70,101.0
Atlanta,2025-09-10,42,102.0
Atlanta,2025-09-11,68,96.0
Atlanta,2025-09-12,54,81.0
Atlanta,2025-09-13,41,69.0
Atlanta,2025-09-14,59,69.0
Atlanta,2025-09-15,61,56.0
Atlanta,2025-09-16,45,53.0
Atlanta,2025-09-17,68,57.0
Atlanta,2025-09-18,71,57.0
Atlanta,2025-09-19,73,60.0
Atlanta,2025-09-20,65,63.0
Atlanta,2025-09-21,38,60.0
Atlanta,2025-09-22,52,59.0
Atlanta,2025-09-23,57,61.0
Atlanta,2025-09-24,75,62.0
Atlanta,2025-09-25,101,66.0
Atlanta,2025-09-26,66,65.0
Atlanta,2025-09-27,34,60.0
Atlanta,2025-09-28,52,62.0
Atlanta,2025-09-29,62,64.0
Atlanta,2025-09-30,69,66.0
Atlanta,2025-10-01,76,66.0
Atlanta,2025-10-02,75,62.0
Atlanta,2025-10-03,90,65.0
Atlanta,2025-10-04,34,65.0
Atlanta,2025-10-05,36,63.0
Atlanta,2025-10-06,68,64.0
Atlanta,2025-10-07,70,64.0
Atlanta,2025-10-08,77,64.0
Atlanta,2025-10-09,63,63.0
Atlanta,2025-10-10,55,58.0
Atlanta,2025-10-11,28,57.0
Atlanta,2025-10-12,36,57.0
Atlanta,2025-10-13,56,55.0
Atlanta,2025-10-14,72,55.0
Atlanta,2025-10-15,74,55.0
Atlanta,2025-10-16,79,57.0
Atlanta,2025-10-17,66,59.0
Atlanta,2025-10-18,21,58.0
Atlanta,2025-10-19,26,56.0
Atlanta,2025-10-20,63,57.0
Atlanta,2025-10-21,81,59.0
Atlanta,2025-10-22,81,60.0
Atlanta,2025-10-23,75,59.0
Atlanta,2025-10-24,68,59.0
Atlanta,2025-10-25,47,63.0
Atlanta,2025-10-26,34,64.0
Atlanta,2025-10-27,66,65.0
Atlanta,2025-10-28,74,64.0
Atlanta,2025-10-29,76,63.0
Atlanta,2025-10-30,103,67.0
Atlanta,2025-10-31,83,69.0
Atlanta,2025-11-01,31,67.0
Atlanta,2025-11-02,30,66.0
Atlanta,2025-11-03,111,73.0
Atlanta,2025-11-04,112,78.0
Atlanta,2025-11-05,100,81.0
Atlanta,2025-11-06,110,82.0
Atlanta,2025-11-07,96,84.0
Atlanta,2025-11-08,50,87.0
Atlanta,2025-11-09,38,88.0
Atlanta,2025-11-10,67,82.0
Atlanta,2025-11-11,43,72.0
Atlanta,2025-11-12,84,70.0
Atlanta,2025-11-13,93,67.0
Atlanta,2025-11-14,47,60.0
Atlanta,2025-11-15,53,61.0
Atlanta,2025-11-16,91,68.0
Atlanta,2025-11-17,125,77.0
Atlanta,2025-11-18,140,90.0
Atlanta,2025-11-19,112,94.0
Atlanta,2025-11-20,117,98.0
Atlanta,2025-11-21,94,105.0
Atlanta,2025-11-22,48,104.0
Atlanta,2025-11-23,32,95.0
Atlanta,2025-11-24,63,87.0
Atlanta,2025-11-25,78,78.0
Atlanta,2025-11-26,90,75.0
Atlanta,2025-11-27,47,65.0
Atlanta,2025-11-28,62,60.0
Atlanta,2025-11-29,61,62.0
Atlanta,2025-11-30,34,62.0
Atlanta,2025-12-01,64,62.0
Atlanta,2025-12-02,77,62.0
Atlanta,2025-12-03,96,63.0
Atlanta,2025-12-04,99,70.0
Atlanta,2025-12-05,104,76.0
Atlanta,2025-12-06,55,76.0
Atlanta,2025-12-07,45,77.0
Atlanta,2025-12-08,93,81.0
Atlanta,2025-12-09,62,79.0
Atlanta,2025-12-10,98,79.0
Atlanta,2025-12-11,107,81.0
Atlanta,2025-12-12,85,78.0
Atlanta,2025-12-13,73,80.0
Atlanta,2025-12-14,41,80.0
Atlanta,2025-12-15,60,75.0
Atlanta,2025-12-16,83,78.0
Atlanta,2025-12-17,100,78.0
Atlanta,2025-12-18,93,76.0
Atlanta,2025-12-19,80,76.0
Atlanta,2025-12-20,55,73.0
Atlanta,2025-12-21,53,75.0
Atlanta,2025-12-22,58,75.0
Atlanta,2025-12-23,88,75.0
Atlanta,2025-12-24,72,71.0
Atlanta,2025-12-25,20,61.0
Atlanta,2025-12-26,66,59.0
Atlanta,2025-12-27,33,56.0
Atlanta,2025-12-28,36,53.0
Atlanta,2025-12-29,78,56.0
Atlanta,2025-12-30,80,55.0
Atlanta,2025-12-31,59,53.0
Atlanta,2026-01-01,45,57.0
Atlanta,2026-01-02,76,58.0
Atlanta,2026-01-03,55,61.0
Atlanta,2026-01-04,53,64.0
Atlanta,2026-01-05,72,63.0
Atlanta,2026-01-06,89,64.0
Atlanta,2026-01-07,87,68.0
Atlanta,2026-01-08,104,77.0
Atlanta,2026-01-09,78,77.0
Atlanta,2026-01-10,65,78.0
Atlanta,2026-01-11,61,79.0
Atlanta,2026-01-12,68,79.0
Atlanta,2026-01-13,89,79.0
Atlanta,2026-01-14,98,80.0
Atlanta,2026-01-15,79,77.0
Atlanta,2026-01-16,77,77.0
Atlanta,2026-01-17,60,76.0
Atlanta,2026-01-18,59,76.0
Atlanta,2026-01-19,53,74.0
Atlanta,2026-01-20,87,73.0
Atlanta,2026-01-21,89,72.0
Atlanta,2026-01-22,100,75.0
Atlanta,2026-01-23,79,75.0
Atlanta,2026-01-24,45,73.0
Atlanta,2026-01-25,12,66.0
Atlanta,2026-01-26,46,65.0
Atlanta,2026-01-27,79,64.0
Atlanta,2026-01-28,74,62.0
Atlanta,2026-01-29,91,61.0
Atlanta,2026-01-30,105,65.0
Atlanta,2026-01-31,43,64.0
Atlanta,2026-02-01,33,67.0
Atlanta,2026-02-02,53,68.0
Atlanta,2026-02-03,61,66.0
Atlanta,2026-02-04,63,64.0
Atlanta,2026-02-05,79,62.0
Atlanta,2026-02-06,70,57.0
Atlanta,2026-02-07,47,58.0
Atlanta,2026-02-08,82,65.0
Atlanta,2026-02-09,86,70.0
Atlanta,2026-02-10,82,73.0
Atlanta,2026-02-11,76,75.0
Atlanta,2026-02-12,81,75.0
Atlanta,2026-02-13,73,75.0
Atlanta,2026-02-14,62,77.0
Atlanta,2026-02-15,39,71.0
Atlanta,2026-02-16,80,70.0
Atlanta,2026-02-17,84,71.0
Atlanta,2026-02-18,83,72.0
Atlanta,2026-02-19,79,71.0
Atlanta,2026-02-20,74,72.0
Atlanta,2026-02-21,81,74.0
Atlanta,2026-02-22,41,75.0
Atlanta,2026-02-23,106,78.0
Atlanta,2026-02-24,102,81.0
Atlanta,2026-02-25,119,86.0
Atlanta,2026-02-26,104,90.0
Atlanta,2026-02-27,95,93.0
Atlanta,2026-02-28,56,89.0
Atlanta,2026-03-01,59,92.0
Atlanta,2026-03-02,86,89.0
Atlanta,2026-03-03,128,92.0
Atlanta,2026-03-04,100,90.0
Atlanta,2026-03-05,97,89.0
Atlanta,2026-03-06,85,87.0
Atlanta,2026-03-07,65,89.0
Atlanta,2026-03-08,77,91.0
Atlanta,2026-03-09,98,93.0
Atlanta,2026-03-10,95,88.0
Baltimore,2022-10-03,9,75.0
Baltimore,2022-10-04,10,63.0
Baltimore,2022-10-05,23,54.0
Baltimore,2022-10-06,10,46.0
Baltimore,2022-10-07,4,36.0
Baltimore,2022-10-09,1,22.0
Baltimore,2022-10-11,6,9.0
Baltimore,2022-10-12,8,9.0
Baltimore,2022-10-13,12,9.0
Baltimore,2022-10-14,5,7.0
Baltimore,2022-10-17,8,6.0
Baltimore,2022-10-18,15,8.0
Baltimore,2022-10-19,17,10.0
Baltimore,2022-10-20,4,10.0
Baltimore,2022-10-21,11,10.0
Baltimore,2022-10-22,1,9.0
Baltimore,2022-10-24,4,9.0
Baltimore,2022-10-25,15,10.0
Baltimore,2022-10-26,7,8.0
Baltimore,2022-10-27,19,9.0
Baltimore,2022-10-28,14,10.0
Baltimore,2022-10-31,15,11.0
Baltimore,2022-11-01,12,12.0
Baltimore,2022-11-02,13,14.0
Baltimore,2022-11-03,8,13.0
Baltimore,2022-11-04,10,13.0
Baltimore,2022-11-07,3,11.0
Baltimore,2022-11-08,12,10.0
Baltimore,2022-11-09,17,11.0
Baltimore,2022-11-10,7,10.0
Baltimore,2022-11-14,5,9.0
Baltimore,2022-11-15,12,9.0
Baltimore,2022-11-16,5,9.0
Baltimore,2022-11-17,12,10.0
Baltimore,2022-11-18,5,9.0
Baltimore,2022-11-21,14,9.0
Baltimore,2022-11-22,16,10.0
Baltimore,2022-11-23,8,10.0
Baltimore,2022-11-24,1,9.0
Baltimore,2022-11-25,8,9.0
Baltimore,2022-11-27,3,8.0
Baltimore,2022-11-28,11,9.0
Baltimore,2022-11-29,6,8.0
Baltimore,2022-11-30,17,8.0
Baltimore,2022-12-01,13,8.0
Baltimore,2022-12-02,10,10.0
Baltimore,2022-12-04,2,9.0
Baltimore,2022-12-05,6,9.0
Baltimore,2022-12-06,12,9.0
Baltimore,2022-12-07,7,10.0
Baltimore,2022-12-08,20,10.0
Baltimore,2022-12-09,6,9.0
Baltimore,2022-12-10,22,11.0
Baltimore,2022-12-12,3,11.0
Baltimore,2022-12-13,13,12.0
Baltimore,2022-12-14,14,12.0
Baltimore,2022-12-15,6,12.0
Baltimore,2022-12-16,11,11.0
Baltimore,2022-12-17,8,11.0
Baltimore,2022-12-19,6,9.0
Baltimore,2022-12-20,14,10.0
Baltimore,2022-12-21,2,9.0
Baltimore,2022-12-22,12,8.0
Baltimore,2022-12-23,1,8.0
Baltimore,2022-12-27,2,6.0
Baltimore,2022-12-28,1,5.0
Baltimore,2022-12-29,3,5.0
Baltimore,2023-01-03,2,3.0
Baltimore,2023-01-04,11,5.0
Baltimore,2023-01-05,4,3.0
Baltimore,2023-01-06,2,4.0
Baltimore,2023-01-09,2,4.0
Baltimore,2023-01-10,7,4.0
Baltimore,2023-01-11,6,5.0
Baltimore,2023-01-12,6,5.0
Baltimore,2023-01-13,1,4.0
Baltimore,2023-01-17,12,5.0
Baltimore,2023-01-18,7,6.0
Baltimore,2023-01-19,6,6.0
Baltimore,2023-01-20,1,6.0
Baltimore,2023-01-24,4,5.0
Baltimore,2023-01-25,5,5.0
Baltimore,2023-01-26,1,5.0
Baltimore,2023-01-30,6,4.0
Baltimore,2023-01-31,2,4.0
Baltimore,2023-02-01,8,4.0
Baltimore,2023-02-02,8,5.0
Baltimore,2023-02-03,7,5.0
Baltimore,2023-02-06,11,6.0
Baltimore,2023-02-07,9,7.0
Baltimore,2023-02-08,9,8.0
Baltimore,2023-02-09,9,9.0
Baltimore,2023-02-10,7,9.0
Baltimore,2023-02-13,9,9.0
Baltimore,2023-02-14,1,8.0
Baltimore,2023-02-15,8,7.0
Baltimore,2023-02-16,5,7.0
Baltimore,2023-02-20,7,7.0
Baltimore,2023-02-21,13,7.0
Baltimore,2023-02-22,13,8.0
Baltimore,2023-02-23,2,7.0
Baltimore,2023-02-24,8,8.0
Baltimore,2023-02-26,1,7.0
Baltimore,2023-02-27,8,7.0
Baltimore,2023-02-28,12,8.0
Baltimore,2023-03-01,3,7.0
Baltimore,2023-03-02,3,5.0
Baltimore,2023-03-03,4,6.0
Baltimore,2023-03-06,6,5.0
Baltimore,2023-03-07,5,6.0
Baltimore,2023-03-08,5,5.0
Baltimore,2023-03-09,3,4.0
Baltimore,2023-03-10,4,4.0
Baltimore,2023-03-13,6,5.0
Baltimore,2023-03-14,7,5.0
Baltimore,2023-03-15,3,5.0
Baltimore,2023-03-16,5,5.0
Baltimore,2023-03-17,2,4.0
Baltimore,2023-03-20,5,5.0
Baltimore,2023-03-21,11,6.0
Baltimore,2023-03-22,8,6.0
Baltimore,2023-03-23,7,6.0
Baltimore,2023-03-24,2,6.0
Baltimore,2023-03-27,6,6.0
Baltimore,2023-03-28,2,6.0
Baltimore,2023-03-29,9,6.0
Baltimore,2023-03-30,6,6.0
Baltimore,2023-03-31,6,5.0
Baltimore,2023-04-03,1,5.0
Baltimore,2023-04-04,7,5.0
Baltimore,2023-04-05,2,5.0
Baltimore,2023-04-06,4,5.0
Baltimore,2023-04-07,4,4.0
Baltimore,2023-04-08,11,5.0
Baltimore,2023-04-10,1,4.0
Baltimore,2023-04-11,2,4.0
Baltimore,2023-04-12,5,4.0
Baltimore,2023-04-13,9,5.0
Baltimore,2023-04-14,8,6.0
Baltimore,2023-04-17,4,6.0
Baltimore,2023-04-18,5,5.0
Baltimore,2023-04-19,2,5.0
Baltimore,2023-04-20,2,5.0
Baltimore,2023-04-21,2,5.0
Baltimore,2023-04-22,16,6.0
Baltimore,2023-04-24,12,6.0
Baltimore,2023-04-25,4,6.0
Baltimore,2023-04-26,5,6.0
Baltimore,2023-04-27,4,6.0
Baltimore,2023-04-28,2,6.0
Baltimore,2023-05-01,6,7.0
Baltimore,2023-05-02,8,6.0
Baltimore,2023-05-03,7,5.0
Baltimore,2023-05-04,11,6.0
Baltimore,2023-05-05,2,6.0
Baltimore,2023-05-06,18,8.0
Baltimore,2023-05-08,2,8.0
Baltimore,2023-05-09,9,8.0
Baltimore,2023-05-10,6,8.0
Baltimore,2023-05-11,13,9.0
Baltimore,2023-05-12,2,7.0
Baltimore,2023-05-15,10,9.0
Baltimore,2023-05-16,6,7.0
Baltimore,2023-05-17,5,7.0
Baltimore,2023-05-18,5,7.0
Baltimore,2023-05-19,2,6.0
Baltimore,2023-05-20,36,9.0
Baltimore,2023-05-22,3,10.0
Baltimore,2023-05-23,7,9.0
Baltimore,2023-05-24,4,9.0
Baltimore,2023-05-25,10,10.0
Baltimore,2023-05-26,4,9.0
Baltimore,2023-05-30,3,10.0
Baltimore,2023-05-31,11,6.0
Baltimore,2023-06-01,3,6.0
Baltimore,2023-06-02,7,6.0
Baltimore,2023-06-03,36,11.0
Baltimore,2023-06-05,9,10.0
Baltimore,2023-06-06,3,10.0
Baltimore,2023-06-07,4,10.0
Baltimore,2023-06-08,4,9.0
Baltimore,2023-06-09,6,10.0
Baltimore,2023-06-12,8,10.0
Baltimore,2023-06-13,4,5.0
Baltimore,2023-06-14,6,5.0
Baltimore,2023-06-15,3,5.0
Baltimore,2023-06-16,2,5.0
Baltimore,2023-06-17,33,9.0
Baltimore,2023-06-20,2,8.0
Baltimore,2023-06-21,2,7.0
Baltimore,2023-06-22,6,8.0
Baltimore,2023-06-23,3,7.0
Baltimore,2023-06-26,3,7.0
Baltimore,2023-06-27,5,8.0
Baltimore,2023-06-28,5,4.0
Baltimore,2023-06-29,3,4.0
Baltimore,2023-06-30,4,4.0
Baltimore,2023-07-01,17,6.0
Baltimore,2023-07-05,3,6.0
Baltimore,2023-07-06,8,6.0
Baltimore,2023-07-07,6,7.0
Baltimore,2023-07-10,9,7.0
Baltimore,2023-07-11,5,7.0
Baltimore,2023-07-12,11,8.0
Baltimore,2023-07-13,6,7.0
Baltimore,2023-07-14,2,7.0
Baltimore,2023-07-15,46,12.0
Baltimore,2023-07-17,2,12.0
Baltimore,2023-07-18,5,11.0
Baltimore,2023-07-19,9,12.0
Baltimore,2023-07-20,4,11.0
Baltimore,2023-07-21,5,10.0
Baltimore,2023-07-24,10,12.0
Baltimore,2023-07-25,5,6.0
Baltimore,2023-07-26,18,8.0
Baltimore,2023-07-27,9,9.0
Baltimore,2023-07-28,10,9.0
Baltimore,2023-07-29,21,11.0
Baltimore,2023-07-31,6,11.0
Baltimore,2023-08-01,4,10.0
Baltimore,2023-08-02,10,11.0
Baltimore,2023-08-03,5,9.0
Baltimore,2023-08-04,5,9.0
Baltimore,2023-08-07,10,9.0
Baltimore,2023-08-08,3,6.0
Baltimore,2023-08-09,12,7.0
Baltimore,2023-08-10,4,7.0
Baltimore,2023-08-11,8,7.0
Baltimore,2023-08-12,19,9.0
Baltimore,2023-08-14,5,9.0
Baltimore,2023-08-15,5,8.0
Baltimore,2023-08-16,1,8.0
Baltimore,2023-08-17,6,7.0
Baltimore,2023-08-18,1,6.0
Baltimore,2023-08-21,6,6.0
Baltimore,2023-08-22,4,4.0
Baltimore,2023-08-23,16,6.0
Baltimore,2023-08-24,1,5.0
Baltimore,2023-08-25,6,6.0
Baltimore,2023-08-26,20,8.0
Baltimore,2023-08-28,2,8.0
Baltimore,2023-08-29,3,7.0
Baltimore,2023-08-30,9,8.0
Baltimore,2023-08-31,1,6.0
Baltimore,2023-09-05,4,6.0
Baltimore,2023-09-06,9,7.0
Baltimore,2023-09-07,2,4.0
Baltimore,2023-09-08,6,5.0
Baltimore,2023-09-09,13,6.0
Baltimore,2023-09-11,9,6.0
Baltimore,2023-09-12,3,7.0
Baltimore,2023-09-13,7,7.0
Baltimore,2023-09-14,3,6.0
Baltimore,2023-09-15,5,7.0
Baltimore,2023-09-18,5,6.0
Baltimore,2023-09-19,3,5.0
Baltimore,2023-09-20,3,4.0
Baltimore,2023-09-21,2,4.0
Baltimore,2023-09-22,1,3.0
Baltimore,2023-09-23,33,7.0
Baltimore,2023-09-25,3,7.0
Baltimore,2023-09-26,2,7.0
Baltimore,2023-09-27,9,8.0
Baltimore,2023-09-28,5,8.0
Baltimore,2023-09-29,3,8.0
Baltimore,2023-09-30,1,8.0
Baltimore,2023-10-02,7,4.0
Baltimore,2023-10-03,3,4.0
Baltimore,2023-10-04,2,4.0
Baltimore,2023-10-05,3,3.0
Baltimore,2023-10-06,2,3.0
Baltimore,2023-10-07,1,3.0
Baltimore,2023-10-10,2,3.0
Baltimore,2023-10-11,11,3.0
Baltimore,2023-10-12,2,3.0
Baltimore,2023-10-13,3,3.0
Baltimore,2023-10-14,2,3.0
Baltimore,2023-10-15,1,3.0
Baltimore,2023-10-16,2,3.0
Baltimore,2023-10-17,5,4.0
Baltimore,2023-10-18,6,3.0
Baltimore,2023-10-19,9,4.0
Baltimore,2023-10-20,3,4.0
Baltimore,2023-10-21,1,4.0
Baltimore,2023-10-23,7,5.0
Baltimore,2023-10-24,5,5.0
Baltimore,2023-10-25,11,6.0
Baltimore,2023-10-26,3,6.0
Baltimore,2023-10-27,1,4.0
Baltimore,2023-10-30,4,5.0
Baltimore,2023-10-31,4,5.0
Baltimore,2023-11-01,4,5.0
Baltimore,2023-11-02,6,5.0
Baltimore,2023-11-03,4,4.0
Baltimore,2023-11-06,7,4.0
Baltimore,2023-11-07,7,5.0
Baltimore,2023-11-08,3,5.0
Baltimore,2023-11-09,6,5.0
Baltimore,2023-11-13,7,6.0
Baltimore,2023-11-14,5,6.0
Baltimore,2023-11-15,3,5.0
Baltimore,2023-11-16,4,5.0
Baltimore,2023-11-17,2,4.0
Baltimore,2023-11-20,3,4.0
Baltimore,2023-11-21,6,4.0
Baltimore,2023-11-22,8,4.0
Baltimore,2023-11-24,1,4.0
Baltimore,2023-11-27,2,4.0
Baltimore,2023-11-28,1,3.0
Baltimore,2023-11-29,3,3.0
Baltimore,2023-11-30,3,3.0
Baltimore,2023-12-01,1,3.0
Baltimore,2023-12-04,4,2.0
Baltimore,2023-12-05,9,3.0
Baltimore,2023-12-06,6,4.0
Baltimore,2023-12-07,6,5.0
Baltimore,2023-12-08,1,4.0
Baltimore,2023-12-11,6,5.0
Baltimore,2023-12-12,3,5.0
Baltimore,2023-12-13,7,5.0
Baltimore,2023-12-14,2,4.0
Baltimore,2023-12-15,2,4.0
Baltimore,2023-12-18,5,4.0
Baltimore,2023-12-19,9,5.0
Baltimore,2023-12-20,3,4.0
Baltimore,2023-12-21,2,4.0
Baltimore,2023-12-27,3,4.0
Baltimore,2023-12-28,3,4.0
Baltimore,2023-12-29,4,4.0
Baltimore,2024-01-02,1,4.0
Baltimore,2024-01-03,3,3.0
Baltimore,2024-01-04,3,3.0
Baltimore,2024-01-05,4,3.0
Baltimore,2024-01-08,6,3.0
Baltimore,2024-01-09,8,4.0
Baltimore,2024-01-10,3,4.0
Baltimore,2024-01-11,3,4.0
Baltimore,2024-01-12,5,5.0
Baltimore,2024-01-16,3,5.0
Baltimore,2024-01-17,5,5.0
Baltimore,2024-01-18,3,4.0
Baltimore,2024-01-19,1,3.0
Baltimore,2024-01-22,3,3.0
Baltimore,2024-01-23,5,4.0
Baltimore,2024-01-24,4,3.0
Baltimore,2024-01-25,2,3.0
Baltimore,2024-01-26,4,3.0
Baltimore,2024-01-29,6,4.0
Baltimore,2024-01-30,10,5.0
Baltimore,2024-01-31,5,5.0
Baltimore,2024-02-01,7,5.0
Baltimore,2024-02-02,1,5.0
Baltimore,2024-02-04,1,5.0
Baltimore,2024-02-05,6,5.0
Baltimore,2024-02-06,8,5.0
Baltimore,2024-02-07,2,4.0
Baltimore,2024-02-08,2,4.0
Baltimore,2024-02-09,3,3.0
Baltimore,2024-02-12,3,4.0
Baltimore,2024-02-13,3,4.0
Baltimore,2024-02-14,2,3.0
Baltimore,2024-02-15,6,3.0
Baltimore,2024-02-16,7,4.0
Baltimore,2024-02-19,2,4.0
Baltimore,2024-02-20,10,5.0
Baltimore,2024-02-21,6,5.0
Baltimore,2024-02-22,6,6.0
Baltimore,2024-02-23,2,6.0
Baltimore,2024-02-24,1,5.0
Baltimore,2024-02-26,2,4.0
Baltimore,2024-02-27,9,5.0
Baltimore,2024-02-28,4,4.0
Baltimore,2024-02-29,14,5.0
Baltimore,2024-03-01,1,5.0
Baltimore,2024-03-02,2,5.0
Baltimore,2024-03-03,1,5.0
Baltimore,2024-03-04,4,5.0
Baltimore,2024-03-05,9,5.0
Baltimore,2024-03-06,2,5.0
Baltimore,2024-03-07,8,4.0
Baltimore,2024-03-10,2,4.0
Baltimore,2024-03-11,14,6.0
Baltimore,2024-03-12,6,6.0
Baltimore,2024-03-13,5,7.0
Baltimore,2024-03-14,5,6.0
Baltimore,2024-03-15,14,8.0
Baltimore,2024-03-18,10,8.0
Baltimore,2024-03-19,10,9.0
Baltimore,2024-03-20,5,8.0
Baltimore,2024-03-21,2,7.0
Baltimore,2024-03-22,3,7.0
Baltimore,2024-03-25,5,7.0
Baltimore,2024-03-26,7,6.0
Baltimore,2024-03-27,7,6.0
Baltimore,2024-03-28,1,4.0
Baltimore,2024-03-29,4,4.0
Baltimore,2024-04-02,10,5.0
Baltimore,2024-04-03,4,5.0
Baltimore,2024-04-04,6,6.0
Baltimore,2024-04-05,4,5.0
Baltimore,2024-04-08,7,5.0
Baltimore,2024-04-09,7,6.0
Baltimore,2024-04-10,7,6.0
Baltimore,2024-04-11,5,6.0
Baltimore,2024-04-15,4,6.0
Baltimore,2024-04-16,6,6.0
Baltimore,2024-04-17,9,6.0
Baltimore,2024-04-18,7,6.0
Baltimore,2024-04-19,1,6.0
Baltimore,2024-04-20,1,5.0
Baltimore,2024-04-22,4,5.0
Baltimore,2024-04-23,6,5.0
Baltimore,2024-04-24,14,6.0
Baltimore,2024-04-25,6,6.0
Baltimore,2024-04-26,1,5.0
Baltimore,2024-04-29,16,7.0
Baltimore,2024-04-30,2,7.0
Baltimore,2024-05-01,10,8.0
Baltimore,2024-05-02,4,8.0
Baltimore,2024-05-03,4,6.0
Baltimore,2024-05-04,1,5.0
Baltimore,2024-05-06,2,6.0
Baltimore,2024-05-07,5,4.0
Baltimore,2024-05-08,7,5.0
Baltimore,2024-05-09,10,5.0
Baltimore,2024-05-10,2,4.0
Baltimore,2024-05-11,1,4.0
Baltimore,2024-05-13,10,5.0
Baltimore,2024-05-14,11,7.0
Baltimore,2024-05-15,4,6.0
Baltimore,2024-05-16,5,6.0
Baltimore,2024-05-20,11,6.0
Baltimore,2024-05-21,5,7.0
Baltimore,2024-05-22,4,7.0
Baltimore,2024-05-23,9,7.0
Baltimore,2024-05-26,1,6.0
Baltimore,2024-05-28,5,6.0
Baltimore,2024-05-29,6,6.0
Baltimore,2024-05-30,9,6.0
Baltimore,2024-05-31,2,5.0
Baltimore,2024-06-01,3,5.0
Baltimore,2024-06-03,1,4.0
Baltimore,2024-06-04,7,5.0
Baltimore,2024-06-05,8,5.0
Baltimore,2024-06-06,8,5.0
Baltimore,2024-06-07,4,5.0
Baltimore,2024-06-10,3,5.0
Baltimore,2024-06-11,4,5.0
Baltimore,2024-06-12,4,5.0
Baltimore,2024-06-13,1,5.0
Baltimore,2024-06-14,4,4.0
Baltimore,2024-06-15,1,3.0
Baltimore,2024-06-17,5,3.0
Baltimore,2024-06-18,10,4.0
Baltimore,2024-06-20,6,4.0
Baltimore,2024-06-21,4,4.0
Baltimore,2024-06-24,9,6.0
Baltimore,2024-06-25,7,6.0
Baltimore,2024-06-26,8,7.0
Baltimore,2024-06-27,5,7.0
Baltimore,2024-06-28,7,7.0
Baltimore,2024-06-29,1,6.0
Baltimore,2024-07-01,3,6.0
Baltimore,2024-07-02,1,5.0
Baltimore,2024-07-03,7,5.0
Baltimore,2024-07-04,2,4.0
Baltimore,2024-07-05,4,4.0
Baltimore,2024-07-08,5,3.0
Baltimore,2024-07-09,10,5.0
Baltimore,2024-07-10,9,5.0
Baltimore,2024-07-11,4,6.0
Baltimore,2024-07-12,8,6.0
Baltimore,2024-07-15,9,7.0
Baltimore,2024-07-16,4,7.0
Baltimore,2024-07-17,2,7.0
Baltimore,2024-07-18,5,6.0
Baltimore,2024-07-19,1,5.0
Baltimore,2024-07-22,6,5.0
Baltimore,2024-07-23,4,4.0
Baltimore,2024-07-24,6,4.0
Baltimore,2024-07-25,6,4.0
Baltimore,2024-07-26,4,5.0
Baltimore,2024-07-27,1,4.0
Baltimore,2024-07-29,13,6.0
Baltimore,2024-07-30,6,6.0
Baltimore,2024-07-31,2,5.0
Baltimore,2024-08-01,4,5.0
Baltimore,2024-08-02,5,5.0
Baltimore,2024-08-05,6,5.0
Baltimore,2024-08-06,2,5.0
Baltimore,2024-08-07,6,4.0
Baltimore,2024-08-08,2,4.0
Baltimore,2024-08-09,2,4.0
Baltimore,2024-08-12,8,4.0
Baltimore,2024-08-13,7,5.0
Baltimore,2024-08-14,7,5.0
Baltimore,2024-08-15,4,5.0
Baltimore,2024-08-16,4,5.0
Baltimore,2024-08-19,3,5.0
Baltimore,2024-08-20,9,6.0
Baltimore,2024-08-21,7,6.0
Baltimore,2024-08-22,6,6.0
Baltimore,2024-08-23,1,5.0
Baltimore,2024-08-26,12,6.0
Baltimore,2024-08-27,5,6.0
Baltimore,2024-08-28,12,7.0
Baltimore,2024-08-29,6,7.0
Baltimore,2024-08-30,3,6.0
Baltimore,2024-09-03,9,7.0
Baltimore,2024-09-04,19,9.0
Baltimore,2024-09-05,7,9.0
Baltimore,2024-09-06,4,9.0
Baltimore,2024-09-07,1,7.0
Baltimore,2024-09-09,15,8.0
Baltimore,2024-09-10,3,8.0
Baltimore,2024-09-11,12,9.0
Baltimore,2024-09-12,5,7.0
Baltimore,2024-09-13,2,6.0
Baltimore,2024-09-16,20,8.0
Baltimore,2024-09-17,9,9.0
Baltimore,2024-09-18,17,10.0
Baltimore,2024-09-19,14,11.0
Baltimore,2024-09-20,3,10.0
Baltimore,2024-09-23,3,10.0
Baltimore,2024-09-24,12,11.0
Baltimore,2024-09-25,11,10.0
Baltimore,2024-09-26,10,10.0
Baltimore,2024-09-27,5,8.0
Baltimore,2024-09-30,16,9.0
Baltimore,2024-10-01,8,9.0
Baltimore,2024-10-02,18,11.0
Baltimore,2024-10-03,1,10.0
Baltimore,2024-10-04,4,9.0
Baltimore,2024-10-07,8,9.0
Baltimore,2024-10-08,2,8.0
Baltimore,2024-10-09,9,7.0
Baltimore,2024-10-10,6,7.0
Baltimore,2024-10-11,3,5.0
Baltimore,2024-10-14,2,5.0
Baltimore,2024-10-15,4,5.0
Baltimore,2024-10-16,13,6.0
Baltimore,2024-10-17,7,6.0
Baltimore,2024-10-18,4,6.0
Baltimore,2024-10-19,1,5.0
Baltimore,2024-10-20,1,5.0
Baltimore,2024-10-21,2,5.0
Baltimore,2024-10-22,7,5.0
Baltimore,2024-10-23,7,4.0
Baltimore,2024-10-24,5,4.0
Baltimore,2024-10-25,5,4.0
Baltimore,2024-10-26,1,4.0
Baltimore,2024-10-28,3,4.0
Baltimore,2024-10-29,10,5.0
Baltimore,2024-10-30,8,6.0
Baltimore,2024-10-31,4,5.0
Baltimore,2024-11-04,6,5.0
Baltimore,2024-11-05,6,5.0
Baltimore,2024-11-06,4,6.0
Baltimore,2024-11-07,8,7.0
Baltimore,2024-11-08,3,6.0
Baltimore,2024-11-09,1,5.0
Baltimore,2024-11-12,7,5.0
Baltimore,2024-11-13,8,5.0
Baltimore,2024-11-14,7,5.0
Baltimore,2024-11-15,8,6.0
Baltimore,2024-11-16,1,5.0
Baltimore,2024-11-18,3,5.0
Baltimore,2024-11-19,6,6.0
Baltimore,2024-11-20,10,6.0
Baltimore,2024-11-21,3,5.0
Baltimore,2024-11-22,7,5.0
Baltimore,2024-11-25,8,5.0
Baltimore,2024-11-26,6,6.0
Baltimore,2024-11-27,4,6.0
Baltimore,2024-11-29,1,6.0
Baltimore,2024-11-30,1,4.0
Baltimore,2024-12-02,6,5.0
Baltimore,2024-12-03,8,5.0
Baltimore,2024-12-04,4,4.0
Baltimore,2024-12-05,4,4.0
Baltimore,2024-12-06,7,4.0
Baltimore,2024-12-08,1,4.0
Baltimore,2024-12-09,4,5.0
Baltimore,2024-12-10,1,4.0
Baltimore,2024-12-11,2,3.0
Baltimore,2024-12-12,5,3.0
Baltimore,2024-12-13,2,3.0
Baltimore,2024-12-14,1,2.0
Baltimore,2024-12-16,1,2.0
Baltimore,2024-12-17,8,3.0
Baltimore,2024-12-18,7,4.0
Baltimore,2024-12-19,7,4.0
Baltimore,2024-12-20,4,4.0
Baltimore,2024-12-21,1,4.0
Baltimore,2024-12-23,7,5.0
Baltimore,2024-12-26,3,5.0
Baltimore,2024-12-30,4,5.0
Baltimore,2024-12-31,4,4.0
Baltimore,2025-01-02,1,3.0
Baltimore,2025-01-03,8,4.0
Baltimore,2025-01-08,5,5.0
Baltimore,2025-01-09,1,4.0
Baltimore,2025-01-10,6,4.0
Baltimore,2025-01-11,1,4.0
Baltimore,2025-01-13,7,4.0
Baltimore,2025-01-14,13,6.0
Baltimore,2025-01-15,10,6.0
Baltimore,2025-01-16,5,6.0
Baltimore,2025-01-17,3,6.0
Baltimore,2025-01-20,1,6.0
Baltimore,2025-01-21,5,6.0
Baltimore,2025-01-22,15,7.0
Baltimore,2025-01-23,11,7.0
Baltimore,2025-01-24,12,7.0
Baltimore,2025-01-25,12,8.0
Baltimore,2025-01-26,13,10.0
Baltimore,2025-01-27,11,11.0
Baltimore,2025-01-28,13,12.0
Baltimore,2025-01-29,23,14.0
Baltimore,2025-01-30,12,14.0
Baltimore,2025-01-31,12,14.0
Baltimore,2025-02-01,6,13.0
Baltimore,2025-02-02,1,11.0
Baltimore,2025-02-03,13,11.0
Baltimore,2025-02-04,13,11.0
Baltimore,2025-02-05,13,10.0
Baltimore,2025-02-06,10,10.0
Baltimore,2025-02-07,8,9.0
Baltimore,2025-02-08,9,10.0
Baltimore,2025-02-09,4,10.0
Baltimore,2025-02-10,11,10.0
Baltimore,2025-02-11,12,10.0
Baltimore,2025-02-12,5,8.0
Baltimore,2025-02-13,7,8.0
Baltimore,2025-02-14,11,8.0
Baltimore,2025-02-15,4,8.0
Baltimore,2025-02-16,2,7.0
Baltimore,2025-02-17,6,7.0
Baltimore,2025-02-18,8,6.0
Baltimore,2025-02-19,21,8.0
Baltimore,2025-02-20,15,10.0
Baltimore,2025-02-21,15,10.0
Baltimore,2025-02-22,6,10.0
Baltimore,2025-02-23,3,11.0
Baltimore,2025-02-24,13,12.0
Baltimore,2025-02-25,21,13.0
Baltimore,2025-02-26,16,13.0
Baltimore,2025-02-27,12,12.0
Baltimore,2025-02-28,13,12.0
Baltimore,2025-03-01,12,13.0
Baltimore,2025-03-02,1,13.0
Baltimore,2025-03-03,10,12.0
Baltimore,2025-03-04,11,11.0
Baltimore,2025-03-05,15,11.0
Baltimore,2025-03-06,12,11.0
Baltimore,2025-03-07,6,10.0
Baltimore,2025-03-08,4,8.0
Baltimore,2025-03-09,2,9.0
Baltimore,2025-03-10,7,8.0
Baltimore,2025-03-11,20,9.0
Baltimore,2025-03-12,15,9.0
Baltimore,2025-03-13,21,11.0
Baltimore,2025-03-14,4,10.0
Baltimore,2025-03-15,4,10.0
Baltimore,2025-03-16,3,11.0
Baltimore,2025-03-17,19,12.0
Baltimore,2025-03-18,24,13.0
Baltimore,2025-03-19,21,14.0
Baltimore,2025-03-20,18,13.0
Baltimore,2025-03-21,7,14.0
Baltimore,2025-03-22,3,14.0
Baltimore,2025-03-23,4,14.0
Baltimore,2025-03-24,2,11.0
Baltimore,2025-03-25,16,10.0
Baltimore,2025-03-26,14,9.0
Baltimore,2025-03-27,9,8.0
Baltimore,2025-03-28,12,9.0
Baltimore,2025-03-29,3,9.0
Baltimore,2025-03-30,1,8.0
Baltimore,2025-03-31,4,8.0
Baltimore,2025-04-01,8,7.0
Baltimore,2025-04-02,12,7.0
Baltimore,2025-04-03,8,7.0
Baltimore,2025-04-04,18,8.0
Baltimore,2025-04-05,4,8.0
Baltimore,2025-04-06,3,8.0
Baltimore,2025-04-07,7,9.0
Baltimore,2025-04-08,11,9.0
Baltimore,2025-04-09,10,9.0
Baltimore,2025-04-10,12,9.0
Baltimore,2025-04-11,15,9.0
Baltimore,2025-04-12,3,9.0
Baltimore,2025-04-13,3,9.0
Baltimore,2025-04-14,6,9.0
Baltimore,2025-04-15,6,8.0
Baltimore,2025-04-16,11,8.0
Baltimore,2025-04-17,5,7.0
Baltimore,2025-04-18,9,6.0
Baltimore,2025-04-19,3,6.0
Baltimore,2025-04-20,1,6.0
Baltimore,2025-04-21,10,6.0
Baltimore,2025-04-22,4,6.0
Baltimore,2025-04-23,5,5.0
Baltimore,2025-04-24,4,5.0
Baltimore,2025-04-25,7,5.0
Baltimore,2025-04-26,5,5.0
Baltimore,2025-04-27,1,5.0
Baltimore,2025-04-28,9,5.0
Baltimore,2025-04-29,8,6.0
Baltimore,2025-04-30,23,8.0
Baltimore,2025-05-01,11,9.0
Baltimore,2025-05-02,10,10.0
Baltimore,2025-05-03,1,9.0
Baltimore,2025-05-04,3,9.0
Baltimore,2025-05-05,18,11.0
Baltimore,2025-05-06,11,11.0
Baltimore,2025-05-07,14,10.0
Baltimore,2025-05-08,15,10.0
Baltimore,2025-05-09,10,10.0
Baltimore,2025-05-10,4,11.0
Baltimore,2025-05-11,1,10.0
Baltimore,2025-05-12,13,10.0
Baltimore,2025-05-13,20,11.0
Baltimore,2025-05-14,12,11.0
Baltimore,2025-05-15,10,10.0
Baltimore,2025-05-16,9,10.0
Baltimore,2025-05-17,4,10.0
Baltimore,2025-05-18,2,10.0
Baltimore,2025-05-19,11,10.0
Baltimore,2025-05-20,29,11.0
Baltimore,2025-05-21,10,11.0
Baltimore,2025-05-22,7,10.0
Baltimore,2025-05-23,15,11.0
Baltimore,2025-05-24,7,12.0
Baltimore,2025-05-25,11,13.0
Baltimore,2025-05-26,6,12.0
Baltimore,2025-05-27,14,10.0
Baltimore,2025-05-28,23,12.0
Baltimore,2025-05-29,32,15.0
Baltimore,2025-05-30,19,16.0
Baltimore,2025-05-31,15,17.0
Baltimore,2025-06-01,19,18.0
Baltimore,2025-06-02,20,20.0
Baltimore,2025-06-03,31,23.0
Baltimore,2025-06-04,34,24.0
Baltimore,2025-06-05,14,22.0
Baltimore,2025-06-06,12,21.0
Baltimore,2025-06-07,13,20.0
Baltimore,2025-06-08,15,20.0
Baltimore,2025-06-09,16,19.0
Baltimore,2025-06-10,26,19.0
Baltimore,2025-06-11,21,17.0
Baltimore,2025-06-12,18,17.0
Baltimore,2025-06-13,13,17.0
Baltimore,2025-06-14,14,18.0
Baltimore,2025-06-15,7,16.0
Baltimore,2025-06-16,13,16.0
Baltimore,2025-06-17,13,14.0
Baltimore,2025-06-18,15,13.0
Baltimore,2025-06-19,16,13.0
Baltimore,2025-06-20,8,12.0
Baltimore,2025-06-21,7,11.0
Baltimore,2025-06-22,6,11.0
Baltimore,2025-06-23,11,11.0
Baltimore,2025-06-24,13,11.0
Baltimore,2025-06-25,25,12.0
Baltimore,2025-06-26,15,12.0
Baltimore,2025-06-27,9,12.0
Baltimore,2025-06-28,18,14.0
Baltimore,2025-06-29,6,14.0
Baltimore,2025-06-30,5,13.0
Baltimore,2025-07-01,21,14.0
Baltimore,2025-07-02,11,12.0
Baltimore,2025-07-03,14,12.0
Baltimore,2025-07-04,2,11.0
Baltimore,2025-07-05,9,10.0
Baltimore,2025-07-06,2,9.0
Baltimore,2025-07-07,16,11.0
Baltimore,2025-07-08,15,10.0
Baltimore,2025-07-09,27,12.0
Baltimore,2025-07-10,12,12.0
Baltimore,2025-07-11,13,13.0
Baltimore,2025-07-12,19,15.0
Baltimore,2025-07-13,15,17.0
Baltimore,2025-07-14,12,16.0
Baltimore,2025-07-15,12,16.0
Baltimore,2025-07-16,11,13.0
Baltimore,2025-07-17,18,14.0
Baltimore,2025-07-18,9,14.0
Baltimore,2025-07-19,7,12.0
Baltimore,2025-07-20,6,11.0
Baltimore,2025-07-21,16,11.0
Baltimore,2025-07-22,7,11.0
Baltimore,2025-07-23,14,11.0
Baltimore,2025-07-24,19,11.0
Baltimore,2025-07-25,7,11.0
Baltimore,2025-07-26,22,13.0
Baltimore,2025-07-27,12,14.0
Baltimore,2025-07-28,13,13.0
Baltimore,2025-07-29,13,14.0
Baltimore,2025-07-30,16,15.0
Baltimore,2025-07-31,13,14.0
Baltimore,2025-08-01,12,14.0
Baltimore,2025-08-02,8,12.0
Baltimore,2025-08-03,7,12.0
Baltimore,2025-08-04,28,14.0
Baltimore,2025-08-05,33,17.0
Baltimore,2025-08-06,29,19.0
Baltimore,2025-08-07,12,18.0
Baltimore,2025-08-08,13,19.0
Baltimore,2025-08-09,1,18.0
Baltimore,2025-08-10,2,17.0
Baltimore,2025-08-11,11,14.0
Baltimore,2025-08-12,16,12.0
Baltimore,2025-08-13,5,9.0
Baltimore,2025-08-14,11,8.0
Baltimore,2025-08-15,14,9.0
Baltimore,2025-08-16,2,9.0
Baltimore,2025-08-18,5,9.0
Baltimore,2025-08-19,5,8.0
Baltimore,2025-08-20,8,7.0
Baltimore,2025-08-21,10,8.0
Baltimore,2025-08-22,5,7.0
Baltimore,2025-08-23,1,5.0
Baltimore,2025-08-24,2,5.0
Baltimore,2025-08-25,2,5.0
Baltimore,2025-08-26,10,5.0
Baltimore,2025-08-27,14,6.0
Baltimore,2025-08-28,5,6.0
Baltimore,2025-08-29,5,6.0
Baltimore,2025-08-30,5,6.0
Baltimore,2025-09-01,14,8.0
Baltimore,2025-09-02,10,9.0
Baltimore,2025-09-03,14,10.0
Baltimore,2025-09-04,9,9.0
Baltimore,2025-09-05,12,10.0
Baltimore,2025-09-06,17,12.0
Baltimore,2025-09-07,16,13.0
Baltimore,2025-09-08,14,13.0
Baltimore,2025-09-09,14,14.0
Baltimore,2025-09-10,21,15.0
Baltimore,2025-09-11,13,15.0
Baltimore,2025-09-12,13,15.0
Baltimore,2025-09-13,6,14.0
Baltimore,2025-09-14,10,13.0
Baltimore,2025-09-15,17,13.0
Baltimore,2025-09-16,8,13.0
Baltimore,2025-09-17,18,12.0
Baltimore,2025-09-18,12,12.0
Baltimore,2025-09-19,7,11.0
Baltimore,2025-09-20,14,12.0
Baltimore,2025-09-21,12,13.0
Baltimore,2025-09-22,17,13.0
Baltimore,2025-09-23,23,15.0
Baltimore,2025-09-24,18,15.0
Baltimore,2025-09-25,21,16.0
Baltimore,2025-09-26,18,18.0
Baltimore,2025-09-27,13,17.0
Baltimore,2025-09-28,7,17.0
Baltimore,2025-09-29,21,17.0
Baltimore,2025-09-30,16,16.0
Baltimore,2025-10-01,6,15.0
Baltimore,2025-10-02,14,14.0
Baltimore,2025-10-03,7,12.0
Baltimore,2025-10-04,17,13.0
Baltimore,2025-10-05,15,14.0
Baltimore,2025-10-06,14,13.0
Baltimore,2025-10-07,14,12.0
Baltimore,2025-10-08,18,14.0
Baltimore,2025-10-09,14,14.0
Baltimore,2025-10-10,7,14.0
Baltimore,2025-10-11,10,13.0
Baltimore,2025-10-12,9,12.0
Baltimore,2025-10-13,6,11.0
Baltimore,2025-10-14,16,11.0
Baltimore,2025-10-15,8,10.0
Baltimore,2025-10-16,16,10.0
Baltimore,2025-10-17,8,10.0
Baltimore,2025-10-18,11,11.0
Baltimore,2025-10-19,4,10.0
Baltimore,2025-10-20,11,11.0
Baltimore,2025-10-21,22,11.0
Baltimore,2025-10-22,18,13.0
Baltimore,2025-10-23,9,12.0
Baltimore,2025-10-24,4,11.0
Baltimore,2025-10-25,26,13.0
Baltimore,2025-10-26,10,14.0
Baltimore,2025-10-27,7,14.0
Baltimore,2025-10-28,18,13.0
Baltimore,2025-10-29,14,13.0
Baltimore,2025-10-30,17,14.0
Baltimore,2025-10-31,9,14.0
Baltimore,2025-11-01,26,14.0
Baltimore,2025-11-02,21,16.0
Baltimore,2025-11-03,5,16.0
Baltimore,2025-11-04,22,16.0
Baltimore,2025-11-05,20,17.0
Baltimore,2025-11-06,26,18.0
Baltimore,2025-11-07,9,18.0
Baltimore,2025-11-08,13,17.0
Baltimore,2025-11-09,9,15.0
Baltimore,2025-11-10,11,16.0
Baltimore,2025-11-11,22,16.0
Baltimore,2025-11-12,24,16.0
Baltimore,2025-11-13,16,15.0
Baltimore,2025-11-14,17,16.0
Baltimore,2025-11-15,21,17.0
Baltimore,2025-11-16,8,17.0
Baltimore,2025-11-17,13,17.0
Baltimore,2025-11-18,13,16.0
Baltimore,2025-11-19,18,15.0
Baltimore,2025-11-20,23,16.0
Baltimore,2025-11-21,11,15.0
Baltimore,2025-11-22,26,16.0
Baltimore,2025-11-23,8,16.0
Baltimore,2025-11-24,5,15.0
Baltimore,2025-11-25,24,16.0
Baltimore,2025-11-26,43,20.0
Baltimore,2025-11-27,3,17.0
Baltimore,2025-11-28,7,17.0
Baltimore,2025-11-29,17,15.0
Baltimore,2025-11-30,7,15.0
Baltimore,2025-12-01,22,18.0
Baltimore,2025-12-02,18,17.0
Baltimore,2025-12-03,26,14.0
Baltimore,2025-12-04,22,17.0
Baltimore,2025-12-05,21,19.0
Baltimore,2025-12-06,15,19.0
Baltimore,2025-12-07,19,20.0
Baltimore,2025-12-08,16,20.0
Baltimore,2025-12-09,11,19.0
Baltimore,2025-12-10,46,21.0
Baltimore,2025-12-11,37,24.0
Baltimore,2025-12-12,43,27.0
Baltimore,2025-12-13,35,30.0
Baltimore,2025-12-14,21,30.0
Baltimore,2025-12-15,30,32.0
Baltimore,2025-12-16,16,33.0
Baltimore,2025-12-17,40,32.0
Baltimore,2025-12-18,15,29.0
Baltimore,2025-12-19,18,25.0
Baltimore,2025-12-20,9,21.0
Baltimore,2025-12-21,8,19.0
Baltimore,2025-12-22,24,19.0
Baltimore,2025-12-23,26,20.0
Baltimore,2025-12-24,12,16.0
Baltimore,2025-12-26,25,17.0
Baltimore,2025-12-27,4,15.0
Baltimore,2025-12-28,1,14.0
Baltimore,2025-12-29,23,16.0
Baltimore,2025-12-30,23,16.0
Baltimore,2025-12-31,20,15.0
Baltimore,2026-01-01,7,15.0
Baltimore,2026-01-02,20,14.0
Baltimore,2026-01-03,20,16.0
Baltimore,2026-01-04,5,17.0
Baltimore,2026-01-05,12,15.0
Baltimore,2026-01-06,26,16.0
Baltimore,2026-01-07,34,18.0
Baltimore,2026-01-08,33,21.0
Baltimore,2026-01-09,22,22.0
Baltimore,2026-01-10,17,21.0
Baltimore,2026-01-11,18,23.0
Baltimore,2026-01-12,33,26.0
Baltimore,2026-01-13,46,29.0
Baltimore,2026-01-14,44,30.0
Baltimore,2026-01-15,38,31.0
Baltimore,2026-01-16,37,33.0
Baltimore,2026-01-17,16,33.0
Baltimore,2026-01-18,21,34.0
Baltimore,2026-01-19,33,34.0
Baltimore,2026-01-20,34,32.0
Baltimore,2026-01-21,44,32.0
Baltimore,2026-01-22,33,31.0
Baltimore,2026-01-23,31,30.0
Baltimore,2026-01-24,24,31.0
Baltimore,2026-01-27,1,29.0
Baltimore,2026-01-28,3,24.0
Baltimore,2026-01-29,49,26.0
Baltimore,2026-01-30,36,25.0
Baltimore,2026-01-31,29,25.0
Baltimore,2026-02-01,28,24.0
Baltimore,2026-02-02,36,26.0
Baltimore,2026-02-03,19,29.0
Baltimore,2026-02-04,18,31.0
Baltimore,2026-02-05,16,26.0
Baltimore,2026-02-06,19,24.0
Baltimore,2026-02-07,12,21.0
Baltimore,2026-02-08,14,19.0
Baltimore,2026-02-09,31,18.0
Baltimore,2026-02-10,33,20.0
Baltimore,2026-02-11,35,23.0
Baltimore,2026-02-12,35,26.0
Baltimore,2026-02-13,33,28.0
Baltimore,2026-02-14,24,29.0
Baltimore,2026-02-15,26,31.0
Baltimore,2026-02-16,31,31.0
Baltimore,2026-02-17,33,31.0
Baltimore,2026-02-18,36,31.0
Baltimore,2026-02-19,36,31.0
Baltimore,2026-02-20,27,30.0
Baltimore,2026-02-21,20,30.0
Baltimore,2026-02-22,19,29.0
Baltimore,2026-02-23,2,25.0
Baltimore,2026-02-24,34,25.0
Baltimore,2026-02-25,38,25.0
Baltimore,2026-02-26,49,27.0
Baltimore,2026-02-27,22,26.0
Baltimore,2026-02-28,22,27.0
Baltimore,2026-03-01,26,28.0
Baltimore,2026-03-02,36,32.0
Baltimore,2026-03-03,31,32.0
Baltimore,2026-03-04,27,30.0
Baltimore,2026-03-05,34,28.0
Baltimore,2026-03-06,18,28.0
Baltimore,2026-03-07,3,25.0
Baltimore,2026-03-09,1,21.0
Baltimore,2026-03-10,2,17.0
Boston,2022-10-03,54,20.0
Boston,2022-10-04,88,29.0
Boston,2022-10-05,62,33.0
Boston,2022-10-06,51,37.0
Boston,2022-10-07,53,44.0
Boston,2022-10-08,1,44.0
Boston,2022-10-11,98,58.0
Boston,2022-10-12,92,64.0
Boston,2022-10-13,55,59.0
Boston,2022-10-14,59,58.0
Boston,2022-10-16,5,52.0
Boston,2022-10-17,43,50.0
Boston,2022-10-18,62,59.0
Boston,2022-10-19,67,55.0
Boston,2022-10-20,79,53.0
Boston,2022-10-21,41,51.0
Boston,2022-10-24,74,53.0
Boston,2022-10-25,60,61.0
Boston,2022-10-26,48,62.0
Boston,2022-10-27,74,63.0
Boston,2022-10-28,52,61.0
Boston,2022-10-29,20,53.0
Boston,2022-10-30,12,49.0
Boston,2022-10-31,49,45.0
Boston,2022-11-01,92,50.0
Boston,2022-11-02,63,52.0
Boston,2022-11-03,55,49.0
Boston,2022-11-04,23,45.0
Boston,2022-11-05,1,42.0
Boston,2022-11-06,7,41.0
Boston,2022-11-07,38,40.0
Boston,2022-11-08,83,39.0
Boston,2022-11-09,63,39.0
Boston,2022-11-10,40,36.0
Boston,2022-11-11,12,35.0
Boston,2022-11-12,4,35.0
Boston,2022-11-13,2,35.0
Boston,2022-11-14,50,36.0
Boston,2022-11-15,78,36.0
Boston,2022-11-16,77,38.0
Boston,2022-11-17,50,39.0
Boston,2022-11-18,22,40.0
Boston,2022-11-19,7,41.0
Boston,2022-11-20,18,43.0
Boston,2022-11-21,37,41.0
Boston,2022-11-22,23,33.0
Boston,2022-11-23,11,24.0
Boston,2022-11-24,1,17.0
Boston,2022-11-25,6,15.0
Boston,2022-11-27,1,14.0
Boston,2022-11-28,45,18.0
Boston,2022-11-29,70,22.0
Boston,2022-11-30,50,26.0
Boston,2022-12-01,45,31.0
Boston,2022-12-02,27,35.0
Boston,2022-12-03,4,35.0
Boston,2022-12-04,3,35.0
Boston,2022-12-05,48,35.0
Boston,2022-12-06,100,40.0
Boston,2022-12-07,63,41.0
Boston,2022-12-08,57,43.0
Boston,2022-12-09,33,44.0
Boston,2022-12-10,3,44.0
Boston,2022-12-11,3,44.0
Boston,2022-12-12,57,45.0
Boston,2022-12-13,96,45.0
Boston,2022-12-14,43,42.0
Boston,2022-12-15,63,43.0
Boston,2022-12-16,37,43.0
Boston,2022-12-17,1,43.0
Boston,2022-12-18,3,43.0
Boston,2022-12-19,41,41.0
Boston,2022-12-20,91,40.0
Boston,2022-12-21,59,42.0
Boston,2022-12-22,51,40.0
Boston,2022-12-23,25,39.0
Boston,2022-12-24,3,39.0
Boston,2022-12-25,4,39.0
Boston,2022-12-26,5,34.0
Boston,2022-12-27,28,25.0
Boston,2022-12-28,28,21.0
Boston,2022-12-29,22,16.0
Boston,2022-12-30,7,14.0
Boston,2022-12-31,5,14.0
Boston,2023-01-01,16,16.0
Boston,2023-01-02,17,18.0
Boston,2023-01-03,66,23.0
Boston,2023-01-04,77,30.0
Boston,2023-01-05,87,39.0
Boston,2023-01-06,60,47.0
Boston,2023-01-07,19,49.0
Boston,2023-01-08,27,50.0
Boston,2023-01-09,39,54.0
Boston,2023-01-10,74,55.0
Boston,2023-01-11,71,54.0
Boston,2023-01-12,29,46.0
Boston,2023-01-13,23,40.0
Boston,2023-01-14,2,38.0
Boston,2023-01-15,3,34.0
Boston,2023-01-16,6,30.0
Boston,2023-01-17,56,27.0
Boston,2023-01-18,57,25.0
Boston,2023-01-19,42,27.0
Boston,2023-01-20,27,28.0
Boston,2023-01-21,5,28.0
Boston,2023-01-22,13,29.0
Boston,2023-01-23,30,33.0
Boston,2023-01-24,78,36.0
Boston,2023-01-25,80,39.0
Boston,2023-01-26,45,40.0
Boston,2023-01-27,56,44.0
Boston,2023-01-28,1,43.0
Boston,2023-01-30,83,53.0
Boston,2023-01-31,89,62.0
Boston,2023-02-01,79,62.0
Boston,2023-02-02,16,53.0
Boston,2023-02-03,34,51.0
Boston,2023-02-04,6,44.0
Boston,2023-02-05,6,45.0
Boston,2023-02-06,50,40.0
Boston,2023-02-07,59,36.0
Boston,2023-02-08,61,33.0
Boston,2023-02-09,26,35.0
Boston,2023-02-10,54,37.0
Boston,2023-02-11,4,37.0
Boston,2023-02-12,8,37.0
Boston,2023-02-13,48,37.0
Boston,2023-02-14,35,34.0
Boston,2023-02-15,54,33.0
Boston,2023-02-16,18,32.0
Boston,2023-02-17,48,31.0
Boston,2023-02-18,12,32.0
Boston,2023-02-19,1,31.0
Boston,2023-02-20,2,24.0
Boston,2023-02-21,56,27.0
Boston,2023-02-22,37,25.0
Boston,2023-02-23,6,23.0
Boston,2023-02-24,30,21.0
Boston,2023-02-25,12,21.0
Boston,2023-02-26,10,22.0
Boston,2023-02-27,41,27.0
Boston,2023-02-28,3,20.0
Boston,2023-03-01,46,21.0
Boston,2023-03-02,12,22.0
Boston,2023-03-03,50,25.0
Boston,2023-03-04,15,25.0
Boston,2023-03-05,2,24.0
Boston,2023-03-06,49,25.0
Boston,2023-03-07,52,32.0
Boston,2023-03-08,50,33.0
Boston,2023-03-09,14,33.0
Boston,2023-03-10,34,31.0
Boston,2023-03-11,5,29.0
Boston,2023-03-13,61,38.0
Boston,2023-03-14,12,33.0
Boston,2023-03-15,11,27.0
Boston,2023-03-16,24,23.0
Boston,2023-03-17,39,27.0
Boston,2023-03-18,3,22.0
Boston,2023-03-19,7,22.0
Boston,2023-03-20,40,19.0
Boston,2023-03-21,77,29.0
Boston,2023-03-22,29,31.0
Boston,2023-03-23,18,30.0
Boston,2023-03-24,41,31.0
Boston,2023-03-25,6,31.0
Boston,2023-03-27,48,37.0
Boston,2023-03-28,66,41.0
Boston,2023-03-29,47,36.0
Boston,2023-03-30,7,33.0
Boston,2023-03-31,47,37.0
Boston,2023-04-01,4,32.0
Boston,2023-04-02,6,32.0
Boston,2023-04-03,40,31.0
Boston,2023-04-04,50,29.0
Boston,2023-04-05,72,32.0
Boston,2023-04-06,7,32.0
Boston,2023-04-07,27,29.0
Boston,2023-04-09,6,30.0
Boston,2023-04-10,57,37.0
Boston,2023-04-11,41,37.0
Boston,2023-04-12,49,37.0
Boston,2023-04-13,7,28.0
Boston,2023-04-14,32,31.0
Boston,2023-04-15,1,28.0
Boston,2023-04-17,32,31.0
Boston,2023-04-18,66,33.0
Boston,2023-04-19,64,36.0
Boston,2023-04-20,10,30.0
Boston,2023-04-21,34,34.0
Boston,2023-04-22,3,30.0
Boston,2023-04-23,1,30.0
Boston,2023-04-24,39,31.0
Boston,2023-04-25,48,28.0
Boston,2023-04-26,41,25.0
Boston,2023-04-27,18,26.0
Boston,2023-04-28,28,25.0
Boston,2023-04-29,4,26.0
Boston,2023-04-30,8,27.0
Boston,2023-05-01,32,26.0
Boston,2023-05-02,34,24.0
Boston,2023-05-03,44,24.0
Boston,2023-05-04,10,23.0
Boston,2023-05-05,37,24.0
Boston,2023-05-07,1,24.0
Boston,2023-05-08,33,27.0
Boston,2023-05-09,13,25.0
Boston,2023-05-10,22,23.0
Boston,2023-05-11,11,18.0
Boston,2023-05-12,4,17.0
Boston,2023-05-13,6,13.0
Boston,2023-05-15,33,17.0
Boston,2023-05-16,22,16.0
Boston,2023-05-17,36,19.0
Boston,2023-05-18,21,19.0
Boston,2023-05-19,22,21.0
Boston,2023-05-20,2,20.0
Boston,2023-05-22,10,21.0
Boston,2023-05-23,16,18.0
Boston,2023-05-24,15,17.0
Boston,2023-05-25,7,13.0
Boston,2023-05-26,18,13.0
Boston,2023-05-27,1,10.0
Boston,2023-05-29,1,10.0
Boston,2023-05-30,13,10.0
Boston,2023-05-31,46,14.0
Boston,2023-06-01,15,14.0
Boston,2023-06-02,33,18.0
Boston,2023-06-04,8,17.0
Boston,2023-06-05,23,20.0
Boston,2023-06-06,16,22.0
Boston,2023-06-07,23,23.0
Boston,2023-06-08,10,18.0
Boston,2023-06-09,4,17.0
Boston,2023-06-10,1,12.0
Boston,2023-06-11,2,11.0
Boston,2023-06-12,16,10.0
Boston,2023-06-13,14,10.0
Boston,2023-06-14,30,11.0
Boston,2023-06-15,10,11.0
Boston,2023-06-16,14,12.0
Boston,2023-06-17,3,13.0
Boston,2023-06-20,32,17.0
Boston,2023-06-21,20,18.0
Boston,2023-06-22,7,17.0
Boston,2023-06-23,9,14.0
Boston,2023-06-24,1,12.0
Boston,2023-06-26,18,13.0
Boston,2023-06-27,22,16.0
Boston,2023-06-28,9,12.0
Boston,2023-06-29,3,10.0
Boston,2023-06-30,10,10.0
Boston,2023-07-02,2,9.0
Boston,2023-07-03,3,10.0
Boston,2023-07-05,13,9.0
Boston,2023-07-06,10,7.0
Boston,2023-07-07,9,7.0
Boston,2023-07-08,3,7.0
Boston,2023-07-10,13,8.0
Boston,2023-07-11,38,13.0
Boston,2023-07-12,22,15.0
Boston,2023-07-13,11,15.0
Boston,2023-07-14,11,15.0
Boston,2023-07-15,1,14.0
Boston,2023-07-17,12,15.0
Boston,2023-07-18,10,15.0
Boston,2023-07-19,20,12.0
Boston,2023-07-20,12,11.0
Boston,2023-07-21,10,11.0
Boston,2023-07-22,3,10.0
Boston,2023-07-23,1,10.0
Boston,2023-07-24,13,10.0
Boston,2023-07-25,7,9.0
Boston,2023-07-26,24,10.0
Boston,2023-07-27,13,10.0
Boston,2023-07-28,9,10.0
Boston,2023-07-29,1,10.0
Boston,2023-07-31,19,12.0
Boston,2023-08-01,9,12.0
Boston,2023-08-02,19,13.0
Boston,2023-08-03,4,11.0
Boston,2023-08-04,4,9.0
Boston,2023-08-05,1,8.0
Boston,2023-08-06,1,8.0
Boston,2023-08-07,16,8.0
Boston,2023-08-08,18,9.0
Boston,2023-08-09,26,10.0
Boston,2023-08-10,16,12.0
Boston,2023-08-11,5,12.0
Boston,2023-08-14,6,13.0
Boston,2023-08-15,10,14.0
Boston,2023-08-16,10,13.0
Boston,2023-08-17,8,12.0
Boston,2023-08-18,5,9.0
Boston,2023-08-21,10,8.0
Boston,2023-08-22,9,8.0
Boston,2023-08-23,15,10.0
Boston,2023-08-24,3,9.0
Boston,2023-08-25,2,7.0
Boston,2023-08-27,1,6.0
Boston,2023-08-28,8,7.0
Boston,2023-08-29,5,6.0
Boston,2023-08-30,13,7.0
Boston,2023-08-31,7,6.0
Boston,2023-09-01,9,6.0
Boston,2023-09-05,6,7.0
Boston,2023-09-06,9,8.0
Boston,2023-09-07,6,8.0
Boston,2023-09-08,6,8.0
Boston,2023-09-09,1,6.0
Boston,2023-09-11,4,6.0
Boston,2023-09-12,13,6.0
Boston,2023-09-13,23,9.0
Boston,2023-09-14,5,8.0
Boston,2023-09-15,2,8.0
Boston,2023-09-16,1,7.0
Boston,2023-09-18,13,9.0
Boston,2023-09-19,12,10.0
Boston,2023-09-20,23,11.0
Boston,2023-09-21,5,9.0
Boston,2023-09-22,4,9.0
Boston,2023-09-23,1,8.0
Boston,2023-09-25,11,10.0
Boston,2023-09-26,8,9.0
Boston,2023-09-27,8,9.0
Boston,2023-09-28,10,7.0
Boston,2023-09-29,7,7.0
Boston,2023-09-30,2,7.0
Boston,2023-10-01,4,7.0
Boston,2023-10-02,11,7.0
Boston,2023-10-03,15,8.0
Boston,2023-10-04,13,9.0
Boston,2023-10-05,5,8.0
Boston,2023-10-06,3,8.0
Boston,2023-10-07,2,8.0
Boston,2023-10-08,4,8.0
Boston,2023-10-09,4,7.0
Boston,2023-10-10,10,6.0
Boston,2023-10-11,18,7.0
Boston,2023-10-12,9,7.0
Boston,2023-10-13,12,8.0
Boston,2023-10-14,8,9.0
Boston,2023-10-15,2,9.0
Boston,2023-10-16,11,10.0
Boston,2023-10-17,10,10.0
Boston,2023-10-18,11,9.0
Boston,2023-10-19,7,9.0
Boston,2023-10-20,6,8.0
Boston,2023-10-21,1,7.0
Boston,2023-10-22,1,7.0
Boston,2023-10-23,19,8.0
Boston,2023-10-24,9,8.0
Boston,2023-10-25,7,7.0
Boston,2023-10-26,7,7.0
Boston,2023-10-27,7,7.0
Boston,2023-10-28,1,7.0
Boston,2023-10-29,9,8.0
Boston,2023-10-30,9,7.0
Boston,2023-10-31,6,7.0
Boston,2023-11-01,3,6.0
Boston,2023-11-02,3,5.0
Boston,2023-11-03,6,5.0
Boston,2023-11-04,1,5.0
Boston,2023-11-06,6,5.0
Boston,2023-11-07,8,5.0
Boston,2023-11-08,14,6.0
Boston,2023-11-09,12,7.0
Boston,2023-11-11,2,7.0
Boston,2023-11-13,7,7.0
Boston,2023-11-14,16,9.0
Boston,2023-11-15,19,11.0
Boston,2023-11-16,7,11.0
Boston,2023-11-17,6,10.0
Boston,2023-11-18,2,8.0
Boston,2023-11-20,4,9.0
Boston,2023-11-21,3,8.0
Boston,2023-11-22,3,6.0
Boston,2023-11-27,13,5.0
Boston,2023-11-28,5,5.0
Boston,2023-11-29,18,7.0
Boston,2023-11-30,11,8.0
Boston,2023-12-01,7,9.0
Boston,2023-12-02,2,8.0
Boston,2023-12-03,1,8.0
Boston,2023-12-04,13,8.0
Boston,2023-12-05,10,9.0
Boston,2023-12-06,13,8.0
Boston,2023-12-07,10,8.0
Boston,2023-12-08,7,8.0
Boston,2023-12-11,20,11.0
Boston,2023-12-12,4,11.0
Boston,2023-12-13,16,11.0
Boston,2023-12-14,5,11.0
Boston,2023-12-15,6,10.0
Boston,2023-12-18,6,9.0
Boston,2023-12-19,6,9.0
Boston,2023-12-20,8,7.0
Boston,2023-12-22,1,7.0
Boston,2023-12-23,9,6.0
Boston,2023-12-26,4,6.0
Boston,2023-12-27,11,6.0
Boston,2023-12-28,7,7.0
Boston,2023-12-29,5,6.0
Boston,2024-01-01,2,6.0
Boston,2024-01-02,10,7.0
Boston,2024-01-03,8,7.0
Boston,2024-01-04,6,7.0
Boston,2024-01-05,4,6.0
Boston,2024-01-06,1,5.0
Boston,2024-01-07,6,5.0
Boston,2024-01-08,7,6.0
Boston,2024-01-09,11,6.0
Boston,2024-01-10,6,6.0
Boston,2024-01-11,9,6.0
Boston,2024-01-12,5,6.0
Boston,2024-01-13,1,6.0
Boston,2024-01-15,16,8.0
Boston,2024-01-16,9,8.0
Boston,2024-01-17,12,8.0
Boston,2024-01-18,2,8.0
Boston,2024-01-19,6,7.0
Boston,2024-01-20,3,7.0
Boston,2024-01-21,1,7.0
Boston,2024-01-22,4,5.0
Boston,2024-01-23,8,5.0
Boston,2024-01-24,6,4.0
Boston,2024-01-25,12,6.0
Boston,2024-01-26,6,6.0
Boston,2024-01-27,2,6.0
Boston,2024-01-29,2,6.0
Boston,2024-01-30,14,7.0
Boston,2024-01-31,14,8.0
Boston,2024-02-01,24,11.0
Boston,2024-02-02,1,9.0
Boston,2024-02-03,3,9.0
Boston,2024-02-05,10,10.0
Boston,2024-02-06,10,11.0
Boston,2024-02-07,8,10.0
Boston,2024-02-08,10,9.0
Boston,2024-02-09,6,7.0
Boston,2024-02-12,9,8.0
Boston,2024-02-13,6,8.0
Boston,2024-02-14,16,9.0
Boston,2024-02-15,9,9.0
Boston,2024-02-16,9,9.0
Boston,2024-02-17,5,9.0
Boston,2024-02-18,1,8.0
Boston,2024-02-19,1,7.0
Boston,2024-02-20,13,8.0
Boston,2024-02-21,18,8.0
Boston,2024-02-22,6,8.0
Boston,2024-02-23,5,7.0
Boston,2024-02-24,1,6.0
Boston,2024-02-26,12,8.0
Boston,2024-02-27,14,10.0
Boston,2024-02-28,10,9.0
Boston,2024-02-29,12,9.0
Boston,2024-03-01,8,9.0
Boston,2024-03-02,1,8.0
Boston,2024-03-04,8,9.0
Boston,2024-03-05,5,8.0
Boston,2024-03-06,12,8.0
Boston,2024-03-07,4,7.0
Boston,2024-03-08,2,6.0
Boston,2024-03-11,8,6.0
Boston,2024-03-12,5,6.0
Boston,2024-03-13,12,7.0
Boston,2024-03-14,9,7.0
Boston,2024-03-15,8,7.0
Boston,2024-03-18,17,9.0
Boston,2024-03-19,6,9.0
Boston,2024-03-20,10,10.0
Boston,2024-03-21,8,10.0
Boston,2024-03-22,6,9.0
Boston,2024-03-23,2,8.0
Boston,2024-03-25,15,9.0
Boston,2024-03-26,9,8.0
Boston,2024-03-27,16,9.0
Boston,2024-03-28,10,9.0
Boston,2024-03-29,5,9.0
Boston,2024-04-01,12,10.0
Boston,2024-04-02,11,11.0
Boston,2024-04-03,13,11.0
Boston,2024-04-04,7,11.0
Boston,2024-04-05,10,10.0
Boston,2024-04-08,6,9.0
Boston,2024-04-09,7,9.0
Boston,2024-04-10,7,9.0
Boston,2024-04-11,10,9.0
Boston,2024-04-12,11,8.0
Boston,2024-04-13,1,7.0
Boston,2024-04-14,4,7.0
Boston,2024-04-15,12,7.0
Boston,2024-04-16,12,8.0
Boston,2024-04-17,12,9.0
Boston,2024-04-18,10,9.0
Boston,2024-04-19,9,9.0
Boston,2024-04-20,4,9.0
Boston,2024-04-21,1,9.0
Boston,2024-04-22,13,9.0
Boston,2024-04-23,14,9.0
Boston,2024-04-24,9,9.0
Boston,2024-04-25,10,9.0
Boston,2024-04-26,6,8.0
Boston,2024-04-28,9,9.0
Boston,2024-04-29,10,10.0
Boston,2024-04-30,10,10.0
Boston,2024-05-01,26,11.0
Boston,2024-05-02,6,11.0
Boston,2024-05-03,10,11.0
Boston,2024-05-04,1,10.0
Boston,2024-05-06,9,10.0
Boston,2024-05-07,9,10.0
Boston,2024-05-08,8,10.0
Boston,2024-05-09,8,7.0
Boston,2024-05-10,6,7.0
Boston,2024-05-11,1,6.0
Boston,2024-05-13,8,7.0
Boston,2024-05-14,18,8.0
Boston,2024-05-15,13,9.0
Boston,2024-05-16,1,8.0
Boston,2024-05-17,8,8.0
Boston,2024-05-18,1,7.0
Boston,2024-05-19,1,7.0
Boston,2024-05-20,10,7.0
Boston,2024-05-21,13,7.0
Boston,2024-05-22,14,7.0
Boston,2024-05-23,11,8.0
Boston,2024-05-24,8,8.0
Boston,2024-05-26,4,9.0
Boston,2024-05-27,5,9.0
Boston,2024-05-28,9,9.0
Boston,2024-05-29,16,10.0
Boston,2024-05-30,3,8.0
Boston,2024-05-31,5,7.0
Boston,2024-06-03,2,6.0
Boston,2024-06-04,8,7.0
Boston,2024-06-05,9,7.0
Boston,2024-06-06,8,7.0
Boston,2024-06-07,6,6.0
Boston,2024-06-10,12,7.0
Boston,2024-06-11,15,9.0
Boston,2024-06-12,9,10.0
Boston,2024-06-13,12,10.0
Boston,2024-06-14,7,10.0
Boston,2024-06-15,1,9.0
Boston,2024-06-16,1,8.0
Boston,2024-06-17,8,8.0
Boston,2024-06-18,9,7.0
Boston,2024-06-19,1,6.0
Boston,2024-06-20,10,5.0
Boston,2024-06-21,5,5.0
Boston,2024-06-22,2,5.0
Boston,2024-06-23,1,5.0
Boston,2024-06-24,17,6.0
Boston,2024-06-25,13,7.0
Boston,2024-06-26,10,8.0
Boston,2024-06-27,10,8.0
Boston,2024-06-28,9,9.0
Boston,2024-06-29,1,9.0
Boston,2024-07-01,10,10.0
Boston,2024-07-02,7,9.0
Boston,2024-07-03,3,7.0
Boston,2024-07-04,1,6.0
Boston,2024-07-05,7,5.0
Boston,2024-07-08,10,6.0
Boston,2024-07-09,6,6.0
Boston,2024-07-10,7,6.0
Boston,2024-07-11,12,7.0
Boston,2024-07-12,4,7.0
Boston,2024-07-15,14,9.0
Boston,2024-07-16,7,9.0
Boston,2024-07-17,7,8.0
Boston,2024-07-18,13,9.0
Boston,2024-07-19,5,9.0
Boston,2024-07-21,1,7.0
Boston,2024-07-22,6,8.0
Boston,2024-07-23,9,7.0
Boston,2024-07-24,9,7.0
Boston,2024-07-25,2,6.0
Boston,2024-07-26,7,6.0
Boston,2024-07-27,4,5.0
Boston,2024-07-29,9,7.0
Boston,2024-07-30,7,7.0
Boston,2024-07-31,11,7.0
Boston,2024-08-01,7,7.0
Boston,2024-08-02,5,7.0
Boston,2024-08-03,2,6.0
Boston,2024-08-05,4,6.0
Boston,2024-08-06,8,6.0
Boston,2024-08-07,9,7.0
Boston,2024-08-08,11,7.0
Boston,2024-08-09,9,7.0
Boston,2024-08-10,1,6.0
Boston,2024-08-11,1,6.0
Boston,2024-08-12,9,7.0
Boston,2024-08-13,7,7.0
Boston,2024-08-14,5,6.0
Boston,2024-08-15,3,5.0
Boston,2024-08-16,6,5.0
Boston,2024-08-17,2,5.0
Boston,2024-08-18,1,5.0
Boston,2024-08-19,5,4.0
Boston,2024-08-20,7,4.0
Boston,2024-08-21,9,5.0
Boston,2024-08-22,5,5.0
Boston,2024-08-23,8,5.0
Boston,2024-08-24,1,5.0
Boston,2024-08-25,1,5.0
Boston,2024-08-26,6,5.0
Boston,2024-08-27,7,5.0
Boston,2024-08-28,5,5.0
Boston,2024-08-29,7,5.0
Boston,2024-08-30,10,5.0
Boston,2024-09-02,1,5.0
Boston,2024-09-03,5,6.0
Boston,2024-09-04,7,6.0
Boston,2024-09-05,4,6.0
Boston,2024-09-06,11,6.0
Boston,2024-09-09,7,6.0
Boston,2024-09-10,11,7.0
Boston,2024-09-11,14,8.0
Boston,2024-09-12,5,8.0
Boston,2024-09-13,7,8.0
Boston,2024-09-16,4,8.0
Boston,2024-09-17,12,9.0
Boston,2024-09-18,9,9.0
Boston,2024-09-19,7,8.0
Boston,2024-09-20,4,7.0
Boston,2024-09-23,8,7.0
Boston,2024-09-24,6,7.0
Boston,2024-09-25,5,7.0
Boston,2024-09-26,2,6.0
Boston,2024-09-27,8,6.0
Boston,2024-09-28,1,5.0
Boston,2024-09-30,9,6.0
Boston,2024-10-01,4,5.0
Boston,2024-10-02,6,5.0
Boston,2024-10-03,1,4.0
Boston,2024-10-04,1,4.0
Boston,2024-10-07,9,4.0
Boston,2024-10-08,9,6.0
Boston,2024-10-09,9,6.0
Boston,2024-10-10,9,6.0
Boston,2024-10-11,5,6.0
Boston,2024-10-12,2,6.0
Boston,2024-10-13,1,6.0
Boston,2024-10-14,1,5.0
Boston,2024-10-15,10,5.0
Boston,2024-10-16,13,6.0
Boston,2024-10-17,3,5.0
Boston,2024-10-18,9,6.0
Boston,2024-10-19,1,5.0
Boston,2024-10-21,6,6.0
Boston,2024-10-22,8,7.0
Boston,2024-10-23,6,7.0
Boston,2024-10-24,6,6.0
Boston,2024-10-25,3,6.0
Boston,2024-10-26,1,4.0
Boston,2024-10-27,2,5.0
Boston,2024-10-28,6,5.0
Boston,2024-10-29,13,5.0
Boston,2024-10-30,6,5.0
Boston,2024-10-31,10,6.0
Boston,2024-11-01,9,7.0
Boston,2024-11-02,2,7.0
Boston,2024-11-04,6,7.0
Boston,2024-11-05,5,7.0
Boston,2024-11-06,8,7.0
Boston,2024-11-07,5,6.0
Boston,2024-11-08,7,6.0
Boston,2024-11-11,4,5.0
Boston,2024-11-12,17,7.0
Boston,2024-11-13,6,7.0
Boston,2024-11-14,8,8.0
Boston,2024-11-15,10,8.0
Boston,2024-11-16,1,8.0
Boston,2024-11-17,1,7.0
Boston,2024-11-18,7,7.0
Boston,2024-11-19,8,6.0
Boston,2024-11-20,5,6.0
Boston,2024-11-21,18,7.0
Boston,2024-11-22,12,7.0
Boston,2024-11-23,2,8.0
Boston,2024-11-25,6,8.0
Boston,2024-11-26,9,9.0
Boston,2024-11-27,2,8.0
Boston,2024-11-28,1,7.0
Boston,2024-11-29,5,5.0
Boston,2024-11-30,1,4.0
Boston,2024-12-02,8,5.0
Boston,2024-12-03,6,5.0
Boston,2024-12-04,11,5.0
Boston,2024-12-05,13,6.0
Boston,2024-12-06,9,8.0
Boston,2024-12-07,1,7.0
Boston,2024-12-09,8,8.0
Boston,2024-12-10,9,8.0
Boston,2024-12-11,10,9.0
Boston,2024-12-12,10,9.0
Boston,2024-12-13,9,8.0
Boston,2024-12-14,1,7.0
Boston,2024-12-15,1,7.0
Boston,2024-12-16,9,7.0
Boston,2024-12-17,7,7.0
Boston,2024-12-18,5,6.0
Boston,2024-12-19,14,7.0
Boston,2024-12-20,9,7.0
Boston,2024-12-22,1,7.0
Boston,2024-12-23,7,7.0
Boston,2024-12-24,2,6.0
Boston,2024-12-25,1,6.0
Boston,2024-12-26,8,6.0
Boston,2024-12-27,7,5.0
Boston,2024-12-28,3,4.0
Boston,2024-12-30,5,5.0
Boston,2024-12-31,8,5.0
Boston,2025-01-02,8,6.0
Boston,2025-01-03,5,6.0
Boston,2025-01-06,8,6.0
Boston,2025-01-07,10,7.0
Boston,2025-01-08,13,8.0
Boston,2025-01-09,6,8.0
Boston,2025-01-10,6,8.0
Boston,2025-01-11,2,7.0
Boston,2025-01-13,8,8.0
Boston,2025-01-14,10,8.0
Boston,2025-01-15,9,8.0
Boston,2025-01-16,11,7.0
Boston,2025-01-17,8,8.0
Boston,2025-01-19,2,7.0
Boston,2025-01-21,7,8.0
Boston,2025-01-22,16,9.0
Boston,2025-01-23,6,8.0
Boston,2025-01-24,12,9.0
Boston,2025-01-25,9,9.0
Boston,2025-01-26,19,10.0
Boston,2025-01-27,20,13.0
Boston,2025-01-28,22,15.0
Boston,2025-01-29,29,17.0
Boston,2025-01-30,17,18.0
Boston,2025-01-31,19,19.0
Boston,2025-02-01,9,19.0
Boston,2025-02-02,3,17.0
Boston,2025-02-03,28,18.0
Boston,2025-02-04,19,18.0
Boston,2025-02-05,20,16.0
Boston,2025-02-06,10,15.0
Boston,2025-02-07,18,15.0
Boston,2025-02-08,6,15.0
Boston,2025-02-10,25,18.0
Boston,2025-02-11,23,17.0
Boston,2025-02-12,15,17.0
Boston,2025-02-13,17,16.0
Boston,2025-02-14,10,16.0
Boston,2025-02-15,12,15.0
Boston,2025-02-16,3,15.0
Boston,2025-02-17,4,12.0
Boston,2025-02-18,34,14.0
Boston,2025-02-19,18,14.0
Boston,2025-02-20,25,15.0
Boston,2025-02-21,22,17.0
Boston,2025-02-22,3,16.0
Boston,2025-02-23,3,16.0
Boston,2025-02-24,15,17.0
Boston,2025-02-25,25,16.0
Boston,2025-02-26,23,17.0
Boston,2025-02-27,18,16.0
Boston,2025-02-28,16,15.0
Boston,2025-03-01,9,16.0
Boston,2025-03-02,2,15.0
Boston,2025-03-03,19,16.0
Boston,2025-03-04,27,16.0
Boston,2025-03-05,19,16.0
Boston,2025-03-06,26,17.0
Boston,2025-03-07,10,16.0
Boston,2025-03-08,5,15.0
Boston,2025-03-09,22,18.0
Boston,2025-03-10,23,19.0
Boston,2025-03-11,29,19.0
Boston,2025-03-12,20,19.0
Boston,2025-03-13,16,18.0
Boston,2025-03-14,20,19.0
Boston,2025-03-15,5,19.0
Boston,2025-03-16,2,16.0
Boston,2025-03-17,16,15.0
Boston,2025-03-18,77,22.0
Boston,2025-03-19,73,30.0
Boston,2025-03-20,66,37.0
Boston,2025-03-21,46,41.0
Boston,2025-03-22,43,46.0
Boston,2025-03-23,25,49.0
Boston,2025-03-24,9,48.0
Boston,2025-03-25,18,40.0
Boston,2025-03-26,17,32.0
Boston,2025-03-27,14,25.0
Boston,2025-03-28,13,20.0
Boston,2025-03-29,2,14.0
Boston,2025-03-31,12,12.0
Boston,2025-04-01,26,15.0
Boston,2025-04-02,14,14.0
Boston,2025-04-03,8,13.0
Boston,2025-04-04,14,13.0
Boston,2025-04-05,3,11.0
Boston,2025-04-06,2,11.0
Boston,2025-04-07,18,12.0
Boston,2025-04-08,20,11.0
Boston,2025-04-09,15,11.0
Boston,2025-04-10,13,12.0
Boston,2025-04-11,15,12.0
Boston,2025-04-12,2,12.0
Boston,2025-04-13,3,12.0
Boston,2025-04-14,10,11.0
Boston,2025-04-15,11,10.0
Boston,2025-04-16,17,10.0
Boston,2025-04-17,13,10.0
Boston,2025-04-18,13,10.0
Boston,2025-04-19,2,10.0
Boston,2025-04-20,1,10.0
Boston,2025-04-21,8,9.0
Boston,2025-04-22,19,10.0
Boston,2025-04-23,14,10.0
Boston,2025-04-24,17,11.0
Boston,2025-04-25,12,10.0
Boston,2025-04-28,12,12.0
Boston,2025-04-29,19,14.0
Boston,2025-04-30,12,15.0
Boston,2025-05-01,17,15.0
Boston,2025-05-02,10,14.0
Boston,2025-05-03,1,12.0
Boston,2025-05-04,39,16.0
Boston,2025-05-05,49,21.0
Boston,2025-05-06,49,25.0
Boston,2025-05-07,54,31.0
Boston,2025-05-08,62,38.0
Boston,2025-05-09,43,42.0
Boston,2025-05-10,47,49.0
Boston,2025-05-11,24,47.0
Boston,2025-05-12,78,51.0
Boston,2025-05-13,49,51.0
Boston,2025-05-14,57,51.0
Boston,2025-05-15,66,52.0
Boston,2025-05-16,57,54.0
Boston,2025-05-17,51,55.0
Boston,2025-05-18,41,57.0
Boston,2025-05-19,55,54.0
Boston,2025-05-20,56,55.0
Boston,2025-05-21,57,55.0
Boston,2025-05-22,48,52.0
Boston,2025-05-23,43,50.0
Boston,2025-05-24,69,53.0
Boston,2025-05-25,30,51.0
Boston,2025-05-26,45,50.0
Boston,2025-05-27,82,53.0
Boston,2025-05-28,88,58.0
Boston,2025-05-29,65,60.0
Boston,2025-05-30,57,62.0
Boston,2025-05-31,35,57.0
Boston,2025-06-01,7,54.0
Boston,2025-06-02,36,53.0
Boston,2025-06-03,48,48.0
Boston,2025-06-04,36,41.0
Boston,2025-06-05,33,36.0
Boston,2025-06-06,15,30.0
Boston,2025-06-07,7,26.0
Boston,2025-06-08,9,26.0
Boston,2025-06-09,21,24.0
Boston,2025-06-10,33,22.0
Boston,2025-06-11,32,21.0
Boston,2025-06-12,22,20.0
Boston,2025-06-13,24,21.0
Boston,2025-06-14,8,21.0
Boston,2025-06-15,5,21.0
Boston,2025-06-16,37,23.0
Boston,2025-06-17,29,22.0
Boston,2025-06-18,22,21.0
Boston,2025-06-19,11,19.0
Boston,2025-06-20,21,19.0
Boston,2025-06-21,8,19.0
Boston,2025-06-22,5,19.0
Boston,2025-06-23,35,19.0
Boston,2025-06-24,34,19.0
Boston,2025-06-25,33,21.0
Boston,2025-06-26,32,24.0
Boston,2025-06-27,20,24.0
Boston,2025-06-28,7,24.0
Boston,2025-06-29,7,24.0
Boston,2025-06-30,26,23.0
Boston,2025-07-01,24,21.0
Boston,2025-07-02,29,21.0
Boston,2025-07-03,18,19.0
Boston,2025-07-04,3,16.0
Boston,2025-07-05,5,16.0
Boston,2025-07-06,2,15.0
Boston,2025-07-07,22,15.0
Boston,2025-07-08,23,15.0
Boston,2025-07-09,19,13.0
Boston,2025-07-10,19,13.0
Boston,2025-07-11,21,16.0
Boston,2025-07-12,3,16.0
Boston,2025-07-13,5,16.0
Boston,2025-07-14,26,17.0
Boston,2025-07-15,26,17.0
Boston,2025-07-16,21,17.0
Boston,2025-07-17,15,17.0
Boston,2025-07-18,14,16.0
Boston,2025-07-19,3,16.0
Boston,2025-07-20,4,16.0
Boston,2025-07-21,23,15.0
Boston,2025-07-22,22,15.0
Boston,2025-07-23,19,14.0
Boston,2025-07-24,16,14.0
Boston,2025-07-25,15,15.0
Boston,2025-07-26,5,15.0
Boston,2025-07-27,10,16.0
Boston,2025-07-28,28,16.0
Boston,2025-07-29,24,17.0
Boston,2025-07-30,25,18.0
Boston,2025-07-31,19,18.0
Boston,2025-08-01,19,19.0
Boston,2025-08-02,5,19.0
Boston,2025-08-03,10,19.0
Boston,2025-08-04,25,18.0
Boston,2025-08-05,19,17.0
Boston,2025-08-06,22,17.0
Boston,2025-08-07,21,17.0
Boston,2025-08-08,10,16.0
Boston,2025-08-09,16,18.0
Boston,2025-08-11,20,19.0
Boston,2025-08-12,30,20.0
Boston,2025-08-13,25,21.0
Boston,2025-08-14,31,22.0
Boston,2025-08-15,16,21.0
Boston,2025-08-16,5,20.0
Boston,2025-08-17,6,19.0
Boston,2025-08-18,20,19.0
Boston,2025-08-19,33,19.0
Boston,2025-08-20,20,19.0
Boston,2025-08-21,16,17.0
Boston,2025-08-22,14,16.0
Boston,2025-08-23,8,17.0
Boston,2025-08-24,12,18.0
Boston,2025-08-25,20,18.0
Boston,2025-08-26,20,16.0
Boston,2025-08-27,25,16.0
Boston,2025-08-28,17,17.0
Boston,2025-08-29,16,17.0
Boston,2025-08-30,6,17.0
Boston,2025-08-31,3,15.0
Boston,2025-09-01,4,13.0
Boston,2025-09-02,19,13.0
Boston,2025-09-03,18,12.0
Boston,2025-09-04,21,12.0
Boston,2025-09-05,14,12.0
Boston,2025-09-06,8,12.0
Boston,2025-09-07,19,15.0
Boston,2025-09-08,31,19.0
Boston,2025-09-09,90,29.0
Boston,2025-09-10,79,37.0
Boston,2025-09-11,97,48.0
Boston,2025-09-12,71,56.0
Boston,2025-09-13,42,61.0
Boston,2025-09-14,27,62.0
Boston,2025-09-15,54,66.0
Boston,2025-09-16,68,63.0
Boston,2025-09-17,73,62.0
Boston,2025-09-18,73,58.0
Boston,2025-09-19,62,57.0
Boston,2025-09-20,45,57.0
Boston,2025-09-21,32,58.0
Boston,2025-09-22,49,57.0
Boston,2025-09-23,48,55.0
Boston,2025-09-24,76,55.0
Boston,2025-09-25,45,51.0
Boston,2025-09-26,56,50.0
Boston,2025-09-27,30,48.0
Boston,2025-09-28,22,47.0
Boston,2025-09-29,55,47.0
Boston,2025-09-30,28,45.0
Boston,2025-10-01,24,37.0
Boston,2025-10-02,17,33.0
Boston,2025-10-03,18,28.0
Boston,2025-10-04,4,24.0
Boston,2025-10-05,5,22.0
Boston,2025-10-06,32,18.0
Boston,2025-10-07,36,19.0
Boston,2025-10-08,28,20.0
Boston,2025-10-09,24,21.0
Boston,2025-10-10,13,20.0
Boston,2025-10-11,5,20.0
Boston,2025-10-12,8,21.0
Boston,2025-10-13,3,17.0
Boston,2025-10-14,25,15.0
Boston,2025-10-15,35,16.0
Boston,2025-10-16,25,16.0
Boston,2025-10-17,22,18.0
Boston,2025-10-18,11,18.0
Boston,2025-10-19,10,19.0
Boston,2025-10-20,15,20.0
Boston,2025-10-21,25,20.0
Boston,2025-10-22,18,18.0
Boston,2025-10-23,23,18.0
Boston,2025-10-24,21,18.0
Boston,2025-10-25,14,18.0
Boston,2025-10-26,11,18.0
Boston,2025-10-27,24,19.0
Boston,2025-10-28,27,20.0
Boston,2025-10-29,37,22.0
Boston,2025-10-30,33,24.0
Boston,2025-10-31,18,23.0
Boston,2025-11-01,23,25.0
Boston,2025-11-02,17,26.0
Boston,2025-11-03,10,24.0
Boston,2025-11-04,35,25.0
Boston,2025-11-05,26,23.0
Boston,2025-11-06,25,22.0
Boston,2025-11-07,29,24.0
Boston,2025-11-08,22,23.0
Boston,2025-11-09,12,23.0
Boston,2025-11-10,24,25.0
Boston,2025-11-11,11,21.0
Boston,2025-11-12,41,23.0
Boston,2025-11-13,22,23.0
Boston,2025-11-14,24,22.0
Boston,2025-11-15,12,21.0
Boston,2025-11-16,17,22.0
Boston,2025-11-17,28,22.0
Boston,2025-11-18,37,26.0
Boston,2025-11-19,30,24.0
Boston,2025-11-20,24,25.0
Boston,2025-11-21,18,24.0
Boston,2025-11-22,15,24.0
Boston,2025-11-23,11,23.0
Boston,2025-11-24,29,23.0
Boston,2025-11-25,41,24.0
Boston,2025-11-26,19,22.0
Boston,2025-11-27,4,20.0
Boston,2025-11-28,27,21.0
Boston,2025-11-29,9,20.0
Boston,2025-11-30,4,19.0
Boston,2025-12-01,42,21.0
Boston,2025-12-02,32,20.0
Boston,2025-12-03,31,21.0
Boston,2025-12-04,37,26.0
Boston,2025-12-05,36,27.0
Boston,2025-12-06,24,29.0
Boston,2025-12-07,12,31.0
Boston,2025-12-08,30,29.0
Boston,2025-12-09,26,28.0
Boston,2025-12-10,37,29.0
Boston,2025-12-11,36,29.0
Boston,2025-12-12,18,26.0
Boston,2025-12-13,13,25.0
Boston,2025-12-14,11,24.0
Boston,2025-12-15,43,26.0
Boston,2025-12-16,27,26.0
Boston,2025-12-17,40,27.0
Boston,2025-12-18,27,26.0
Boston,2025-12-19,30,27.0
Boston,2025-12-20,10,27.0
Boston,2025-12-21,13,27.0
Boston,2025-12-22,29,25.0
Boston,2025-12-23,23,25.0
Boston,2025-12-24,13,21.0
Boston,2025-12-25,4,17.0
Boston,2025-12-26,26,17.0
Boston,2025-12-27,12,17.0
Boston,2025-12-28,8,16.0
Boston,2025-12-29,25,16.0
Boston,2025-12-30,35,18.0
Boston,2025-12-31,31,20.0
Boston,2026-01-01,25,23.0
Boston,2026-01-02,25,23.0
Boston,2026-01-03,16,24.0
Boston,2026-01-04,7,23.0
Boston,2026-01-05,38,25.0
Boston,2026-01-06,31,25.0
Boston,2026-01-07,28,24.0
Boston,2026-01-08,36,26.0
Boston,2026-01-09,25,26.0
Boston,2026-01-10,24,27.0
Boston,2026-01-11,11,28.0
Boston,2026-01-12,26,26.0
Boston,2026-01-13,37,27.0
Boston,2026-01-14,23,26.0
Boston,2026-01-15,32,25.0
Boston,2026-01-16,17,24.0
Boston,2026-01-17,31,25.0
Boston,2026-01-18,14,26.0
Boston,2026-01-19,23,25.0
Boston,2026-01-20,75,31.0
Boston,2026-01-21,87,40.0
Boston,2026-01-22,58,44.0
Boston,2026-01-23,52,49.0
Boston,2026-01-24,20,47.0
Boston,2026-01-25,8,46.0
Boston,2026-01-26,1,43.0
Boston,2026-01-27,29,36.0
Boston,2026-01-28,23,27.0
Boston,2026-01-29,32,24.0
Boston,2026-01-30,43,22.0
Boston,2026-01-31,22,23.0
Boston,2026-02-01,11,23.0
Boston,2026-02-02,28,27.0
Boston,2026-02-03,28,27.0
Boston,2026-02-04,20,26.0
Boston,2026-02-05,27,26.0
Boston,2026-02-06,24,23.0
Boston,2026-02-07,12,21.0
Boston,2026-02-08,13,22.0
Boston,2026-02-09,26,21.0
Boston,2026-02-10,39,23.0
Boston,2026-02-11,27,24.0
Boston,2026-02-12,18,23.0
Boston,2026-02-13,17,22.0
Boston,2026-02-14,13,22.0
Boston,2026-02-15,16,22.0
Boston,2026-02-16,34,23.0
Boston,2026-02-17,28,22.0
Boston,2026-02-18,41,24.0
Boston,2026-02-19,38,27.0
Boston,2026-02-20,29,28.0
Boston,2026-02-21,19,29.0
Boston,2026-02-22,20,30.0
Boston,2026-02-23,2,25.0
Boston,2026-02-24,14,23.0
Boston,2026-02-25,35,22.0
Boston,2026-02-26,32,22.0
Boston,2026-02-27,42,23.0
Boston,2026-02-28,34,26.0
Boston,2026-03-01,25,26.0
Boston,2026-03-02,57,34.0
Boston,2026-03-03,43,38.0
Boston,2026-03-04,47,40.0
Boston,2026-03-05,51,43.0
Boston,2026-03-06,33,41.0
Boston,2026-03-07,25,40.0
Boston,2026-03-08,19,39.0
Boston,2026-03-09,45,38.0
Boston,2026-03-10,41,37.0
Buffalo,2022-10-03,7,32.0
Buffalo,2022-10-04,14,26.0
Buffalo,2022-10-05,11,23.0
Buffalo,2022-10-06,7,21.0
Buffalo,2022-10-07,11,19.0
Buffalo,2022-10-11,8,14.0
Buffalo,2022-10-12,5,9.0
Buffalo,2022-10-13,7,9.0
Buffalo,2022-10-14,4,8.0
Buffalo,2022-10-17,8,7.0
Buffalo,2022-10-18,9,7.0
Buffalo,2022-10-19,18,8.0
Buffalo,2022-10-20,6,8.0
Buffalo,2022-10-21,12,9.0
Buffalo,2022-10-24,15,10.0
Buffalo,2022-10-25,9,11.0
Buffalo,2022-10-26,13,12.0
Buffalo,2022-10-27,5,11.0
Buffalo,2022-10-28,4,9.0
Buffalo,2022-10-31,7,9.0
Buffalo,2022-11-01,18,10.0
Buffalo,2022-11-02,10,9.0
Buffalo,2022-11-03,13,10.0
Buffalo,2022-11-04,5,9.0
Buffalo,2022-11-07,8,9.0
Buffalo,2022-11-08,20,12.0
Buffalo,2022-11-09,12,12.0
Buffalo,2022-11-10,13,12.0
Buffalo,2022-11-14,5,11.0
Buffalo,2022-11-15,15,11.0
Buffalo,2022-11-16,5,11.0
Buffalo,2022-11-17,10,11.0
Buffalo,2022-11-21,6,9.0
Buffalo,2022-11-22,9,9.0
Buffalo,2022-11-23,4,8.0
Buffalo,2022-11-25,2,7.0
Buffalo,2022-11-28,7,6.0
Buffalo,2022-11-29,17,8.0
Buffalo,2022-11-30,12,8.0
Buffalo,2022-12-01,11,9.0
Buffalo,2022-12-02,9,9.0
Buffalo,2022-12-04,1,8.0
Buffalo,2022-12-05,4,9.0
Buffalo,2022-12-06,19,10.0
Buffalo,2022-12-07,5,9.0
Buffalo,2022-12-08,9,8.0
Buffalo,2022-12-09,12,8.0
Buffalo,2022-12-10,1,7.0
Buffalo,2022-12-11,1,7.0
Buffalo,2022-12-12,7,8.0
Buffalo,2022-12-13,10,6.0
Buffalo,2022-12-14,9,7.0
Buffalo,2022-12-15,8,7.0
Buffalo,2022-12-16,8,6.0
Buffalo,2022-12-19,17,9.0
Buffalo,2022-12-20,7,9.0
Buffalo,2022-12-21,7,9.0
Buffalo,2022-12-22,13,10.0
Buffalo,2022-12-26,8,10.0
Buffalo,2022-12-27,4,9.0
Buffalo,2022-12-28,1,8.0
Buffalo,2022-12-29,2,6.0
Buffalo,2022-12-30,3,5.0
Buffalo,2023-01-03,14,6.0
Buffalo,2023-01-04,17,7.0
Buffalo,2023-01-05,15,8.0
Buffalo,2023-01-06,6,8.0
Buffalo,2023-01-09,17,11.0
Buffalo,2023-01-10,23,14.0
Buffalo,2023-01-11,27,17.0
Buffalo,2023-01-12,16,17.0
Buffalo,2023-01-13,10,16.0
Buffalo,2023-01-17,19,17.0
Buffalo,2023-01-18,19,19.0
Buffalo,2023-01-19,12,18.0
Buffalo,2023-01-20,13,17.0
Buffalo,2023-01-23,12,14.0
Buffalo,2023-01-24,10,14.0
Buffalo,2023-01-25,22,15.0
Buffalo,2023-01-26,21,16.0
Buffalo,2023-01-27,17,15.0
Buffalo,2023-01-30,7,15.0
Buffalo,2023-01-31,11,14.0
Buffalo,2023-02-01,15,15.0
Buffalo,2023-02-02,8,14.0
Buffalo,2023-02-03,13,13.0
Buffalo,2023-02-06,13,12.0
Buffalo,2023-02-07,13,11.0
Buffalo,2023-02-08,13,12.0
Buffalo,2023-02-09,18,13.0
Buffalo,2023-02-10,8,12.0
Buffalo,2023-02-13,6,12.0
Buffalo,2023-02-14,10,12.0
Buffalo,2023-02-15,11,11.0
Buffalo,2023-02-16,6,10.0
Buffalo,2023-02-17,14,10.0
Buffalo,2023-02-21,10,9.0
Buffalo,2023-02-22,9,9.0
Buffalo,2023-02-23,10,10.0
Buffalo,2023-02-24,9,10.0
Buffalo,2023-02-27,5,9.0
Buffalo,2023-02-28,5,9.0
Buffalo,2023-03-01,9,8.0
Buffalo,2023-03-02,10,8.0
Buffalo,2023-03-03,4,7.0
Buffalo,2023-03-06,1,6.0
Buffalo,2023-03-07,7,6.0
Buffalo,2023-03-08,10,7.0
Buffalo,2023-03-09,19,9.0
Buffalo,2023-03-10,3,8.0
Buffalo,2023-03-13,3,7.0
Buffalo,2023-03-14,7,7.0
Buffalo,2023-03-15,13,9.0
Buffalo,2023-03-16,11,9.0
Buffalo,2023-03-17,4,9.0
Buffalo,2023-03-20,7,7.0
Buffalo,2023-03-21,14,8.0
Buffalo,2023-03-22,8,9.0
Buffalo,2023-03-23,8,9.0
Buffalo,2023-03-24,1,8.0
Buffalo,2023-03-25,1,6.0
Buffalo,2023-03-27,5,6.0
Buffalo,2023-03-28,6,6.0
Buffalo,2023-03-29,13,6.0
Buffalo,2023-03-30,6,6.0
Buffalo,2023-03-31,5,5.0
Buffalo,2023-04-03,11,7.0
Buffalo,2023-04-04,5,7.0
Buffalo,2023-04-05,2,7.0
Buffalo,2023-04-06,6,7.0
Buffalo,2023-04-07,6,6.0
Buffalo,2023-04-10,10,6.0
Buffalo,2023-04-11,2,6.0
Buffalo,2023-04-12,5,5.0
Buffalo,2023-04-13,12,6.0
Buffalo,2023-04-17,7,7.0
Buffalo,2023-04-18,2,6.0
Buffalo,2023-04-19,10,7.0
Buffalo,2023-04-20,7,6.0
Buffalo,2023-04-21,2,6.0
Buffalo,2023-04-24,2,6.0
Buffalo,2023-04-25,8,5.0
Buffalo,2023-04-26,8,6.0
Buffalo,2023-04-27,9,7.0
Buffalo,2023-04-28,6,6.0
Buffalo,2023-05-01,11,7.0
Buffalo,2023-05-02,9,8.0
Buffalo,2023-05-03,5,8.0
Buffalo,2023-05-04,8,8.0
Buffalo,2023-05-05,5,8.0
Buffalo,2023-05-08,4,7.0
Buffalo,2023-05-09,2,6.0
Buffalo,2023-05-10,10,6.0
Buffalo,2023-05-11,8,6.0
Buffalo,2023-05-12,1,5.0
Buffalo,2023-05-15,5,5.0
Buffalo,2023-05-16,5,5.0
Buffalo,2023-05-17,6,5.0
Buffalo,2023-05-18,3,5.0
Buffalo,2023-05-19,5,5.0
Buffalo,2023-05-22,1,4.0
Buffalo,2023-05-23,5,4.0
Buffalo,2023-05-24,3,4.0
Buffalo,2023-05-25,4,4.0
Buffalo,2023-05-26,3,3.0
Buffalo,2023-05-30,3,3.0
Buffalo,2023-05-31,7,4.0
Buffalo,2023-06-01,4,4.0
Buffalo,2023-06-02,8,5.0
Buffalo,2023-06-05,2,4.0
Buffalo,2023-06-06,5,5.0
Buffalo,2023-06-07,2,4.0
Buffalo,2023-06-08,6,5.0
Buffalo,2023-06-09,12,6.0
Buffalo,2023-06-12,1,5.0
Buffalo,2023-06-13,1,4.0
Buffalo,2023-06-14,3,4.0
Buffalo,2023-06-15,3,4.0
Buffalo,2023-06-16,2,4.0
Buffalo,2023-06-20,10,5.0
Buffalo,2023-06-21,6,4.0
Buffalo,2023-06-22,4,4.0
Buffalo,2023-06-23,4,5.0
Buffalo,2023-06-26,5,5.0
Buffalo,2023-06-27,5,5.0
Buffalo,2023-06-28,5,6.0
Buffalo,2023-06-29,6,5.0
Buffalo,2023-06-30,6,5.0
Buffalo,2023-07-01,1,5.0
Buffalo,2023-07-03,2,4.0
Buffalo,2023-07-05,11,5.0
Buffalo,2023-07-06,8,6.0
Buffalo,2023-07-07,1,5.0
Buffalo,2023-07-10,10,6.0
Buffalo,2023-07-11,6,6.0
Buffalo,2023-07-12,8,7.0
Buffalo,2023-07-13,2,7.0
Buffalo,2023-07-17,10,6.0
Buffalo,2023-07-18,11,7.0
Buffalo,2023-07-19,5,7.0
Buffalo,2023-07-20,6,7.0
Buffalo,2023-07-21,3,6.0
Buffalo,2023-07-24,2,6.0
Buffalo,2023-07-25,2,6.0
Buffalo,2023-07-26,2,4.0
Buffalo,2023-07-27,6,4.0
Buffalo,2023-07-28,7,4.0
Buffalo,2023-07-31,4,4.0
Buffalo,2023-08-01,15,5.0
Buffalo,2023-08-02,1,5.0
Buffalo,2023-08-03,4,6.0
Buffalo,2023-08-04,1,5.0
Buffalo,2023-08-07,6,5.0
Buffalo,2023-08-08,2,5.0
Buffalo,2023-08-09,9,5.0
Buffalo,2023-08-10,3,4.0
Buffalo,2023-08-11,4,4.0
Buffalo,2023-08-14,1,4.0
Buffalo,2023-08-15,6,4.0
Buffalo,2023-08-16,7,5.0
Buffalo,2023-08-17,3,5.0
Buffalo,2023-08-18,1,4.0
Buffalo,2023-08-21,4,4.0
Buffalo,2023-08-22,6,4.0
Buffalo,2023-08-23,9,5.0
Buffalo,2023-08-24,11,6.0
Buffalo,2023-08-25,4,5.0
Buffalo,2023-08-28,6,6.0
Buffalo,2023-08-29,7,7.0
Buffalo,2023-08-30,2,6.0
Buffalo,2023-08-31,2,6.0
Buffalo,2023-09-01,5,5.0
Buffalo,2023-09-05,5,4.0
Buffalo,2023-09-06,8,5.0
Buffalo,2023-09-07,2,4.0
Buffalo,2023-09-08,2,4.0
Buffalo,2023-09-11,2,4.0
Buffalo,2023-09-12,4,4.0
Buffalo,2023-09-13,2,4.0
Buffalo,2023-09-14,4,3.0
Buffalo,2023-09-15,1,2.0
Buffalo,2023-09-18,3,3.0
Buffalo,2023-09-19,7,3.0
Buffalo,2023-09-20,9,4.0
Buffalo,2023-09-21,3,4.0
Buffalo,2023-09-22,4,4.0
Buffalo,2023-09-25,2,4.0
Buffalo,2023-09-26,5,5.0
Buffalo,2023-09-27,4,5.0
Buffalo,2023-09-28,7,5.0
Buffalo,2023-09-29,4,4.0
Buffalo,2023-10-01,2,4.0
Buffalo,2023-10-02,3,4.0
Buffalo,2023-10-03,4,4.0
Buffalo,2023-10-04,1,4.0
Buffalo,2023-10-05,8,4.0
Buffalo,2023-10-06,3,4.0
Buffalo,2023-10-10,10,4.0
Buffalo,2023-10-11,7,5.0
Buffalo,2023-10-12,3,5.0
Buffalo,2023-10-13,7,6.0
Buffalo,2023-10-16,4,6.0
Buffalo,2023-10-17,3,5.0
Buffalo,2023-10-18,6,6.0
Buffalo,2023-10-19,8,5.0
Buffalo,2023-10-20,4,5.0
Buffalo,2023-10-23,1,5.0
Buffalo,2023-10-24,7,5.0
Buffalo,2023-10-25,5,5.0
Buffalo,2023-10-26,3,5.0
Buffalo,2023-10-27,6,5.0
Buffalo,2023-10-30,3,4.0
Buffalo,2023-10-31,1,4.0
Buffalo,2023-11-01,9,5.0
Buffalo,2023-11-02,6,5.0
Buffalo,2023-11-03,3,4.0
Buffalo,2023-11-06,1,4.0
Buffalo,2023-11-07,3,4.0
Buffalo,2023-11-08,6,4.0
Buffalo,2023-11-09,6,5.0
Buffalo,2023-11-13,2,4.0
Buffalo,2023-11-15,8,4.0
Buffalo,2023-11-16,1,4.0
Buffalo,2023-11-17,3,4.0
Buffalo,2023-11-20,4,4.0
Buffalo,2023-11-22,4,4.0
Buffalo,2023-11-24,5,4.0
Buffalo,2023-11-27,2,4.0
Buffalo,2023-11-28,12,4.0
Buffalo,2023-11-29,2,5.0
Buffalo,2023-11-30,4,5.0
Buffalo,2023-12-01,2,4.0
Buffalo,2023-12-04,4,4.0
Buffalo,2023-12-05,4,4.0
Buffalo,2023-12-06,3,4.0
Buffalo,2023-12-07,2,3.0
Buffalo,2023-12-08,4,3.0
Buffalo,2023-12-11,3,3.0
Buffalo,2023-12-12,1,3.0
Buffalo,2023-12-13,2,3.0
Buffalo,2023-12-14,7,3.0
Buffalo,2023-12-16,1,3.0
Buffalo,2023-12-18,2,3.0
Buffalo,2023-12-19,2,3.0
Buffalo,2023-12-20,3,3.0
Buffalo,2023-12-21,1,3.0
Buffalo,2023-12-22,6,3.0
Buffalo,2023-12-24,1,2.0
Buffalo,2023-12-26,4,3.0
Buffalo,2023-12-27,1,3.0
Buffalo,2023-12-29,4,3.0
Buffalo,2024-01-02,1,3.0
Buffalo,2024-01-03,1,3.0
Buffalo,2024-01-04,3,2.0
Buffalo,2024-01-05,8,3.0
Buffalo,2024-01-08,8,4.0
Buffalo,2024-01-10,3,4.0
Buffalo,2024-01-11,2,4.0
Buffalo,2024-01-12,4,4.0
Buffalo,2024-01-16,1,4.0
Buffalo,2024-01-17,1,4.0
Buffalo,2024-01-18,4,3.0
Buffalo,2024-01-19,1,2.0
Buffalo,2024-01-22,1,2.0
Buffalo,2024-01-24,3,2.0
Buffalo,2024-01-25,5,2.0
Buffalo,2024-01-26,2,2.0
Buffalo,2024-01-28,1,2.0
Buffalo,2024-01-29,4,2.0
Buffalo,2024-01-31,2,3.0
Buffalo,2024-02-01,9,4.0
Buffalo,2024-02-02,2,4.0
Buffalo,2024-02-05,7,4.0
Buffalo,2024-02-06,3,4.0
Buffalo,2024-02-07,5,5.0
Buffalo,2024-02-08,7,5.0
Buffalo,2024-02-09,2,5.0
Buffalo,2024-02-12,1,4.0
Buffalo,2024-02-13,1,4.0
Buffalo,2024-02-14,2,3.0
Buffalo,2024-02-16,4,3.0
Buffalo,2024-02-20,1,3.0
Buffalo,2024-02-22,1,2.0
Buffalo,2024-02-23,5,2.0
Buffalo,2024-02-26,9,3.0
Buffalo,2024-02-27,3,4.0
Buffalo,2024-02-28,5,4.0
Buffalo,2024-02-29,4,4.0
Buffalo,2024-03-01,1,4.0
Buffalo,2024-03-03,1,4.0
Buffalo,2024-03-04,3,4.0
Buffalo,2024-03-06,4,3.0
Buffalo,2024-03-08,4,3.0
Buffalo,2024-03-09,1,3.0
Buffalo,2024-03-11,4,3.0
Buffalo,2024-03-12,6,3.0
Buffalo,2024-03-13,2,3.0
Buffalo,2024-03-14,2,3.0
Buffalo,2024-03-15,6,4.0
Buffalo,2024-03-18,2,3.0
Buffalo,2024-03-19,4,4.0
Buffalo,2024-03-20,9,4.0
Buffalo,2024-03-21,4,4.0
Buffalo,2024-03-22,8,5.0
Buffalo,2024-03-25,4,5.0
Buffalo,2024-03-26,2,5.0
Buffalo,2024-03-27,1,5.0
Buffalo,2024-03-28,7,5.0
Buffalo,2024-03-29,5,4.0
Buffalo,2024-04-01,1,4.0
Buffalo,2024-04-02,6,4.0
Buffalo,2024-04-03,3,4.0
Buffalo,2024-04-04,1,3.0
Buffalo,2024-04-05,2,4.0
Buffalo,2024-04-08,3,3.0
Buffalo,2024-04-09,5,3.0
Buffalo,2024-04-10,6,4.0
Buffalo,2024-04-11,1,3.0
Buffalo,2024-04-12,4,3.0
Buffalo,2024-04-15,4,4.0
Buffalo,2024-04-16,1,3.0
Buffalo,2024-04-17,2,3.0
Buffalo,2024-04-18,6,3.0
Buffalo,2024-04-19,5,3.0
Buffalo,2024-04-20,1,3.0
Buffalo,2024-04-22,9,4.0
Buffalo,2024-04-23,5,4.0
Buffalo,2024-04-24,1,4.0
Buffalo,2024-04-25,3,4.0
Buffalo,2024-04-26,5,4.0
Buffalo,2024-04-30,2,4.0
Buffalo,2024-05-01,1,4.0
Buffalo,2024-05-03,4,3.0
Buffalo,2024-05-06,3,3.0
Buffalo,2024-05-07,6,3.0
Buffalo,2024-05-08,6,4.0
Buffalo,2024-05-09,1,3.0
Buffalo,2024-05-10,2,3.0
Buffalo,2024-05-13,3,4.0
Buffalo,2024-05-14,1,3.0
Buffalo,2024-05-15,1,3.0
Buffalo,2024-05-16,3,2.0
Buffalo,2024-05-17,1,2.0
Buffalo,2024-05-20,1,2.0
Buffalo,2024-05-21,1,2.0
Buffalo,2024-05-22,1,1.0
Buffalo,2024-05-23,1,1.0
Buffalo,2024-05-24,10,3.0
Buffalo,2024-05-28,15,4.0
Buffalo,2024-05-29,1,4.0
Buffalo,2024-05-31,7,5.0
Buffalo,2024-06-03,1,5.0
Buffalo,2024-06-04,2,5.0
Buffalo,2024-06-05,4,6.0
Buffalo,2024-06-06,2,5.0
Buffalo,2024-06-07,4,3.0
Buffalo,2024-06-11,1,3.0
Buffalo,2024-06-12,2,2.0
Buffalo,2024-06-13,3,3.0
Buffalo,2024-06-14,5,3.0
Buffalo,2024-06-17,6,3.0
Buffalo,2024-06-18,6,4.0
Buffalo,2024-06-20,2,4.0
Buffalo,2024-06-21,3,4.0
Buffalo,2024-06-22,1,4.0
Buffalo,2024-06-24,3,4.0
Buffalo,2024-06-25,4,4.0
Buffalo,2024-06-26,2,3.0
Buffalo,2024-06-27,1,2.0
Buffalo,2024-06-28,2,2.0
Buffalo,2024-07-01,6,3.0
Buffalo,2024-07-02,6,3.0
Buffalo,2024-07-03,3,3.0
Buffalo,2024-07-05,2,3.0
Buffalo,2024-07-08,6,4.0
Buffalo,2024-07-09,3,4.0
Buffalo,2024-07-10,1,4.0
Buffalo,2024-07-11,6,4.0
Buffalo,2024-07-12,4,4.0
Buffalo,2024-07-15,2,3.0
Buffalo,2024-07-16,2,3.0
Buffalo,2024-07-17,2,3.0
Buffalo,2024-07-18,2,3.0
Buffalo,2024-07-19,4,3.0
Buffalo,2024-07-22,2,3.0
Buffalo,2024-07-23,8,3.0
Buffalo,2024-07-24,7,4.0
Buffalo,2024-07-25,2,4.0
Buffalo,2024-07-26,2,4.0
Buffalo,2024-07-29,2,4.0
Buffalo,2024-07-30,1,3.0
Buffalo,2024-07-31,2,3.0
Buffalo,2024-08-01,2,3.0
Buffalo,2024-08-02,4,2.0
Buffalo,2024-08-05,2,2.0
Buffalo,2024-08-06,3,2.0
Buffalo,2024-08-08,1,2.0
Buffalo,2024-08-09,3,2.0
Buffalo,2024-08-12,1,2.0
Buffalo,2024-08-13,3,2.0
Buffalo,2024-08-14,4,2.0
Buffalo,2024-08-15,1,2.0
Buffalo,2024-08-16,7,3.0
Buffalo,2024-08-19,3,3.0
Buffalo,2024-08-20,1,3.0
Buffalo,2024-08-21,3,3.0
Buffalo,2024-08-22,1,3.0
Buffalo,2024-08-23,1,2.0
Buffalo,2024-08-26,1,2.0
Buffalo,2024-08-28,6,2.0
Buffalo,2024-08-30,5,3.0
Buffalo,2024-09-03,1,3.0
Buffalo,2024-09-04,1,2.0
Buffalo,2024-09-06,3,3.0
Buffalo,2024-09-07,1,3.0
Buffalo,2024-09-09,3,3.0
Buffalo,2024-09-10,1,2.0
Buffalo,2024-09-11,5,2.0
Buffalo,2024-09-12,2,2.0
Buffalo,2024-09-13,7,3.0
Buffalo,2024-09-16,3,3.0
Buffalo,2024-09-18,3,3.0
Buffalo,2024-09-20,6,4.0
Buffalo,2024-09-23,3,4.0
Buffalo,2024-09-24,2,4.0
Buffalo,2024-09-25,2,4.0
Buffalo,2024-09-26,3,3.0
Buffalo,2024-09-27,3,3.0
Buffalo,2024-09-30,1,3.0
Buffalo,2024-10-01,1,2.0
Buffalo,2024-10-02,2,2.0
Buffalo,2024-10-03,1,2.0
Buffalo,2024-10-04,4,2.0
Buffalo,2024-10-06,1,2.0
Buffalo,2024-10-07,3,2.0
Buffalo,2024-10-08,3,2.0
Buffalo,2024-10-09,1,2.0
Buffalo,2024-10-11,7,3.0
Buffalo,2024-10-15,2,3.0
Buffalo,2024-10-16,1,3.0
Buffalo,2024-10-17,5,3.0
Buffalo,2024-10-18,3,3.0
Buffalo,2024-10-21,6,4.0
Buffalo,2024-10-22,2,4.0
Buffalo,2024-10-23,3,3.0
Buffalo,2024-10-24,4,3.0
Buffalo,2024-10-25,8,4.0
Buffalo,2024-10-28,7,5.0
Buffalo,2024-10-29,4,5.0
Buffalo,2024-10-30,2,4.0
Buffalo,2024-10-31,2,4.0
Buffalo,2024-11-01,5,5.0
Buffalo,2024-11-02,1,4.0
Buffalo,2024-11-04,2,3.0
Buffalo,2024-11-05,5,3.0
Buffalo,2024-11-06,3,3.0
Buffalo,2024-11-07,1,3.0
Buffalo,2024-11-08,5,3.0
Buffalo,2024-11-11,1,3.0
Buffalo,2024-11-12,4,3.0
Buffalo,2024-11-13,4,3.0
Buffalo,2024-11-14,1,3.0
Buffalo,2024-11-15,6,3.0
Buffalo,2024-11-18,3,3.0
Buffalo,2024-11-19,2,3.0
Buffalo,2024-11-20,1,3.0
Buffalo,2024-11-21,4,3.0
Buffalo,2024-11-22,3,3.0
Buffalo,2024-11-25,1,3.0
Buffalo,2024-11-26,1,2.0
Buffalo,2024-11-27,4,2.0
Buffalo,2024-11-29,6,3.0
Buffalo,2024-12-02,4,3.0
Buffalo,2024-12-03,2,3.0
Buffalo,2024-12-04,4,3.0
Buffalo,2024-12-06,5,4.0
Buffalo,2024-12-09,4,4.0
Buffalo,2024-12-10,3,4.0
Buffalo,2024-12-11,1,3.0
Buffalo,2024-12-13,4,3.0
Buffalo,2024-12-16,5,4.0
Buffalo,2024-12-17,5,4.0
Buffalo,2024-12-18,1,3.0
Buffalo,2024-12-19,6,4.0
Buffalo,2024-12-20,3,4.0
Buffalo,2024-12-23,1,4.0
Buffalo,2024-12-24,3,3.0
Buffalo,2024-12-27,4,3.0
Buffalo,2024-12-30,3,3.0
Buffalo,2024-12-31,3,3.0
Buffalo,2025-01-02,1,3.0
Buffalo,2025-01-03,8,3.0
Buffalo,2025-01-06,1,3.0
Buffalo,2025-01-07,2,3.0
Buffalo,2025-01-08,8,4.0
Buffalo,2025-01-10,3,4.0
Buffalo,2025-01-13,2,4.0
Buffalo,2025-01-14,4,4.0
Buffalo,2025-01-15,1,3.0
Buffalo,2025-01-16,1,3.0
Buffalo,2025-01-17,5,3.0
Buffalo,2025-01-21,1,2.0
Buffalo,2025-01-22,2,2.0
Buffalo,2025-01-23,7,3.0
Buffalo,2025-01-24,7,3.0
Buffalo,2025-01-25,1,3.0
Buffalo,2025-01-26,14,5.0
Buffalo,2025-01-27,13,6.0
Buffalo,2025-01-28,5,7.0
Buffalo,2025-01-29,9,8.0
Buffalo,2025-01-30,6,8.0
Buffalo,2025-01-31,18,9.0
Buffalo,2025-02-01,6,10.0
Buffalo,2025-02-02,1,8.0
Buffalo,2025-02-03,2,7.0
Buffalo,2025-02-04,9,7.0
Buffalo,2025-02-05,4,7.0
Buffalo,2025-02-06,14,8.0
Buffalo,2025-02-07,7,6.0
Buffalo,2025-02-08,4,6.0
Buffalo,2025-02-09,8,7.0
Buffalo,2025-02-10,1,7.0
Buffalo,2025-02-11,5,6.0
Buffalo,2025-02-12,1,6.0
Buffalo,2025-02-13,8,5.0
Buffalo,2025-02-14,9,5.0
Buffalo,2025-02-17,2,5.0
Buffalo,2025-02-18,10,5.0
Buffalo,2025-02-19,9,6.0
Buffalo,2025-02-20,7,7.0
Buffalo,2025-02-21,12,8.0
Buffalo,2025-02-22,2,7.0
Buffalo,2025-02-24,12,8.0
Buffalo,2025-02-25,11,9.0
Buffalo,2025-02-26,9,9.0
Buffalo,2025-02-27,9,9.0
Buffalo,2025-02-28,9,9.0
Buffalo,2025-03-01,1,8.0
Buffalo,2025-03-02,4,8.0
Buffalo,2025-03-03,5,7.0
Buffalo,2025-03-04,10,7.0
Buffalo,2025-03-05,6,6.0
Buffalo,2025-03-06,3,5.0
Buffalo,2025-03-07,3,5.0
Buffalo,2025-03-08,1,5.0
Buffalo,2025-03-09,1,4.0
Buffalo,2025-03-10,2,4.0
Buffalo,2025-03-11,10,4.0
Buffalo,2025-03-12,3,3.0
Buffalo,2025-03-13,4,3.0
Buffalo,2025-03-14,4,4.0
Buffalo,2025-03-16,3,4.0
Buffalo,2025-03-17,3,4.0
Buffalo,2025-03-18,3,4.0
Buffalo,2025-03-19,2,3.0
Buffalo,2025-03-20,2,3.0
Buffalo,2025-03-21,4,3.0
Buffalo,2025-03-22,3,3.0
Buffalo,2025-03-23,1,3.0
Buffalo,2025-03-24,27,6.0
Buffalo,2025-03-25,27,9.0
Buffalo,2025-03-26,27,13.0
Buffalo,2025-03-27,13,15.0
Buffalo,2025-03-28,14,16.0
Buffalo,2025-03-30,1,16.0
Buffalo,2025-03-31,2,16.0
Buffalo,2025-04-01,1,12.0
Buffalo,2025-04-02,6,9.0
Buffalo,2025-04-03,8,6.0
Buffalo,2025-04-04,6,5.0
Buffalo,2025-04-05,1,4.0
Buffalo,2025-04-06,4,4.0
Buffalo,2025-04-07,2,4.0
Buffalo,2025-04-08,3,4.0
Buffalo,2025-04-09,3,4.0
Buffalo,2025-04-10,11,4.0
Buffalo,2025-04-11,4,4.0
Buffalo,2025-04-12,1,4.0
Buffalo,2025-04-13,5,4.0
Buffalo,2025-04-14,8,5.0
Buffalo,2025-04-15,6,5.0
Buffalo,2025-04-16,3,5.0
Buffalo,2025-04-17,7,5.0
Buffalo,2025-04-18,4,5.0
Buffalo,2025-04-19,1,5.0
Buffalo,2025-04-21,6,5.0
Buffalo,2025-04-22,4,4.0
Buffalo,2025-04-23,9,5.0
Buffalo,2025-04-24,8,6.0
Buffalo,2025-04-25,6,5.0
Buffalo,2025-04-26,1,5.0
Buffalo,2025-04-27,4,5.0
Buffalo,2025-04-28,5,5.0
Buffalo,2025-04-29,12,6.0
Buffalo,2025-04-30,9,6.0
Buffalo,2025-05-01,7,6.0
Buffalo,2025-05-02,21,8.0
Buffalo,2025-05-05,5,9.0
Buffalo,2025-05-06,6,9.0
Buffalo,2025-05-07,3,9.0
Buffalo,2025-05-08,4,8.0
Buffalo,2025-05-09,2,7.0
Buffalo,2025-05-11,1,6.0
Buffalo,2025-05-12,8,4.0
Buffalo,2025-05-13,9,5.0
Buffalo,2025-05-14,8,5.0
Buffalo,2025-05-15,1,5.0
Buffalo,2025-05-16,8,5.0
Buffalo,2025-05-17,1,5.0
Buffalo,2025-05-19,5,6.0
Buffalo,2025-05-20,8,6.0
Buffalo,2025-05-21,10,6.0
Buffalo,2025-05-22,10,6.0
Buffalo,2025-05-23,10,7.0
Buffalo,2025-05-24,1,6.0
Buffalo,2025-05-25,2,7.0
Buffalo,2025-05-26,5,7.0
Buffalo,2025-05-27,6,6.0
Buffalo,2025-05-28,8,6.0
Buffalo,2025-05-29,12,6.0
Buffalo,2025-05-30,1,5.0
Buffalo,2025-05-31,2,5.0
Buffalo,2025-06-01,3,5.0
Buffalo,2025-06-02,13,6.0
Buffalo,2025-06-03,26,9.0
Buffalo,2025-06-04,15,10.0
Buffalo,2025-06-05,19,11.0
Buffalo,2025-06-06,13,13.0
Buffalo,2025-06-07,24,16.0
Buffalo,2025-06-09,7,17.0
Buffalo,2025-06-10,19,18.0
Buffalo,2025-06-11,21,17.0
Buffalo,2025-06-12,3,15.0
Buffalo,2025-06-13,10,14.0
Buffalo,2025-06-14,12,14.0
Buffalo,2025-06-15,2,11.0
Buffalo,2025-06-16,6,10.0
Buffalo,2025-06-17,17,10.0
Buffalo,2025-06-18,9,8.0
Buffalo,2025-06-19,5,9.0
Buffalo,2025-06-20,14,9.0
Buffalo,2025-06-21,4,8.0
Buffalo,2025-06-22,2,8.0
Buffalo,2025-06-23,17,10.0
Buffalo,2025-06-24,9,9.0
Buffalo,2025-06-25,12,9.0
Buffalo,2025-06-26,4,9.0
Buffalo,2025-06-27,11,8.0
Buffalo,2025-06-28,6,9.0
Buffalo,2025-06-29,4,9.0
Buffalo,2025-06-30,22,10.0
Buffalo,2025-07-01,17,11.0
Buffalo,2025-07-02,8,10.0
Buffalo,2025-07-03,7,11.0
Buffalo,2025-07-05,4,10.0
Buffalo,2025-07-06,3,9.0
Buffalo,2025-07-07,17,11.0
Buffalo,2025-07-08,17,10.0
Buffalo,2025-07-09,18,11.0
Buffalo,2025-07-10,7,10.0
Buffalo,2025-07-11,10,11.0
Buffalo,2025-07-12,6,11.0
Buffalo,2025-07-13,2,11.0
Buffalo,2025-07-14,8,10.0
Buffalo,2025-07-15,34,12.0
Buffalo,2025-07-16,22,13.0
Buffalo,2025-07-17,5,12.0
Buffalo,2025-07-18,22,14.0
Buffalo,2025-07-19,4,14.0
Buffalo,2025-07-20,1,14.0
Buffalo,2025-07-21,15,15.0
Buffalo,2025-07-22,16,12.0
Buffalo,2025-07-23,12,11.0
Buffalo,2025-07-24,7,11.0
Buffalo,2025-07-25,25,11.0
Buffalo,2025-07-26,9,12.0
Buffalo,2025-07-27,4,13.0
Buffalo,2025-07-28,14,12.0
Buffalo,2025-07-29,12,12.0
Buffalo,2025-07-30,22,13.0
Buffalo,2025-07-31,11,14.0
Buffalo,2025-08-01,11,12.0
Buffalo,2025-08-02,1,11.0
Buffalo,2025-08-03,5,11.0
Buffalo,2025-08-04,4,9.0
Buffalo,2025-08-05,18,10.0
Buffalo,2025-08-06,19,10.0
Buffalo,2025-08-07,17,11.0
Buffalo,2025-08-08,28,13.0
Buffalo,2025-08-09,8,14.0
Buffalo,2025-08-10,2,14.0
Buffalo,2025-08-11,22,16.0
Buffalo,2025-08-12,12,15.0
Buffalo,2025-08-13,12,14.0
Buffalo,2025-08-14,15,14.0
Buffalo,2025-08-15,4,11.0
Buffalo,2025-08-16,6,10.0
Buffalo,2025-08-17,3,11.0
Buffalo,2025-08-18,15,10.0
Buffalo,2025-08-19,16,10.0
Buffalo,2025-08-20,9,10.0
Buffalo,2025-08-21,19,10.0
Buffalo,2025-08-22,10,11.0
Buffalo,2025-08-23,4,11.0
Buffalo,2025-08-25,13,12.0
Buffalo,2025-08-26,16,12.0
Buffalo,2025-08-27,12,12.0
Buffalo,2025-08-28,10,12.0
Buffalo,2025-08-29,10,11.0
Buffalo,2025-08-30,3,10.0
Buffalo,2025-09-01,3,10.0
Buffalo,2025-09-02,19,10.0
Buffalo,2025-09-03,13,10.0
Buffalo,2025-09-04,18,11.0
Buffalo,2025-09-05,36,15.0
Buffalo,2025-09-06,34,18.0
Buffalo,2025-09-07,14,20.0
Buffalo,2025-09-08,20,22.0
Buffalo,2025-09-09,39,25.0
Buffalo,2025-09-10,22,26.0
Buffalo,2025-09-11,15,26.0
Buffalo,2025-09-12,9,22.0
Buffalo,2025-09-13,7,18.0
Buffalo,2025-09-14,1,16.0
Buffalo,2025-09-15,25,17.0
Buffalo,2025-09-16,21,14.0
Buffalo,2025-09-17,21,14.0
Buffalo,2025-09-18,15,14.0
Buffalo,2025-09-19,12,15.0
Buffalo,2025-09-20,5,14.0
Buffalo,2025-09-21,5,15.0
Buffalo,2025-09-22,15,13.0
Buffalo,2025-09-23,12,12.0
Buffalo,2025-09-24,12,11.0
Buffalo,2025-09-25,7,10.0
Buffalo,2025-09-26,8,9.0
Buffalo,2025-09-27,1,9.0
Buffalo,2025-09-28,1,8.0
Buffalo,2025-09-29,13,8.0
Buffalo,2025-09-30,5,7.0
Buffalo,2025-10-01,9,6.0
Buffalo,2025-10-02,5,6.0
Buffalo,2025-10-03,8,6.0
Buffalo,2025-10-04,15,8.0
Buffalo,2025-10-05,4,8.0
Buffalo,2025-10-06,12,8.0
Buffalo,2025-10-07,10,9.0
Buffalo,2025-10-08,14,10.0
Buffalo,2025-10-09,23,12.0
Buffalo,2025-10-10,10,13.0
Buffalo,2025-10-11,5,11.0
Buffalo,2025-10-13,12,12.0
Buffalo,2025-10-14,20,13.0
Buffalo,2025-10-15,15,14.0
Buffalo,2025-10-16,12,14.0
Buffalo,2025-10-17,16,13.0
Buffalo,2025-10-18,4,12.0
Buffalo,2025-10-19,2,12.0
Buffalo,2025-10-20,13,12.0
Buffalo,2025-10-21,7,10.0
Buffalo,2025-10-22,16,10.0
Buffalo,2025-10-23,17,11.0
Buffalo,2025-10-24,18,11.0
Buffalo,2025-10-25,13,12.0
Buffalo,2025-10-26,3,12.0
Buffalo,2025-10-27,24,14.0
Buffalo,2025-10-28,15,15.0
Buffalo,2025-10-29,9,14.0
Buffalo,2025-10-30,10,13.0
Buffalo,2025-10-31,11,12.0
Buffalo,2025-11-01,5,11.0
Buffalo,2025-11-02,5,11.0
Buffalo,2025-11-03,13,10.0
Buffalo,2025-11-04,16,10.0
Buffalo,2025-11-05,21,12.0
Buffalo,2025-11-06,19,13.0
Buffalo,2025-11-07,16,14.0
Buffalo,2025-11-08,5,14.0
Buffalo,2025-11-09,8,14.0
Buffalo,2025-11-10,12,14.0
Buffalo,2025-11-11,13,13.0
Buffalo,2025-11-12,22,14.0
Buffalo,2025-11-13,24,14.0
Buffalo,2025-11-14,11,14.0
Buffalo,2025-11-15,10,14.0
Buffalo,2025-11-16,7,14.0
Buffalo,2025-11-17,20,15.0
Buffalo,2025-11-18,24,17.0
Buffalo,2025-11-19,18,16.0
Buffalo,2025-11-20,22,16.0
Buffalo,2025-11-21,17,17.0
Buffalo,2025-11-22,13,17.0
Buffalo,2025-11-23,13,18.0
Buffalo,2025-11-24,18,18.0
Buffalo,2025-11-25,13,16.0
Buffalo,2025-11-26,16,16.0
Buffalo,2025-11-27,7,14.0
Buffalo,2025-11-28,9,13.0
Buffalo,2025-11-29,6,12.0
Buffalo,2025-11-30,3,10.0
Buffalo,2025-12-01,13,10.0
Buffalo,2025-12-02,21,11.0
Buffalo,2025-12-03,30,13.0
Buffalo,2025-12-04,20,15.0
Buffalo,2025-12-05,20,16.0
Buffalo,2025-12-06,7,16.0
Buffalo,2025-12-07,4,16.0
Buffalo,2025-12-08,17,17.0
Buffalo,2025-12-09,26,18.0
Buffalo,2025-12-10,8,15.0
Buffalo,2025-12-11,16,14.0
Buffalo,2025-12-12,12,13.0
Buffalo,2025-12-13,6,13.0
Buffalo,2025-12-14,14,14.0
Buffalo,2025-12-15,16,14.0
Buffalo,2025-12-16,22,13.0
Buffalo,2025-12-17,32,17.0
Buffalo,2025-12-18,16,17.0
Buffalo,2025-12-19,26,19.0
Buffalo,2025-12-20,9,19.0
Buffalo,2025-12-21,11,19.0
Buffalo,2025-12-22,15,19.0
Buffalo,2025-12-23,11,17.0
Buffalo,2025-12-24,11,14.0
Buffalo,2025-12-25,5,13.0
Buffalo,2025-12-26,12,11.0
Buffalo,2025-12-27,7,10.0
Buffalo,2025-12-28,8,10.0
Buffalo,2025-12-29,11,9.0
Buffalo,2025-12-30,15,10.0
Buffalo,2025-12-31,11,10.0
Buffalo,2026-01-01,6,10.0
Buffalo,2026-01-02,16,11.0
Buffalo,2026-01-03,5,10.0
Buffalo,2026-01-04,8,10.0
Buffalo,2026-01-05,13,11.0
Buffalo,2026-01-06,34,13.0
Buffalo,2026-01-07,14,14.0
Buffalo,2026-01-08,14,15.0
Buffalo,2026-01-09,15,15.0
Buffalo,2026-01-10,8,15.0
Buffalo,2026-01-11,4,15.0
Buffalo,2026-01-12,34,18.0
Buffalo,2026-01-13,25,16.0
Buffalo,2026-01-14,17,17.0
Buffalo,2026-01-15,13,17.0
Buffalo,2026-01-16,23,18.0
Buffalo,2026-01-17,2,17.0
Buffalo,2026-01-18,5,17.0
Buffalo,2026-01-19,10,14.0
Buffalo,2026-01-20,16,12.0
Buffalo,2026-01-21,12,12.0
Buffalo,2026-01-22,13,12.0
Buffalo,2026-01-23,10,10.0
Buffalo,2026-01-24,9,11.0
Buffalo,2026-01-25,1,10.0
Buffalo,2026-01-26,10,10.0
Buffalo,2026-01-27,11,9.0
Buffalo,2026-01-28,16,10.0
Buffalo,2026-01-29,11,10.0
Buffalo,2026-01-30,13,10.0
Buffalo,2026-01-31,26,13.0
Buffalo,2026-02-01,10,14.0
Buffalo,2026-02-02,13,14.0
Buffalo,2026-02-03,6,14.0
Buffalo,2026-02-04,18,14.0
Buffalo,2026-02-05,17,15.0
Buffalo,2026-02-06,18,15.0
Buffalo,2026-02-07,8,13.0
Buffalo,2026-02-08,6,12.0
Buffalo,2026-02-09,11,12.0
Buffalo,2026-02-10,14,13.0
Buffalo,2026-02-11,16,13.0
Buffalo,2026-02-12,12,12.0
Buffalo,2026-02-13,13,11.0
Buffalo,2026-02-14,4,11.0
Buffalo,2026-02-15,7,11.0
Buffalo,2026-02-16,17,12.0
Buffalo,2026-02-17,24,13.0
Buffalo,2026-02-18,11,13.0
Buffalo,2026-02-19,7,12.0
Buffalo,2026-02-20,9,11.0
Buffalo,2026-02-21,7,12.0
Buffalo,2026-02-22,7,12.0
Buffalo,2026-02-23,8,10.0
Buffalo,2026-02-24,16,9.0
Buffalo,2026-02-25,19,10.0
Buffalo,2026-02-26,8,11.0
Buffalo,2026-02-27,17,12.0
Buffalo,2026-02-28,8,12.0
Buffalo,2026-03-01,2,11.0
Buffalo,2026-03-02,14,12.0
Buffalo,2026-03-03,11,11.0
Buffalo,2026-03-04,12,10.0
Buffalo,2026-03-05,6,10.0
Buffalo,2026-03-06,11,9.0
Buffalo,2026-03-07,5,9.0
Buffalo,2026-03-08,4,9.0
Buffalo,2026-03-09,10,8.0
Buffalo,2026-03-10,11,8.0
Chicago,2022-10-01,3,7.0
Chicago,2022-10-02,3,7.0
Chicago,2022-10-03,31,10.0
Chicago,2022-10-04,65,18.0
Chicago,2022-10-05,48,24.0
Chicago,2022-10-06,32,28.0
Chicago,2022-10-07,29,30.0
Chicago,2022-10-08,1,30.0
Chicago,2022-10-09,2,30.0
Chicago,2022-10-10,4,26.0
Chicago,2022-10-11,61,25.0
Chicago,2022-10-12,59,27.0
Chicago,2022-10-13,46,29.0
Chicago,2022-10-14,20,28.0
Chicago,2022-10-16,3,28.0
Chicago,2022-10-17,46,34.0
Chicago,2022-10-18,52,41.0
Chicago,2022-10-19,46,39.0
Chicago,2022-10-20,33,35.0
Chicago,2022-10-21,21,32.0
Chicago,2022-10-22,5,29.0
Chicago,2022-10-23,1,29.0
Chicago,2022-10-24,41,28.0
Chicago,2022-10-25,35,26.0
Chicago,2022-10-26,60,28.0
Chicago,2022-10-27,45,30.0
Chicago,2022-10-28,41,33.0
Chicago,2022-10-30,3,32.0
Chicago,2022-10-31,49,39.0
Chicago,2022-11-01,38,39.0
Chicago,2022-11-02,53,41.0
Chicago,2022-11-03,39,38.0
Chicago,2022-11-04,62,41.0
Chicago,2022-11-05,2,35.0
Chicago,2022-11-06,2,35.0
Chicago,2022-11-07,38,33.0
Chicago,2022-11-08,53,36.0
Chicago,2022-11-09,53,36.0
Chicago,2022-11-10,30,34.0
Chicago,2022-11-11,5,26.0
Chicago,2022-11-13,3,26.0
Chicago,2022-11-14,43,32.0
Chicago,2022-11-15,52,34.0
Chicago,2022-11-16,53,34.0
Chicago,2022-11-17,22,30.0
Chicago,2022-11-18,18,28.0
Chicago,2022-11-20,2,28.0
Chicago,2022-11-21,56,35.0
Chicago,2022-11-22,44,35.0
Chicago,2022-11-23,47,35.0
Chicago,2022-11-25,11,29.0
Chicago,2022-11-26,2,26.0
Chicago,2022-11-28,44,29.0
Chicago,2022-11-29,37,34.0
Chicago,2022-11-30,40,32.0
Chicago,2022-12-01,44,32.0
Chicago,2022-12-02,32,30.0
Chicago,2022-12-03,3,29.0
Chicago,2022-12-05,43,35.0
Chicago,2022-12-06,47,35.0
Chicago,2022-12-07,48,37.0
Chicago,2022-12-08,30,35.0
Chicago,2022-12-09,52,36.0
Chicago,2022-12-10,2,32.0
Chicago,2022-12-11,2,32.0
Chicago,2022-12-12,31,30.0
Chicago,2022-12-13,33,28.0
Chicago,2022-12-14,51,29.0
Chicago,2022-12-15,32,29.0
Chicago,2022-12-16,22,25.0
Chicago,2022-12-17,1,25.0
Chicago,2022-12-18,2,25.0
Chicago,2022-12-19,39,26.0
Chicago,2022-12-20,37,26.0
Chicago,2022-12-21,37,24.0
Chicago,2022-12-22,25,23.0
Chicago,2022-12-23,8,21.0
Chicago,2022-12-26,1,21.0
Chicago,2022-12-27,9,22.0
Chicago,2022-12-28,26,20.0
Chicago,2022-12-29,42,21.0
Chicago,2022-12-30,31,20.0
Chicago,2023-01-02,4,17.0
Chicago,2023-01-03,27,20.0
Chicago,2023-01-04,36,25.0
Chicago,2023-01-05,35,29.0
Chicago,2023-01-06,37,30.0
Chicago,2023-01-07,1,24.0
Chicago,2023-01-08,6,21.0
Chicago,2023-01-09,34,25.0
Chicago,2023-01-10,37,27.0
Chicago,2023-01-11,37,27.0
Chicago,2023-01-12,24,25.0
Chicago,2023-01-13,45,26.0
Chicago,2023-01-15,2,26.0
Chicago,2023-01-16,3,26.0
Chicago,2023-01-17,32,26.0
Chicago,2023-01-18,56,28.0
Chicago,2023-01-19,47,30.0
Chicago,2023-01-20,35,31.0
Chicago,2023-01-22,2,25.0
Chicago,2023-01-23,37,30.0
Chicago,2023-01-24,37,35.0
Chicago,2023-01-25,36,36.0
Chicago,2023-01-26,42,34.0
Chicago,2023-01-27,59,35.0
Chicago,2023-01-28,63,39.0
Chicago,2023-01-30,47,46.0
Chicago,2023-01-31,41,46.0
Chicago,2023-02-01,54,49.0
Chicago,2023-02-02,38,49.0
Chicago,2023-02-03,44,49.0
Chicago,2023-02-04,2,41.0
Chicago,2023-02-06,38,38.0
Chicago,2023-02-07,53,39.0
Chicago,2023-02-08,67,42.0
Chicago,2023-02-09,34,39.0
Chicago,2023-02-10,41,40.0
Chicago,2023-02-11,3,34.0
Chicago,2023-02-12,2,34.0
Chicago,2023-02-13,48,35.0
Chicago,2023-02-14,51,35.0
Chicago,2023-02-15,41,31.0
Chicago,2023-02-16,40,32.0
Chicago,2023-02-17,34,31.0
Chicago,2023-02-18,2,31.0
Chicago,2023-02-19,3,31.0
Chicago,2023-02-20,10,26.0
Chicago,2023-02-21,35,24.0
Chicago,2023-02-22,38,23.0
Chicago,2023-02-23,43,24.0
Chicago,2023-02-24,50,26.0
Chicago,2023-02-25,74,36.0
Chicago,2023-02-26,1,36.0
Chicago,2023-02-27,53,42.0
Chicago,2023-02-28,51,44.0
Chicago,2023-03-01,57,47.0
Chicago,2023-03-02,45,47.0
Chicago,2023-03-03,46,47.0
Chicago,2023-03-04,1,36.0
Chicago,2023-03-05,2,36.0
Chicago,2023-03-06,23,32.0
Chicago,2023-03-07,38,30.0
Chicago,2023-03-08,49,29.0
Chicago,2023-03-09,40,28.0
Chicago,2023-03-10,49,29.0
Chicago,2023-03-12,6,30.0
Chicago,2023-03-13,39,35.0
Chicago,2023-03-14,29,36.0
Chicago,2023-03-15,47,37.0
Chicago,2023-03-16,34,35.0
Chicago,2023-03-17,43,35.0
Chicago,2023-03-18,1,28.0
Chicago,2023-03-20,38,33.0
Chicago,2023-03-21,37,33.0
Chicago,2023-03-22,55,36.0
Chicago,2023-03-23,41,36.0
Chicago,2023-03-24,45,37.0
Chicago,2023-03-25,2,31.0
Chicago,2023-03-26,1,31.0
Chicago,2023-03-27,47,33.0
Chicago,2023-03-28,27,31.0
Chicago,2023-03-29,45,30.0
Chicago,2023-03-30,38,29.0
Chicago,2023-03-31,27,27.0
Chicago,2023-04-01,4,27.0
Chicago,2023-04-02,8,28.0
Chicago,2023-04-03,36,26.0
Chicago,2023-04-04,45,29.0
Chicago,2023-04-05,27,26.0
Chicago,2023-04-06,25,25.0
Chicago,2023-04-07,29,25.0
Chicago,2023-04-09,2,25.0
Chicago,2023-04-10,32,28.0
Chicago,2023-04-11,34,28.0
Chicago,2023-04-12,49,28.0
Chicago,2023-04-13,39,30.0
Chicago,2023-04-14,34,31.0
Chicago,2023-04-15,1,27.0
Chicago,2023-04-16,3,27.0
Chicago,2023-04-17,48,30.0
Chicago,2023-04-18,39,30.0
Chicago,2023-04-19,49,30.0
Chicago,2023-04-20,42,31.0
Chicago,2023-04-21,38,31.0
Chicago,2023-04-22,2,32.0
Chicago,2023-04-23,2,31.0
Chicago,2023-04-24,31,29.0
Chicago,2023-04-25,42,29.0
Chicago,2023-04-26,45,29.0
Chicago,2023-04-27,36,28.0
Chicago,2023-04-28,35,28.0
Chicago,2023-04-29,1,27.0
Chicago,2023-05-01,35,32.0
Chicago,2023-05-02,39,33.0
Chicago,2023-05-03,41,33.0
Chicago,2023-05-04,39,32.0
Chicago,2023-05-05,31,32.0
Chicago,2023-05-07,2,27.0
Chicago,2023-05-08,52,34.0
Chicago,2023-05-09,37,34.0
Chicago,2023-05-10,49,36.0
Chicago,2023-05-11,45,36.0
Chicago,2023-05-12,44,37.0
Chicago,2023-05-13,2,33.0
Chicago,2023-05-14,4,33.0
Chicago,2023-05-15,39,31.0
Chicago,2023-05-16,35,31.0
Chicago,2023-05-17,37,29.0
Chicago,2023-05-18,31,27.0
Chicago,2023-05-19,36,26.0
Chicago,2023-05-22,50,33.0
Chicago,2023-05-23,37,38.0
Chicago,2023-05-24,44,39.0
Chicago,2023-05-25,44,40.0
Chicago,2023-05-26,33,39.0
Chicago,2023-05-27,2,35.0
Chicago,2023-05-28,2,30.0
Chicago,2023-05-29,7,24.0
Chicago,2023-05-30,37,24.0
Chicago,2023-05-31,41,24.0
Chicago,2023-06-01,39,23.0
Chicago,2023-06-02,34,23.0
Chicago,2023-06-03,2,23.0
Chicago,2023-06-05,33,28.0
Chicago,2023-06-06,51,34.0
Chicago,2023-06-07,28,33.0
Chicago,2023-06-08,36,32.0
Chicago,2023-06-09,38,32.0
Chicago,2023-06-10,1,27.0
Chicago,2023-06-12,55,35.0
Chicago,2023-06-13,43,36.0
Chicago,2023-06-14,49,36.0
Chicago,2023-06-15,50,39.0
Chicago,2023-06-16,24,37.0
Chicago,2023-06-18,2,32.0
Chicago,2023-06-19,6,33.0
Chicago,2023-06-20,67,34.0
Chicago,2023-06-21,55,36.0
Chicago,2023-06-22,41,35.0
Chicago,2023-06-23,28,32.0
Chicago,2023-06-24,3,29.0
Chicago,2023-06-26,52,36.0
Chicago,2023-06-27,43,41.0
Chicago,2023-06-28,45,38.0
Chicago,2023-06-29,47,37.0
Chicago,2023-06-30,30,35.0
Chicago,2023-07-01,3,32.0
Chicago,2023-07-03,33,36.0
Chicago,2023-07-04,1,29.0
Chicago,2023-07-05,18,25.0
Chicago,2023-07-06,42,25.0
Chicago,2023-07-07,34,23.0
Chicago,2023-07-08,1,19.0
Chicago,2023-07-09,5,19.0
Chicago,2023-07-10,42,20.0
Chicago,2023-07-11,47,27.0
Chicago,2023-07-12,50,32.0
Chicago,2023-07-13,32,30.0
Chicago,2023-07-14,34,30.0
Chicago,2023-07-15,1,30.0
Chicago,2023-07-16,4,30.0
Chicago,2023-07-17,30,28.0
Chicago,2023-07-18,40,27.0
Chicago,2023-07-19,35,25.0
Chicago,2023-07-20,29,25.0
Chicago,2023-07-21,46,26.0
Chicago,2023-07-24,28,30.0
Chicago,2023-07-25,36,35.0
Chicago,2023-07-26,37,36.0
Chicago,2023-07-27,46,37.0
Chicago,2023-07-28,33,36.0
Chicago,2023-07-29,3,33.0
Chicago,2023-07-31,38,32.0
Chicago,2023-08-01,30,32.0
Chicago,2023-08-02,36,32.0
Chicago,2023-08-03,31,31.0
Chicago,2023-08-04,26,28.0
Chicago,2023-08-06,1,24.0
Chicago,2023-08-07,29,27.0
Chicago,2023-08-08,32,26.0
Chicago,2023-08-09,37,27.0
Chicago,2023-08-10,30,27.0
Chicago,2023-08-11,24,26.0
Chicago,2023-08-12,3,22.0
Chicago,2023-08-14,37,27.0
Chicago,2023-08-15,42,29.0
Chicago,2023-08-16,55,33.0
Chicago,2023-08-17,38,33.0
Chicago,2023-08-18,27,32.0
Chicago,2023-08-20,1,29.0
Chicago,2023-08-21,39,34.0
Chicago,2023-08-22,27,33.0
Chicago,2023-08-23,47,33.0
Chicago,2023-08-24,32,30.0
Chicago,2023-08-25,15,27.0
Chicago,2023-08-26,1,23.0
Chicago,2023-08-27,1,23.0
Chicago,2023-08-28,32,22.0
Chicago,2023-08-29,28,22.0
Chicago,2023-08-30,49,23.0
Chicago,2023-08-31,27,22.0
Chicago,2023-09-01,20,23.0
Chicago,2023-09-02,1,23.0
Chicago,2023-09-03,2,23.0
Chicago,2023-09-04,12,20.0
Chicago,2023-09-05,34,21.0
Chicago,2023-09-06,38,19.0
Chicago,2023-09-07,24,19.0
Chicago,2023-09-08,30,20.0
Chicago,2023-09-09,1,20.0
Chicago,2023-09-10,1,20.0
Chicago,2023-09-11,44,25.0
Chicago,2023-09-12,26,23.0
Chicago,2023-09-13,28,22.0
Chicago,2023-09-14,33,23.0
Chicago,2023-09-15,20,22.0
Chicago,2023-09-16,2,22.0
Chicago,2023-09-17,5,23.0
Chicago,2023-09-18,38,22.0
Chicago,2023-09-19,26,22.0
Chicago,2023-09-20,36,23.0
Chicago,2023-09-21,23,21.0
Chicago,2023-09-22,20,21.0
Chicago,2023-09-23,3,22.0
Chicago,2023-09-24,3,21.0
Chicago,2023-09-25,20,19.0
Chicago,2023-09-26,28,19.0
Chicago,2023-09-27,38,19.0
Chicago,2023-09-28,24,19.0
Chicago,2023-09-29,24,20.0
Chicago,2023-10-02,29,24.0
Chicago,2023-10-03,36,28.0
Chicago,2023-10-04,32,30.0
Chicago,2023-10-05,47,33.0
Chicago,2023-10-06,20,30.0
Chicago,2023-10-07,1,27.0
Chicago,2023-10-08,6,24.0
Chicago,2023-10-09,8,21.0
Chicago,2023-10-10,24,20.0
Chicago,2023-10-11,31,20.0
Chicago,2023-10-12,35,18.0
Chicago,2023-10-13,27,19.0
Chicago,2023-10-14,1,19.0
Chicago,2023-10-15,1,18.0
Chicago,2023-10-16,35,22.0
Chicago,2023-10-17,29,23.0
Chicago,2023-10-18,48,25.0
Chicago,2023-10-19,33,25.0
Chicago,2023-10-20,28,25.0
Chicago,2023-10-21,1,25.0
Chicago,2023-10-23,43,31.0
Chicago,2023-10-24,47,33.0
Chicago,2023-10-25,44,35.0
Chicago,2023-10-26,45,34.0
Chicago,2023-10-27,27,34.0
Chicago,2023-10-30,41,35.0
Chicago,2023-10-31,32,40.0
Chicago,2023-11-01,53,41.0
Chicago,2023-11-02,43,41.0
Chicago,2023-11-03,32,39.0
Chicago,2023-11-04,3,33.0
Chicago,2023-11-05,2,29.0
Chicago,2023-11-06,44,30.0
Chicago,2023-11-07,48,32.0
Chicago,2023-11-08,36,30.0
Chicago,2023-11-09,33,28.0
Chicago,2023-11-10,8,25.0
Chicago,2023-11-12,2,25.0
Chicago,2023-11-13,41,30.0
Chicago,2023-11-14,39,30.0
Chicago,2023-11-15,44,29.0
Chicago,2023-11-16,38,29.0
Chicago,2023-11-17,22,28.0
Chicago,2023-11-18,1,27.0
Chicago,2023-11-19,1,27.0
Chicago,2023-11-20,15,23.0
Chicago,2023-11-21,21,20.0
Chicago,2023-11-22,24,17.0
Chicago,2023-11-23,1,12.0
Chicago,2023-11-24,11,11.0
Chicago,2023-11-25,1,11.0
Chicago,2023-11-27,29,15.0
Chicago,2023-11-28,39,18.0
Chicago,2023-11-29,46,22.0
Chicago,2023-11-30,27,22.0
Chicago,2023-12-01,41,28.0
Chicago,2023-12-02,11,28.0
Chicago,2023-12-04,29,32.0
Chicago,2023-12-05,54,35.0
Chicago,2023-12-06,29,34.0
Chicago,2023-12-07,35,32.0
Chicago,2023-12-08,22,32.0
Chicago,2023-12-09,2,26.0
Chicago,2023-12-10,2,25.0
Chicago,2023-12-11,46,27.0
Chicago,2023-12-12,23,23.0
Chicago,2023-12-13,32,23.0
Chicago,2023-12-14,35,23.0
Chicago,2023-12-15,34,25.0
Chicago,2023-12-18,38,30.0
Chicago,2023-12-19,30,34.0
Chicago,2023-12-20,42,33.0
Chicago,2023-12-21,41,36.0
Chicago,2023-12-22,13,33.0
Chicago,2023-12-23,2,29.0
Chicago,2023-12-24,3,24.0
Chicago,2023-12-26,12,20.0
Chicago,2023-12-27,20,19.0
Chicago,2023-12-28,12,15.0
Chicago,2023-12-29,12,11.0
Chicago,2023-12-30,1,9.0
Chicago,2024-01-01,3,9.0
Chicago,2024-01-02,22,12.0
Chicago,2024-01-03,24,13.0
Chicago,2024-01-04,40,16.0
Chicago,2024-01-05,26,18.0
Chicago,2024-01-06,1,17.0
Chicago,2024-01-08,20,19.0
Chicago,2024-01-09,38,24.0
Chicago,2024-01-10,29,25.0
Chicago,2024-01-11,30,26.0
Chicago,2024-01-12,20,23.0
Chicago,2024-01-13,54,27.0
Chicago,2024-01-14,1,27.0
Chicago,2024-01-15,8,26.0
Chicago,2024-01-16,35,25.0
Chicago,2024-01-17,40,27.0
Chicago,2024-01-18,43,29.0
Chicago,2024-01-19,18,28.0
Chicago,2024-01-21,2,21.0
Chicago,2024-01-22,31,25.0
Chicago,2024-01-23,30,28.0
Chicago,2024-01-24,55,31.0
Chicago,2024-01-25,35,31.0
Chicago,2024-01-26,34,29.0
Chicago,2024-01-27,1,27.0
Chicago,2024-01-29,35,32.0
Chicago,2024-01-30,44,33.0
Chicago,2024-01-31,31,34.0
Chicago,2024-02-01,51,33.0
Chicago,2024-02-02,25,32.0
Chicago,2024-02-03,3,27.0
Chicago,2024-02-04,1,27.0
Chicago,2024-02-05,32,27.0
Chicago,2024-02-06,34,25.0
Chicago,2024-02-07,32,25.0
Chicago,2024-02-08,52,26.0
Chicago,2024-02-09,34,27.0
Chicago,2024-02-10,3,27.0
Chicago,2024-02-11,2,27.0
Chicago,2024-02-12,34,27.0
Chicago,2024-02-13,33,27.0
Chicago,2024-02-14,45,29.0
Chicago,2024-02-15,25,25.0
Chicago,2024-02-16,33,25.0
Chicago,2024-02-17,2,25.0
Chicago,2024-02-18,1,25.0
Chicago,2024-02-19,7,21.0
Chicago,2024-02-20,24,20.0
Chicago,2024-02-21,38,19.0
Chicago,2024-02-22,35,20.0
Chicago,2024-02-23,22,18.0
Chicago,2024-02-24,3,19.0
Chicago,2024-02-26,37,24.0
Chicago,2024-02-27,39,28.0
Chicago,2024-02-28,41,31.0
Chicago,2024-02-29,26,29.0
Chicago,2024-03-01,25,28.0
Chicago,2024-03-02,2,25.0
Chicago,2024-03-04,26,28.0
Chicago,2024-03-05,43,29.0
Chicago,2024-03-06,37,29.0
Chicago,2024-03-07,51,30.0
Chicago,2024-03-08,35,31.0
Chicago,2024-03-09,2,28.0
Chicago,2024-03-10,4,28.0
Chicago,2024-03-11,41,30.0
Chicago,2024-03-12,36,29.0
Chicago,2024-03-13,51,31.0
Chicago,2024-03-14,31,29.0
Chicago,2024-03-15,15,26.0
Chicago,2024-03-17,4,26.0
Chicago,2024-03-18,35,30.0
Chicago,2024-03-19,41,30.0
Chicago,2024-03-20,37,31.0
Chicago,2024-03-21,42,29.0
Chicago,2024-03-22,27,29.0
Chicago,2024-03-23,4,27.0
Chicago,2024-03-25,41,32.0
Chicago,2024-03-26,34,32.0
Chicago,2024-03-27,38,32.0
Chicago,2024-03-28,58,35.0
Chicago,2024-03-29,29,33.0
Chicago,2024-04-01,38,35.0
Chicago,2024-04-02,31,38.0
Chicago,2024-04-03,43,39.0
Chicago,2024-04-04,20,37.0
Chicago,2024-04-05,35,36.0
Chicago,2024-04-07,5,29.0
Chicago,2024-04-08,19,27.0
Chicago,2024-04-09,32,26.0
Chicago,2024-04-10,40,28.0
Chicago,2024-04-11,36,27.0
Chicago,2024-04-12,34,29.0
Chicago,2024-04-13,1,24.0
Chicago,2024-04-14,2,23.0
Chicago,2024-04-15,38,26.0
Chicago,2024-04-16,52,29.0
Chicago,2024-04-17,50,30.0
Chicago,2024-04-18,39,31.0
Chicago,2024-04-19,32,31.0
Chicago,2024-04-20,1,31.0
Chicago,2024-04-21,7,31.0
Chicago,2024-04-22,32,30.0
Chicago,2024-04-23,43,29.0
Chicago,2024-04-24,33,27.0
Chicago,2024-04-25,38,27.0
Chicago,2024-04-26,30,26.0
Chicago,2024-04-29,47,33.0
Chicago,2024-04-30,51,39.0
Chicago,2024-05-01,54,42.0
Chicago,2024-05-02,51,43.0
Chicago,2024-05-03,43,45.0
Chicago,2024-05-04,1,40.0
Chicago,2024-05-05,1,35.0
Chicago,2024-05-06,51,36.0
Chicago,2024-05-07,39,34.0
Chicago,2024-05-08,42,33.0
Chicago,2024-05-09,48,32.0
Chicago,2024-05-10,48,33.0
Chicago,2024-05-11,2,33.0
Chicago,2024-05-12,5,34.0
Chicago,2024-05-13,28,30.0
Chicago,2024-05-14,34,30.0
Chicago,2024-05-15,48,30.0
Chicago,2024-05-16,27,27.0
Chicago,2024-05-17,41,26.0
Chicago,2024-05-18,2,26.0
Chicago,2024-05-19,5,26.0
Chicago,2024-05-20,49,29.0
Chicago,2024-05-21,36,30.0
Chicago,2024-05-22,40,29.0
Chicago,2024-05-23,44,31.0
Chicago,2024-05-24,23,28.0
Chicago,2024-05-26,2,28.0
Chicago,2024-05-27,3,28.0
Chicago,2024-05-28,29,25.0
Chicago,2024-05-29,36,25.0
Chicago,2024-05-30,31,24.0
Chicago,2024-05-31,28,22.0
Chicago,2024-06-02,5,19.0
Chicago,2024-06-03,20,22.0
Chicago,2024-06-04,29,25.0
Chicago,2024-06-05,20,24.0
Chicago,2024-06-06,56,27.0
Chicago,2024-06-07,33,27.0
Chicago,2024-06-08,1,23.0
Chicago,2024-06-09,2,23.0
Chicago,2024-06-10,48,27.0
Chicago,2024-06-11,30,27.0
Chicago,2024-06-12,28,28.0
Chicago,2024-06-13,29,24.0
Chicago,2024-06-14,37,25.0
Chicago,2024-06-17,28,29.0
Chicago,2024-06-18,53,36.0
Chicago,2024-06-19,9,31.0
Chicago,2024-06-20,24,30.0
Chicago,2024-06-21,24,29.0
Chicago,2024-06-22,1,25.0
Chicago,2024-06-23,2,20.0
Chicago,2024-06-24,27,20.0
Chicago,2024-06-25,34,17.0
Chicago,2024-06-26,37,21.0
Chicago,2024-06-27,30,22.0
Chicago,2024-06-28,25,22.0
Chicago,2024-06-29,6,23.0
Chicago,2024-06-30,8,24.0
Chicago,2024-07-01,26,24.0
Chicago,2024-07-02,43,25.0
Chicago,2024-07-03,60,28.0
Chicago,2024-07-04,3,24.0
Chicago,2024-07-05,19,24.0
Chicago,2024-07-06,1,23.0
Chicago,2024-07-07,1,22.0
Chicago,2024-07-08,45,25.0
Chicago,2024-07-09,27,22.0
Chicago,2024-07-10,39,19.0
Chicago,2024-07-11,31,23.0
Chicago,2024-07-12,33,25.0
Chicago,2024-07-13,1,25.0
Chicago,2024-07-14,2,25.0
Chicago,2024-07-15,27,23.0
Chicago,2024-07-16,22,22.0
Chicago,2024-07-17,30,21.0
Chicago,2024-07-18,22,20.0
Chicago,2024-07-19,19,18.0
Chicago,2024-07-21,2,18.0
Chicago,2024-07-22,22,21.0
Chicago,2024-07-23,36,22.0
Chicago,2024-07-24,23,22.0
Chicago,2024-07-25,27,22.0
Chicago,2024-07-26,30,23.0
Chicago,2024-07-29,20,23.0
Chicago,2024-07-30,30,27.0
Chicago,2024-07-31,32,28.0
Chicago,2024-08-01,36,28.0
Chicago,2024-08-02,24,28.0
Chicago,2024-08-04,3,25.0
Chicago,2024-08-05,31,25.0
Chicago,2024-08-06,31,27.0
Chicago,2024-08-07,32,27.0
Chicago,2024-08-08,31,27.0
Chicago,2024-08-09,44,28.0
Chicago,2024-08-10,2,25.0
Chicago,2024-08-11,2,25.0
Chicago,2024-08-12,22,23.0
Chicago,2024-08-13,35,24.0
Chicago,2024-08-14,28,23.0
Chicago,2024-08-15,20,22.0
Chicago,2024-08-16,26,19.0
Chicago,2024-08-17,1,19.0
Chicago,2024-08-18,1,19.0
Chicago,2024-08-19,39,21.0
Chicago,2024-08-20,52,24.0
Chicago,2024-08-21,32,24.0
Chicago,2024-08-22,36,27.0
Chicago,2024-08-23,25,27.0
Chicago,2024-08-26,24,30.0
Chicago,2024-08-27,22,33.0
Chicago,2024-08-28,38,33.0
Chicago,2024-08-29,24,29.0
Chicago,2024-08-30,30,28.0
Chicago,2024-08-31,1,23.0
Chicago,2024-09-01,5,21.0
Chicago,2024-09-02,6,18.0
Chicago,2024-09-03,37,20.0
Chicago,2024-09-04,49,22.0
Chicago,2024-09-05,26,22.0
Chicago,2024-09-06,54,25.0
Chicago,2024-09-07,1,25.0
Chicago,2024-09-09,46,31.0
Chicago,2024-09-10,41,36.0
Chicago,2024-09-11,29,35.0
Chicago,2024-09-12,30,32.0
Chicago,2024-09-13,41,35.0
Chicago,2024-09-14,3,27.0
Chicago,2024-09-15,2,27.0
Chicago,2024-09-16,47,28.0
Chicago,2024-09-17,45,28.0
Chicago,2024-09-18,31,28.0
Chicago,2024-09-19,56,32.0
Chicago,2024-09-20,29,30.0
Chicago,2024-09-21,1,30.0
Chicago,2024-09-22,2,30.0
Chicago,2024-09-23,18,26.0
Chicago,2024-09-24,39,25.0
Chicago,2024-09-25,42,27.0
Chicago,2024-09-26,24,22.0
Chicago,2024-09-27,45,24.0
Chicago,2024-09-28,2,25.0
Chicago,2024-09-30,55,32.0
Chicago,2024-10-01,34,34.0
Chicago,2024-10-02,41,35.0
Chicago,2024-10-03,42,35.0
Chicago,2024-10-04,32,36.0
Chicago,2024-10-05,2,30.0
Chicago,2024-10-06,2,30.0
Chicago,2024-10-07,34,27.0
Chicago,2024-10-08,37,27.0
Chicago,2024-10-09,51,29.0
Chicago,2024-10-10,41,28.0
Chicago,2024-10-11,39,29.0
Chicago,2024-10-12,1,29.0
Chicago,2024-10-13,1,29.0
Chicago,2024-10-14,16,27.0
Chicago,2024-10-15,41,27.0
Chicago,2024-10-16,34,25.0
Chicago,2024-10-17,33,24.0
Chicago,2024-10-18,34,23.0
Chicago,2024-10-19,3,23.0
Chicago,2024-10-20,2,23.0
Chicago,2024-10-21,30,25.0
Chicago,2024-10-22,31,24.0
Chicago,2024-10-23,27,23.0
Chicago,2024-10-24,30,22.0
Chicago,2024-10-25,29,22.0
Chicago,2024-10-26,3,22.0
Chicago,2024-10-27,1,22.0
Chicago,2024-10-28,33,22.0
Chicago,2024-10-29,28,22.0
Chicago,2024-10-30,41,24.0
Chicago,2024-10-31,31,24.0
Chicago,2024-11-01,32,24.0
Chicago,2024-11-02,2,24.0
Chicago,2024-11-03,2,24.0
Chicago,2024-11-04,33,24.0
Chicago,2024-11-05,34,25.0
Chicago,2024-11-06,20,22.0
Chicago,2024-11-07,15,20.0
Chicago,2024-11-08,25,19.0
Chicago,2024-11-09,3,19.0
Chicago,2024-11-10,1,19.0
Chicago,2024-11-11,10,15.0
Chicago,2024-11-12,41,16.0
Chicago,2024-11-13,33,18.0
Chicago,2024-11-14,45,23.0
Chicago,2024-11-15,29,23.0
Chicago,2024-11-16,4,23.0
Chicago,2024-11-17,2,23.0
Chicago,2024-11-18,21,25.0
Chicago,2024-11-19,35,24.0
Chicago,2024-11-20,36,25.0
Chicago,2024-11-21,27,22.0
Chicago,2024-11-22,30,22.0
Chicago,2024-11-23,1,22.0
Chicago,2024-11-24,2,22.0
Chicago,2024-11-25,40,24.0
Chicago,2024-11-26,27,23.0
Chicago,2024-11-27,26,22.0
Chicago,2024-11-29,17,20.0
Chicago,2024-11-30,1,16.0
Chicago,2024-12-02,18,19.0
Chicago,2024-12-03,24,22.0
Chicago,2024-12-04,29,20.0
Chicago,2024-12-05,24,20.0
Chicago,2024-12-06,33,21.0
Chicago,2024-12-07,3,19.0
Chicago,2024-12-08,4,19.0
Chicago,2024-12-09,36,22.0
Chicago,2024-12-10,38,24.0
Chicago,2024-12-11,20,23.0
Chicago,2024-12-12,28,23.0
Chicago,2024-12-13,27,22.0
Chicago,2024-12-14,7,23.0
Chicago,2024-12-15,5,23.0
Chicago,2024-12-16,44,24.0
Chicago,2024-12-17,38,24.0
Chicago,2024-12-18,23,25.0
Chicago,2024-12-19,31,25.0
Chicago,2024-12-20,22,24.0
Chicago,2024-12-21,3,24.0
Chicago,2024-12-23,16,25.0
Chicago,2024-12-24,3,19.0
Chicago,2024-12-26,16,16.0
Chicago,2024-12-27,12,15.0
Chicago,2024-12-28,1,10.0
Chicago,2024-12-29,2,8.0
Chicago,2024-12-30,17,10.0
Chicago,2024-12-31,23,11.0
Chicago,2025-01-01,1,10.0
Chicago,2025-01-02,18,11.0
Chicago,2025-01-03,27,13.0
Chicago,2025-01-04,1,13.0
Chicago,2025-01-06,4,13.0
Chicago,2025-01-07,22,14.0
Chicago,2025-01-08,20,13.0
Chicago,2025-01-09,6,14.0
Chicago,2025-01-10,16,14.0
Chicago,2025-01-11,1,10.0
Chicago,2025-01-12,2,10.0
Chicago,2025-01-13,19,12.0
Chicago,2025-01-14,23,12.0
Chicago,2025-01-15,18,12.0
Chicago,2025-01-16,17,14.0
Chicago,2025-01-17,21,14.0
Chicago,2025-01-18,2,15.0
Chicago,2025-01-20,5,15.0
Chicago,2025-01-21,21,15.0
Chicago,2025-01-22,33,17.0
Chicago,2025-01-23,41,20.0
Chicago,2025-01-24,38,23.0
Chicago,2025-01-25,6,21.0
Chicago,2025-01-26,60,29.0
Chicago,2025-01-27,44,35.0
Chicago,2025-01-28,50,39.0
Chicago,2025-01-29,48,41.0
Chicago,2025-01-30,41,41.0
Chicago,2025-01-31,46,42.0
Chicago,2025-02-01,32,46.0
Chicago,2025-02-02,20,40.0
Chicago,2025-02-03,22,37.0
Chicago,2025-02-04,30,34.0
Chicago,2025-02-05,49,34.0
Chicago,2025-02-06,54,36.0
Chicago,2025-02-07,65,39.0
Chicago,2025-02-08,14,36.0
Chicago,2025-02-09,15,36.0
Chicago,2025-02-10,40,38.0
Chicago,2025-02-11,53,41.0
Chicago,2025-02-12,27,38.0
Chicago,2025-02-13,35,36.0
Chicago,2025-02-14,54,34.0
Chicago,2025-02-15,21,35.0
Chicago,2025-02-16,16,35.0
Chicago,2025-02-17,26,33.0
Chicago,2025-02-18,40,31.0
Chicago,2025-02-19,46,34.0
Chicago,2025-02-20,48,36.0
Chicago,2025-02-21,48,35.0
Chicago,2025-02-22,24,35.0
Chicago,2025-02-23,23,36.0
Chicago,2025-02-24,48,40.0
Chicago,2025-02-25,53,41.0
Chicago,2025-02-26,46,41.0
Chicago,2025-02-27,55,42.0
Chicago,2025-02-28,35,41.0
Chicago,2025-03-01,21,40.0
Chicago,2025-03-02,22,40.0
Chicago,2025-03-03,40,39.0
Chicago,2025-03-04,43,37.0
Chicago,2025-03-05,41,37.0
Chicago,2025-03-06,50,36.0
Chicago,2025-03-07,50,38.0
Chicago,2025-03-08,15,37.0
Chicago,2025-03-09,12,36.0
Chicago,2025-03-10,50,37.0
Chicago,2025-03-11,82,43.0
Chicago,2025-03-12,70,47.0
Chicago,2025-03-13,56,48.0
Chicago,2025-03-14,40,46.0
Chicago,2025-03-15,19,47.0
Chicago,2025-03-16,19,48.0
Chicago,2025-03-17,36,46.0
Chicago,2025-03-18,58,43.0
Chicago,2025-03-19,50,40.0
Chicago,2025-03-20,45,38.0
Chicago,2025-03-21,50,40.0
Chicago,2025-03-22,16,39.0
Chicago,2025-03-23,19,39.0
Chicago,2025-03-24,37,39.0
Chicago,2025-03-25,40,37.0
Chicago,2025-03-26,51,37.0
Chicago,2025-03-27,30,35.0
Chicago,2025-03-28,37,33.0
Chicago,2025-03-29,16,33.0
Chicago,2025-03-30,23,33.0
Chicago,2025-03-31,39,34.0
Chicago,2025-04-01,39,34.0
Chicago,2025-04-02,40,32.0
Chicago,2025-04-03,45,34.0
Chicago,2025-04-04,33,34.0
Chicago,2025-04-05,20,34.0
Chicago,2025-04-06,15,33.0
Chicago,2025-04-07,36,33.0
Chicago,2025-04-08,52,34.0
Chicago,2025-04-09,51,36.0
Chicago,2025-04-10,46,36.0
Chicago,2025-04-11,50,39.0
Chicago,2025-04-12,8,37.0
Chicago,2025-04-13,16,37.0
Chicago,2025-04-14,36,37.0
Chicago,2025-04-15,49,37.0
Chicago,2025-04-16,47,36.0
Chicago,2025-04-17,51,37.0
Chicago,2025-04-18,47,36.0
Chicago,2025-04-19,7,36.0
Chicago,2025-04-20,11,35.0
Chicago,2025-04-21,38,36.0
Chicago,2025-04-22,60,37.0
Chicago,2025-04-23,40,36.0
Chicago,2025-04-24,53,37.0
Chicago,2025-04-25,63,39.0
Chicago,2025-04-26,14,40.0
Chicago,2025-04-27,12,40.0
Chicago,2025-04-28,35,40.0
Chicago,2025-04-29,54,39.0
Chicago,2025-04-30,69,43.0
Chicago,2025-05-01,69,45.0
Chicago,2025-05-02,26,40.0
Chicago,2025-05-03,12,40.0
Chicago,2025-05-04,21,41.0
Chicago,2025-05-05,48,43.0
Chicago,2025-05-06,46,42.0
Chicago,2025-05-07,55,40.0
Chicago,2025-05-08,50,37.0
Chicago,2025-05-09,40,39.0
Chicago,2025-05-10,16,39.0
Chicago,2025-05-11,19,39.0
Chicago,2025-05-12,47,39.0
Chicago,2025-05-13,51,40.0
Chicago,2025-05-14,60,40.0
Chicago,2025-05-15,45,40.0
Chicago,2025-05-16,45,40.0
Chicago,2025-05-17,24,42.0
Chicago,2025-05-18,21,42.0
Chicago,2025-05-19,48,42.0
Chicago,2025-05-20,82,46.0
Chicago,2025-05-21,96,52.0
Chicago,2025-05-22,68,55.0
Chicago,2025-05-23,45,55.0
Chicago,2025-05-24,21,54.0
Chicago,2025-05-25,27,55.0
Chicago,2025-05-26,20,51.0
Chicago,2025-05-27,41,45.0
Chicago,2025-05-28,61,40.0
Chicago,2025-05-29,77,42.0
Chicago,2025-05-30,52,43.0
Chicago,2025-05-31,27,44.0
Chicago,2025-06-01,21,43.0
Chicago,2025-06-02,46,46.0
Chicago,2025-06-03,125,58.0
Chicago,2025-06-04,179,75.0
Chicago,2025-06-05,62,73.0
Chicago,2025-06-06,65,75.0
Chicago,2025-06-07,28,75.0
Chicago,2025-06-08,26,76.0
Chicago,2025-06-09,74,80.0
Chicago,2025-06-10,63,71.0
Chicago,2025-06-11,69,55.0
Chicago,2025-06-12,71,57.0
Chicago,2025-06-13,33,52.0
Chicago,2025-06-14,23,51.0
Chicago,2025-06-15,19,50.0
Chicago,2025-06-16,46,46.0
Chicago,2025-06-17,60,46.0
Chicago,2025-06-18,59,44.0
Chicago,2025-06-19,42,40.0
Chicago,2025-06-20,44,42.0
Chicago,2025-06-21,25,42.0
Chicago,2025-06-22,24,43.0
Chicago,2025-06-23,32,41.0
Chicago,2025-06-24,48,39.0
Chicago,2025-06-25,56,39.0
Chicago,2025-06-26,61,41.0
Chicago,2025-06-27,37,40.0
Chicago,2025-06-28,39,42.0
Chicago,2025-06-29,21,42.0
Chicago,2025-06-30,40,43.0
Chicago,2025-07-01,52,44.0
Chicago,2025-07-02,48,43.0
Chicago,2025-07-03,49,41.0
Chicago,2025-07-04,18,38.0
Chicago,2025-07-05,18,35.0
Chicago,2025-07-06,18,35.0
Chicago,2025-07-07,38,34.0
Chicago,2025-07-08,60,36.0
Chicago,2025-07-09,56,37.0
Chicago,2025-07-10,58,38.0
Chicago,2025-07-11,43,42.0
Chicago,2025-07-12,29,43.0
Chicago,2025-07-13,15,43.0
Chicago,2025-07-14,50,44.0
Chicago,2025-07-15,49,43.0
Chicago,2025-07-16,56,43.0
Chicago,2025-07-17,43,41.0
Chicago,2025-07-18,33,39.0
Chicago,2025-07-19,24,39.0
Chicago,2025-07-20,20,39.0
Chicago,2025-07-21,62,41.0
Chicago,2025-07-22,73,44.0
Chicago,2025-07-23,58,45.0
Chicago,2025-07-24,71,49.0
Chicago,2025-07-25,47,51.0
Chicago,2025-07-26,24,51.0
Chicago,2025-07-27,37,53.0
Chicago,2025-07-28,43,50.0
Chicago,2025-07-29,54,48.0
Chicago,2025-07-30,43,46.0
Chicago,2025-07-31,57,44.0
Chicago,2025-08-01,49,44.0
Chicago,2025-08-02,33,45.0
Chicago,2025-08-03,19,43.0
Chicago,2025-08-04,44,43.0
Chicago,2025-08-05,41,41.0
Chicago,2025-08-06,61,43.0
Chicago,2025-08-07,61,44.0
Chicago,2025-08-08,62,46.0
Chicago,2025-08-09,33,46.0
Chicago,2025-08-10,37,48.0
Chicago,2025-08-11,58,50.0
Chicago,2025-08-12,54,52.0
Chicago,2025-08-13,61,52.0
Chicago,2025-08-14,61,52.0
Chicago,2025-08-15,38,49.0
Chicago,2025-08-16,19,47.0
Chicago,2025-08-17,23,45.0
Chicago,2025-08-18,50,44.0
Chicago,2025-08-19,50,43.0
Chicago,2025-08-20,53,42.0
Chicago,2025-08-21,44,40.0
Chicago,2025-08-22,35,39.0
Chicago,2025-08-23,30,41.0
Chicago,2025-08-24,29,42.0
Chicago,2025-08-25,57,43.0
Chicago,2025-08-26,50,43.0
Chicago,2025-08-27,65,44.0
Chicago,2025-08-28,61,47.0
Chicago,2025-08-29,62,51.0
Chicago,2025-08-30,18,49.0
Chicago,2025-08-31,20,48.0
Chicago,2025-09-01,14,41.0
Chicago,2025-09-02,57,42.0
Chicago,2025-09-03,73,44.0
Chicago,2025-09-04,60,43.0
Chicago,2025-09-05,42,41.0
Chicago,2025-09-06,19,41.0
Chicago,2025-09-07,20,41.0
Chicago,2025-09-08,30,43.0
Chicago,2025-09-09,63,44.0
Chicago,2025-09-10,55,41.0
Chicago,2025-09-11,53,40.0
Chicago,2025-09-12,72,45.0
Chicago,2025-09-13,40,48.0
Chicago,2025-09-14,52,52.0
Chicago,2025-09-15,68,58.0
Chicago,2025-09-16,70,59.0
Chicago,2025-09-17,102,65.0
Chicago,2025-09-18,91,71.0
Chicago,2025-09-19,74,71.0
Chicago,2025-09-20,41,71.0
Chicago,2025-09-21,68,73.0
Chicago,2025-09-22,53,71.0
Chicago,2025-09-23,89,74.0
Chicago,2025-09-24,86,72.0
Chicago,2025-09-25,103,73.0
Chicago,2025-09-26,59,71.0
Chicago,2025-09-27,45,72.0
Chicago,2025-09-28,62,71.0
Chicago,2025-09-29,75,74.0
Chicago,2025-09-30,106,77.0
Chicago,2025-10-01,124,82.0
Chicago,2025-10-02,103,82.0
Chicago,2025-10-03,78,85.0
Chicago,2025-10-04,67,88.0
Chicago,2025-10-05,66,88.0
Chicago,2025-10-06,77,89.0
Chicago,2025-10-07,109,89.0
Chicago,2025-10-08,72,82.0
Chicago,2025-10-09,101,81.0
Chicago,2025-10-10,125,88.0
Chicago,2025-10-11,80,90.0
Chicago,2025-10-12,96,94.0
Chicago,2025-10-13,103,98.0
Chicago,2025-10-14,134,102.0
Chicago,2025-10-15,124,109.0
Chicago,2025-10-16,134,114.0
Chicago,2025-10-17,117,113.0
Chicago,2025-10-18,61,110.0
Chicago,2025-10-19,86,108.0
Chicago,2025-10-20,96,107.0
Chicago,2025-10-21,124,106.0
Chicago,2025-10-22,130,107.0
Chicago,2025-10-23,135,107.0
Chicago,2025-10-24,112,106.0
Chicago,2025-10-25,86,110.0
Chicago,2025-10-26,78,109.0
Chicago,2025-10-27,108,110.0
Chicago,2025-10-28,143,113.0
Chicago,2025-10-29,136,114.0
Chicago,2025-10-30,149,116.0
Chicago,2025-10-31,142,120.0
Chicago,2025-11-01,105,123.0
Chicago,2025-11-02,96,126.0
Chicago,2025-11-03,107,125.0
Chicago,2025-11-04,127,123.0
Chicago,2025-11-05,146,125.0
Chicago,2025-11-06,135,123.0
Chicago,2025-11-07,111,118.0
Chicago,2025-11-08,70,113.0
Chicago,2025-11-09,45,106.0
Chicago,2025-11-10,68,100.0
Chicago,2025-11-11,58,90.0
Chicago,2025-11-12,84,82.0
Chicago,2025-11-13,82,74.0
Chicago,2025-11-14,55,66.0
Chicago,2025-11-15,21,59.0
Chicago,2025-11-16,42,59.0
Chicago,2025-11-17,68,59.0
Chicago,2025-11-18,77,61.0
Chicago,2025-11-19,84,61.0
Chicago,2025-11-20,82,61.0
Chicago,2025-11-21,70,63.0
Chicago,2025-11-22,32,65.0
Chicago,2025-11-23,34,64.0
Chicago,2025-11-24,57,62.0
Chicago,2025-11-25,79,63.0
Chicago,2025-11-26,84,63.0
Chicago,2025-11-27,12,53.0
Chicago,2025-11-28,34,47.0
Chicago,2025-11-29,27,47.0
Chicago,2025-11-30,23,45.0
Chicago,2025-12-01,72,47.0
Chicago,2025-12-02,60,45.0
Chicago,2025-12-03,59,41.0
Chicago,2025-12-04,90,52.0
Chicago,2025-12-05,68,57.0
Chicago,2025-12-06,42,59.0
Chicago,2025-12-07,31,60.0
Chicago,2025-12-08,54,58.0
Chicago,2025-12-09,101,64.0
Chicago,2025-12-10,66,65.0
Chicago,2025-12-11,65,61.0
Chicago,2025-12-12,69,61.0
Chicago,2025-12-13,38,61.0
Chicago,2025-12-14,34,61.0
Chicago,2025-12-15,48,60.0
Chicago,2025-12-16,108,61.0
Chicago,2025-12-17,133,71.0
Chicago,2025-12-18,76,72.0
Chicago,2025-12-19,68,72.0
Chicago,2025-12-20,36,72.0
Chicago,2025-12-21,32,72.0
Chicago,2025-12-22,56,73.0
Chicago,2025-12-23,64,66.0
Chicago,2025-12-24,42,53.0
Chicago,2025-12-25,12,44.0
Chicago,2025-12-26,23,38.0
Chicago,2025-12-27,23,36.0
Chicago,2025-12-28,21,34.0
Chicago,2025-12-29,48,33.0
Chicago,2025-12-30,60,33.0
Chicago,2025-12-31,25,30.0
Chicago,2026-01-01,22,32.0
Chicago,2026-01-02,34,33.0
Chicago,2026-01-03,31,34.0
Chicago,2026-01-04,33,36.0
Chicago,2026-01-05,38,35.0
Chicago,2026-01-06,47,33.0
Chicago,2026-01-07,66,39.0
Chicago,2026-01-08,74,46.0
Chicago,2026-01-09,68,51.0
Chicago,2026-01-10,31,51.0
Chicago,2026-01-11,36,51.0
Chicago,2026-01-12,47,53.0
Chicago,2026-01-13,85,58.0
Chicago,2026-01-14,96,62.0
Chicago,2026-01-15,64,61.0
Chicago,2026-01-16,66,61.0
Chicago,2026-01-17,32,61.0
Chicago,2026-01-18,21,59.0
Chicago,2026-01-19,20,55.0
Chicago,2026-01-20,64,52.0
Chicago,2026-01-21,67,48.0
Chicago,2026-01-22,84,51.0
Chicago,2026-01-23,61,50.0
Chicago,2026-01-24,27,49.0
Chicago,2026-01-25,10,48.0
Chicago,2026-01-26,45,51.0
Chicago,2026-01-27,55,50.0
Chicago,2026-01-28,66,50.0
Chicago,2026-01-29,60,46.0
Chicago,2026-01-30,51,45.0
Chicago,2026-01-31,30,45.0
Chicago,2026-02-01,22,47.0
Chicago,2026-02-02,55,48.0
Chicago,2026-02-03,82,52.0
Chicago,2026-02-04,72,53.0
Chicago,2026-02-05,91,58.0
Chicago,2026-02-06,64,59.0
Chicago,2026-02-07,31,60.0
Chicago,2026-02-08,40,62.0
Chicago,2026-02-09,65,64.0
Chicago,2026-02-10,76,63.0
Chicago,2026-02-11,98,66.0
Chicago,2026-02-12,78,65.0
Chicago,2026-02-13,75,66.0
Chicago,2026-02-14,28,66.0
Chicago,2026-02-15,36,65.0
Chicago,2026-02-16,44,62.0
Chicago,2026-02-17,91,64.0
Chicago,2026-02-18,73,61.0
Chicago,2026-02-19,77,61.0
Chicago,2026-02-20,67,59.0
Chicago,2026-02-21,38,61.0
Chicago,2026-02-22,36,61.0
Chicago,2026-02-23,53,62.0
Chicago,2026-02-24,77,60.0
Chicago,2026-02-25,73,60.0
Chicago,2026-02-26,79,60.0
Chicago,2026-02-27,75,62.0
Chicago,2026-02-28,33,61.0
Chicago,2026-03-01,41,62.0
Chicago,2026-03-02,64,63.0
Chicago,2026-03-03,79,63.0
Chicago,2026-03-04,95,67.0
Chicago,2026-03-05,60,64.0
Chicago,2026-03-06,71,63.0
Chicago,2026-03-07,37,64.0
Chicago,2026-03-08,26,62.0
Chicago,2026-03-09,83,64.0
Chicago,2026-03-10,116,70.0
Dallas,2022-10-01,3,57.0
Dallas,2022-10-02,13,50.0
Dallas,2022-10-03,101,54.0
Dallas,2022-10-04,107,64.0
Dallas,2022-10-05,99,75.0
Dallas,2022-10-06,87,75.0
Dallas,2022-10-07,82,70.0
Dallas,2022-10-08,2,70.0
Dallas,2022-10-09,20,71.0
Dallas,2022-10-10,22,60.0
Dallas,2022-10-11,116,61.0
Dallas,2022-10-12,117,64.0
Dallas,2022-10-13,102,66.0
Dallas,2022-10-14,94,68.0
Dallas,2022-10-16,14,69.0
Dallas,2022-10-17,99,81.0
Dallas,2022-10-18,110,93.0
Dallas,2022-10-19,75,87.0
Dallas,2022-10-20,108,86.0
Dallas,2022-10-21,82,83.0
Dallas,2022-10-22,3,70.0
Dallas,2022-10-23,19,71.0
Dallas,2022-10-24,93,70.0
Dallas,2022-10-25,140,74.0
Dallas,2022-10-26,111,79.0
Dallas,2022-10-27,97,78.0
Dallas,2022-10-28,88,79.0
Dallas,2022-10-29,2,79.0
Dallas,2022-10-30,9,77.0
Dallas,2022-10-31,129,82.0
Dallas,2022-11-01,77,73.0
Dallas,2022-11-02,99,72.0
Dallas,2022-11-03,91,71.0
Dallas,2022-11-04,90,71.0
Dallas,2022-11-05,2,71.0
Dallas,2022-11-06,26,73.0
Dallas,2022-11-07,93,68.0
Dallas,2022-11-08,115,74.0
Dallas,2022-11-09,94,73.0
Dallas,2022-11-10,87,72.0
Dallas,2022-11-11,54,67.0
Dallas,2022-11-13,18,70.0
Dallas,2022-11-14,81,77.0
Dallas,2022-11-15,96,78.0
Dallas,2022-11-16,81,73.0
Dallas,2022-11-17,58,68.0
Dallas,2022-11-18,81,67.0
Dallas,2022-11-19,1,59.0
Dallas,2022-11-20,26,61.0
Dallas,2022-11-21,54,57.0
Dallas,2022-11-22,93,56.0
Dallas,2022-11-23,52,52.0
Dallas,2022-11-24,2,44.0
Dallas,2022-11-25,50,40.0
Dallas,2022-11-26,1,40.0
Dallas,2022-11-28,85,48.0
Dallas,2022-11-29,75,51.0
Dallas,2022-11-30,48,45.0
Dallas,2022-12-01,50,44.0
Dallas,2022-12-02,61,53.0
Dallas,2022-12-03,1,46.0
Dallas,2022-12-04,19,48.0
Dallas,2022-12-05,63,45.0
Dallas,2022-12-06,52,42.0
Dallas,2022-12-07,83,47.0
Dallas,2022-12-08,64,49.0
Dallas,2022-12-09,47,47.0
Dallas,2022-12-10,3,47.0
Dallas,2022-12-11,21,48.0
Dallas,2022-12-12,41,44.0
Dallas,2022-12-13,55,45.0
Dallas,2022-12-14,48,40.0
Dallas,2022-12-15,59,39.0
Dallas,2022-12-16,64,42.0
Dallas,2022-12-17,1,41.0
Dallas,2022-12-18,19,41.0
Dallas,2022-12-19,84,47.0
Dallas,2022-12-20,72,50.0
Dallas,2022-12-21,62,52.0
Dallas,2022-12-22,49,50.0
Dallas,2022-12-23,22,44.0
Dallas,2022-12-24,14,46.0
Dallas,2022-12-26,16,46.0
Dallas,2022-12-27,38,39.0
Dallas,2022-12-28,44,35.0
Dallas,2022-12-29,42,32.0
Dallas,2022-12-30,43,31.0
Dallas,2022-12-31,16,30.0
Dallas,2023-01-01,2,29.0
Dallas,2023-01-02,12,28.0
Dallas,2023-01-03,82,34.0
Dallas,2023-01-04,61,37.0
Dallas,2023-01-05,57,39.0
Dallas,2023-01-06,58,41.0
Dallas,2023-01-07,1,39.0
Dallas,2023-01-08,19,41.0
Dallas,2023-01-09,86,52.0
Dallas,2023-01-10,56,48.0
Dallas,2023-01-11,57,48.0
Dallas,2023-01-12,62,48.0
Dallas,2023-01-13,86,52.0
Dallas,2023-01-15,27,56.0
Dallas,2023-01-16,17,56.0
Dallas,2023-01-17,77,55.0
Dallas,2023-01-18,65,56.0
Dallas,2023-01-19,62,57.0
Dallas,2023-01-20,87,60.0
Dallas,2023-01-21,1,48.0
Dallas,2023-01-22,30,48.0
Dallas,2023-01-23,75,57.0
Dallas,2023-01-24,71,56.0
Dallas,2023-01-25,71,57.0
Dallas,2023-01-26,90,61.0
Dallas,2023-01-27,100,63.0
Dallas,2023-01-28,4,63.0
Dallas,2023-01-29,18,61.0
Dallas,2023-01-30,63,60.0
Dallas,2023-01-31,3,50.0
Dallas,2023-02-01,16,42.0
Dallas,2023-02-02,14,31.0
Dallas,2023-02-03,73,27.0
Dallas,2023-02-04,2,27.0
Dallas,2023-02-05,15,27.0
Dallas,2023-02-06,64,27.0
Dallas,2023-02-07,82,38.0
Dallas,2023-02-08,84,48.0
Dallas,2023-02-09,74,56.0
Dallas,2023-02-10,65,55.0
Dallas,2023-02-11,4,55.0
Dallas,2023-02-12,20,56.0
Dallas,2023-02-13,66,56.0
Dallas,2023-02-14,82,56.0
Dallas,2023-02-15,85,57.0
Dallas,2023-02-16,75,57.0
Dallas,2023-02-17,60,56.0
Dallas,2023-02-18,5,56.0
Dallas,2023-02-19,26,57.0
Dallas,2023-02-20,12,49.0
Dallas,2023-02-21,64,47.0
Dallas,2023-02-22,83,46.0
Dallas,2023-02-23,74,46.0
Dallas,2023-02-24,49,45.0
Dallas,2023-02-26,21,47.0
Dallas,2023-02-27,60,52.0
Dallas,2023-02-28,55,58.0
Dallas,2023-03-01,64,58.0
Dallas,2023-03-02,67,56.0
Dallas,2023-03-03,69,55.0
Dallas,2023-03-04,4,49.0
Dallas,2023-03-05,20,48.0
Dallas,2023-03-06,81,51.0
Dallas,2023-03-07,49,51.0
Dallas,2023-03-08,99,56.0
Dallas,2023-03-09,86,58.0
Dallas,2023-03-10,87,61.0
Dallas,2023-03-11,1,60.0
Dallas,2023-03-12,20,60.0
Dallas,2023-03-13,39,54.0
Dallas,2023-03-14,58,56.0
Dallas,2023-03-15,61,50.0
Dallas,2023-03-16,54,46.0
Dallas,2023-03-17,64,42.0
Dallas,2023-03-18,1,42.0
Dallas,2023-03-19,28,44.0
Dallas,2023-03-20,60,47.0
Dallas,2023-03-21,45,45.0
Dallas,2023-03-22,57,44.0
Dallas,2023-03-23,57,45.0
Dallas,2023-03-24,62,44.0
Dallas,2023-03-25,1,44.0
Dallas,2023-03-26,31,45.0
Dallas,2023-03-27,44,42.0
Dallas,2023-03-28,38,41.0
Dallas,2023-03-29,53,41.0
Dallas,2023-03-30,63,42.0
Dallas,2023-03-31,58,41.0
Dallas,2023-04-01,2,41.0
Dallas,2023-04-02,35,42.0
Dallas,2023-04-03,48,42.0
Dallas,2023-04-04,45,43.0
Dallas,2023-04-05,48,43.0
Dallas,2023-04-06,55,42.0
Dallas,2023-04-07,58,42.0
Dallas,2023-04-08,1,41.0
Dallas,2023-04-09,25,40.0
Dallas,2023-04-10,45,40.0
Dallas,2023-04-11,39,39.0
Dallas,2023-04-12,49,39.0
Dallas,2023-04-13,54,39.0
Dallas,2023-04-14,66,40.0
Dallas,2023-04-16,36,45.0
Dallas,2023-04-17,46,48.0
Dallas,2023-04-18,52,49.0
Dallas,2023-04-19,55,51.0
Dallas,2023-04-20,58,52.0
Dallas,2023-04-21,55,53.0
Dallas,2023-04-22,1,43.0
Dallas,2023-04-23,20,41.0
Dallas,2023-04-24,42,40.0
Dallas,2023-04-25,43,39.0
Dallas,2023-04-26,50,38.0
Dallas,2023-04-27,40,36.0
Dallas,2023-04-28,73,38.0
Dallas,2023-04-30,31,43.0
Dallas,2023-05-01,32,44.0
Dallas,2023-05-02,39,44.0
Dallas,2023-05-03,57,46.0
Dallas,2023-05-04,46,45.0
Dallas,2023-05-05,58,48.0
Dallas,2023-05-06,1,38.0
Dallas,2023-05-07,23,37.0
Dallas,2023-05-08,36,37.0
Dallas,2023-05-09,59,40.0
Dallas,2023-05-10,55,40.0
Dallas,2023-05-11,56,41.0
Dallas,2023-05-12,54,41.0
Dallas,2023-05-14,25,44.0
Dallas,2023-05-15,42,47.0
Dallas,2023-05-16,37,47.0
Dallas,2023-05-17,61,47.0
Dallas,2023-05-18,51,47.0
Dallas,2023-05-19,41,44.0
Dallas,2023-05-20,2,37.0
Dallas,2023-05-21,17,36.0
Dallas,2023-05-22,41,36.0
Dallas,2023-05-23,44,37.0
Dallas,2023-05-24,56,36.0
Dallas,2023-05-25,56,37.0
Dallas,2023-05-26,63,40.0
Dallas,2023-05-27,1,40.0
Dallas,2023-05-28,15,39.0
Dallas,2023-05-29,15,36.0
Dallas,2023-05-30,45,36.0
Dallas,2023-05-31,44,34.0
Dallas,2023-06-01,45,33.0
Dallas,2023-06-02,48,30.0
Dallas,2023-06-03,1,30.0
Dallas,2023-06-04,21,31.0
Dallas,2023-06-05,35,34.0
Dallas,2023-06-06,38,33.0
Dallas,2023-06-07,51,34.0
Dallas,2023-06-08,37,33.0
Dallas,2023-06-09,61,35.0
Dallas,2023-06-10,1,35.0
Dallas,2023-06-11,14,34.0
Dallas,2023-06-12,54,37.0
Dallas,2023-06-13,40,37.0
Dallas,2023-06-14,54,37.0
Dallas,2023-06-15,52,39.0
Dallas,2023-06-16,59,39.0
Dallas,2023-06-17,3,39.0
Dallas,2023-06-18,20,40.0
Dallas,2023-06-19,8,34.0
Dallas,2023-06-20,45,34.0
Dallas,2023-06-21,53,34.0
Dallas,2023-06-22,53,34.0
Dallas,2023-06-23,57,34.0
Dallas,2023-06-24,5,34.0
Dallas,2023-06-25,15,34.0
Dallas,2023-06-26,42,39.0
Dallas,2023-06-27,37,37.0
Dallas,2023-06-28,35,35.0
Dallas,2023-06-29,57,35.0
Dallas,2023-06-30,36,32.0
Dallas,2023-07-01,3,32.0
Dallas,2023-07-02,21,33.0
Dallas,2023-07-03,38,32.0
Dallas,2023-07-04,18,30.0
Dallas,2023-07-05,49,32.0
Dallas,2023-07-06,50,31.0
Dallas,2023-07-07,59,34.0
Dallas,2023-07-08,1,34.0
Dallas,2023-07-09,24,34.0
Dallas,2023-07-10,59,37.0
Dallas,2023-07-11,33,39.0
Dallas,2023-07-12,52,40.0
Dallas,2023-07-13,45,39.0
Dallas,2023-07-14,38,36.0
Dallas,2023-07-15,1,36.0
Dallas,2023-07-16,23,36.0
Dallas,2023-07-17,52,35.0
Dallas,2023-07-18,39,36.0
Dallas,2023-07-19,49,35.0
Dallas,2023-07-20,42,35.0
Dallas,2023-07-21,66,39.0
Dallas,2023-07-22,2,39.0
Dallas,2023-07-23,25,39.0
Dallas,2023-07-24,49,39.0
Dallas,2023-07-25,53,41.0
Dallas,2023-07-26,62,43.0
Dallas,2023-07-27,52,44.0
Dallas,2023-07-28,41,41.0
Dallas,2023-07-29,1,40.0
Dallas,2023-07-30,14,39.0
Dallas,2023-07-31,37,37.0
Dallas,2023-08-01,29,34.0
Dallas,2023-08-02,37,30.0
Dallas,2023-08-03,22,26.0
Dallas,2023-08-04,63,29.0
Dallas,2023-08-05,3,29.0
Dallas,2023-08-06,19,30.0
Dallas,2023-08-07,24,28.0
Dallas,2023-08-08,25,28.0
Dallas,2023-08-09,49,29.0
Dallas,2023-08-10,31,31.0
Dallas,2023-08-11,40,27.0
Dallas,2023-08-12,4,27.0
Dallas,2023-08-13,11,26.0
Dallas,2023-08-14,26,27.0
Dallas,2023-08-15,31,27.0
Dallas,2023-08-16,43,27.0
Dallas,2023-08-17,22,25.0
Dallas,2023-08-18,34,24.0
Dallas,2023-08-19,6,25.0
Dallas,2023-08-20,23,26.0
Dallas,2023-08-21,27,27.0
Dallas,2023-08-22,30,26.0
Dallas,2023-08-23,48,27.0
Dallas,2023-08-24,29,28.0
Dallas,2023-08-25,47,30.0
Dallas,2023-08-26,3,30.0
Dallas,2023-08-27,18,29.0
Dallas,2023-08-28,41,31.0
Dallas,2023-08-29,24,30.0
Dallas,2023-08-30,35,28.0
Dallas,2023-08-31,38,29.0
Dallas,2023-09-01,37,28.0
Dallas,2023-09-02,16,30.0
Dallas,2023-09-03,21,30.0
Dallas,2023-09-04,13,26.0
Dallas,2023-09-05,27,27.0
Dallas,2023-09-06,34,27.0
Dallas,2023-09-07,30,25.0
Dallas,2023-09-08,47,27.0
Dallas,2023-09-09,4,25.0
Dallas,2023-09-10,14,24.0
Dallas,2023-09-11,24,26.0
Dallas,2023-09-12,25,25.0
Dallas,2023-09-13,48,27.0
Dallas,2023-09-14,35,28.0
Dallas,2023-09-15,29,26.0
Dallas,2023-09-17,15,27.0
Dallas,2023-09-18,34,30.0
Dallas,2023-09-19,29,31.0
Dallas,2023-09-20,36,32.0
Dallas,2023-09-21,30,30.0
Dallas,2023-09-22,38,30.0
Dallas,2023-09-23,4,27.0
Dallas,2023-09-24,7,25.0
Dallas,2023-09-25,29,25.0
Dallas,2023-09-26,109,36.0
Dallas,2023-09-27,62,40.0
Dallas,2023-09-28,32,40.0
Dallas,2023-09-29,49,42.0
Dallas,2023-09-30,3,42.0
Dallas,2023-10-01,10,42.0
Dallas,2023-10-02,32,42.0
Dallas,2023-10-03,32,31.0
Dallas,2023-10-04,39,28.0
Dallas,2023-10-05,43,30.0
Dallas,2023-10-06,36,28.0
Dallas,2023-10-08,17,30.0
Dallas,2023-10-09,8,30.0
Dallas,2023-10-10,30,29.0
Dallas,2023-10-11,45,31.0
Dallas,2023-10-12,43,32.0
Dallas,2023-10-13,29,30.0
Dallas,2023-10-15,13,26.0
Dallas,2023-10-16,29,28.0
Dallas,2023-10-17,23,30.0
Dallas,2023-10-18,42,32.0
Dallas,2023-10-19,30,30.0
Dallas,2023-10-20,40,29.0
Dallas,2023-10-21,1,25.0
Dallas,2023-10-22,17,26.0
Dallas,2023-10-23,14,24.0
Dallas,2023-10-24,25,24.0
Dallas,2023-10-25,24,22.0
Dallas,2023-10-26,26,21.0
Dallas,2023-10-27,30,20.0
Dallas,2023-10-28,2,20.0
Dallas,2023-10-29,16,20.0
Dallas,2023-10-30,27,21.0
Dallas,2023-10-31,23,21.0
Dallas,2023-11-01,24,21.0
Dallas,2023-11-02,33,22.0
Dallas,2023-11-03,35,23.0
Dallas,2023-11-05,20,25.0
Dallas,2023-11-06,20,26.0
Dallas,2023-11-07,42,28.0
Dallas,2023-11-08,40,31.0
Dallas,2023-11-09,44,33.0
Dallas,2023-11-10,27,33.0
Dallas,2023-11-11,3,28.0
Dallas,2023-11-12,21,28.0
Dallas,2023-11-13,33,30.0
Dallas,2023-11-14,28,28.0
Dallas,2023-11-15,48,29.0
Dallas,2023-11-16,38,28.0
Dallas,2023-11-17,56,32.0
Dallas,2023-11-19,27,36.0
Dallas,2023-11-20,23,36.0
Dallas,2023-11-21,30,36.0
Dallas,2023-11-22,44,38.0
Dallas,2023-11-24,31,36.0
Dallas,2023-11-25,6,31.0
Dallas,2023-11-26,4,24.0
Dallas,2023-11-27,20,23.0
Dallas,2023-11-28,23,23.0
Dallas,2023-11-29,31,23.0
Dallas,2023-11-30,29,21.0
Dallas,2023-12-01,37,21.0
Dallas,2023-12-02,3,21.0
Dallas,2023-12-03,10,22.0
Dallas,2023-12-04,35,24.0
Dallas,2023-12-05,32,25.0
Dallas,2023-12-06,41,27.0
Dallas,2023-12-07,34,27.0
Dallas,2023-12-08,34,27.0
Dallas,2023-12-10,13,28.0
Dallas,2023-12-11,34,32.0
Dallas,2023-12-12,44,33.0
Dallas,2023-12-13,43,35.0
Dallas,2023-12-14,34,34.0
Dallas,2023-12-15,37,34.0
Dallas,2023-12-16,3,30.0
Dallas,2023-12-17,19,31.0
Dallas,2023-12-18,33,30.0
Dallas,2023-12-19,36,29.0
Dallas,2023-12-20,99,37.0
Dallas,2023-12-21,35,37.0
Dallas,2023-12-22,85,44.0
Dallas,2023-12-23,53,51.0
Dallas,2023-12-24,84,61.0
Dallas,2023-12-25,41,62.0
Dallas,2023-12-26,38,62.0
Dallas,2023-12-27,42,54.0
Dallas,2023-12-28,45,55.0
Dallas,2023-12-29,27,47.0
Dallas,2023-12-31,16,42.0
Dallas,2024-01-02,33,35.0
Dallas,2024-01-03,38,34.0
Dallas,2024-01-04,32,33.0
Dallas,2024-01-05,28,31.0
Dallas,2024-01-06,2,25.0
Dallas,2024-01-07,19,24.0
Dallas,2024-01-08,22,25.0
Dallas,2024-01-09,14,22.0
Dallas,2024-01-10,30,21.0
Dallas,2024-01-11,34,21.0
Dallas,2024-01-12,34,22.0
Dallas,2024-01-13,1,22.0
Dallas,2024-01-14,27,23.0
Dallas,2024-01-15,1,20.0
Dallas,2024-01-16,24,22.0
Dallas,2024-01-17,22,20.0
Dallas,2024-01-18,50,23.0
Dallas,2024-01-19,28,22.0
Dallas,2024-01-21,16,24.0
Dallas,2024-01-22,10,22.0
Dallas,2024-01-23,16,24.0
Dallas,2024-01-24,29,24.0
Dallas,2024-01-25,45,28.0
Dallas,2024-01-26,39,26.0
Dallas,2024-01-27,4,23.0
Dallas,2024-01-28,19,23.0
Dallas,2024-01-29,27,26.0
Dallas,2024-01-30,21,26.0
Dallas,2024-01-31,35,27.0
Dallas,2024-02-01,59,29.0
Dallas,2024-02-02,31,28.0
Dallas,2024-02-03,1,28.0
Dallas,2024-02-04,17,27.0
Dallas,2024-02-05,21,26.0
Dallas,2024-02-06,34,28.0
Dallas,2024-02-07,35,28.0
Dallas,2024-02-08,38,25.0
Dallas,2024-02-09,40,27.0
Dallas,2024-02-10,9,28.0
Dallas,2024-02-11,19,28.0
Dallas,2024-02-12,24,28.0
Dallas,2024-02-13,24,27.0
Dallas,2024-02-14,39,28.0
Dallas,2024-02-15,54,30.0
Dallas,2024-02-16,42,30.0
Dallas,2024-02-17,5,30.0
Dallas,2024-02-18,18,29.0
Dallas,2024-02-19,16,28.0
Dallas,2024-02-20,24,28.0
Dallas,2024-02-21,29,27.0
Dallas,2024-02-22,27,23.0
Dallas,2024-02-23,46,24.0
Dallas,2024-02-24,2,23.0
Dallas,2024-02-25,15,23.0
Dallas,2024-02-26,38,26.0
Dallas,2024-02-27,26,26.0
Dallas,2024-02-28,30,26.0
Dallas,2024-02-29,55,30.0
Dallas,2024-03-01,57,32.0
Dallas,2024-03-02,5,32.0
Dallas,2024-03-03,12,32.0
Dallas,2024-03-04,37,32.0
Dallas,2024-03-05,25,32.0
Dallas,2024-03-06,40,33.0
Dallas,2024-03-07,30,29.0
Dallas,2024-03-08,43,27.0
Dallas,2024-03-09,4,27.0
Dallas,2024-03-10,14,28.0
Dallas,2024-03-11,39,28.0
Dallas,2024-03-12,29,28.0
Dallas,2024-03-13,48,30.0
Dallas,2024-03-14,38,31.0
Dallas,2024-03-15,32,29.0
Dallas,2024-03-16,1,29.0
Dallas,2024-03-17,14,29.0
Dallas,2024-03-18,25,27.0
Dallas,2024-03-19,30,27.0
Dallas,2024-03-20,41,26.0
Dallas,2024-03-21,38,26.0
Dallas,2024-03-22,44,28.0
Dallas,2024-03-23,4,28.0
Dallas,2024-03-24,19,29.0
Dallas,2024-03-25,21,28.0
Dallas,2024-03-26,21,27.0
Dallas,2024-03-27,40,27.0
Dallas,2024-03-28,33,26.0
Dallas,2024-03-29,34,25.0
Dallas,2024-03-31,10,25.0
Dallas,2024-04-01,25,26.0
Dallas,2024-04-02,24,27.0
Dallas,2024-04-03,41,30.0
Dallas,2024-04-04,39,29.0
Dallas,2024-04-05,52,32.0
Dallas,2024-04-06,3,28.0
Dallas,2024-04-07,20,29.0
Dallas,2024-04-08,34,30.0
Dallas,2024-04-09,30,31.0
Dallas,2024-04-10,27,29.0
Dallas,2024-04-11,28,28.0
Dallas,2024-04-12,54,28.0
Dallas,2024-04-14,17,30.0
Dallas,2024-04-15,42,33.0
Dallas,2024-04-16,25,32.0
Dallas,2024-04-17,35,33.0
Dallas,2024-04-18,37,34.0
Dallas,2024-04-19,35,35.0
Dallas,2024-04-20,2,28.0
Dallas,2024-04-21,20,28.0
Dallas,2024-04-22,35,27.0
Dallas,2024-04-23,25,27.0
Dallas,2024-04-24,38,27.0
Dallas,2024-04-25,42,28.0
Dallas,2024-04-26,45,30.0
Dallas,2024-04-27,2,30.0
Dallas,2024-04-28,29,31.0
Dallas,2024-04-29,28,30.0
Dallas,2024-04-30,26,30.0
Dallas,2024-05-01,36,30.0
Dallas,2024-05-02,35,29.0
Dallas,2024-05-03,41,28.0
Dallas,2024-05-04,3,28.0
Dallas,2024-05-05,20,27.0
Dallas,2024-05-06,40,29.0
Dallas,2024-05-07,34,30.0
Dallas,2024-05-08,44,31.0
Dallas,2024-05-09,34,31.0
Dallas,2024-05-10,53,33.0
Dallas,2024-05-11,3,33.0
Dallas,2024-05-12,13,32.0
Dallas,2024-05-13,39,31.0
Dallas,2024-05-14,27,30.0
Dallas,2024-05-15,36,29.0
Dallas,2024-05-16,36,30.0
Dallas,2024-05-17,41,28.0
Dallas,2024-05-18,5,28.0
Dallas,2024-05-19,21,29.0
Dallas,2024-05-20,21,27.0
Dallas,2024-05-21,30,27.0
Dallas,2024-05-22,42,28.0
Dallas,2024-05-23,23,26.0
Dallas,2024-05-24,51,28.0
Dallas,2024-05-26,7,28.0
Dallas,2024-05-27,11,26.0
Dallas,2024-05-28,28,27.0
Dallas,2024-05-29,35,28.0
Dallas,2024-05-30,34,27.0
Dallas,2024-05-31,51,31.0
Dallas,2024-06-02,15,26.0
Dallas,2024-06-03,27,29.0
Dallas,2024-06-04,17,30.0
Dallas,2024-06-05,35,31.0
Dallas,2024-06-06,19,28.0
Dallas,2024-06-07,48,30.0
Dallas,2024-06-08,3,23.0
Dallas,2024-06-09,14,23.0
Dallas,2024-06-10,21,22.0
Dallas,2024-06-11,26,24.0
Dallas,2024-06-12,43,25.0
Dallas,2024-06-13,31,27.0
Dallas,2024-06-14,35,25.0
Dallas,2024-06-15,1,24.0
Dallas,2024-06-16,23,26.0
Dallas,2024-06-17,21,26.0
Dallas,2024-06-18,35,27.0
Dallas,2024-06-19,25,24.0
Dallas,2024-06-20,37,25.0
Dallas,2024-06-21,30,25.0
Dallas,2024-06-22,3,25.0
Dallas,2024-06-23,20,24.0
Dallas,2024-06-24,24,25.0
Dallas,2024-06-25,26,24.0
Dallas,2024-06-26,49,27.0
Dallas,2024-06-27,33,26.0
Dallas,2024-06-28,48,29.0
Dallas,2024-06-29,3,29.0
Dallas,2024-06-30,20,29.0
Dallas,2024-07-01,31,30.0
Dallas,2024-07-02,35,31.0
Dallas,2024-07-03,40,30.0
Dallas,2024-07-04,30,30.0
Dallas,2024-07-05,48,30.0
Dallas,2024-07-06,2,29.0
Dallas,2024-07-07,19,29.0
Dallas,2024-07-08,24,28.0
Dallas,2024-07-09,32,28.0
Dallas,2024-07-10,49,29.0
Dallas,2024-07-11,33,30.0
Dallas,2024-07-12,49,30.0
Dallas,2024-07-13,1,30.0
Dallas,2024-07-14,18,29.0
Dallas,2024-07-15,29,30.0
Dallas,2024-07-16,23,29.0
Dallas,2024-07-17,33,27.0
Dallas,2024-07-18,35,27.0
Dallas,2024-07-19,39,25.0
Dallas,2024-07-20,1,25.0
Dallas,2024-07-21,8,24.0
Dallas,2024-07-22,26,24.0
Dallas,2024-07-23,30,25.0
Dallas,2024-07-24,34,25.0
Dallas,2024-07-25,49,27.0
Dallas,2024-07-26,47,28.0
Dallas,2024-07-27,1,28.0
Dallas,2024-07-28,26,30.0
Dallas,2024-07-29,46,33.0
Dallas,2024-07-30,29,33.0
Dallas,2024-07-31,42,34.0
Dallas,2024-08-01,28,31.0
Dallas,2024-08-02,55,32.0
Dallas,2024-08-03,1,32.0
Dallas,2024-08-04,16,31.0
Dallas,2024-08-05,24,28.0
Dallas,2024-08-06,37,29.0
Dallas,2024-08-07,33,28.0
Dallas,2024-08-08,42,30.0
Dallas,2024-08-09,46,28.0
Dallas,2024-08-10,3,29.0
Dallas,2024-08-11,22,30.0
Dallas,2024-08-12,38,32.0
Dallas,2024-08-13,19,29.0
Dallas,2024-08-14,40,30.0
Dallas,2024-08-15,39,30.0
Dallas,2024-08-16,50,30.0
Dallas,2024-08-17,2,30.0
Dallas,2024-08-18,16,29.0
Dallas,2024-08-19,35,29.0
Dallas,2024-08-20,39,32.0
Dallas,2024-08-21,44,32.0
Dallas,2024-08-22,40,32.0
Dallas,2024-08-23,46,32.0
Dallas,2024-08-24,5,32.0
Dallas,2024-08-25,18,32.0
Dallas,2024-08-26,35,32.0
Dallas,2024-08-27,28,31.0
Dallas,2024-08-28,48,31.0
Dallas,2024-08-29,43,32.0
Dallas,2024-08-30,44,32.0
Dallas,2024-08-31,2,31.0
Dallas,2024-09-01,22,32.0
Dallas,2024-09-02,20,30.0
Dallas,2024-09-03,34,30.0
Dallas,2024-09-04,48,30.0
Dallas,2024-09-05,39,30.0
Dallas,2024-09-06,39,29.0
Dallas,2024-09-07,1,29.0
Dallas,2024-09-08,16,28.0
Dallas,2024-09-09,31,30.0
Dallas,2024-09-10,25,28.0
Dallas,2024-09-11,44,28.0
Dallas,2024-09-12,37,28.0
Dallas,2024-09-13,39,28.0
Dallas,2024-09-14,1,28.0
Dallas,2024-09-15,16,28.0
Dallas,2024-09-16,29,27.0
Dallas,2024-09-17,27,28.0
Dallas,2024-09-18,23,25.0
Dallas,2024-09-19,43,25.0
Dallas,2024-09-20,41,26.0
Dallas,2024-09-21,2,26.0
Dallas,2024-09-22,21,27.0
Dallas,2024-09-23,42,28.0
Dallas,2024-09-24,24,28.0
Dallas,2024-09-25,24,28.0
Dallas,2024-09-26,31,26.0
Dallas,2024-09-27,42,27.0
Dallas,2024-09-29,22,29.0
Dallas,2024-09-30,29,31.0
Dallas,2024-10-01,24,28.0
Dallas,2024-10-02,35,30.0
Dallas,2024-10-03,41,32.0
Dallas,2024-10-04,42,34.0
Dallas,2024-10-05,1,28.0
Dallas,2024-10-06,10,26.0
Dallas,2024-10-07,36,27.0
Dallas,2024-10-08,36,29.0
Dallas,2024-10-09,38,29.0
Dallas,2024-10-10,38,29.0
Dallas,2024-10-11,54,30.0
Dallas,2024-10-12,1,30.0
Dallas,2024-10-13,10,30.0
Dallas,2024-10-14,20,28.0
Dallas,2024-10-15,35,28.0
Dallas,2024-10-16,34,27.0
Dallas,2024-10-17,34,27.0
Dallas,2024-10-18,47,26.0
Dallas,2024-10-19,4,26.0
Dallas,2024-10-20,12,27.0
Dallas,2024-10-21,29,28.0
Dallas,2024-10-22,29,27.0
Dallas,2024-10-23,54,30.0
Dallas,2024-10-24,36,30.0
Dallas,2024-10-25,47,30.0
Dallas,2024-10-26,2,30.0
Dallas,2024-10-27,21,31.0
Dallas,2024-10-28,34,32.0
Dallas,2024-10-29,21,31.0
Dallas,2024-10-30,40,29.0
Dallas,2024-10-31,42,30.0
Dallas,2024-11-01,41,29.0
Dallas,2024-11-02,3,29.0
Dallas,2024-11-03,18,28.0
Dallas,2024-11-04,30,28.0
Dallas,2024-11-05,33,30.0
Dallas,2024-11-06,41,30.0
Dallas,2024-11-07,38,29.0
Dallas,2024-11-08,47,30.0
Dallas,2024-11-09,3,30.0
Dallas,2024-11-10,13,29.0
Dallas,2024-11-11,18,28.0
Dallas,2024-11-12,31,27.0
Dallas,2024-11-13,34,26.0
Dallas,2024-11-14,40,27.0
Dallas,2024-11-15,52,27.0
Dallas,2024-11-16,1,27.0
Dallas,2024-11-17,18,28.0
Dallas,2024-11-18,23,28.0
Dallas,2024-11-19,29,28.0
Dallas,2024-11-20,40,29.0
Dallas,2024-11-21,40,29.0
Dallas,2024-11-22,51,29.0
Dallas,2024-11-23,3,29.0
Dallas,2024-11-24,19,29.0
Dallas,2024-11-25,29,30.0
Dallas,2024-11-26,27,30.0
Dallas,2024-11-27,31,29.0
Dallas,2024-11-28,2,23.0
Dallas,2024-11-29,44,22.0
Dallas,2024-11-30,2,22.0
Dallas,2024-12-01,6,20.0
Dallas,2024-12-02,17,18.0
Dallas,2024-12-03,31,19.0
Dallas,2024-12-04,34,19.0
Dallas,2024-12-05,27,23.0
Dallas,2024-12-06,41,23.0
Dallas,2024-12-07,3,23.0
Dallas,2024-12-08,21,25.0
Dallas,2024-12-09,31,27.0
Dallas,2024-12-10,24,26.0
Dallas,2024-12-11,37,26.0
Dallas,2024-12-12,36,28.0
Dallas,2024-12-13,47,28.0
Dallas,2024-12-14,1,28.0
Dallas,2024-12-15,18,28.0
Dallas,2024-12-16,43,29.0
Dallas,2024-12-17,27,30.0
Dallas,2024-12-18,32,29.0
Dallas,2024-12-19,45,30.0
Dallas,2024-12-20,39,29.0
Dallas,2024-12-21,2,29.0
Dallas,2024-12-22,17,29.0
Dallas,2024-12-23,39,29.0
Dallas,2024-12-24,11,26.0
Dallas,2024-12-25,1,22.0
Dallas,2024-12-26,32,20.0
Dallas,2024-12-27,30,19.0
Dallas,2024-12-28,1,19.0
Dallas,2024-12-29,12,18.0
Dallas,2024-12-30,24,16.0
Dallas,2024-12-31,19,17.0
Dallas,2025-01-01,4,17.0
Dallas,2025-01-02,27,17.0
Dallas,2025-01-03,30,17.0
Dallas,2025-01-04,1,17.0
Dallas,2025-01-05,17,17.0
Dallas,2025-01-06,28,18.0
Dallas,2025-01-07,24,19.0
Dallas,2025-01-08,46,25.0
Dallas,2025-01-09,1,21.0
Dallas,2025-01-10,7,18.0
Dallas,2025-01-11,1,18.0
Dallas,2025-01-12,12,17.0
Dallas,2025-01-13,25,17.0
Dallas,2025-01-14,24,17.0
Dallas,2025-01-15,40,16.0
Dallas,2025-01-16,45,22.0
Dallas,2025-01-17,52,28.0
Dallas,2025-01-18,2,29.0
Dallas,2025-01-19,23,30.0
Dallas,2025-01-20,8,28.0
Dallas,2025-01-21,43,30.0
Dallas,2025-01-22,39,30.0
Dallas,2025-01-23,46,30.0
Dallas,2025-01-24,62,32.0
Dallas,2025-01-25,7,33.0
Dallas,2025-01-26,83,41.0
Dallas,2025-01-27,61,49.0
Dallas,2025-01-28,86,55.0
Dallas,2025-01-29,74,60.0
Dallas,2025-01-30,79,65.0
Dallas,2025-01-31,76,67.0
Dallas,2025-02-01,32,70.0
Dallas,2025-02-02,31,63.0
Dallas,2025-02-03,36,59.0
Dallas,2025-02-04,70,57.0
Dallas,2025-02-05,71,56.0
Dallas,2025-02-06,63,54.0
Dallas,2025-02-07,53,51.0
Dallas,2025-02-08,30,51.0
Dallas,2025-02-09,28,50.0
Dallas,2025-02-10,48,52.0
Dallas,2025-02-11,62,51.0
Dallas,2025-02-12,49,48.0
Dallas,2025-02-13,72,49.0
Dallas,2025-02-14,86,54.0
Dallas,2025-02-15,34,54.0
Dallas,2025-02-16,35,55.0
Dallas,2025-02-17,43,54.0
Dallas,2025-02-18,45,52.0
Dallas,2025-02-19,51,52.0
Dallas,2025-02-20,75,53.0
Dallas,2025-02-21,63,49.0
Dallas,2025-02-22,32,49.0
Dallas,2025-02-23,38,50.0
Dallas,2025-02-24,56,51.0
Dallas,2025-02-25,54,53.0
Dallas,2025-02-26,93,59.0
Dallas,2025-02-27,74,59.0
Dallas,2025-02-28,94,63.0
Dallas,2025-03-01,30,63.0
Dallas,2025-03-02,32,62.0
Dallas,2025-03-03,52,61.0
Dallas,2025-03-04,55,61.0
Dallas,2025-03-05,63,57.0
Dallas,2025-03-06,82,58.0
Dallas,2025-03-07,74,55.0
Dallas,2025-03-08,33,56.0
Dallas,2025-03-09,34,56.0
Dallas,2025-03-10,56,57.0
Dallas,2025-03-11,62,58.0
Dallas,2025-03-12,56,57.0
Dallas,2025-03-13,62,54.0
Dallas,2025-03-14,66,53.0
Dallas,2025-03-15,39,54.0
Dallas,2025-03-16,38,54.0
Dallas,2025-03-17,51,53.0
Dallas,2025-03-18,67,54.0
Dallas,2025-03-19,75,57.0
Dallas,2025-03-20,68,58.0
Dallas,2025-03-21,63,57.0
Dallas,2025-03-22,24,55.0
Dallas,2025-03-23,37,55.0
Dallas,2025-03-24,81,59.0
Dallas,2025-03-25,60,58.0
Dallas,2025-03-26,71,58.0
Dallas,2025-03-27,69,58.0
Dallas,2025-03-28,69,59.0
Dallas,2025-03-29,27,59.0
Dallas,2025-03-30,30,58.0
Dallas,2025-03-31,67,56.0
Dallas,2025-04-01,69,57.0
Dallas,2025-04-02,63,56.0
Dallas,2025-04-03,70,56.0
Dallas,2025-04-04,84,59.0
Dallas,2025-04-05,18,57.0
Dallas,2025-04-06,29,57.0
Dallas,2025-04-07,86,60.0
Dallas,2025-04-08,57,58.0
Dallas,2025-04-09,92,62.0
Dallas,2025-04-10,88,65.0
Dallas,2025-04-11,80,64.0
Dallas,2025-04-12,20,65.0
Dallas,2025-04-13,35,65.0
Dallas,2025-04-14,65,62.0
Dallas,2025-04-15,69,64.0
Dallas,2025-04-16,58,59.0
Dallas,2025-04-17,74,57.0
Dallas,2025-04-18,69,56.0
Dallas,2025-04-19,32,57.0
Dallas,2025-04-20,24,56.0
Dallas,2025-04-21,47,53.0
Dallas,2025-04-22,34,48.0
Dallas,2025-04-23,50,47.0
Dallas,2025-04-24,50,44.0
Dallas,2025-04-25,47,41.0
Dallas,2025-04-26,23,39.0
Dallas,2025-04-27,29,40.0
Dallas,2025-04-28,65,43.0
Dallas,2025-04-29,46,44.0
Dallas,2025-04-30,50,44.0
Dallas,2025-05-01,62,46.0
Dallas,2025-05-02,45,46.0
Dallas,2025-05-03,20,45.0
Dallas,2025-05-04,39,47.0
Dallas,2025-05-05,73,48.0
Dallas,2025-05-06,48,48.0
Dallas,2025-05-07,73,51.0
Dallas,2025-05-08,81,54.0
Dallas,2025-05-09,59,56.0
Dallas,2025-05-10,34,58.0
Dallas,2025-05-11,32,57.0
Dallas,2025-05-12,57,55.0
Dallas,2025-05-13,49,55.0
Dallas,2025-05-14,68,54.0
Dallas,2025-05-15,79,54.0
Dallas,2025-05-16,67,55.0
Dallas,2025-05-17,35,55.0
Dallas,2025-05-18,36,56.0
Dallas,2025-05-19,67,57.0
Dallas,2025-05-20,55,58.0
Dallas,2025-05-21,72,59.0
Dallas,2025-05-22,112,63.0
Dallas,2025-05-23,79,65.0
Dallas,2025-05-24,66,70.0
Dallas,2025-05-25,41,70.0
Dallas,2025-05-26,51,68.0
Dallas,2025-05-27,72,70.0
Dallas,2025-05-28,70,70.0
Dallas,2025-05-29,79,65.0
Dallas,2025-05-30,73,65.0
Dallas,2025-05-31,41,61.0
Dallas,2025-06-01,39,61.0
Dallas,2025-06-02,52,61.0
Dallas,2025-06-03,73,61.0
Dallas,2025-06-04,90,64.0
Dallas,2025-06-05,93,66.0
Dallas,2025-06-06,73,66.0
Dallas,2025-06-07,41,66.0
Dallas,2025-06-08,34,65.0
Dallas,2025-06-09,77,69.0
Dallas,2025-06-10,92,71.0
Dallas,2025-06-11,79,70.0
Dallas,2025-06-12,78,68.0
Dallas,2025-06-13,74,68.0
Dallas,2025-06-14,52,69.0
Dallas,2025-06-15,44,71.0
Dallas,2025-06-16,77,71.0
Dallas,2025-06-17,77,69.0
Dallas,2025-06-18,66,67.0
Dallas,2025-06-19,63,65.0
Dallas,2025-06-20,68,64.0
Dallas,2025-06-21,27,60.0
Dallas,2025-06-22,36,59.0
Dallas,2025-06-23,64,57.0
Dallas,2025-06-24,54,54.0
Dallas,2025-06-25,98,59.0
Dallas,2025-06-26,89,62.0
Dallas,2025-06-27,70,63.0
Dallas,2025-06-28,45,65.0
Dallas,2025-06-29,35,65.0
Dallas,2025-06-30,59,64.0
Dallas,2025-07-01,69,66.0
Dallas,2025-07-02,102,67.0
Dallas,2025-07-03,90,67.0
Dallas,2025-07-04,43,63.0
Dallas,2025-07-05,23,60.0
Dallas,2025-07-06,24,59.0
Dallas,2025-07-07,38,56.0
Dallas,2025-07-08,51,53.0
Dallas,2025-07-09,86,51.0
Dallas,2025-07-10,67,47.0
Dallas,2025-07-11,69,51.0
Dallas,2025-07-12,28,52.0
Dallas,2025-07-13,32,53.0
Dallas,2025-07-14,56,56.0
Dallas,2025-07-15,54,56.0
Dallas,2025-07-16,63,53.0
Dallas,2025-07-17,56,51.0
Dallas,2025-07-18,53,49.0
Dallas,2025-07-19,28,49.0
Dallas,2025-07-20,21,47.0
Dallas,2025-07-21,45,46.0
Dallas,2025-07-22,66,47.0
Dallas,2025-07-23,67,48.0
Dallas,2025-07-24,62,49.0
Dallas,2025-07-25,68,51.0
Dallas,2025-07-26,56,55.0
Dallas,2025-07-27,40,58.0
Dallas,2025-07-28,59,60.0
Dallas,2025-07-29,77,61.0
Dallas,2025-07-30,80,63.0
Dallas,2025-07-31,77,65.0
Dallas,2025-08-01,62,64.0
Dallas,2025-08-02,42,62.0
Dallas,2025-08-03,28,61.0
Dallas,2025-08-04,33,57.0
Dallas,2025-08-05,68,56.0
Dallas,2025-08-06,84,56.0
Dallas,2025-08-07,67,55.0
Dallas,2025-08-08,73,56.0
Dallas,2025-08-09,39,56.0
Dallas,2025-08-10,38,57.0
Dallas,2025-08-11,59,61.0
Dallas,2025-08-12,62,60.0
Dallas,2025-08-13,84,60.0
Dallas,2025-08-14,68,60.0
Dallas,2025-08-15,92,63.0
Dallas,2025-08-16,51,65.0
Dallas,2025-08-17,30,64.0
Dallas,2025-08-18,56,63.0
Dallas,2025-08-19,83,66.0
Dallas,2025-08-20,73,65.0
Dallas,2025-08-21,102,70.0
Dallas,2025-08-22,67,66.0
Dallas,2025-08-23,43,65.0
Dallas,2025-08-24,49,68.0
Dallas,2025-08-25,56,68.0
Dallas,2025-08-26,73,66.0
Dallas,2025-08-27,98,70.0
Dallas,2025-08-28,63,64.0
Dallas,2025-08-29,54,62.0
Dallas,2025-08-30,54,64.0
Dallas,2025-08-31,41,63.0
Dallas,2025-09-01,54,62.0
Dallas,2025-09-02,80,63.0
Dallas,2025-09-03,89,62.0
Dallas,2025-09-04,116,70.0
Dallas,2025-09-05,124,80.0
Dallas,2025-09-06,42,78.0
Dallas,2025-09-07,51,79.0
Dallas,2025-09-08,65,81.0
Dallas,2025-09-09,95,83.0
Dallas,2025-09-10,122,88.0
Dallas,2025-09-11,122,89.0
Dallas,2025-09-12,96,85.0
Dallas,2025-09-13,43,85.0
Dallas,2025-09-14,57,86.0
Dallas,2025-09-15,101,91.0
Dallas,2025-09-16,92,90.0
Dallas,2025-09-17,111,89.0
Dallas,2025-09-18,118,88.0
Dallas,2025-09-19,106,90.0
Dallas,2025-09-20,40,89.0
Dallas,2025-09-21,38,87.0
Dallas,2025-09-22,112,88.0
Dallas,2025-09-23,117,92.0
Dallas,2025-09-24,75,87.0
Dallas,2025-09-25,85,82.0
Dallas,2025-09-26,70,77.0
Dallas,2025-09-27,24,74.0
Dallas,2025-09-28,41,75.0
Dallas,2025-09-29,55,67.0
Dallas,2025-09-30,68,60.0
Dallas,2025-10-01,115,65.0
Dallas,2025-10-02,127,71.0
Dallas,2025-10-03,102,76.0
Dallas,2025-10-04,14,75.0
Dallas,2025-10-05,30,73.0
Dallas,2025-10-06,89,78.0
Dallas,2025-10-07,117,85.0
Dallas,2025-10-08,132,87.0
Dallas,2025-10-09,130,88.0
Dallas,2025-10-10,133,92.0
Dallas,2025-10-11,34,95.0
Dallas,2025-10-12,39,96.0
Dallas,2025-10-13,81,95.0
Dallas,2025-10-14,131,97.0
Dallas,2025-10-15,151,100.0
Dallas,2025-10-16,93,95.0
Dallas,2025-10-17,136,95.0
Dallas,2025-10-18,34,95.0
Dallas,2025-10-19,48,96.0
Dallas,2025-10-20,137,104.0
Dallas,2025-10-21,140,106.0
Dallas,2025-10-22,155,106.0
Dallas,2025-10-23,135,112.0
Dallas,2025-10-24,147,114.0
Dallas,2025-10-25,35,114.0
Dallas,2025-10-26,57,115.0
Dallas,2025-10-27,146,116.0
Dallas,2025-10-28,157,119.0
Dallas,2025-10-29,182,123.0
Dallas,2025-10-30,138,123.0
Dallas,2025-10-31,94,116.0
Dallas,2025-11-01,39,116.0
Dallas,2025-11-02,51,115.0
Dallas,2025-11-03,73,105.0
Dallas,2025-11-04,117,99.0
Dallas,2025-11-05,148,94.0
Dallas,2025-11-06,114,91.0
Dallas,2025-11-07,128,96.0
Dallas,2025-11-08,62,99.0
Dallas,2025-11-09,47,98.0
Dallas,2025-11-10,109,104.0
Dallas,2025-11-11,89,100.0
Dallas,2025-11-12,134,98.0
Dallas,2025-11-13,112,97.0
Dallas,2025-11-14,126,97.0
Dallas,2025-11-15,38,94.0
Dallas,2025-11-16,64,96.0
Dallas,2025-11-17,159,103.0
Dallas,2025-11-18,127,109.0
Dallas,2025-11-19,106,105.0
Dallas,2025-11-20,129,107.0
Dallas,2025-11-21,136,108.0
Dallas,2025-11-22,38,108.0
Dallas,2025-11-23,29,103.0
Dallas,2025-11-24,115,97.0
Dallas,2025-11-25,109,95.0
Dallas,2025-11-26,112,95.0
Dallas,2025-11-27,53,85.0
Dallas,2025-11-28,75,76.0
Dallas,2025-11-29,21,73.0
Dallas,2025-11-30,22,72.0
Dallas,2025-12-01,109,72.0
Dallas,2025-12-02,124,74.0
Dallas,2025-12-03,106,73.0
Dallas,2025-12-04,129,84.0
Dallas,2025-12-05,135,92.0
Dallas,2025-12-06,50,96.0
Dallas,2025-12-07,37,99.0
Dallas,2025-12-08,111,99.0
Dallas,2025-12-09,111,97.0
Dallas,2025-12-10,116,98.0
Dallas,2025-12-11,92,93.0
Dallas,2025-12-12,107,89.0
Dallas,2025-12-13,34,87.0
Dallas,2025-12-14,45,88.0
Dallas,2025-12-15,101,87.0
Dallas,2025-12-16,96,84.0
Dallas,2025-12-17,131,87.0
Dallas,2025-12-18,126,91.0
Dallas,2025-12-19,100,90.0
Dallas,2025-12-20,48,92.0
Dallas,2025-12-21,37,91.0
Dallas,2025-12-22,89,90.0
Dallas,2025-12-23,77,87.0
Dallas,2025-12-24,93,81.0
Dallas,2025-12-25,43,70.0
Dallas,2025-12-26,57,63.0
Dallas,2025-12-27,38,62.0
Dallas,2025-12-28,19,59.0
Dallas,2025-12-29,62,56.0
Dallas,2025-12-30,87,57.0
Dallas,2025-12-31,89,56.0
Dallas,2026-01-01,46,57.0
Dallas,2026-01-02,71,59.0
Dallas,2026-01-03,34,58.0
Dallas,2026-01-04,35,61.0
Dallas,2026-01-05,103,66.0
Dallas,2026-01-06,83,66.0
Dallas,2026-01-07,63,62.0
Dallas,2026-01-08,109,71.0
Dallas,2026-01-09,91,74.0
Dallas,2026-01-10,67,79.0
Dallas,2026-01-11,43,80.0
Dallas,2026-01-12,100,79.0
Dallas,2026-01-13,110,83.0
Dallas,2026-01-14,145,95.0
Dallas,2026-01-15,94,93.0
Dallas,2026-01-16,91,93.0
Dallas,2026-01-17,52,91.0
Dallas,2026-01-18,38,90.0
Dallas,2026-01-19,58,84.0
Dallas,2026-01-20,67,78.0
Dallas,2026-01-21,85,69.0
Dallas,2026-01-22,114,72.0
Dallas,2026-01-23,86,71.0
Dallas,2026-01-24,3,64.0
Dallas,2026-01-25,2,59.0
Dallas,2026-01-26,4,52.0
Dallas,2026-01-27,29,46.0
Dallas,2026-01-28,94,47.0
Dallas,2026-01-29,84,43.0
Dallas,2026-01-30,75,42.0
Dallas,2026-01-31,46,48.0
Dallas,2026-02-01,29,52.0
Dallas,2026-02-02,86,63.0
Dallas,2026-02-03,82,71.0
Dallas,2026-02-04,86,70.0
Dallas,2026-02-05,102,72.0
Dallas,2026-02-06,97,75.0
Dallas,2026-02-07,52,76.0
Dallas,2026-02-08,49,79.0
Dallas,2026-02-09,65,76.0
Dallas,2026-02-10,91,77.0
Dallas,2026-02-11,88,78.0
Dallas,2026-02-12,123,81.0
Dallas,2026-02-13,94,80.0
Dallas,2026-02-14,45,79.0
Dallas,2026-02-15,33,77.0
Dallas,2026-02-16,68,77.0
Dallas,2026-02-17,87,77.0
Dallas,2026-02-18,93,78.0
Dallas,2026-02-19,104,75.0
Dallas,2026-02-20,103,76.0
Dallas,2026-02-21,44,76.0
Dallas,2026-02-22,41,77.0
Dallas,2026-02-23,106,83.0
Dallas,2026-02-24,96,84.0
Dallas,2026-02-25,111,86.0
Dallas,2026-02-26,121,89.0
Dallas,2026-02-27,110,90.0
Dallas,2026-02-28,48,90.0
Dallas,2026-03-01,48,91.0
Dallas,2026-03-02,112,92.0
Dallas,2026-03-03,75,89.0
Dallas,2026-03-04,106,89.0
Dallas,2026-03-05,94,85.0
Dallas,2026-03-06,93,82.0
Dallas,2026-03-07,57,84.0
Dallas,2026-03-08,46,83.0
Dallas,2026-03-09,107,83.0
Dallas,2026-03-10,105,87.0
Denver,2022-10-02,1,72.0
Denver,2022-10-03,18,61.0
Denver,2022-10-04,25,51.0
Denver,2022-10-05,7,44.0
Denver,2022-10-06,15,40.0
Denver,2022-10-07,17,27.0
Denver,2022-10-08,1,12.0
Denver,2022-10-10,3,12.0
Denver,2022-10-11,30,14.0
Denver,2022-10-12,25,14.0
Denver,2022-10-13,22,16.0
Denver,2022-10-14,18,17.0
Denver,2022-10-16,1,14.0
Denver,2022-10-17,23,17.0
Denver,2022-10-18,34,22.0
Denver,2022-10-19,20,20.0
Denver,2022-10-20,25,20.0
Denver,2022-10-21,20,20.0
Denver,2022-10-22,1,18.0
Denver,2022-10-23,1,18.0
Denver,2022-10-24,25,18.0
Denver,2022-10-25,19,16.0
Denver,2022-10-26,32,18.0
Denver,2022-10-27,30,18.0
Denver,2022-10-28,24,19.0
Denver,2022-10-31,17,21.0
Denver,2022-11-01,27,25.0
Denver,2022-11-02,26,25.0
Denver,2022-11-03,18,25.0
Denver,2022-11-04,18,23.0
Denver,2022-11-06,1,19.0
Denver,2022-11-07,28,19.0
Denver,2022-11-08,34,22.0
Denver,2022-11-09,28,22.0
Denver,2022-11-10,32,23.0
Denver,2022-11-12,1,20.0
Denver,2022-11-14,27,22.0
Denver,2022-11-15,32,26.0
Denver,2022-11-16,23,25.0
Denver,2022-11-17,18,23.0
Denver,2022-11-18,13,21.0
Denver,2022-11-21,7,17.0
Denver,2022-11-22,24,21.0
Denver,2022-11-23,38,22.0
Denver,2022-11-25,7,19.0
Denver,2022-11-26,1,15.0
Denver,2022-11-28,15,15.0
Denver,2022-11-29,23,16.0
Denver,2022-11-30,24,19.0
Denver,2022-12-01,24,19.0
Denver,2022-12-02,17,16.0
Denver,2022-12-04,1,15.0
Denver,2022-12-05,28,19.0
Denver,2022-12-06,24,20.0
Denver,2022-12-07,25,20.0
Denver,2022-12-08,23,20.0
Denver,2022-12-09,36,22.0
Denver,2022-12-10,4,20.0
Denver,2022-12-11,1,20.0
Denver,2022-12-12,46,23.0
Denver,2022-12-13,49,26.0
Denver,2022-12-14,55,31.0
Denver,2022-12-15,72,38.0
Denver,2022-12-16,32,37.0
Denver,2022-12-17,1,37.0
Denver,2022-12-18,1,37.0
Denver,2022-12-19,38,35.0
Denver,2022-12-20,44,35.0
Denver,2022-12-21,24,30.0
Denver,2022-12-22,8,21.0
Denver,2022-12-23,17,19.0
Denver,2022-12-27,26,23.0
Denver,2022-12-28,12,24.0
Denver,2022-12-29,29,23.0
Denver,2022-12-30,14,19.0
Denver,2023-01-02,3,16.0
Denver,2023-01-03,43,21.0
Denver,2023-01-04,41,24.0
Denver,2023-01-05,77,31.0
Denver,2023-01-06,43,36.0
Denver,2023-01-08,1,32.0
Denver,2023-01-09,67,39.0
Denver,2023-01-10,78,50.0
Denver,2023-01-11,83,56.0
Denver,2023-01-12,65,59.0
Denver,2023-01-13,59,57.0
Denver,2023-01-16,5,51.0
Denver,2023-01-17,71,61.0
Denver,2023-01-18,19,54.0
Denver,2023-01-19,83,55.0
Denver,2023-01-20,66,53.0
Denver,2023-01-21,2,44.0
Denver,2023-01-22,5,36.0
Denver,2023-01-23,83,47.0
Denver,2023-01-24,73,47.0
Denver,2023-01-25,88,57.0
Denver,2023-01-26,73,56.0
Denver,2023-01-27,46,53.0
Denver,2023-01-29,2,53.0
Denver,2023-01-30,49,59.0
Denver,2023-01-31,66,57.0
Denver,2023-02-01,62,55.0
Denver,2023-02-02,64,52.0
Denver,2023-02-03,66,51.0
Denver,2023-02-04,3,45.0
Denver,2023-02-05,1,44.0
Denver,2023-02-06,64,47.0
Denver,2023-02-07,69,47.0
Denver,2023-02-08,69,48.0
Denver,2023-02-09,51,46.0
Denver,2023-02-10,42,43.0
Denver,2023-02-11,5,43.0
Denver,2023-02-12,3,43.0
Denver,2023-02-13,71,44.0
Denver,2023-02-14,45,41.0
Denver,2023-02-15,50,38.0
Denver,2023-02-16,68,41.0
Denver,2023-02-17,36,40.0
Denver,2023-02-18,2,39.0
Denver,2023-02-19,1,39.0
Denver,2023-02-20,1,29.0
Denver,2023-02-21,59,31.0
Denver,2023-02-22,47,31.0
Denver,2023-02-23,56,29.0
Denver,2023-02-24,35,29.0
Denver,2023-02-26,1,29.0
Denver,2023-02-27,35,33.0
Denver,2023-02-28,50,40.0
Denver,2023-03-01,45,38.0
Denver,2023-03-02,32,36.0
Denver,2023-03-03,24,32.0
Denver,2023-03-05,1,27.0
Denver,2023-03-06,52,34.0
Denver,2023-03-07,40,35.0
Denver,2023-03-08,37,33.0
Denver,2023-03-09,34,31.0
Denver,2023-03-10,28,31.0
Denver,2023-03-13,32,32.0
Denver,2023-03-14,26,36.0
Denver,2023-03-15,47,35.0
Denver,2023-03-16,23,32.0
Denver,2023-03-17,12,29.0
Denver,2023-03-18,2,24.0
Denver,2023-03-20,32,25.0
Denver,2023-03-21,47,27.0
Denver,2023-03-22,27,27.0
Denver,2023-03-23,26,24.0
Denver,2023-03-24,20,24.0
Denver,2023-03-26,1,22.0
Denver,2023-03-27,23,25.0
Denver,2023-03-28,38,26.0
Denver,2023-03-29,37,25.0
Denver,2023-03-30,54,28.0
Denver,2023-03-31,26,28.0
Denver,2023-04-02,1,26.0
Denver,2023-04-03,25,29.0
Denver,2023-04-04,21,29.0
Denver,2023-04-05,27,27.0
Denver,2023-04-06,34,27.0
Denver,2023-04-07,15,21.0
Denver,2023-04-10,29,22.0
Denver,2023-04-11,22,25.0
Denver,2023-04-12,21,24.0
Denver,2023-04-13,38,27.0
Denver,2023-04-14,102,37.0
Denver,2023-04-15,5,33.0
Denver,2023-04-16,36,36.0
Denver,2023-04-17,46,39.0
Denver,2023-04-18,24,39.0
Denver,2023-04-19,44,42.0
Denver,2023-04-20,36,42.0
Denver,2023-04-21,27,31.0
Denver,2023-04-22,2,31.0
Denver,2023-04-24,22,29.0
Denver,2023-04-25,34,27.0
Denver,2023-04-26,32,28.0
Denver,2023-04-27,20,25.0
Denver,2023-04-28,14,22.0
Denver,2023-04-29,1,18.0
Denver,2023-05-01,14,20.0
Denver,2023-05-02,23,20.0
Denver,2023-05-03,26,19.0
Denver,2023-05-04,11,16.0
Denver,2023-05-05,15,15.0
Denver,2023-05-06,6,14.0
Denver,2023-05-07,2,14.0
Denver,2023-05-08,19,15.0
Denver,2023-05-09,38,17.0
Denver,2023-05-10,30,17.0
Denver,2023-05-11,62,25.0
Denver,2023-05-12,150,44.0
Denver,2023-05-13,5,44.0
Denver,2023-05-14,5,44.0
Denver,2023-05-15,35,46.0
Denver,2023-05-16,24,44.0
Denver,2023-05-17,36,45.0
Denver,2023-05-18,16,39.0
Denver,2023-05-19,15,19.0
Denver,2023-05-20,7,20.0
Denver,2023-05-21,9,20.0
Denver,2023-05-22,10,17.0
Denver,2023-05-23,29,17.0
Denver,2023-05-24,16,15.0
Denver,2023-05-25,13,14.0
Denver,2023-05-26,24,15.0
Denver,2023-05-27,7,15.0
Denver,2023-05-28,2,14.0
Denver,2023-05-29,2,13.0
Denver,2023-05-30,13,11.0
Denver,2023-05-31,34,14.0
Denver,2023-06-01,23,15.0
Denver,2023-06-02,19,14.0
Denver,2023-06-03,11,15.0
Denver,2023-06-04,3,15.0
Denver,2023-06-05,16,17.0
Denver,2023-06-06,26,19.0
Denver,2023-06-07,25,18.0
Denver,2023-06-08,24,18.0
Denver,2023-06-09,24,18.0
Denver,2023-06-10,6,18.0
Denver,2023-06-11,12,19.0
Denver,2023-06-12,27,21.0
Denver,2023-06-13,20,20.0
Denver,2023-06-14,21,19.0
Denver,2023-06-15,23,19.0
Denver,2023-06-16,19,18.0
Denver,2023-06-17,2,18.0
Denver,2023-06-19,9,17.0
Denver,2023-06-20,53,21.0
Denver,2023-06-21,39,24.0
Denver,2023-06-22,21,24.0
Denver,2023-06-23,19,23.0
Denver,2023-06-26,20,23.0
Denver,2023-06-27,17,25.0
Denver,2023-06-28,25,28.0
Denver,2023-06-29,16,22.0
Denver,2023-06-30,16,19.0
Denver,2023-07-02,9,17.0
Denver,2023-07-03,16,17.0
Denver,2023-07-04,1,14.0
Denver,2023-07-05,21,15.0
Denver,2023-07-06,27,15.0
Denver,2023-07-07,16,15.0
Denver,2023-07-08,1,13.0
Denver,2023-07-10,25,15.0
Denver,2023-07-11,9,14.0
Denver,2023-07-12,17,17.0
Denver,2023-07-13,18,16.0
Denver,2023-07-14,18,15.0
Denver,2023-07-15,2,13.0
Denver,2023-07-16,1,13.0
Denver,2023-07-17,22,12.0
Denver,2023-07-18,11,13.0
Denver,2023-07-19,9,12.0
Denver,2023-07-20,33,14.0
Denver,2023-07-21,25,15.0
Denver,2023-07-22,5,15.0
Denver,2023-07-24,15,17.0
Denver,2023-07-25,23,17.0
Denver,2023-07-26,18,18.0
Denver,2023-07-27,14,19.0
Denver,2023-07-28,3,15.0
Denver,2023-07-29,2,11.0
Denver,2023-07-30,1,11.0
Denver,2023-07-31,16,11.0
Denver,2023-08-01,15,10.0
Denver,2023-08-02,33,12.0
Denver,2023-08-03,34,15.0
Denver,2023-08-04,25,18.0
Denver,2023-08-05,57,26.0
Denver,2023-08-06,12,27.0
Denver,2023-08-07,36,30.0
Denver,2023-08-08,23,31.0
Denver,2023-08-09,20,30.0
Denver,2023-08-10,17,27.0
Denver,2023-08-11,28,28.0
Denver,2023-08-12,5,20.0
Denver,2023-08-13,1,19.0
Denver,2023-08-14,24,17.0
Denver,2023-08-15,23,17.0
Denver,2023-08-16,20,17.0
Denver,2023-08-17,25,18.0
Denver,2023-08-18,15,16.0
Denver,2023-08-19,2,16.0
Denver,2023-08-20,4,16.0
Denver,2023-08-21,13,15.0
Denver,2023-08-22,32,16.0
Denver,2023-08-23,19,16.0
Denver,2023-08-24,21,15.0
Denver,2023-08-25,15,15.0
Denver,2023-08-26,9,16.0
Denver,2023-08-27,60,24.0
Denver,2023-08-28,35,27.0
Denver,2023-08-29,44,29.0
Denver,2023-08-30,20,29.0
Denver,2023-08-31,25,30.0
Denver,2023-09-01,16,30.0
Denver,2023-09-02,6,29.0
Denver,2023-09-03,7,22.0
Denver,2023-09-04,2,17.0
Denver,2023-09-05,9,12.0
Denver,2023-09-06,15,11.0
Denver,2023-09-07,19,11.0
Denver,2023-09-08,6,9.0
Denver,2023-09-10,3,9.0
Denver,2023-09-11,11,9.0
Denver,2023-09-12,16,11.0
Denver,2023-09-13,32,15.0
Denver,2023-09-14,10,14.0
Denver,2023-09-15,6,12.0
Denver,2023-09-16,2,11.0
Denver,2023-09-17,8,12.0
Denver,2023-09-18,11,12.0
Denver,2023-09-19,38,15.0
Denver,2023-09-20,68,20.0
Denver,2023-09-21,43,25.0
Denver,2023-09-22,29,28.0
Denver,2023-09-23,20,31.0
Denver,2023-09-24,4,30.0
Denver,2023-09-25,26,33.0
Denver,2023-09-26,58,35.0
Denver,2023-09-27,23,29.0
Denver,2023-09-28,45,29.0
Denver,2023-09-29,14,27.0
Denver,2023-09-30,6,25.0
Denver,2023-10-02,14,27.0
Denver,2023-10-03,25,26.0
Denver,2023-10-04,36,23.0
Denver,2023-10-05,29,24.0
Denver,2023-10-06,15,20.0
Denver,2023-10-07,22,21.0
Denver,2023-10-08,48,27.0
Denver,2023-10-09,9,26.0
Denver,2023-10-10,23,26.0
Denver,2023-10-11,31,25.0
Denver,2023-10-12,19,24.0
Denver,2023-10-13,31,26.0
Denver,2023-10-14,20,26.0
Denver,2023-10-15,25,23.0
Denver,2023-10-16,16,24.0
Denver,2023-10-17,44,27.0
Denver,2023-10-18,24,26.0
Denver,2023-10-19,17,25.0
Denver,2023-10-20,16,23.0
Denver,2023-10-21,2,21.0
Denver,2023-10-22,3,17.0
Denver,2023-10-23,13,17.0
Denver,2023-10-24,24,14.0
Denver,2023-10-25,15,13.0
Denver,2023-10-26,18,13.0
Denver,2023-10-27,23,14.0
Denver,2023-10-28,6,15.0
Denver,2023-10-29,3,15.0
Denver,2023-10-30,13,15.0
Denver,2023-10-31,10,13.0
Denver,2023-11-01,14,12.0
Denver,2023-11-02,7,11.0
Denver,2023-11-03,10,9.0
Denver,2023-11-04,5,9.0
Denver,2023-11-05,6,9.0
Denver,2023-11-06,7,8.0
Denver,2023-11-07,16,9.0
Denver,2023-11-08,11,9.0
Denver,2023-11-09,19,11.0
Denver,2023-11-10,5,10.0
Denver,2023-11-11,20,12.0
Denver,2023-11-12,2,11.0
Denver,2023-11-13,8,12.0
Denver,2023-11-14,10,11.0
Denver,2023-11-15,3,10.0
Denver,2023-11-16,6,8.0
Denver,2023-11-17,4,8.0
Denver,2023-11-19,2,5.0
Denver,2023-11-20,5,5.0
Denver,2023-11-21,3,5.0
Denver,2023-11-22,9,5.0
Denver,2023-11-23,7,5.0
Denver,2023-11-24,10,6.0
Denver,2023-11-25,2,5.0
Denver,2023-11-26,4,6.0
Denver,2023-11-27,6,6.0
Denver,2023-11-28,12,7.0
Denver,2023-11-29,6,7.0
Denver,2023-11-30,7,7.0
Denver,2023-12-01,1,5.0
Denver,2023-12-03,1,5.0
Denver,2023-12-04,4,5.0
Denver,2023-12-05,5,5.0
Denver,2023-12-06,8,5.0
Denver,2023-12-07,5,4.0
Denver,2023-12-08,8,5.0
Denver,2023-12-09,2,5.0
Denver,2023-12-10,1,5.0
Denver,2023-12-11,3,5.0
Denver,2023-12-12,5,5.0
Denver,2023-12-13,5,4.0
Denver,2023-12-14,17,6.0
Denver,2023-12-15,13,7.0
Denver,2023-12-16,12,8.0
Denver,2023-12-17,11,9.0
Denver,2023-12-18,6,10.0
Denver,2023-12-19,5,10.0
Denver,2023-12-20,10,11.0
Denver,2023-12-21,5,9.0
Denver,2023-12-22,2,7.0
Denver,2023-12-23,1,6.0
Denver,2023-12-25,5,5.0
Denver,2023-12-26,2,4.0
Denver,2023-12-27,4,4.0
Denver,2023-12-28,4,3.0
Denver,2023-12-29,3,3.0
Denver,2023-12-30,1,3.0
Denver,2023-12-31,1,3.0
Denver,2024-01-02,1,2.0
Denver,2024-01-03,4,3.0
Denver,2024-01-04,5,3.0
Denver,2024-01-05,4,3.0
Denver,2024-01-07,1,2.0
Denver,2024-01-08,4,3.0
Denver,2024-01-09,3,3.0
Denver,2024-01-10,6,4.0
Denver,2024-01-11,5,4.0
Denver,2024-01-12,2,4.0
Denver,2024-01-14,3,3.0
Denver,2024-01-15,1,3.0
Denver,2024-01-16,6,4.0
Denver,2024-01-17,8,4.0
Denver,2024-01-18,4,4.0
Denver,2024-01-19,3,4.0
Denver,2024-01-20,1,4.0
Denver,2024-01-22,2,4.0
Denver,2024-01-23,7,4.0
Denver,2024-01-24,3,4.0
Denver,2024-01-25,6,4.0
Denver,2024-01-26,3,4.0
Denver,2024-01-27,1,3.0
Denver,2024-01-28,1,3.0
Denver,2024-01-29,14,5.0
Denver,2024-01-30,7,5.0
Denver,2024-01-31,16,7.0
Denver,2024-02-01,9,7.0
Denver,2024-02-02,7,8.0
Denver,2024-02-03,3,8.0
Denver,2024-02-04,4,9.0
Denver,2024-02-05,6,7.0
Denver,2024-02-06,3,7.0
Denver,2024-02-07,5,5.0
Denver,2024-02-09,20,7.0
Denver,2024-02-10,57,14.0
Denver,2024-02-12,4,14.0
Denver,2024-02-13,9,15.0
Denver,2024-02-14,4,15.0
Denver,2024-02-15,3,15.0
Denver,2024-02-16,6,15.0
Denver,2024-02-18,2,12.0
Denver,2024-02-20,6,5.0
Denver,2024-02-21,4,5.0
Denver,2024-02-22,7,5.0
Denver,2024-02-23,16,6.0
Denver,2024-02-24,8,7.0
Denver,2024-02-25,17,9.0
Denver,2024-02-26,28,12.0
Denver,2024-02-27,8,13.0
Denver,2024-02-28,3,12.0
Denver,2024-02-29,6,12.0
Denver,2024-03-04,5,11.0
Denver,2024-03-05,6,10.0
Denver,2024-03-06,8,9.0
Denver,2024-03-07,6,6.0
Denver,2024-03-08,1,5.0
Denver,2024-03-09,3,5.0
Denver,2024-03-11,3,5.0
Denver,2024-03-12,3,4.0
Denver,2024-03-13,6,4.0
Denver,2024-03-14,2,3.0
Denver,2024-03-15,1,3.0
Denver,2024-03-18,3,3.0
Denver,2024-03-19,7,4.0
Denver,2024-03-20,5,4.0
Denver,2024-03-21,6,4.0
Denver,2024-03-22,2,4.0
Denver,2024-03-24,1,4.0
Denver,2024-03-25,4,4.0
Denver,2024-03-26,6,4.0
Denver,2024-03-27,8,5.0
Denver,2024-03-28,4,4.0
Denver,2024-03-29,3,4.0
Denver,2024-04-01,9,5.0
Denver,2024-04-02,4,5.0
Denver,2024-04-03,2,5.0
Denver,2024-04-04,6,5.0
Denver,2024-04-05,10,5.0
Denver,2024-04-06,1,5.0
Denver,2024-04-07,1,5.0
Denver,2024-04-08,5,4.0
Denver,2024-04-09,5,4.0
Denver,2024-04-10,17,6.0
Denver,2024-04-11,6,6.0
Denver,2024-04-12,5,6.0
Denver,2024-04-13,1,6.0
Denver,2024-04-14,2,6.0
Denver,2024-04-15,13,7.0
Denver,2024-04-16,9,8.0
Denver,2024-04-17,10,7.0
Denver,2024-04-18,5,6.0
Denver,2024-04-19,5,6.0
Denver,2024-04-20,2,7.0
Denver,2024-04-21,7,7.0
Denver,2024-04-22,16,8.0
Denver,2024-04-23,13,8.0
Denver,2024-04-24,33,12.0
Denver,2024-04-25,10,12.0
Denver,2024-04-26,4,12.0
Denver,2024-04-27,1,12.0
Denver,2024-04-28,2,11.0
Denver,2024-04-29,2,9.0
Denver,2024-04-30,9,9.0
Denver,2024-05-01,6,5.0
Denver,2024-05-02,6,4.0
Denver,2024-05-03,6,5.0
Denver,2024-05-06,2,5.0
Denver,2024-05-07,8,6.0
Denver,2024-05-08,7,6.0
Denver,2024-05-09,10,6.0
Denver,2024-05-10,10,7.0
Denver,2024-05-11,6,7.0
Denver,2024-05-13,4,7.0
Denver,2024-05-14,6,7.0
Denver,2024-05-15,12,8.0
Denver,2024-05-16,5,8.0
Denver,2024-05-17,15,8.0
Denver,2024-05-18,1,7.0
Denver,2024-05-20,4,7.0
Denver,2024-05-21,3,7.0
Denver,2024-05-22,8,7.0
Denver,2024-05-23,2,5.0
Denver,2024-05-24,4,5.0
Denver,2024-05-25,10,5.0
Denver,2024-05-26,8,6.0
Denver,2024-05-27,45,11.0
Denver,2024-05-28,37,16.0
Denver,2024-05-29,17,18.0
Denver,2024-05-30,4,18.0
Denver,2024-05-31,4,18.0
Denver,2024-06-02,2,17.0
Denver,2024-06-03,3,16.0
Denver,2024-06-04,11,11.0
Denver,2024-06-05,10,7.0
Denver,2024-06-06,15,7.0
Denver,2024-06-07,12,8.0
Denver,2024-06-08,11,9.0
Denver,2024-06-09,8,10.0
Denver,2024-06-10,6,10.0
Denver,2024-06-11,11,10.0
Denver,2024-06-12,8,10.0
Denver,2024-06-13,5,9.0
Denver,2024-06-14,8,8.0
Denver,2024-06-15,1,7.0
Denver,2024-06-16,2,6.0
Denver,2024-06-17,19,8.0
Denver,2024-06-18,11,8.0
Denver,2024-06-19,1,7.0
Denver,2024-06-20,3,6.0
Denver,2024-06-21,6,6.0
Denver,2024-06-22,1,6.0
Denver,2024-06-23,2,6.0
Denver,2024-06-24,10,5.0
Denver,2024-06-25,9,5.0
Denver,2024-06-26,5,5.0
Denver,2024-06-27,4,5.0
Denver,2024-06-28,4,5.0
Denver,2024-07-01,4,5.0
Denver,2024-07-02,5,6.0
Denver,2024-07-03,16,7.0
Denver,2024-07-04,3,6.0
Denver,2024-07-05,3,6.0
Denver,2024-07-06,1,5.0
Denver,2024-07-07,3,5.0
Denver,2024-07-08,8,6.0
Denver,2024-07-09,27,9.0
Denver,2024-07-10,13,8.0
Denver,2024-07-11,13,10.0
Denver,2024-07-12,16,12.0
Denver,2024-07-13,6,12.0
Denver,2024-07-14,10,13.0
Denver,2024-07-15,12,14.0
Denver,2024-07-16,20,13.0
Denver,2024-07-17,19,14.0
Denver,2024-07-18,13,14.0
Denver,2024-07-19,6,12.0
Denver,2024-07-20,3,12.0
Denver,2024-07-21,4,11.0
Denver,2024-07-22,4,10.0
Denver,2024-07-23,22,10.0
Denver,2024-07-24,23,11.0
Denver,2024-07-25,5,10.0
Denver,2024-07-26,28,13.0
Denver,2024-07-27,2,13.0
Denver,2024-07-28,1,12.0
Denver,2024-07-29,7,13.0
Denver,2024-07-30,12,11.0
Denver,2024-07-31,15,10.0
Denver,2024-08-01,23,13.0
Denver,2024-08-02,7,10.0
Denver,2024-08-03,1,9.0
Denver,2024-08-05,6,10.0
Denver,2024-08-06,3,10.0
Denver,2024-08-07,2,8.0
Denver,2024-08-08,6,7.0
Denver,2024-08-09,4,4.0
Denver,2024-08-11,1,3.0
Denver,2024-08-12,7,4.0
Denver,2024-08-13,8,4.0
Denver,2024-08-14,5,5.0
Denver,2024-08-15,3,5.0
Denver,2024-08-16,5,5.0
Denver,2024-08-18,2,4.0
Denver,2024-08-19,2,5.0
Denver,2024-08-20,5,4.0
Denver,2024-08-21,12,5.0
Denver,2024-08-22,6,5.0
Denver,2024-08-23,6,5.0
Denver,2024-08-24,1,5.0
Denver,2024-08-26,5,5.0
Denver,2024-08-27,12,7.0
Denver,2024-08-28,2,6.0
Denver,2024-08-29,5,5.0
Denver,2024-08-30,1,5.0
Denver,2024-09-03,11,5.0
Denver,2024-09-04,7,6.0
Denver,2024-09-05,4,6.0
Denver,2024-09-06,9,6.0
Denver,2024-09-08,1,5.0
Denver,2024-09-09,3,5.0
Denver,2024-09-10,6,6.0
Denver,2024-09-11,3,5.0
Denver,2024-09-12,4,4.0
Denver,2024-09-13,6,5.0
Denver,2024-09-16,9,5.0
Denver,2024-09-17,7,5.0
Denver,2024-09-18,5,6.0
Denver,2024-09-19,4,5.0
Denver,2024-09-20,3,5.0
Denver,2024-09-21,1,5.0
Denver,2024-09-23,1,4.0
Denver,2024-09-24,6,4.0
Denver,2024-09-25,5,4.0
Denver,2024-09-26,13,5.0
Denver,2024-09-27,7,5.0
Denver,2024-09-28,2,5.0
Denver,2024-09-30,6,6.0
Denver,2024-10-01,3,6.0
Denver,2024-10-02,9,6.0
Denver,2024-10-03,7,7.0
Denver,2024-10-04,5,6.0
Denver,2024-10-05,2,5.0
Denver,2024-10-07,2,5.0
Denver,2024-10-08,7,5.0
Denver,2024-10-09,7,6.0
Denver,2024-10-10,5,5.0
Denver,2024-10-11,3,4.0
Denver,2024-10-12,1,4.0
Denver,2024-10-15,6,4.0
Denver,2024-10-16,6,5.0
Denver,2024-10-17,12,6.0
Denver,2024-10-18,3,5.0
Denver,2024-10-21,11,6.0
Denver,2024-10-22,3,6.0
Denver,2024-10-23,5,7.0
Denver,2024-10-24,6,7.0
Denver,2024-10-25,6,7.0
Denver,2024-10-28,4,5.0
Denver,2024-10-29,6,6.0
Denver,2024-10-30,2,5.0
Denver,2024-10-31,2,4.0
Denver,2024-11-01,6,5.0
Denver,2024-11-04,9,5.0
Denver,2024-11-05,6,5.0
Denver,2024-11-06,5,5.0
Denver,2024-11-07,7,5.0
Denver,2024-11-08,2,5.0
Denver,2024-11-09,1,5.0
Denver,2024-11-11,1,4.0
Denver,2024-11-12,6,4.0
Denver,2024-11-13,8,4.0
Denver,2024-11-14,7,5.0
Denver,2024-11-15,11,5.0
Denver,2024-11-16,1,5.0
Denver,2024-11-17,2,5.0
Denver,2024-11-18,6,6.0
Denver,2024-11-19,3,5.0
Denver,2024-11-20,6,5.0
Denver,2024-11-21,6,5.0
Denver,2024-11-22,5,4.0
Denver,2024-11-23,1,4.0
Denver,2024-11-24,1,4.0
Denver,2024-11-25,2,3.0
Denver,2024-11-26,8,4.0
Denver,2024-11-27,7,4.0
Denver,2024-11-29,2,4.0
Denver,2024-12-02,3,3.0
Denver,2024-12-03,10,5.0
Denver,2024-12-04,9,6.0
Denver,2024-12-05,4,6.0
Denver,2024-12-06,3,5.0
Denver,2024-12-07,1,5.0
Denver,2024-12-08,1,4.0
Denver,2024-12-09,5,5.0
Denver,2024-12-10,10,5.0
Denver,2024-12-11,8,5.0
Denver,2024-12-12,6,5.0
Denver,2024-12-13,3,5.0
Denver,2024-12-15,1,5.0
Denver,2024-12-16,6,6.0
Denver,2024-12-17,21,8.0
Denver,2024-12-18,13,8.0
Denver,2024-12-19,7,8.0
Denver,2024-12-20,12,9.0
Denver,2024-12-21,3,9.0
Denver,2024-12-22,2,9.0
Denver,2024-12-23,7,9.0
Denver,2024-12-24,5,7.0
Denver,2024-12-26,6,6.0
Denver,2024-12-27,3,5.0
Denver,2024-12-29,1,4.0
Denver,2024-12-30,8,5.0
Denver,2024-12-31,6,5.0
Denver,2025-01-01,1,4.0
Denver,2025-01-02,9,5.0
Denver,2025-01-03,4,5.0
Denver,2025-01-05,1,4.0
Denver,2025-01-06,6,5.0
Denver,2025-01-07,1,4.0
Denver,2025-01-08,7,4.0
Denver,2025-01-09,2,4.0
Denver,2025-01-10,5,4.0
Denver,2025-01-11,1,3.0
Denver,2025-01-12,1,3.0
Denver,2025-01-13,10,4.0
Denver,2025-01-14,6,5.0
Denver,2025-01-15,4,4.0
Denver,2025-01-16,3,4.0
Denver,2025-01-17,2,4.0
Denver,2025-01-18,2,4.0
Denver,2025-01-19,1,4.0
Denver,2025-01-20,2,3.0
Denver,2025-01-21,11,4.0
Denver,2025-01-22,16,5.0
Denver,2025-01-23,10,6.0
Denver,2025-01-24,5,7.0
Denver,2025-01-25,3,7.0
Denver,2025-01-26,39,12.0
Denver,2025-01-27,15,14.0
Denver,2025-01-28,17,15.0
Denver,2025-01-29,28,17.0
Denver,2025-01-30,24,19.0
Denver,2025-01-31,26,22.0
Denver,2025-02-01,14,23.0
Denver,2025-02-02,12,19.0
Denver,2025-02-03,24,21.0
Denver,2025-02-04,19,21.0
Denver,2025-02-05,32,22.0
Denver,2025-02-06,10,20.0
Denver,2025-02-07,10,17.0
Denver,2025-02-08,9,17.0
Denver,2025-02-09,1,15.0
Denver,2025-02-10,9,13.0
Denver,2025-02-11,10,12.0
Denver,2025-02-12,13,9.0
Denver,2025-02-13,9,9.0
Denver,2025-02-14,13,9.0
Denver,2025-02-16,5,9.0
Denver,2025-02-17,2,9.0
Denver,2025-02-18,20,10.0
Denver,2025-02-19,20,12.0
Denver,2025-02-20,14,12.0
Denver,2025-02-21,15,13.0
Denver,2025-02-22,4,11.0
Denver,2025-02-23,3,11.0
Denver,2025-02-24,11,12.0
Denver,2025-02-25,14,12.0
Denver,2025-02-26,15,11.0
Denver,2025-02-27,7,10.0
Denver,2025-02-28,10,9.0
Denver,2025-03-01,10,10.0
Denver,2025-03-02,5,10.0
Denver,2025-03-03,13,11.0
Denver,2025-03-04,14,11.0
Denver,2025-03-05,17,11.0
Denver,2025-03-06,6,11.0
Denver,2025-03-07,10,11.0
Denver,2025-03-08,2,10.0
Denver,2025-03-09,3,9.0
Denver,2025-03-10,19,10.0
Denver,2025-03-11,14,10.0
Denver,2025-03-12,9,9.0
Denver,2025-03-13,18,11.0
Denver,2025-03-14,8,10.0
Denver,2025-03-15,6,11.0
Denver,2025-03-16,2,11.0
Denver,2025-03-17,13,10.0
Denver,2025-03-18,17,10.0
Denver,2025-03-19,16,11.0
Denver,2025-03-20,11,10.0
Denver,2025-03-21,12,11.0
Denver,2025-03-22,3,11.0
Denver,2025-03-24,15,12.0
Denver,2025-03-25,12,12.0
Denver,2025-03-26,17,12.0
Denver,2025-03-27,22,13.0
Denver,2025-03-28,15,14.0
Denver,2025-03-29,5,13.0
Denver,2025-03-30,2,13.0
Denver,2025-03-31,9,12.0
Denver,2025-04-01,14,12.0
Denver,2025-04-02,14,12.0
Denver,2025-04-03,10,10.0
Denver,2025-04-04,6,9.0
Denver,2025-04-05,1,8.0
Denver,2025-04-06,3,8.0
Denver,2025-04-07,8,8.0
Denver,2025-04-08,8,7.0
Denver,2025-04-09,17,8.0
Denver,2025-04-10,22,9.0
Denver,2025-04-11,9,10.0
Denver,2025-04-12,1,10.0
Denver,2025-04-13,2,10.0
Denver,2025-04-14,14,10.0
Denver,2025-04-15,14,11.0
Denver,2025-04-16,13,11.0
Denver,2025-04-17,18,10.0
Denver,2025-04-18,7,10.0
Denver,2025-04-19,2,10.0
Denver,2025-04-21,42,16.0
Denver,2025-04-22,33,18.0
Denver,2025-04-23,24,20.0
Denver,2025-04-24,26,22.0
Denver,2025-04-25,13,21.0
Denver,2025-04-26,1,20.0
Denver,2025-04-27,70,30.0
Denver,2025-04-28,37,29.0
Denver,2025-04-29,9,26.0
Denver,2025-04-30,16,25.0
Denver,2025-05-01,10,22.0
Denver,2025-05-02,10,22.0
Denver,2025-05-03,7,23.0
Denver,2025-05-04,4,13.0
Denver,2025-05-05,13,10.0
Denver,2025-05-06,10,10.0
Denver,2025-05-07,13,10.0
Denver,2025-05-08,14,10.0
Denver,2025-05-09,11,10.0
Denver,2025-05-10,1,9.0
Denver,2025-05-12,9,10.0
Denver,2025-05-13,8,9.0
Denver,2025-05-14,13,10.0
Denver,2025-05-15,28,12.0
Denver,2025-05-16,8,11.0
Denver,2025-05-17,1,10.0
Denver,2025-05-18,6,10.0
Denver,2025-05-19,15,11.0
Denver,2025-05-20,25,14.0
Denver,2025-05-21,23,15.0
Denver,2025-05-22,19,14.0
Denver,2025-05-23,6,14.0
Denver,2025-05-24,13,15.0
Denver,2025-05-25,5,15.0
Denver,2025-05-26,7,14.0
Denver,2025-05-27,13,12.0
Denver,2025-05-28,19,12.0
Denver,2025-05-29,22,12.0
Denver,2025-05-30,6,12.0
Denver,2025-05-31,4,11.0
Denver,2025-06-01,15,12.0
Denver,2025-06-02,20,14.0
Denver,2025-06-03,30,17.0
Denver,2025-06-04,33,19.0
Denver,2025-06-05,24,19.0
Denver,2025-06-06,8,19.0
Denver,2025-06-07,6,19.0
Denver,2025-06-08,17,20.0
Denver,2025-06-09,26,21.0
Denver,2025-06-10,30,21.0
Denver,2025-06-11,39,21.0
Denver,2025-06-12,30,22.0
Denver,2025-06-13,22,24.0
Denver,2025-06-14,5,24.0
Denver,2025-06-15,9,23.0
Denver,2025-06-16,27,23.0
Denver,2025-06-17,28,23.0
Denver,2025-06-18,22,20.0
Denver,2025-06-19,14,18.0
Denver,2025-06-20,13,17.0
Denver,2025-06-21,10,18.0
Denver,2025-06-22,11,18.0
Denver,2025-06-23,24,17.0
Denver,2025-06-24,13,15.0
Denver,2025-06-25,17,15.0
Denver,2025-06-26,20,15.0
Denver,2025-06-27,18,16.0
Denver,2025-06-28,12,16.0
Denver,2025-06-29,8,16.0
Denver,2025-06-30,17,15.0
Denver,2025-07-01,17,16.0
Denver,2025-07-02,20,16.0
Denver,2025-07-03,16,15.0
Denver,2025-07-04,6,14.0
Denver,2025-07-05,10,13.0
Denver,2025-07-06,5,13.0
Denver,2025-07-07,29,15.0
Denver,2025-07-08,20,15.0
Denver,2025-07-09,26,16.0
Denver,2025-07-10,25,17.0
Denver,2025-07-11,19,19.0
Denver,2025-07-12,14,20.0
Denver,2025-07-13,18,22.0
Denver,2025-07-14,34,22.0
Denver,2025-07-15,34,24.0
Denver,2025-07-16,43,27.0
Denver,2025-07-17,36,28.0
Denver,2025-07-18,31,30.0
Denver,2025-07-19,14,30.0
Denver,2025-07-20,10,29.0
Denver,2025-07-21,14,26.0
Denver,2025-07-22,13,23.0
Denver,2025-07-23,16,19.0
Denver,2025-07-24,12,16.0
Denver,2025-07-25,15,13.0
Denver,2025-07-26,11,13.0
Denver,2025-07-27,8,13.0
Denver,2025-07-28,16,13.0
Denver,2025-07-29,21,14.0
Denver,2025-07-30,19,15.0
Denver,2025-07-31,26,17.0
Denver,2025-08-01,5,15.0
Denver,2025-08-02,6,14.0
Denver,2025-08-03,3,14.0
Denver,2025-08-04,18,14.0
Denver,2025-08-05,24,14.0
Denver,2025-08-06,26,15.0
Denver,2025-08-07,13,14.0
Denver,2025-08-08,11,14.0
Denver,2025-08-09,14,16.0
Denver,2025-08-10,9,16.0
Denver,2025-08-11,13,16.0
Denver,2025-08-12,23,16.0
Denver,2025-08-13,21,15.0
Denver,2025-08-14,12,15.0
Denver,2025-08-15,2,13.0
Denver,2025-08-16,7,12.0
Denver,2025-08-17,17,14.0
Denver,2025-08-18,18,14.0
Denver,2025-08-19,37,16.0
Denver,2025-08-20,16,16.0
Denver,2025-08-21,12,16.0
Denver,2025-08-22,14,17.0
Denver,2025-08-23,6,17.0
Denver,2025-08-24,2,15.0
Denver,2025-08-25,11,14.0
Denver,2025-08-26,17,11.0
Denver,2025-08-27,20,12.0
Denver,2025-08-28,24,13.0
Denver,2025-08-29,10,13.0
Denver,2025-08-30,15,14.0
Denver,2025-08-31,14,16.0
Denver,2025-09-01,11,16.0
Denver,2025-09-02,21,16.0
Denver,2025-09-03,11,15.0
Denver,2025-09-04,16,14.0
Denver,2025-09-05,13,14.0
Denver,2025-09-06,13,14.0
Denver,2025-09-07,5,13.0
Denver,2025-09-08,23,15.0
Denver,2025-09-09,25,15.0
Denver,2025-09-10,30,18.0
Denver,2025-09-11,23,19.0
Denver,2025-09-12,15,19.0
Denver,2025-09-13,10,19.0
Denver,2025-09-14,7,19.0
Denver,2025-09-15,17,18.0
Denver,2025-09-16,20,17.0
Denver,2025-09-17,19,16.0
Denver,2025-09-18,15,15.0
Denver,2025-09-19,19,15.0
Denver,2025-09-20,7,15.0
Denver,2025-09-21,11,15.0
Denver,2025-09-22,23,16.0
Denver,2025-09-23,18,16.0
Denver,2025-09-24,18,16.0
Denver,2025-09-25,19,16.0
Denver,2025-09-26,9,15.0
Denver,2025-09-27,4,15.0
Denver,2025-09-28,2,13.0
Denver,2025-09-29,11,12.0
Denver,2025-09-30,21,12.0
Denver,2025-10-01,22,13.0
Denver,2025-10-02,18,12.0
Denver,2025-10-03,15,13.0
Denver,2025-10-04,3,13.0
Denver,2025-10-05,11,14.0
Denver,2025-10-06,18,15.0
Denver,2025-10-07,30,17.0
Denver,2025-10-08,22,17.0
Denver,2025-10-09,17,17.0
Denver,2025-10-10,17,17.0
Denver,2025-10-11,8,18.0
Denver,2025-10-12,7,17.0
Denver,2025-10-13,7,15.0
Denver,2025-10-14,14,13.0
Denver,2025-10-15,15,12.0
Denver,2025-10-16,9,11.0
Denver,2025-10-17,8,10.0
Denver,2025-10-18,3,9.0
Denver,2025-10-19,9,9.0
Denver,2025-10-20,8,9.0
Denver,2025-10-21,23,11.0
Denver,2025-10-22,15,11.0
Denver,2025-10-23,24,13.0
Denver,2025-10-24,28,16.0
Denver,2025-10-25,24,19.0
Denver,2025-10-26,9,19.0
Denver,2025-10-27,17,20.0
Denver,2025-10-28,14,19.0
Denver,2025-10-29,15,19.0
Denver,2025-10-30,15,17.0
Denver,2025-10-31,11,15.0
Denver,2025-11-01,18,14.0
Denver,2025-11-02,5,14.0
Denver,2025-11-03,15,13.0
Denver,2025-11-04,22,14.0
Denver,2025-11-05,36,17.0
Denver,2025-11-06,16,18.0
Denver,2025-11-07,15,18.0
Denver,2025-11-08,8,17.0
Denver,2025-11-09,10,17.0
Denver,2025-11-10,24,19.0
Denver,2025-11-11,8,17.0
Denver,2025-11-12,24,15.0
Denver,2025-11-13,16,15.0
Denver,2025-11-14,22,16.0
Denver,2025-11-15,17,17.0
Denver,2025-11-16,14,18.0
Denver,2025-11-17,17,17.0
Denver,2025-11-18,16,18.0
Denver,2025-11-19,26,18.0
Denver,2025-11-20,34,21.0
Denver,2025-11-21,17,20.0
Denver,2025-11-22,15,20.0
Denver,2025-11-23,12,20.0
Denver,2025-11-24,13,19.0
Denver,2025-11-25,18,19.0
Denver,2025-11-26,12,17.0
Denver,2025-11-27,13,14.0
Denver,2025-11-28,18,14.0
Denver,2025-11-29,13,14.0
Denver,2025-11-30,6,13.0
Denver,2025-12-01,18,14.0
Denver,2025-12-02,14,13.0
Denver,2025-12-03,27,16.0
Denver,2025-12-04,19,16.0
Denver,2025-12-05,24,17.0
Denver,2025-12-06,16,18.0
Denver,2025-12-07,8,18.0
Denver,2025-12-08,21,18.0
Denver,2025-12-09,18,19.0
Denver,2025-12-10,22,18.0
Denver,2025-12-11,53,23.0
Denver,2025-12-12,58,28.0
Denver,2025-12-13,28,30.0
Denver,2025-12-14,13,30.0
Denver,2025-12-15,13,29.0
Denver,2025-12-16,12,28.0
Denver,2025-12-17,12,27.0
Denver,2025-12-18,25,23.0
Denver,2025-12-19,12,16.0
Denver,2025-12-20,9,14.0
Denver,2025-12-21,11,13.0
Denver,2025-12-22,17,14.0
Denver,2025-12-23,27,16.0
Denver,2025-12-24,13,16.0
Denver,2025-12-25,1,13.0
Denver,2025-12-26,14,13.0
Denver,2025-12-27,12,14.0
Denver,2025-12-28,12,14.0
Denver,2025-12-29,35,16.0
Denver,2025-12-30,21,15.0
Denver,2025-12-31,26,17.0
Denver,2026-01-01,10,19.0
Denver,2026-01-02,20,19.0
Denver,2026-01-03,6,19.0
Denver,2026-01-04,4,17.0
Denver,2026-01-05,12,14.0
Denver,2026-01-06,22,14.0
Denver,2026-01-07,20,13.0
Denver,2026-01-08,11,14.0
Denver,2026-01-09,14,13.0
Denver,2026-01-10,10,13.0
Denver,2026-01-11,9,14.0
Denver,2026-01-12,20,15.0
Denver,2026-01-13,25,16.0
Denver,2026-01-14,24,16.0
Denver,2026-01-15,21,18.0
Denver,2026-01-16,16,18.0
Denver,2026-01-17,23,20.0
Denver,2026-01-18,14,20.0
Denver,2026-01-19,20,20.0
Denver,2026-01-20,20,20.0
Denver,2026-01-21,37,22.0
Denver,2026-01-22,18,21.0
Denver,2026-01-23,19,22.0
Denver,2026-01-24,11,20.0
Denver,2026-01-25,8,19.0
Denver,2026-01-26,23,19.0
Denver,2026-01-27,19,19.0
Denver,2026-01-28,20,17.0
Denver,2026-01-29,8,15.0
Denver,2026-01-30,19,15.0
Denver,2026-01-31,12,16.0
Denver,2026-02-01,11,16.0
Denver,2026-02-02,23,16.0
Denver,2026-02-03,21,16.0
Denver,2026-02-04,29,18.0
Denver,2026-02-05,20,19.0
Denver,2026-02-06,17,19.0
Denver,2026-02-07,15,19.0
Denver,2026-02-08,5,19.0
Denver,2026-02-09,15,17.0
Denver,2026-02-10,13,16.0
Denver,2026-02-11,12,14.0
Denver,2026-02-12,12,13.0
Denver,2026-02-13,11,12.0
Denver,2026-02-14,10,11.0
Denver,2026-02-15,10,12.0
Denver,2026-02-16,12,11.0
Denver,2026-02-17,16,12.0
Denver,2026-02-18,10,12.0
Denver,2026-02-19,18,12.0
Denver,2026-02-20,18,13.0
Denver,2026-02-21,12,14.0
Denver,2026-02-22,9,14.0
Denver,2026-02-23,38,17.0
Denver,2026-02-24,22,18.0
Denver,2026-02-25,26,20.0
Denver,2026-02-26,10,19.0
Denver,2026-02-27,11,18.0
Denver,2026-02-28,7,18.0
Denver,2026-03-01,5,17.0
Denver,2026-03-02,13,13.0
Denver,2026-03-03,16,13.0
Denver,2026-03-04,15,11.0
Denver,2026-03-05,13,11.0
Denver,2026-03-06,12,12.0
Denver,2026-03-07,5,11.0
Denver,2026-03-08,13,12.0
Denver,2026-03-09,16,13.0
Denver,2026-03-10,23,14.0
Detroit,2022-10-02,1,12.0
Detroit,2022-10-03,23,13.0
Detroit,2022-10-04,20,14.0
Detroit,2022-10-05,18,16.0
Detroit,2022-10-06,14,16.0
Detroit,2022-10-07,6,15.0
Detroit,2022-10-08,3,12.0
Detroit,2022-10-10,1,12.0
Detroit,2022-10-11,21,12.0
Detroit,2022-10-12,14,11.0
Detroit,2022-10-13,14,10.0
Detroit,2022-10-14,7,9.0
Detroit,2022-10-15,2,9.0
Detroit,2022-10-17,14,10.0
Detroit,2022-10-18,19,13.0
Detroit,2022-10-19,25,14.0
Detroit,2022-10-20,10,13.0
Detroit,2022-10-21,15,13.0
Detroit,2022-10-24,18,15.0
Detroit,2022-10-25,23,18.0
Detroit,2022-10-26,21,19.0
Detroit,2022-10-27,24,19.0
Detroit,2022-10-28,16,18.0
Detroit,2022-10-31,18,19.0
Detroit,2022-11-01,22,20.0
Detroit,2022-11-02,31,22.0
Detroit,2022-11-03,18,21.0
Detroit,2022-11-04,8,20.0
Detroit,2022-11-05,1,16.0
Detroit,2022-11-06,1,14.0
Detroit,2022-11-07,15,14.0
Detroit,2022-11-08,26,14.0
Detroit,2022-11-09,27,14.0
Detroit,2022-11-10,16,13.0
Detroit,2022-11-11,7,13.0
Detroit,2022-11-12,7,14.0
Detroit,2022-11-13,3,14.0
Detroit,2022-11-14,29,16.0
Detroit,2022-11-15,20,16.0
Detroit,2022-11-16,28,16.0
Detroit,2022-11-17,20,16.0
Detroit,2022-11-18,19,18.0
Detroit,2022-11-19,26,21.0
Detroit,2022-11-20,18,23.0
Detroit,2022-11-21,20,22.0
Detroit,2022-11-22,23,22.0
Detroit,2022-11-23,11,20.0
Detroit,2022-11-25,8,18.0
Detroit,2022-11-26,3,16.0
Detroit,2022-11-27,8,13.0
Detroit,2022-11-28,26,14.0
Detroit,2022-11-29,18,14.0
Detroit,2022-11-30,31,15.0
Detroit,2022-12-01,18,16.0
Detroit,2022-12-02,11,16.0
Detroit,2022-12-03,12,18.0
Detroit,2022-12-04,8,18.0
Detroit,2022-12-05,18,17.0
Detroit,2022-12-06,17,16.0
Detroit,2022-12-07,14,14.0
Detroit,2022-12-08,8,13.0
Detroit,2022-12-09,6,12.0
Detroit,2022-12-10,20,13.0
Detroit,2022-12-11,6,13.0
Detroit,2022-12-12,25,14.0
Detroit,2022-12-13,20,14.0
Detroit,2022-12-14,22,15.0
Detroit,2022-12-15,12,16.0
Detroit,2022-12-16,9,16.0
Detroit,2022-12-17,16,16.0
Detroit,2022-12-18,3,15.0
Detroit,2022-12-19,22,15.0
Detroit,2022-12-20,24,15.0
Detroit,2022-12-21,17,15.0
Detroit,2022-12-22,10,14.0
Detroit,2022-12-25,1,13.0
Detroit,2022-12-26,1,11.0
Detroit,2022-12-27,10,12.0
Detroit,2022-12-28,6,10.0
Detroit,2022-12-29,10,8.0
Detroit,2022-12-30,4,6.0
Detroit,2023-01-02,1,5.0
Detroit,2023-01-03,20,7.0
Detroit,2023-01-04,23,11.0
Detroit,2023-01-05,20,12.0
Detroit,2023-01-06,17,14.0
Detroit,2023-01-09,24,16.0
Detroit,2023-01-10,19,18.0
Detroit,2023-01-11,19,20.0
Detroit,2023-01-12,15,20.0
Detroit,2023-01-13,7,17.0
Detroit,2023-01-15,2,15.0
Detroit,2023-01-16,8,13.0
Detroit,2023-01-17,16,12.0
Detroit,2023-01-18,25,13.0
Detroit,2023-01-19,13,12.0
Detroit,2023-01-20,18,13.0
Detroit,2023-01-22,1,12.0
Detroit,2023-01-23,24,15.0
Detroit,2023-01-24,17,16.0
Detroit,2023-01-25,7,15.0
Detroit,2023-01-26,19,14.0
Detroit,2023-01-27,12,14.0
Detroit,2023-01-29,2,12.0
Detroit,2023-01-30,23,15.0
Detroit,2023-01-31,24,15.0
Detroit,2023-02-01,21,15.0
Detroit,2023-02-02,13,16.0
Detroit,2023-02-03,19,16.0
Detroit,2023-02-04,2,15.0
Detroit,2023-02-05,2,15.0
Detroit,2023-02-06,19,14.0
Detroit,2023-02-07,10,12.0
Detroit,2023-02-08,26,13.0
Detroit,2023-02-09,14,13.0
Detroit,2023-02-10,10,12.0
Detroit,2023-02-13,12,13.0
Detroit,2023-02-14,11,15.0
Detroit,2023-02-15,25,15.0
Detroit,2023-02-16,22,17.0
Detroit,2023-02-17,21,16.0
Detroit,2023-02-20,2,15.0
Detroit,2023-02-21,11,15.0
Detroit,2023-02-22,28,17.0
Detroit,2023-02-23,9,17.0
Detroit,2023-02-24,16,16.0
Detroit,2023-02-27,14,14.0
Detroit,2023-02-28,8,13.0
Detroit,2023-03-01,18,15.0
Detroit,2023-03-02,10,15.0
Detroit,2023-03-03,17,13.0
Detroit,2023-03-05,2,12.0
Detroit,2023-03-06,16,12.0
Detroit,2023-03-07,10,12.0
Detroit,2023-03-08,10,12.0
Detroit,2023-03-09,12,11.0
Detroit,2023-03-10,6,10.0
Detroit,2023-03-13,12,10.0
Detroit,2023-03-14,9,11.0
Detroit,2023-03-15,10,10.0
Detroit,2023-03-16,9,10.0
Detroit,2023-03-17,5,9.0
Detroit,2023-03-18,1,7.0
Detroit,2023-03-20,20,9.0
Detroit,2023-03-21,19,10.0
Detroit,2023-03-22,29,13.0
Detroit,2023-03-23,9,13.0
Detroit,2023-03-24,17,14.0
Detroit,2023-03-26,1,14.0
Detroit,2023-03-27,13,15.0
Detroit,2023-03-28,6,13.0
Detroit,2023-03-29,8,12.0
Detroit,2023-03-30,7,9.0
Detroit,2023-03-31,12,9.0
Detroit,2023-04-03,14,9.0
Detroit,2023-04-04,14,11.0
Detroit,2023-04-05,16,11.0
Detroit,2023-04-06,21,13.0
Detroit,2023-04-07,12,14.0
Detroit,2023-04-08,2,13.0
Detroit,2023-04-10,16,14.0
Detroit,2023-04-11,18,14.0
Detroit,2023-04-12,22,15.0
Detroit,2023-04-13,7,14.0
Detroit,2023-04-14,10,12.0
Detroit,2023-04-17,19,13.0
Detroit,2023-04-18,15,15.0
Detroit,2023-04-19,17,15.0
Detroit,2023-04-20,9,14.0
Detroit,2023-04-21,5,12.0
Detroit,2023-04-22,1,11.0
Detroit,2023-04-24,17,12.0
Detroit,2023-04-25,17,12.0
Detroit,2023-04-26,17,12.0
Detroit,2023-04-27,9,11.0
Detroit,2023-04-28,9,11.0
Detroit,2023-05-01,6,11.0
Detroit,2023-05-02,5,11.0
Detroit,2023-05-03,13,11.0
Detroit,2023-05-04,8,10.0
Detroit,2023-05-05,6,8.0
Detroit,2023-05-08,16,9.0
Detroit,2023-05-09,15,10.0
Detroit,2023-05-10,18,12.0
Detroit,2023-05-11,5,12.0
Detroit,2023-05-12,7,11.0
Detroit,2023-05-15,16,12.0
Detroit,2023-05-16,12,13.0
Detroit,2023-05-17,15,13.0
Detroit,2023-05-18,10,12.0
Detroit,2023-05-19,8,10.0
Detroit,2023-05-20,1,10.0
Detroit,2023-05-22,15,11.0
Detroit,2023-05-23,17,11.0
Detroit,2023-05-24,24,13.0
Detroit,2023-05-25,9,12.0
Detroit,2023-05-26,12,12.0
Detroit,2023-05-29,6,12.0
Detroit,2023-05-30,14,14.0
Detroit,2023-05-31,17,14.0
Detroit,2023-06-01,10,13.0
Detroit,2023-06-02,4,10.0
Detroit,2023-06-03,1,9.0
Detroit,2023-06-04,1,8.0
Detroit,2023-06-05,13,9.0
Detroit,2023-06-06,9,8.0
Detroit,2023-06-07,15,8.0
Detroit,2023-06-08,3,7.0
Detroit,2023-06-09,14,8.0
Detroit,2023-06-12,8,9.0
Detroit,2023-06-13,12,11.0
Detroit,2023-06-14,9,10.0
Detroit,2023-06-15,7,10.0
Detroit,2023-06-16,4,8.0
Detroit,2023-06-19,10,9.0
Detroit,2023-06-20,15,9.0
Detroit,2023-06-21,8,9.0
Detroit,2023-06-22,7,9.0
Detroit,2023-06-23,2,8.0
Detroit,2023-06-26,11,8.0
Detroit,2023-06-27,11,9.0
Detroit,2023-06-28,11,9.0
Detroit,2023-06-29,21,10.0
Detroit,2023-06-30,5,10.0
Detroit,2023-07-01,1,9.0
Detroit,2023-07-03,6,9.0
Detroit,2023-07-05,12,10.0
Detroit,2023-07-06,9,9.0
Detroit,2023-07-07,7,9.0
Detroit,2023-07-10,15,8.0
Detroit,2023-07-11,14,9.0
Detroit,2023-07-12,11,11.0
Detroit,2023-07-13,6,11.0
Detroit,2023-07-14,3,9.0
Detroit,2023-07-17,8,9.0
Detroit,2023-07-18,13,10.0
Detroit,2023-07-19,13,10.0
Detroit,2023-07-20,8,9.0
Detroit,2023-07-21,12,9.0
Detroit,2023-07-24,10,10.0
Detroit,2023-07-25,5,10.0
Detroit,2023-07-26,22,12.0
Detroit,2023-07-27,8,11.0
Detroit,2023-07-28,2,10.0
Detroit,2023-07-31,9,10.0
Detroit,2023-08-01,8,9.0
Detroit,2023-08-02,10,9.0
Detroit,2023-08-03,6,9.0
Detroit,2023-08-04,3,7.0
Detroit,2023-08-07,12,7.0
Detroit,2023-08-08,11,8.0
Detroit,2023-08-09,16,9.0
Detroit,2023-08-10,8,9.0
Detroit,2023-08-11,3,8.0
Detroit,2023-08-14,14,10.0
Detroit,2023-08-15,8,10.0
Detroit,2023-08-16,11,10.0
Detroit,2023-08-17,5,9.0
Detroit,2023-08-18,8,8.0
Detroit,2023-08-19,1,7.0
Detroit,2023-08-20,1,7.0
Detroit,2023-08-21,7,6.0
Detroit,2023-08-22,21,8.0
Detroit,2023-08-23,19,9.0
Detroit,2023-08-24,7,9.0
Detroit,2023-08-25,8,9.0
Detroit,2023-08-27,4,10.0
Detroit,2023-08-28,13,11.0
Detroit,2023-08-29,12,12.0
Detroit,2023-08-30,12,11.0
Detroit,2023-08-31,7,9.0
Detroit,2023-09-01,5,9.0
Detroit,2023-09-03,2,8.0
Detroit,2023-09-04,9,9.0
Detroit,2023-09-05,9,8.0
Detroit,2023-09-06,13,8.0
Detroit,2023-09-07,4,7.0
Detroit,2023-09-08,7,7.0
Detroit,2023-09-11,11,8.0
Detroit,2023-09-12,10,9.0
Detroit,2023-09-13,15,10.0
Detroit,2023-09-14,9,10.0
Detroit,2023-09-15,5,9.0
Detroit,2023-09-18,11,10.0
Detroit,2023-09-19,11,10.0
Detroit,2023-09-20,7,10.0
Detroit,2023-09-21,4,9.0
Detroit,2023-09-22,8,8.0
Detroit,2023-09-23,1,7.0
Detroit,2023-09-25,11,8.0
Detroit,2023-09-26,12,8.0
Detroit,2023-09-27,13,8.0
Detroit,2023-09-28,10,8.0
Detroit,2023-09-29,4,8.0
Detroit,2023-10-02,17,10.0
Detroit,2023-10-03,10,11.0
Detroit,2023-10-04,7,10.0
Detroit,2023-10-05,5,9.0
Detroit,2023-10-06,10,9.0
Detroit,2023-10-07,1,8.0
Detroit,2023-10-08,1,7.0
Detroit,2023-10-09,4,5.0
Detroit,2023-10-10,16,6.0
Detroit,2023-10-11,16,8.0
Detroit,2023-10-12,5,8.0
Detroit,2023-10-13,9,7.0
Detroit,2023-10-14,3,8.0
Detroit,2023-10-15,4,8.0
Detroit,2023-10-16,9,9.0
Detroit,2023-10-17,11,8.0
Detroit,2023-10-18,14,8.0
Detroit,2023-10-19,10,9.0
Detroit,2023-10-20,6,8.0
Detroit,2023-10-21,1,8.0
Detroit,2023-10-23,15,9.0
Detroit,2023-10-24,7,9.0
Detroit,2023-10-25,13,9.0
Detroit,2023-10-26,7,8.0
Detroit,2023-10-27,7,8.0
Detroit,2023-10-29,1,7.0
Detroit,2023-10-30,12,9.0
Detroit,2023-10-31,10,8.0
Detroit,2023-11-01,17,10.0
Detroit,2023-11-02,9,9.0
Detroit,2023-11-03,6,9.0
Detroit,2023-11-06,6,9.0
Detroit,2023-11-07,16,11.0
Detroit,2023-11-08,17,12.0
Detroit,2023-11-09,11,12.0
Detroit,2023-11-10,1,9.0
Detroit,2023-11-13,10,10.0
Detroit,2023-11-14,12,10.0
Detroit,2023-11-15,13,11.0
Detroit,2023-11-16,7,10.0
Detroit,2023-11-17,13,10.0
Detroit,2023-11-19,1,8.0
Detroit,2023-11-20,15,10.0
Detroit,2023-11-21,11,10.0
Detroit,2023-11-22,4,9.0
Detroit,2023-11-23,1,7.0
Detroit,2023-11-24,3,7.0
Detroit,2023-11-25,2,5.0
Detroit,2023-11-26,1,5.0
Detroit,2023-11-27,9,4.0
Detroit,2023-11-28,11,4.0
Detroit,2023-11-29,11,5.0
Detroit,2023-11-30,13,7.0
Detroit,2023-12-01,10,8.0
Detroit,2023-12-04,7,9.0
Detroit,2023-12-05,13,11.0
Detroit,2023-12-06,18,12.0
Detroit,2023-12-07,6,11.0
Detroit,2023-12-08,7,11.0
Detroit,2023-12-10,1,9.0
Detroit,2023-12-11,8,9.0
Detroit,2023-12-12,16,10.0
Detroit,2023-12-13,6,9.0
Detroit,2023-12-14,8,7.0
Detroit,2023-12-15,7,8.0
Detroit,2023-12-16,2,7.0
Detroit,2023-12-17,1,7.0
Detroit,2023-12-18,8,7.0
Detroit,2023-12-19,14,7.0
Detroit,2023-12-20,8,7.0
Detroit,2023-12-21,5,6.0
Detroit,2023-12-22,1,6.0
Detroit,2023-12-26,8,6.0
Detroit,2023-12-27,9,8.0
Detroit,2023-12-28,8,8.0
Detroit,2023-12-29,9,7.0
Detroit,2024-01-01,1,6.0
Detroit,2024-01-02,7,6.0
Detroit,2024-01-03,4,7.0
Detroit,2024-01-04,12,7.0
Detroit,2024-01-05,6,7.0
Detroit,2024-01-07,1,6.0
Detroit,2024-01-08,12,6.0
Detroit,2024-01-09,12,8.0
Detroit,2024-01-10,11,8.0
Detroit,2024-01-11,6,9.0
Detroit,2024-01-12,7,8.0
Detroit,2024-01-16,6,8.0
Detroit,2024-01-17,6,9.0
Detroit,2024-01-18,12,9.0
Detroit,2024-01-19,4,7.0
Detroit,2024-01-20,1,6.0
Detroit,2024-01-22,6,6.0
Detroit,2024-01-23,7,6.0
Detroit,2024-01-24,16,7.0
Detroit,2024-01-25,7,8.0
Detroit,2024-01-26,5,7.0
Detroit,2024-01-29,8,7.0
Detroit,2024-01-30,16,9.0
Detroit,2024-01-31,16,11.0
Detroit,2024-02-01,18,12.0
Detroit,2024-02-02,14,12.0
Detroit,2024-02-04,1,11.0
Detroit,2024-02-05,10,12.0
Detroit,2024-02-06,9,12.0
Detroit,2024-02-07,8,11.0
Detroit,2024-02-08,8,10.0
Detroit,2024-02-09,5,8.0
Detroit,2024-02-10,1,6.0
Detroit,2024-02-12,8,7.0
Detroit,2024-02-13,18,8.0
Detroit,2024-02-14,11,8.0
Detroit,2024-02-15,19,10.0
Detroit,2024-02-16,5,10.0
Detroit,2024-02-18,1,9.0
Detroit,2024-02-19,2,9.0
Detroit,2024-02-20,6,9.0
Detroit,2024-02-21,10,8.0
Detroit,2024-02-22,9,7.0
Detroit,2024-02-23,3,5.0
Detroit,2024-02-24,2,5.0
Detroit,2024-02-26,8,6.0
Detroit,2024-02-27,12,7.0
Detroit,2024-02-28,11,8.0
Detroit,2024-02-29,9,8.0
Detroit,2024-03-01,11,8.0
Detroit,2024-03-03,1,8.0
Detroit,2024-03-04,4,8.0
Detroit,2024-03-05,11,8.0
Detroit,2024-03-06,11,8.0
Detroit,2024-03-07,11,8.0
Detroit,2024-03-08,4,8.0
Detroit,2024-03-10,1,6.0
Detroit,2024-03-11,14,8.0
Detroit,2024-03-12,11,9.0
Detroit,2024-03-13,17,10.0
Detroit,2024-03-14,8,9.0
Detroit,2024-03-15,8,9.0
Detroit,2024-03-18,7,9.0
Detroit,2024-03-19,10,11.0
Detroit,2024-03-20,9,10.0
Detroit,2024-03-21,6,9.0
Detroit,2024-03-22,6,8.0
Detroit,2024-03-25,6,7.0
Detroit,2024-03-26,4,7.0
Detroit,2024-03-27,11,7.0
Detroit,2024-03-28,4,7.0
Detroit,2024-03-29,3,6.0
Detroit,2024-03-31,1,5.0
Detroit,2024-04-01,9,5.0
Detroit,2024-04-02,9,6.0
Detroit,2024-04-03,13,7.0
Detroit,2024-04-04,6,6.0
Detroit,2024-04-05,12,8.0
Detroit,2024-04-08,6,8.0
Detroit,2024-04-09,8,9.0
Detroit,2024-04-10,13,10.0
Detroit,2024-04-11,11,10.0
Detroit,2024-04-12,7,9.0
Detroit,2024-04-13,1,8.0
Detroit,2024-04-15,8,8.0
Detroit,2024-04-16,15,9.0
Detroit,2024-04-17,9,9.0
Detroit,2024-04-18,4,8.0
Detroit,2024-04-19,6,7.0
Detroit,2024-04-20,2,6.0
Detroit,2024-04-21,2,7.0
Detroit,2024-04-22,13,7.0
Detroit,2024-04-23,11,7.0
Detroit,2024-04-24,7,6.0
Detroit,2024-04-25,6,7.0
Detroit,2024-04-26,9,7.0
Detroit,2024-04-29,10,8.0
Detroit,2024-04-30,6,9.0
Detroit,2024-05-01,13,9.0
Detroit,2024-05-02,11,9.0
Detroit,2024-05-03,5,9.0
Detroit,2024-05-06,9,9.0
Detroit,2024-05-07,2,8.0
Detroit,2024-05-08,8,8.0
Detroit,2024-05-09,3,7.0
Detroit,2024-05-10,6,6.0
Detroit,2024-05-13,14,7.0
Detroit,2024-05-14,7,7.0
Detroit,2024-05-15,5,6.0
Detroit,2024-05-16,8,7.0
Detroit,2024-05-17,4,7.0
Detroit,2024-05-20,4,7.0
Detroit,2024-05-21,3,6.0
Detroit,2024-05-22,7,5.0
Detroit,2024-05-23,12,6.0
Detroit,2024-05-24,2,6.0
Detroit,2024-05-26,1,5.0
Detroit,2024-05-27,2,4.0
Detroit,2024-05-28,9,5.0
Detroit,2024-05-29,9,6.0
Detroit,2024-05-30,3,5.0
Detroit,2024-05-31,6,5.0
Detroit,2024-06-03,9,6.0
Detroit,2024-06-04,5,6.0
Detroit,2024-06-05,4,6.0
Detroit,2024-06-06,6,6.0
Detroit,2024-06-07,1,5.0
Detroit,2024-06-09,2,5.0
Detroit,2024-06-10,11,5.0
Detroit,2024-06-11,14,6.0
Detroit,2024-06-12,10,7.0
Detroit,2024-06-13,8,7.0
Detroit,2024-06-14,3,7.0
Detroit,2024-06-16,1,7.0
Detroit,2024-06-17,9,8.0
Detroit,2024-06-18,9,8.0
Detroit,2024-06-19,5,6.0
Detroit,2024-06-20,4,6.0
Detroit,2024-06-21,6,5.0
Detroit,2024-06-24,12,7.0
Detroit,2024-06-25,6,7.0
Detroit,2024-06-26,6,7.0
Detroit,2024-06-27,6,6.0
Detroit,2024-06-28,2,6.0
Detroit,2024-07-01,18,8.0
Detroit,2024-07-02,10,9.0
Detroit,2024-07-03,7,8.0
Detroit,2024-07-05,4,8.0
Detroit,2024-07-08,7,8.0
Detroit,2024-07-09,9,8.0
Detroit,2024-07-10,10,9.0
Detroit,2024-07-11,7,8.0
Detroit,2024-07-12,2,7.0
Detroit,2024-07-13,1,6.0
Detroit,2024-07-14,1,5.0
Detroit,2024-07-15,15,6.0
Detroit,2024-07-16,12,7.0
Detroit,2024-07-17,4,6.0
Detroit,2024-07-18,7,6.0
Detroit,2024-07-19,3,6.0
Detroit,2024-07-21,1,6.0
Detroit,2024-07-22,7,7.0
Detroit,2024-07-23,6,6.0
Detroit,2024-07-24,8,5.0
Detroit,2024-07-25,10,6.0
Detroit,2024-07-26,5,6.0
Detroit,2024-07-28,2,6.0
Detroit,2024-07-29,9,7.0
Detroit,2024-07-30,7,7.0
Detroit,2024-07-31,15,8.0
Detroit,2024-08-01,6,8.0
Detroit,2024-08-02,7,7.0
Detroit,2024-08-03,1,7.0
Detroit,2024-08-05,3,7.0
Detroit,2024-08-06,11,7.0
Detroit,2024-08-07,6,7.0
Detroit,2024-08-08,7,6.0
Detroit,2024-08-09,4,6.0
Detroit,2024-08-10,2,5.0
Detroit,2024-08-12,3,5.0
Detroit,2024-08-13,9,6.0
Detroit,2024-08-14,10,6.0
Detroit,2024-08-15,4,6.0
Detroit,2024-08-16,5,5.0
Detroit,2024-08-17,1,5.0
Detroit,2024-08-19,6,5.0
Detroit,2024-08-20,14,7.0
Detroit,2024-08-21,4,6.0
Detroit,2024-08-22,11,6.0
Detroit,2024-08-23,12,8.0
Detroit,2024-08-24,1,7.0
Detroit,2024-08-26,4,7.0
Detroit,2024-08-27,4,7.0
Detroit,2024-08-28,7,6.0
Detroit,2024-08-29,9,7.0
Detroit,2024-08-30,4,6.0
Detroit,2024-08-31,4,5.0
Detroit,2024-09-02,1,5.0
Detroit,2024-09-03,4,5.0
Detroit,2024-09-04,9,5.0
Detroit,2024-09-05,9,6.0
Detroit,2024-09-06,4,5.0
Detroit,2024-09-07,1,5.0
Detroit,2024-09-09,6,5.0
Detroit,2024-09-10,3,5.0
Detroit,2024-09-11,9,6.0
Detroit,2024-09-12,8,6.0
Detroit,2024-09-13,1,5.0
Detroit,2024-09-14,1,4.0
Detroit,2024-09-16,4,5.0
Detroit,2024-09-17,12,5.0
Detroit,2024-09-18,9,6.0
Detroit,2024-09-19,8,6.0
Detroit,2024-09-20,2,5.0
Detroit,2024-09-23,12,7.0
Detroit,2024-09-24,11,8.0
Detroit,2024-09-25,7,9.0
Detroit,2024-09-26,5,8.0
Detroit,2024-09-27,3,7.0
Detroit,2024-09-30,8,7.0
Detroit,2024-10-01,11,8.0
Detroit,2024-10-02,18,9.0
Detroit,2024-10-03,10,9.0
Detroit,2024-10-04,5,9.0
Detroit,2024-10-05,1,8.0
Detroit,2024-10-07,6,8.0
Detroit,2024-10-08,7,8.0
Detroit,2024-10-09,13,9.0
Detroit,2024-10-10,13,8.0
Detroit,2024-10-11,4,7.0
Detroit,2024-10-14,1,6.0
Detroit,2024-10-15,8,7.0
Detroit,2024-10-16,9,8.0
Detroit,2024-10-17,15,9.0
Detroit,2024-10-18,3,8.0
Detroit,2024-10-21,7,7.0
Detroit,2024-10-22,9,7.0
Detroit,2024-10-23,7,8.0
Detroit,2024-10-24,6,8.0
Detroit,2024-10-25,4,7.0
Detroit,2024-10-28,6,6.0
Detroit,2024-10-29,5,6.0
Detroit,2024-10-30,11,7.0
Detroit,2024-10-31,9,7.0
Detroit,2024-11-01,7,7.0
Detroit,2024-11-04,8,7.0
Detroit,2024-11-05,6,7.0
Detroit,2024-11-06,7,8.0
Detroit,2024-11-07,12,9.0
Detroit,2024-11-08,4,8.0
Detroit,2024-11-11,1,6.0
Detroit,2024-11-12,7,6.0
Detroit,2024-11-13,5,6.0
Detroit,2024-11-14,6,6.0
Detroit,2024-11-15,8,6.0
Detroit,2024-11-17,2,5.0
Detroit,2024-11-18,10,6.0
Detroit,2024-11-19,7,6.0
Detroit,2024-11-20,6,6.0
Detroit,2024-11-21,10,7.0
Detroit,2024-11-22,3,7.0
Detroit,2024-11-23,1,6.0
Detroit,2024-11-25,5,6.0
Detroit,2024-11-26,3,5.0
Detroit,2024-11-27,7,5.0
Detroit,2024-11-28,1,4.0
Detroit,2024-11-29,4,3.0
Detroit,2024-12-01,1,3.0
Detroit,2024-12-02,8,4.0
Detroit,2024-12-03,3,4.0
Detroit,2024-12-04,11,5.0
Detroit,2024-12-05,9,5.0
Detroit,2024-12-06,3,6.0
Detroit,2024-12-09,9,6.0
Detroit,2024-12-10,6,7.0
Detroit,2024-12-11,6,7.0
Detroit,2024-12-12,4,7.0
Detroit,2024-12-13,7,6.0
Detroit,2024-12-16,10,6.0
Detroit,2024-12-17,10,7.0
Detroit,2024-12-18,6,7.0
Detroit,2024-12-19,11,8.0
Detroit,2024-12-20,3,7.0
Detroit,2024-12-21,1,7.0
Detroit,2024-12-23,8,7.0
Detroit,2024-12-24,1,6.0
Detroit,2024-12-26,5,5.0
Detroit,2024-12-27,1,4.0
Detroit,2024-12-28,1,3.0
Detroit,2024-12-30,3,3.0
Detroit,2024-12-31,1,3.0
Detroit,2025-01-01,1,2.0
Detroit,2025-01-02,4,2.0
Detroit,2025-01-03,7,3.0
Detroit,2025-01-06,3,3.0
Detroit,2025-01-07,14,5.0
Detroit,2025-01-08,7,5.0
Detroit,2025-01-09,5,6.0
Detroit,2025-01-10,3,6.0
Detroit,2025-01-13,7,7.0
Detroit,2025-01-14,9,7.0
Detroit,2025-01-15,11,8.0
Detroit,2025-01-16,9,7.0
Detroit,2025-01-17,5,7.0
Detroit,2025-01-19,1,6.0
Detroit,2025-01-20,3,6.0
Detroit,2025-01-21,9,7.0
Detroit,2025-01-22,4,6.0
Detroit,2025-01-23,10,6.0
Detroit,2025-01-24,9,6.0
Detroit,2025-01-25,1,5.0
Detroit,2025-01-26,23,8.0
Detroit,2025-01-27,14,10.0
Detroit,2025-01-28,18,11.0
Detroit,2025-01-29,16,13.0
Detroit,2025-01-30,8,13.0
Detroit,2025-01-31,13,13.0
Detroit,2025-02-01,6,14.0
Detroit,2025-02-02,10,12.0
Detroit,2025-02-03,12,12.0
Detroit,2025-02-04,18,12.0
Detroit,2025-02-05,12,11.0
Detroit,2025-02-06,12,12.0
Detroit,2025-02-07,13,12.0
Detroit,2025-02-08,13,13.0
Detroit,2025-02-09,2,12.0
Detroit,2025-02-10,19,13.0
Detroit,2025-02-11,9,11.0
Detroit,2025-02-12,15,12.0
Detroit,2025-02-13,13,12.0
Detroit,2025-02-14,14,12.0
Detroit,2025-02-15,8,11.0
Detroit,2025-02-16,5,12.0
Detroit,2025-02-17,14,11.0
Detroit,2025-02-18,17,12.0
Detroit,2025-02-19,13,12.0
Detroit,2025-02-20,12,12.0
Detroit,2025-02-21,11,11.0
Detroit,2025-02-22,6,11.0
Detroit,2025-02-23,3,11.0
Detroit,2025-02-24,14,11.0
Detroit,2025-02-25,16,11.0
Detroit,2025-02-26,20,12.0
Detroit,2025-02-27,16,12.0
Detroit,2025-02-28,16,13.0
Detroit,2025-03-01,6,13.0
Detroit,2025-03-02,4,13.0
Detroit,2025-03-03,14,13.0
Detroit,2025-03-04,16,13.0
Detroit,2025-03-05,16,13.0
Detroit,2025-03-06,22,13.0
Detroit,2025-03-07,8,12.0
Detroit,2025-03-08,10,13.0
Detroit,2025-03-09,10,14.0
Detroit,2025-03-10,5,12.0
Detroit,2025-03-11,19,13.0
Detroit,2025-03-12,22,14.0
Detroit,2025-03-13,17,13.0
Detroit,2025-03-14,14,14.0
Detroit,2025-03-15,9,14.0
Detroit,2025-03-16,6,13.0
Detroit,2025-03-17,9,14.0
Detroit,2025-03-18,12,13.0
Detroit,2025-03-19,37,15.0
Detroit,2025-03-20,14,14.0
Detroit,2025-03-21,14,14.0
Detroit,2025-03-22,9,14.0
Detroit,2025-03-23,6,14.0
Detroit,2025-03-24,6,14.0
Detroit,2025-03-25,17,15.0
Detroit,2025-03-26,19,12.0
Detroit,2025-03-27,16,12.0
Detroit,2025-03-28,14,12.0
Detroit,2025-03-29,11,13.0
Detroit,2025-03-30,5,13.0
Detroit,2025-03-31,7,13.0
Detroit,2025-04-01,27,14.0
Detroit,2025-04-02,17,14.0
Detroit,2025-04-03,22,15.0
Detroit,2025-04-04,19,15.0
Detroit,2025-04-05,7,15.0
Detroit,2025-04-06,1,14.0
Detroit,2025-04-07,15,15.0
Detroit,2025-04-08,16,14.0
Detroit,2025-04-09,17,14.0
Detroit,2025-04-10,21,14.0
Detroit,2025-04-11,16,13.0
Detroit,2025-04-12,8,13.0
Detroit,2025-04-13,9,15.0
Detroit,2025-04-14,15,15.0
Detroit,2025-04-15,14,14.0
Detroit,2025-04-16,32,16.0
Detroit,2025-04-17,19,16.0
Detroit,2025-04-18,15,16.0
Detroit,2025-04-19,13,17.0
Detroit,2025-04-20,1,16.0
Detroit,2025-04-21,12,15.0
Detroit,2025-04-22,32,18.0
Detroit,2025-04-23,31,18.0
Detroit,2025-04-24,13,17.0
Detroit,2025-04-25,8,16.0
Detroit,2025-04-26,6,15.0
Detroit,2025-04-27,6,15.0
Detroit,2025-04-28,26,17.0
Detroit,2025-04-29,19,16.0
Detroit,2025-04-30,32,16.0
Detroit,2025-05-01,22,17.0
Detroit,2025-05-02,14,18.0
Detroit,2025-05-03,9,18.0
Detroit,2025-05-04,5,18.0
Detroit,2025-05-05,8,16.0
Detroit,2025-05-06,14,15.0
Detroit,2025-05-07,15,12.0
Detroit,2025-05-08,9,11.0
Detroit,2025-05-09,15,11.0
Detroit,2025-05-10,2,10.0
Detroit,2025-05-11,5,10.0
Detroit,2025-05-12,11,10.0
Detroit,2025-05-13,23,11.0
Detroit,2025-05-14,27,13.0
Detroit,2025-05-15,18,14.0
Detroit,2025-05-16,19,15.0
Detroit,2025-05-17,3,15.0
Detroit,2025-05-18,5,15.0
Detroit,2025-05-19,11,15.0
Detroit,2025-05-20,29,16.0
Detroit,2025-05-21,17,15.0
Detroit,2025-05-22,13,14.0
Detroit,2025-05-23,14,13.0
Detroit,2025-05-24,7,14.0
Detroit,2025-05-25,5,14.0
Detroit,2025-05-26,10,14.0
Detroit,2025-05-27,19,12.0
Detroit,2025-05-28,33,14.0
Detroit,2025-05-29,23,16.0
Detroit,2025-05-30,29,18.0
Detroit,2025-05-31,19,20.0
Detroit,2025-06-01,7,20.0
Detroit,2025-06-02,20,21.0
Detroit,2025-06-03,52,26.0
Detroit,2025-06-04,70,31.0
Detroit,2025-06-05,27,32.0
Detroit,2025-06-06,23,31.0
Detroit,2025-06-07,15,31.0
Detroit,2025-06-08,11,31.0
Detroit,2025-06-09,30,33.0
Detroit,2025-06-10,38,31.0
Detroit,2025-06-11,25,24.0
Detroit,2025-06-12,20,23.0
Detroit,2025-06-13,24,23.0
Detroit,2025-06-14,7,22.0
Detroit,2025-06-15,4,21.0
Detroit,2025-06-16,28,21.0
Detroit,2025-06-17,27,19.0
Detroit,2025-06-18,35,21.0
Detroit,2025-06-19,27,22.0
Detroit,2025-06-20,11,20.0
Detroit,2025-06-21,12,21.0
Detroit,2025-06-22,12,22.0
Detroit,2025-06-23,30,22.0
Detroit,2025-06-24,28,22.0
Detroit,2025-06-25,32,22.0
Detroit,2025-06-26,35,23.0
Detroit,2025-06-27,21,24.0
Detroit,2025-06-28,11,24.0
Detroit,2025-06-29,9,24.0
Detroit,2025-06-30,25,23.0
Detroit,2025-07-01,25,23.0
Detroit,2025-07-02,30,22.0
Detroit,2025-07-03,28,21.0
Detroit,2025-07-04,11,20.0
Detroit,2025-07-05,4,19.0
Detroit,2025-07-06,7,19.0
Detroit,2025-07-07,24,18.0
Detroit,2025-07-08,27,19.0
Detroit,2025-07-09,29,19.0
Detroit,2025-07-10,25,18.0
Detroit,2025-07-11,15,19.0
Detroit,2025-07-12,12,20.0
Detroit,2025-07-13,6,20.0
Detroit,2025-07-14,26,20.0
Detroit,2025-07-15,30,20.0
Detroit,2025-07-16,39,22.0
Detroit,2025-07-17,22,21.0
Detroit,2025-07-18,21,22.0
Detroit,2025-07-19,9,22.0
Detroit,2025-07-20,11,23.0
Detroit,2025-07-21,23,22.0
Detroit,2025-07-22,29,22.0
Detroit,2025-07-23,29,21.0
Detroit,2025-07-24,34,22.0
Detroit,2025-07-25,21,22.0
Detroit,2025-07-26,17,23.0
Detroit,2025-07-27,7,23.0
Detroit,2025-07-28,20,22.0
Detroit,2025-07-29,28,22.0
Detroit,2025-07-30,47,25.0
Detroit,2025-07-31,26,24.0
Detroit,2025-08-01,13,23.0
Detroit,2025-08-02,9,21.0
Detroit,2025-08-03,11,22.0
Detroit,2025-08-04,16,21.0
Detroit,2025-08-05,27,21.0
Detroit,2025-08-06,41,20.0
Detroit,2025-08-07,25,20.0
Detroit,2025-08-08,17,21.0
Detroit,2025-08-09,15,22.0
Detroit,2025-08-10,14,22.0
Detroit,2025-08-11,20,23.0
Detroit,2025-08-12,35,24.0
Detroit,2025-08-13,23,21.0
Detroit,2025-08-14,21,21.0
Detroit,2025-08-15,13,20.0
Detroit,2025-08-16,9,19.0
Detroit,2025-08-17,15,19.0
Detroit,2025-08-18,22,20.0
Detroit,2025-08-19,33,19.0
Detroit,2025-08-20,39,22.0
Detroit,2025-08-21,32,23.0
Detroit,2025-08-22,15,24.0
Detroit,2025-08-23,10,24.0
Detroit,2025-08-24,2,22.0
Detroit,2025-08-25,19,21.0
Detroit,2025-08-26,35,22.0
Detroit,2025-08-27,27,20.0
Detroit,2025-08-28,20,18.0
Detroit,2025-08-29,14,18.0
Detroit,2025-08-30,12,18.0
Detroit,2025-08-31,12,20.0
Detroit,2025-09-01,17,20.0
Detroit,2025-09-02,18,17.0
Detroit,2025-09-03,37,19.0
Detroit,2025-09-04,29,20.0
Detroit,2025-09-05,28,22.0
Detroit,2025-09-06,13,22.0
Detroit,2025-09-07,16,23.0
Detroit,2025-09-08,21,23.0
Detroit,2025-09-09,38,26.0
Detroit,2025-09-10,24,24.0
Detroit,2025-09-11,15,22.0
Detroit,2025-09-12,15,20.0
Detroit,2025-09-13,19,21.0
Detroit,2025-09-14,10,20.0
Detroit,2025-09-15,23,21.0
Detroit,2025-09-16,23,18.0
Detroit,2025-09-17,34,20.0
Detroit,2025-09-18,35,23.0
Detroit,2025-09-19,29,25.0
Detroit,2025-09-20,11,24.0
Detroit,2025-09-21,10,24.0
Detroit,2025-09-22,25,24.0
Detroit,2025-09-23,37,26.0
Detroit,2025-09-24,24,24.0
Detroit,2025-09-25,40,25.0
Detroit,2025-09-26,26,25.0
Detroit,2025-09-27,15,25.0
Detroit,2025-09-28,5,25.0
Detroit,2025-09-29,38,26.0
Detroit,2025-09-30,25,25.0
Detroit,2025-10-01,51,29.0
Detroit,2025-10-02,32,27.0
Detroit,2025-10-03,30,28.0
Detroit,2025-10-04,12,28.0
Detroit,2025-10-05,23,30.0
Detroit,2025-10-06,26,28.0
Detroit,2025-10-07,40,31.0
Detroit,2025-10-08,49,30.0
Detroit,2025-10-09,30,30.0
Detroit,2025-10-10,21,29.0
Detroit,2025-10-11,13,29.0
Detroit,2025-10-12,10,27.0
Detroit,2025-10-13,13,25.0
Detroit,2025-10-14,37,25.0
Detroit,2025-10-15,35,23.0
Detroit,2025-10-16,41,24.0
Detroit,2025-10-17,32,26.0
Detroit,2025-10-18,13,26.0
Detroit,2025-10-19,8,26.0
Detroit,2025-10-20,17,26.0
Detroit,2025-10-21,41,27.0
Detroit,2025-10-22,36,27.0
Detroit,2025-10-23,24,24.0
Detroit,2025-10-24,29,24.0
Detroit,2025-10-25,20,25.0
Detroit,2025-10-26,10,25.0
Detroit,2025-10-27,24,26.0
Detroit,2025-10-28,46,27.0
Detroit,2025-10-29,44,28.0
Detroit,2025-10-30,28,29.0
Detroit,2025-10-31,24,28.0
Detroit,2025-11-01,24,29.0
Detroit,2025-11-02,20,30.0
Detroit,2025-11-03,32,31.0
Detroit,2025-11-04,51,32.0
Detroit,2025-11-05,38,31.0
Detroit,2025-11-06,41,33.0
Detroit,2025-11-07,22,33.0
Detroit,2025-11-08,13,31.0
Detroit,2025-11-09,6,29.0
Detroit,2025-11-10,24,28.0
Detroit,2025-11-11,29,25.0
Detroit,2025-11-12,41,25.0
Detroit,2025-11-13,48,26.0
Detroit,2025-11-14,27,27.0
Detroit,2025-11-15,18,28.0
Detroit,2025-11-16,14,29.0
Detroit,2025-11-17,23,29.0
Detroit,2025-11-18,44,31.0
Detroit,2025-11-19,48,32.0
Detroit,2025-11-20,43,31.0
Detroit,2025-11-21,36,32.0
Detroit,2025-11-22,17,32.0
Detroit,2025-11-23,13,32.0
Detroit,2025-11-24,32,33.0
Detroit,2025-11-25,26,31.0
Detroit,2025-11-26,32,28.0
Detroit,2025-11-27,21,25.0
Detroit,2025-11-28,16,22.0
Detroit,2025-11-29,12,22.0
Detroit,2025-11-30,11,21.0
Detroit,2025-12-01,21,20.0
Detroit,2025-12-02,16,18.0
Detroit,2025-12-03,43,20.0
Detroit,2025-12-04,41,23.0
Detroit,2025-12-05,24,24.0
Detroit,2025-12-06,21,25.0
Detroit,2025-12-07,15,26.0
Detroit,2025-12-08,36,28.0
Detroit,2025-12-09,41,32.0
Detroit,2025-12-10,38,31.0
Detroit,2025-12-11,58,33.0
Detroit,2025-12-12,38,35.0
Detroit,2025-12-13,24,36.0
Detroit,2025-12-14,11,35.0
Detroit,2025-12-15,35,35.0
Detroit,2025-12-16,33,34.0
Detroit,2025-12-17,68,38.0
Detroit,2025-12-18,82,42.0
Detroit,2025-12-19,88,49.0
Detroit,2025-12-20,44,52.0
Detroit,2025-12-21,20,53.0
Detroit,2025-12-22,14,50.0
Detroit,2025-12-23,30,49.0
Detroit,2025-12-24,14,42.0
Detroit,2025-12-25,7,31.0
Detroit,2025-12-26,20,21.0
Detroit,2025-12-27,21,18.0
Detroit,2025-12-28,7,16.0
Detroit,2025-12-29,17,17.0
Detroit,2025-12-30,33,17.0
Detroit,2025-12-31,25,19.0
Detroit,2026-01-01,18,20.0
Detroit,2026-01-02,20,20.0
Detroit,2026-01-03,21,20.0
Detroit,2026-01-04,10,21.0
Detroit,2026-01-05,32,23.0
Detroit,2026-01-06,35,23.0
Detroit,2026-01-07,58,28.0
Detroit,2026-01-08,56,33.0
Detroit,2026-01-09,31,35.0
Detroit,2026-01-10,31,36.0
Detroit,2026-01-11,26,38.0
Detroit,2026-01-12,28,38.0
Detroit,2026-01-13,52,40.0
Detroit,2026-01-14,42,38.0
Detroit,2026-01-15,37,35.0
Detroit,2026-01-16,36,36.0
Detroit,2026-01-17,19,34.0
Detroit,2026-01-18,22,34.0
Detroit,2026-01-19,18,32.0
Detroit,2026-01-20,36,30.0
Detroit,2026-01-21,50,31.0
Detroit,2026-01-22,49,33.0
Detroit,2026-01-23,38,33.0
Detroit,2026-01-24,26,34.0
Detroit,2026-01-25,10,32.0
Detroit,2026-01-26,17,32.0
Detroit,2026-01-27,34,32.0
Detroit,2026-01-28,52,32.0
Detroit,2026-01-29,37,31.0
Detroit,2026-01-30,25,29.0
Detroit,2026-01-31,23,28.0
Detroit,2026-02-01,25,30.0
Detroit,2026-02-02,33,33.0
Detroit,2026-02-03,24,31.0
Detroit,2026-02-04,45,30.0
Detroit,2026-02-05,45,31.0
Detroit,2026-02-06,27,32.0
Detroit,2026-02-07,28,32.0
Detroit,2026-02-08,21,32.0
Detroit,2026-02-09,26,31.0
Detroit,2026-02-10,41,33.0
Detroit,2026-02-11,33,32.0
Detroit,2026-02-12,37,30.0
Detroit,2026-02-13,29,31.0
Detroit,2026-02-14,31,31.0
Detroit,2026-02-15,24,32.0
Detroit,2026-02-16,25,31.0
Detroit,2026-02-17,36,31.0
Detroit,2026-02-18,35,31.0
Detroit,2026-02-19,57,34.0
Detroit,2026-02-20,33,34.0
Detroit,2026-02-21,29,34.0
Detroit,2026-02-22,26,34.0
Detroit,2026-02-23,26,35.0
Detroit,2026-02-24,41,35.0
Detroit,2026-02-25,30,35.0
Detroit,2026-02-26,47,33.0
Detroit,2026-02-27,27,32.0
Detroit,2026-02-28,25,32.0
Detroit,2026-03-01,28,32.0
Detroit,2026-03-02,27,32.0
Detroit,2026-03-03,42,32.0
Detroit,2026-03-04,30,32.0
Detroit,2026-03-05,36,31.0
Detroit,2026-03-06,35,32.0
Detroit,2026-03-07,24,32.0
Detroit,2026-03-08,13,30.0
Detroit,2026-03-09,23,29.0
Detroit,2026-03-10,34,28.0
El Paso,2022-10-03,7,25.0
El Paso,2022-10-04,7,20.0
El Paso,2022-10-05,2,16.0
El Paso,2022-10-06,11,14.0
El Paso,2022-10-07,3,12.0
El Paso,2022-10-09,1,9.0
El Paso,2022-10-11,25,8.0
El Paso,2022-10-12,9,8.0
El Paso,2022-10-13,19,10.0
El Paso,2022-10-14,4,10.0
El Paso,2022-10-17,19,11.0
El Paso,2022-10-18,12,13.0
El Paso,2022-10-19,22,16.0
El Paso,2022-10-20,10,14.0
El Paso,2022-10-21,1,12.0
El Paso,2022-10-22,3,10.0
El Paso,2022-10-23,1,10.0
El Paso,2022-10-24,9,8.0
El Paso,2022-10-25,19,9.0
El Paso,2022-10-26,23,9.0
El Paso,2022-10-27,15,10.0
El Paso,2022-10-28,9,11.0
El Paso,2022-10-30,1,11.0
El Paso,2022-10-31,9,12.0
El Paso,2022-11-01,20,14.0
El Paso,2022-11-02,16,13.0
El Paso,2022-11-03,16,12.0
El Paso,2022-11-04,18,13.0
El Paso,2022-11-05,2,12.0
El Paso,2022-11-06,1,12.0
El Paso,2022-11-07,13,12.0
El Paso,2022-11-08,13,11.0
El Paso,2022-11-09,22,12.0
El Paso,2022-11-10,11,11.0
El Paso,2022-11-11,3,9.0
El Paso,2022-11-12,1,9.0
El Paso,2022-11-13,1,9.0
El Paso,2022-11-14,9,9.0
El Paso,2022-11-15,13,9.0
El Paso,2022-11-16,20,8.0
El Paso,2022-11-17,13,9.0
El Paso,2022-11-18,11,10.0
El Paso,2022-11-19,1,10.0
El Paso,2022-11-20,4,10.0
El Paso,2022-11-21,17,11.0
El Paso,2022-11-22,7,10.0
El Paso,2022-11-23,3,8.0
El Paso,2022-11-25,7,7.0
El Paso,2022-11-26,3,6.0
El Paso,2022-11-28,14,8.0
El Paso,2022-11-29,14,9.0
El Paso,2022-11-30,19,10.0
El Paso,2022-12-01,5,9.0
El Paso,2022-12-02,9,10.0
El Paso,2022-12-03,5,10.0
El Paso,2022-12-05,7,10.0
El Paso,2022-12-06,13,10.0
El Paso,2022-12-07,12,10.0
El Paso,2022-12-08,14,9.0
El Paso,2022-12-09,12,10.0
El Paso,2022-12-10,11,11.0
El Paso,2022-12-11,6,11.0
El Paso,2022-12-12,17,12.0
El Paso,2022-12-13,13,12.0
El Paso,2022-12-14,12,12.0
El Paso,2022-12-15,9,11.0
El Paso,2022-12-16,6,11.0
El Paso,2022-12-18,1,9.0
El Paso,2022-12-19,15,10.0
El Paso,2022-12-20,13,10.0
El Paso,2022-12-21,2,8.0
El Paso,2022-12-22,12,8.0
El Paso,2022-12-23,2,7.0
El Paso,2022-12-26,1,7.0
El Paso,2022-12-27,8,8.0
El Paso,2022-12-28,9,7.0
El Paso,2022-12-29,2,5.0
El Paso,2022-12-30,3,5.0
El Paso,2022-12-31,3,4.0
El Paso,2023-01-01,2,4.0
El Paso,2023-01-03,25,7.0
El Paso,2023-01-04,19,9.0
El Paso,2023-01-05,12,9.0
El Paso,2023-01-06,9,10.0
El Paso,2023-01-07,5,11.0
El Paso,2023-01-08,1,10.0
El Paso,2023-01-09,9,11.0
El Paso,2023-01-10,18,10.0
El Paso,2023-01-11,20,11.0
El Paso,2023-01-12,11,10.0
El Paso,2023-01-13,13,11.0
El Paso,2023-01-16,5,11.0
El Paso,2023-01-17,29,15.0
El Paso,2023-01-18,16,16.0
El Paso,2023-01-19,12,15.0
El Paso,2023-01-20,10,14.0
El Paso,2023-01-21,2,12.0
El Paso,2023-01-22,2,11.0
El Paso,2023-01-23,12,12.0
El Paso,2023-01-24,14,10.0
El Paso,2023-01-25,14,9.0
El Paso,2023-01-26,21,11.0
El Paso,2023-01-27,4,10.0
El Paso,2023-01-28,1,10.0
El Paso,2023-01-30,26,13.0
El Paso,2023-01-31,20,14.0
El Paso,2023-02-01,13,14.0
El Paso,2023-02-02,14,14.0
El Paso,2023-02-03,6,12.0
El Paso,2023-02-04,1,12.0
El Paso,2023-02-05,2,12.0
El Paso,2023-02-06,24,11.0
El Paso,2023-02-07,22,12.0
El Paso,2023-02-08,17,12.0
El Paso,2023-02-09,18,13.0
El Paso,2023-02-10,6,13.0
El Paso,2023-02-12,1,13.0
El Paso,2023-02-13,21,16.0
El Paso,2023-02-14,18,15.0
El Paso,2023-02-15,23,15.0
El Paso,2023-02-16,26,16.0
El Paso,2023-02-17,8,15.0
El Paso,2023-02-18,1,14.0
El Paso,2023-02-19,1,14.0
El Paso,2023-02-20,1,11.0
El Paso,2023-02-21,12,10.0
El Paso,2023-02-22,13,9.0
El Paso,2023-02-23,9,6.0
El Paso,2023-02-24,9,7.0
El Paso,2023-02-25,3,7.0
El Paso,2023-02-27,12,8.0
El Paso,2023-02-28,3,9.0
El Paso,2023-03-01,8,8.0
El Paso,2023-03-02,8,7.0
El Paso,2023-03-03,6,7.0
El Paso,2023-03-04,2,6.0
El Paso,2023-03-05,2,6.0
El Paso,2023-03-06,14,6.0
El Paso,2023-03-07,9,7.0
El Paso,2023-03-08,11,7.0
El Paso,2023-03-09,8,7.0
El Paso,2023-03-10,2,7.0
El Paso,2023-03-13,6,7.0
El Paso,2023-03-14,7,8.0
El Paso,2023-03-15,5,7.0
El Paso,2023-03-16,7,7.0
El Paso,2023-03-17,4,6.0
El Paso,2023-03-20,10,6.0
El Paso,2023-03-21,13,7.0
El Paso,2023-03-22,7,8.0
El Paso,2023-03-23,2,7.0
El Paso,2023-03-24,12,8.0
El Paso,2023-03-25,8,8.0
El Paso,2023-03-27,6,8.0
El Paso,2023-03-28,4,7.0
El Paso,2023-03-29,13,7.0
El Paso,2023-03-30,4,7.0
El Paso,2023-03-31,3,7.0
El Paso,2023-04-03,8,7.0
El Paso,2023-04-04,11,7.0
El Paso,2023-04-05,5,7.0
El Paso,2023-04-06,5,7.0
El Paso,2023-04-07,15,7.0
El Paso,2023-04-08,1,7.0
El Paso,2023-04-10,7,7.0
El Paso,2023-04-11,5,7.0
El Paso,2023-04-12,6,6.0
El Paso,2023-04-13,1,6.0
El Paso,2023-04-14,4,6.0
El Paso,2023-04-15,3,4.0
El Paso,2023-04-17,2,4.0
El Paso,2023-04-18,2,3.0
El Paso,2023-04-19,3,3.0
El Paso,2023-04-20,9,3.0
El Paso,2023-04-21,5,4.0
El Paso,2023-04-22,2,4.0
El Paso,2023-04-23,1,3.0
El Paso,2023-04-24,4,4.0
El Paso,2023-04-25,4,4.0
El Paso,2023-04-26,10,5.0
El Paso,2023-04-27,5,4.0
El Paso,2023-04-28,3,4.0
El Paso,2023-05-01,9,5.0
El Paso,2023-05-02,6,6.0
El Paso,2023-05-03,3,6.0
El Paso,2023-05-04,9,6.0
El Paso,2023-05-05,3,5.0
El Paso,2023-05-06,2,5.0
El Paso,2023-05-07,1,5.0
El Paso,2023-05-08,3,4.0
El Paso,2023-05-09,7,4.0
El Paso,2023-05-10,1,4.0
El Paso,2023-05-11,7,3.0
El Paso,2023-05-12,4,4.0
El Paso,2023-05-14,2,4.0
El Paso,2023-05-15,11,5.0
El Paso,2023-05-16,11,6.0
El Paso,2023-05-17,7,6.0
El Paso,2023-05-18,9,7.0
El Paso,2023-05-19,2,7.0
El Paso,2023-05-20,1,6.0
El Paso,2023-05-21,2,6.0
El Paso,2023-05-22,5,5.0
El Paso,2023-05-23,5,4.0
El Paso,2023-05-24,4,4.0
El Paso,2023-05-25,12,4.0
El Paso,2023-05-26,11,6.0
El Paso,2023-05-28,1,6.0
El Paso,2023-05-29,3,6.0
El Paso,2023-05-30,12,7.0
El Paso,2023-05-31,12,8.0
El Paso,2023-06-01,8,8.0
El Paso,2023-06-02,3,7.0
El Paso,2023-06-03,1,6.0
El Paso,2023-06-05,4,6.0
El Paso,2023-06-06,5,6.0
El Paso,2023-06-07,5,5.0
El Paso,2023-06-08,6,5.0
El Paso,2023-06-09,6,4.0
El Paso,2023-06-12,6,5.0
El Paso,2023-06-13,6,5.0
El Paso,2023-06-14,4,5.0
El Paso,2023-06-15,5,5.0
El Paso,2023-06-16,4,5.0
El Paso,2023-06-17,1,5.0
El Paso,2023-06-18,2,4.0
El Paso,2023-06-19,2,3.0
El Paso,2023-06-20,3,3.0
El Paso,2023-06-21,16,5.0
El Paso,2023-06-22,7,5.0
El Paso,2023-06-23,9,6.0
El Paso,2023-06-24,3,6.0
El Paso,2023-06-25,1,6.0
El Paso,2023-06-26,12,7.0
El Paso,2023-06-27,16,9.0
El Paso,2023-06-28,4,7.0
El Paso,2023-06-29,6,7.0
El Paso,2023-06-30,1,6.0
El Paso,2023-07-01,2,6.0
El Paso,2023-07-03,3,6.0
El Paso,2023-07-04,5,5.0
El Paso,2023-07-05,5,4.0
El Paso,2023-07-06,7,4.0
El Paso,2023-07-07,4,4.0
El Paso,2023-07-08,1,4.0
El Paso,2023-07-10,5,4.0
El Paso,2023-07-11,10,5.0
El Paso,2023-07-12,1,5.0
El Paso,2023-07-13,8,5.0
El Paso,2023-07-14,1,4.0
El Paso,2023-07-16,1,4.0
El Paso,2023-07-17,11,5.0
El Paso,2023-07-18,9,6.0
El Paso,2023-07-19,5,5.0
El Paso,2023-07-20,9,6.0
El Paso,2023-07-21,10,7.0
El Paso,2023-07-22,6,7.0
El Paso,2023-07-23,2,7.0
El Paso,2023-07-24,7,7.0
El Paso,2023-07-25,22,9.0
El Paso,2023-07-26,13,10.0
El Paso,2023-07-27,17,11.0
El Paso,2023-07-28,9,11.0
El Paso,2023-07-29,1,10.0
El Paso,2023-07-31,6,11.0
El Paso,2023-08-01,4,10.0
El Paso,2023-08-02,9,8.0
El Paso,2023-08-03,7,8.0
El Paso,2023-08-04,6,6.0
El Paso,2023-08-05,2,5.0
El Paso,2023-08-06,3,5.0
El Paso,2023-08-07,5,5.0
El Paso,2023-08-08,6,5.0
El Paso,2023-08-09,3,5.0
El Paso,2023-08-10,17,6.0
El Paso,2023-08-11,5,6.0
El Paso,2023-08-12,5,6.0
El Paso,2023-08-13,5,7.0
El Paso,2023-08-14,1,6.0
El Paso,2023-08-15,6,6.0
El Paso,2023-08-16,9,7.0
El Paso,2023-08-18,9,6.0
El Paso,2023-08-19,7,6.0
El Paso,2023-08-20,6,6.0
El Paso,2023-08-21,12,7.0
El Paso,2023-08-22,11,9.0
El Paso,2023-08-23,7,9.0
El Paso,2023-08-24,15,10.0
El Paso,2023-08-25,13,10.0
El Paso,2023-08-26,8,10.0
El Paso,2023-08-27,6,10.0
El Paso,2023-08-28,10,10.0
El Paso,2023-08-29,22,12.0
El Paso,2023-08-30,17,13.0
El Paso,2023-08-31,13,13.0
El Paso,2023-09-01,1,11.0
El Paso,2023-09-02,2,10.0
El Paso,2023-09-03,3,10.0
El Paso,2023-09-04,9,10.0
El Paso,2023-09-05,8,8.0
El Paso,2023-09-06,3,6.0
El Paso,2023-09-07,14,6.0
El Paso,2023-09-08,1,6.0
El Paso,2023-09-09,5,6.0
El Paso,2023-09-10,10,7.0
El Paso,2023-09-11,2,6.0
El Paso,2023-09-12,3,5.0
El Paso,2023-09-13,14,7.0
El Paso,2023-09-14,4,6.0
El Paso,2023-09-15,4,6.0
El Paso,2023-09-16,2,6.0
El Paso,2023-09-17,3,5.0
El Paso,2023-09-18,6,5.0
El Paso,2023-09-19,12,6.0
El Paso,2023-09-20,4,5.0
El Paso,2023-09-21,10,6.0
El Paso,2023-09-22,5,6.0
El Paso,2023-09-23,4,6.0
El Paso,2023-09-24,37,11.0
El Paso,2023-09-25,66,20.0
El Paso,2023-09-26,88,31.0
El Paso,2023-09-27,36,35.0
El Paso,2023-09-28,80,45.0
El Paso,2023-09-29,10,46.0
El Paso,2023-09-30,1,45.0
El Paso,2023-10-01,5,41.0
El Paso,2023-10-02,7,32.0
El Paso,2023-10-03,9,21.0
El Paso,2023-10-04,7,17.0
El Paso,2023-10-05,4,6.0
El Paso,2023-10-06,5,5.0
El Paso,2023-10-07,1,5.0
El Paso,2023-10-09,4,5.0
El Paso,2023-10-10,4,5.0
El Paso,2023-10-11,9,5.0
El Paso,2023-10-12,6,5.0
El Paso,2023-10-13,14,6.0
El Paso,2023-10-14,5,6.0
El Paso,2023-10-15,8,7.0
El Paso,2023-10-16,7,8.0
El Paso,2023-10-17,6,8.0
El Paso,2023-10-18,6,7.0
El Paso,2023-10-19,14,9.0
El Paso,2023-10-20,10,8.0
El Paso,2023-10-21,2,8.0
El Paso,2023-10-22,4,7.0
El Paso,2023-10-23,13,8.0
El Paso,2023-10-24,10,8.0
El Paso,2023-10-25,8,9.0
El Paso,2023-10-26,4,7.0
El Paso,2023-10-27,8,7.0
El Paso,2023-10-28,1,7.0
El Paso,2023-10-30,6,7.0
El Paso,2023-10-31,6,6.0
El Paso,2023-11-01,7,6.0
El Paso,2023-11-02,8,6.0
El Paso,2023-11-03,2,5.0
El Paso,2023-11-04,2,5.0
El Paso,2023-11-05,5,5.0
El Paso,2023-11-06,4,5.0
El Paso,2023-11-07,6,5.0
El Paso,2023-11-08,8,5.0
El Paso,2023-11-09,5,5.0
El Paso,2023-11-10,1,4.0
El Paso,2023-11-11,1,4.0
El Paso,2023-11-13,7,5.0
El Paso,2023-11-14,13,6.0
El Paso,2023-11-15,6,6.0
El Paso,2023-11-16,5,5.0
El Paso,2023-11-17,5,5.0
El Paso,2023-11-18,3,6.0
El Paso,2023-11-20,3,6.0
El Paso,2023-11-21,6,6.0
El Paso,2023-11-22,3,4.0
El Paso,2023-11-23,6,4.0
El Paso,2023-11-24,3,4.0
El Paso,2023-11-25,1,4.0
El Paso,2023-11-26,4,4.0
El Paso,2023-11-27,6,4.0
El Paso,2023-11-28,8,4.0
El Paso,2023-11-29,3,4.0
El Paso,2023-11-30,9,5.0
El Paso,2023-12-01,4,5.0
El Paso,2023-12-02,1,5.0
El Paso,2023-12-03,1,5.0
El Paso,2023-12-04,12,5.0
El Paso,2023-12-05,10,6.0
El Paso,2023-12-06,1,5.0
El Paso,2023-12-07,5,5.0
El Paso,2023-12-08,6,5.0
El Paso,2023-12-09,2,5.0
El Paso,2023-12-10,1,5.0
El Paso,2023-12-11,4,4.0
El Paso,2023-12-12,5,3.0
El Paso,2023-12-13,8,4.0
El Paso,2023-12-14,13,6.0
El Paso,2023-12-15,3,5.0
El Paso,2023-12-16,8,6.0
El Paso,2023-12-17,6,7.0
El Paso,2023-12-18,10,8.0
El Paso,2023-12-19,3,7.0
El Paso,2023-12-20,11,8.0
El Paso,2023-12-21,10,7.0
El Paso,2023-12-22,8,8.0
El Paso,2023-12-23,2,7.0
El Paso,2023-12-25,1,6.0
El Paso,2023-12-26,1,5.0
El Paso,2023-12-27,4,5.0
El Paso,2023-12-28,2,4.0
El Paso,2023-12-29,7,4.0
El Paso,2023-12-30,3,3.0
El Paso,2023-12-31,1,3.0
El Paso,2024-01-02,1,3.0
El Paso,2024-01-03,2,3.0
El Paso,2024-01-04,7,3.0
El Paso,2024-01-05,7,4.0
El Paso,2024-01-06,2,3.0
El Paso,2024-01-08,4,3.0
El Paso,2024-01-09,4,4.0
El Paso,2024-01-10,5,4.0
El Paso,2024-01-11,4,5.0
El Paso,2024-01-12,4,4.0
El Paso,2024-01-13,1,3.0
El Paso,2024-01-14,1,3.0
El Paso,2024-01-15,2,3.0
El Paso,2024-01-16,6,3.0
El Paso,2024-01-17,7,4.0
El Paso,2024-01-18,3,3.0
El Paso,2024-01-19,5,4.0
El Paso,2024-01-20,2,4.0
El Paso,2024-01-21,4,4.0
El Paso,2024-01-22,10,5.0
El Paso,2024-01-23,8,6.0
El Paso,2024-01-24,6,5.0
El Paso,2024-01-25,5,6.0
El Paso,2024-01-26,5,6.0
El Paso,2024-01-27,2,6.0
El Paso,2024-01-28,3,6.0
El Paso,2024-01-29,5,5.0
El Paso,2024-01-30,9,5.0
El Paso,2024-01-31,4,5.0
El Paso,2024-02-01,5,5.0
El Paso,2024-02-02,8,5.0
El Paso,2024-02-03,1,5.0
El Paso,2024-02-04,2,5.0
El Paso,2024-02-05,3,5.0
El Paso,2024-02-06,5,4.0
El Paso,2024-02-07,5,4.0
El Paso,2024-02-08,1,4.0
El Paso,2024-02-09,1,3.0
El Paso,2024-02-10,2,3.0
El Paso,2024-02-11,3,3.0
El Paso,2024-02-12,8,4.0
El Paso,2024-02-13,3,3.0
El Paso,2024-02-14,7,4.0
El Paso,2024-02-15,7,4.0
El Paso,2024-02-16,12,6.0
El Paso,2024-02-17,2,6.0
El Paso,2024-02-18,1,6.0
El Paso,2024-02-19,1,5.0
El Paso,2024-02-20,4,5.0
El Paso,2024-02-21,5,5.0
El Paso,2024-02-22,7,5.0
El Paso,2024-02-23,4,3.0
El Paso,2024-02-25,1,3.0
El Paso,2024-02-26,25,7.0
El Paso,2024-02-27,10,8.0
El Paso,2024-02-28,2,8.0
El Paso,2024-02-29,4,8.0
El Paso,2024-03-01,5,7.0
El Paso,2024-03-02,4,7.0
El Paso,2024-03-04,4,8.0
El Paso,2024-03-05,3,5.0
El Paso,2024-03-06,2,3.0
El Paso,2024-03-07,4,4.0
El Paso,2024-03-08,4,4.0
El Paso,2024-03-11,4,4.0
El Paso,2024-03-12,19,6.0
El Paso,2024-03-13,12,7.0
El Paso,2024-03-14,5,7.0
El Paso,2024-03-15,5,8.0
El Paso,2024-03-16,1,7.0
El Paso,2024-03-18,2,7.0
El Paso,2024-03-19,4,7.0
El Paso,2024-03-20,3,5.0
El Paso,2024-03-21,11,4.0
El Paso,2024-03-22,4,4.0
El Paso,2024-03-25,18,6.0
El Paso,2024-03-26,4,7.0
El Paso,2024-03-27,7,7.0
El Paso,2024-03-28,5,7.0
El Paso,2024-03-29,2,7.0
El Paso,2024-03-30,1,6.0
El Paso,2024-03-31,4,6.0
El Paso,2024-04-01,4,4.0
El Paso,2024-04-02,5,4.0
El Paso,2024-04-03,11,5.0
El Paso,2024-04-04,4,4.0
El Paso,2024-04-05,2,4.0
El Paso,2024-04-08,8,5.0
El Paso,2024-04-09,6,6.0
El Paso,2024-04-10,11,7.0
El Paso,2024-04-11,4,7.0
El Paso,2024-04-12,5,6.0
El Paso,2024-04-13,2,5.0
El Paso,2024-04-15,7,6.0
El Paso,2024-04-16,5,6.0
El Paso,2024-04-17,7,6.0
El Paso,2024-04-18,14,6.0
El Paso,2024-04-19,4,6.0
El Paso,2024-04-20,2,6.0
El Paso,2024-04-22,7,7.0
El Paso,2024-04-23,9,7.0
El Paso,2024-04-24,10,8.0
El Paso,2024-04-25,5,7.0
El Paso,2024-04-26,4,6.0
El Paso,2024-04-28,2,6.0
El Paso,2024-04-29,5,6.0
El Paso,2024-04-30,11,7.0
El Paso,2024-05-01,13,7.0
El Paso,2024-05-02,6,7.0
El Paso,2024-05-03,3,6.0
El Paso,2024-05-06,2,6.0
El Paso,2024-05-07,4,6.0
El Paso,2024-05-08,4,6.0
El Paso,2024-05-09,7,6.0
El Paso,2024-05-10,4,4.0
El Paso,2024-05-13,5,4.0
El Paso,2024-05-14,9,5.0
El Paso,2024-05-15,6,6.0
El Paso,2024-05-16,9,6.0
El Paso,2024-05-17,8,7.0
El Paso,2024-05-20,4,6.0
El Paso,2024-05-21,1,6.0
El Paso,2024-05-22,3,6.0
El Paso,2024-05-23,6,5.0
El Paso,2024-05-24,13,6.0
El Paso,2024-05-27,1,5.0
El Paso,2024-05-28,4,5.0
El Paso,2024-05-29,11,6.0
El Paso,2024-05-30,3,6.0
El Paso,2024-05-31,6,6.0
El Paso,2024-06-03,6,6.0
El Paso,2024-06-04,6,5.0
El Paso,2024-06-05,5,6.0
El Paso,2024-06-06,7,6.0
El Paso,2024-06-07,3,5.0
El Paso,2024-06-08,2,5.0
El Paso,2024-06-09,2,4.0
El Paso,2024-06-10,2,4.0
El Paso,2024-06-11,10,4.0
El Paso,2024-06-12,6,5.0
El Paso,2024-06-13,6,4.0
El Paso,2024-06-14,4,5.0
El Paso,2024-06-17,2,5.0
El Paso,2024-06-18,3,5.0
El Paso,2024-06-19,2,5.0
El Paso,2024-06-20,9,5.0
El Paso,2024-06-21,3,4.0
El Paso,2024-06-22,1,3.0
El Paso,2024-06-23,5,4.0
El Paso,2024-06-24,14,5.0
El Paso,2024-06-25,22,8.0
El Paso,2024-06-26,6,9.0
El Paso,2024-06-27,5,8.0
El Paso,2024-06-28,7,9.0
El Paso,2024-07-01,3,9.0
El Paso,2024-07-02,5,9.0
El Paso,2024-07-03,11,8.0
El Paso,2024-07-04,2,6.0
El Paso,2024-07-05,4,5.0
El Paso,2024-07-06,1,5.0
El Paso,2024-07-07,3,4.0
El Paso,2024-07-08,8,5.0
El Paso,2024-07-09,8,5.0
El Paso,2024-07-10,3,4.0
El Paso,2024-07-11,9,5.0
El Paso,2024-07-12,4,5.0
El Paso,2024-07-15,5,6.0
El Paso,2024-07-16,11,7.0
El Paso,2024-07-17,2,6.0
El Paso,2024-07-18,9,6.0
El Paso,2024-07-19,16,8.0
El Paso,2024-07-20,1,7.0
El Paso,2024-07-21,5,7.0
El Paso,2024-07-22,9,8.0
El Paso,2024-07-23,13,8.0
El Paso,2024-07-24,5,8.0
El Paso,2024-07-25,2,7.0
El Paso,2024-07-26,4,6.0
El Paso,2024-07-27,3,6.0
El Paso,2024-07-29,6,6.0
El Paso,2024-07-30,9,6.0
El Paso,2024-07-31,6,5.0
El Paso,2024-08-01,7,5.0
El Paso,2024-08-02,6,6.0
El Paso,2024-08-03,1,5.0
El Paso,2024-08-05,8,6.0
El Paso,2024-08-06,8,6.0
El Paso,2024-08-07,4,6.0
El Paso,2024-08-08,8,6.0
El Paso,2024-08-09,5,6.0
El Paso,2024-08-10,1,5.0
El Paso,2024-08-11,1,5.0
El Paso,2024-08-12,7,5.0
El Paso,2024-08-13,5,4.0
El Paso,2024-08-14,5,5.0
El Paso,2024-08-15,6,4.0
El Paso,2024-08-16,8,5.0
El Paso,2024-08-17,2,5.0
El Paso,2024-08-18,4,5.0
El Paso,2024-08-19,6,5.0
El Paso,2024-08-20,9,6.0
El Paso,2024-08-21,6,6.0
El Paso,2024-08-22,12,7.0
El Paso,2024-08-23,7,7.0
El Paso,2024-08-25,1,6.0
El Paso,2024-08-26,3,6.0
El Paso,2024-08-27,7,6.0
El Paso,2024-08-28,13,7.0
El Paso,2024-08-29,2,6.0
El Paso,2024-08-30,7,6.0
El Paso,2024-08-31,2,5.0
El Paso,2024-09-02,1,5.0
El Paso,2024-09-03,6,5.0
El Paso,2024-09-04,6,5.0
El Paso,2024-09-05,5,4.0
El Paso,2024-09-06,7,5.0
El Paso,2024-09-07,1,4.0
El Paso,2024-09-08,1,4.0
El Paso,2024-09-09,10,5.0
El Paso,2024-09-10,21,7.0
El Paso,2024-09-11,9,8.0
El Paso,2024-09-12,11,9.0
El Paso,2024-09-13,6,8.0
El Paso,2024-09-14,1,8.0
El Paso,2024-09-15,1,8.0
El Paso,2024-09-16,3,7.0
El Paso,2024-09-17,3,5.0
El Paso,2024-09-18,2,4.0
El Paso,2024-09-19,10,4.0
El Paso,2024-09-20,9,4.0
El Paso,2024-09-21,1,4.0
El Paso,2024-09-22,1,4.0
El Paso,2024-09-23,6,5.0
El Paso,2024-09-24,5,5.0
El Paso,2024-09-26,4,5.0
El Paso,2024-09-27,7,5.0
El Paso,2024-09-28,2,4.0
El Paso,2024-09-30,4,4.0
El Paso,2024-10-01,12,6.0
El Paso,2024-10-02,6,6.0
El Paso,2024-10-03,2,5.0
El Paso,2024-10-04,4,5.0
El Paso,2024-10-07,4,5.0
El Paso,2024-10-08,5,5.0
El Paso,2024-10-09,3,5.0
El Paso,2024-10-10,12,5.0
El Paso,2024-10-11,3,5.0
El Paso,2024-10-14,1,5.0
El Paso,2024-10-15,5,5.0
El Paso,2024-10-16,4,5.0
El Paso,2024-10-17,5,5.0
El Paso,2024-10-18,3,5.0
El Paso,2024-10-19,3,3.0
El Paso,2024-10-21,6,4.0
El Paso,2024-10-22,2,4.0
El Paso,2024-10-23,4,4.0
El Paso,2024-10-24,3,4.0
El Paso,2024-10-25,3,3.0
El Paso,2024-10-27,1,3.0
El Paso,2024-10-28,3,3.0
El Paso,2024-10-29,14,4.0
El Paso,2024-10-30,16,6.0
El Paso,2024-10-31,9,7.0
El Paso,2024-11-01,11,8.0
El Paso,2024-11-03,1,8.0
El Paso,2024-11-04,5,8.0
El Paso,2024-11-05,10,9.0
El Paso,2024-11-06,7,8.0
El Paso,2024-11-07,5,7.0
El Paso,2024-11-08,17,8.0
El Paso,2024-11-11,2,7.0
El Paso,2024-11-12,4,7.0
El Paso,2024-11-13,9,8.0
El Paso,2024-11-14,3,7.0
El Paso,2024-11-15,8,7.0
El Paso,2024-11-17,1,6.0
El Paso,2024-11-18,4,4.0
El Paso,2024-11-19,8,5.0
El Paso,2024-11-20,10,6.0
El Paso,2024-11-21,5,6.0
El Paso,2024-11-22,7,6.0
El Paso,2024-11-24,1,5.0
El Paso,2024-11-25,7,6.0
El Paso,2024-11-26,3,6.0
El Paso,2024-11-27,19,7.0
El Paso,2024-11-29,4,7.0
El Paso,2024-12-01,1,6.0
El Paso,2024-12-02,10,6.0
El Paso,2024-12-03,12,8.0
El Paso,2024-12-04,4,8.0
El Paso,2024-12-05,6,8.0
El Paso,2024-12-06,2,6.0
El Paso,2024-12-07,1,5.0
El Paso,2024-12-09,5,6.0
El Paso,2024-12-10,5,5.0
El Paso,2024-12-11,8,4.0
El Paso,2024-12-12,5,5.0
El Paso,2024-12-13,10,5.0
El Paso,2024-12-14,1,5.0
El Paso,2024-12-15,1,5.0
El Paso,2024-12-16,1,4.0
El Paso,2024-12-17,29,8.0
El Paso,2024-12-18,12,8.0
El Paso,2024-12-19,12,9.0
El Paso,2024-12-20,10,9.0
El Paso,2024-12-21,1,9.0
El Paso,2024-12-22,4,10.0
El Paso,2024-12-23,20,13.0
El Paso,2024-12-24,2,9.0
El Paso,2024-12-26,2,7.0
El Paso,2024-12-27,1,6.0
El Paso,2024-12-28,1,4.0
El Paso,2024-12-29,8,5.0
El Paso,2024-12-30,3,5.0
El Paso,2024-12-31,10,4.0
El Paso,2025-01-01,1,4.0
El Paso,2025-01-02,1,4.0
El Paso,2025-01-03,9,5.0
El Paso,2025-01-04,2,5.0
El Paso,2025-01-05,1,4.0
El Paso,2025-01-06,10,5.0
El Paso,2025-01-07,10,5.0
El Paso,2025-01-09,8,6.0
El Paso,2025-01-10,10,7.0
El Paso,2025-01-11,2,6.0
El Paso,2025-01-12,2,6.0
El Paso,2025-01-13,18,9.0
El Paso,2025-01-14,6,8.0
El Paso,2025-01-15,5,7.0
El Paso,2025-01-16,4,7.0
El Paso,2025-01-17,4,6.0
El Paso,2025-01-20,5,6.0
El Paso,2025-01-21,6,7.0
El Paso,2025-01-22,3,5.0
El Paso,2025-01-23,7,5.0
El Paso,2025-01-24,12,6.0
El Paso,2025-01-25,1,5.0
El Paso,2025-01-26,5,6.0
El Paso,2025-01-27,13,7.0
El Paso,2025-01-28,24,9.0
El Paso,2025-01-29,20,12.0
El Paso,2025-01-30,14,13.0
El Paso,2025-01-31,17,13.0
El Paso,2025-02-01,8,14.0
El Paso,2025-02-02,3,14.0
El Paso,2025-02-03,10,14.0
El Paso,2025-02-04,11,12.0
El Paso,2025-02-05,8,10.0
El Paso,2025-02-06,12,10.0
El Paso,2025-02-07,7,8.0
El Paso,2025-02-08,12,9.0
El Paso,2025-02-09,6,9.0
El Paso,2025-02-10,17,10.0
El Paso,2025-02-11,10,10.0
El Paso,2025-02-12,11,11.0
El Paso,2025-02-13,10,10.0
El Paso,2025-02-14,10,11.0
El Paso,2025-02-15,9,10.0
El Paso,2025-02-16,1,10.0
El Paso,2025-02-17,5,8.0
El Paso,2025-02-18,5,7.0
El Paso,2025-02-19,15,8.0
El Paso,2025-02-20,11,8.0
El Paso,2025-02-21,10,8.0
El Paso,2025-02-22,2,7.0
El Paso,2025-02-23,1,7.0
El Paso,2025-02-24,11,8.0
El Paso,2025-02-25,10,9.0
El Paso,2025-02-26,7,7.0
El Paso,2025-02-27,21,9.0
El Paso,2025-02-28,7,8.0
El Paso,2025-03-01,5,9.0
El Paso,2025-03-02,12,10.0
El Paso,2025-03-03,14,11.0
El Paso,2025-03-04,17,12.0
El Paso,2025-03-05,10,12.0
El Paso,2025-03-06,9,11.0
El Paso,2025-03-07,10,11.0
El Paso,2025-03-08,5,11.0
El Paso,2025-03-09,3,10.0
El Paso,2025-03-10,8,9.0
El Paso,2025-03-11,5,7.0
El Paso,2025-03-12,11,7.0
El Paso,2025-03-13,6,7.0
El Paso,2025-03-14,11,7.0
El Paso,2025-03-15,4,7.0
El Paso,2025-03-16,4,7.0
El Paso,2025-03-17,4,6.0
El Paso,2025-03-18,11,7.0
El Paso,2025-03-19,7,7.0
El Paso,2025-03-20,8,7.0
El Paso,2025-03-21,2,6.0
El Paso,2025-03-22,7,6.0
El Paso,2025-03-24,8,7.0
El Paso,2025-03-25,4,7.0
El Paso,2025-03-26,8,6.0
El Paso,2025-03-27,17,8.0
El Paso,2025-03-28,5,7.0
El Paso,2025-03-29,2,7.0
El Paso,2025-03-30,1,6.0
El Paso,2025-03-31,17,8.0
El Paso,2025-04-01,17,10.0
El Paso,2025-04-02,11,10.0
El Paso,2025-04-03,10,9.0
El Paso,2025-04-04,6,9.0
El Paso,2025-04-05,2,9.0
El Paso,2025-04-07,3,9.0
El Paso,2025-04-08,6,8.0
El Paso,2025-04-09,5,6.0
El Paso,2025-04-10,8,6.0
El Paso,2025-04-11,9,6.0
El Paso,2025-04-12,1,5.0
El Paso,2025-04-13,2,5.0
El Paso,2025-04-14,14,6.0
El Paso,2025-04-15,6,6.0
El Paso,2025-04-16,11,7.0
El Paso,2025-04-17,8,7.0
El Paso,2025-04-18,7,7.0
El Paso,2025-04-19,3,7.0
El Paso,2025-04-20,1,7.0
El Paso,2025-04-21,24,9.0
El Paso,2025-04-22,8,9.0
El Paso,2025-04-23,10,9.0
El Paso,2025-04-24,24,11.0
El Paso,2025-04-25,10,11.0
El Paso,2025-04-27,1,11.0
El Paso,2025-04-28,11,13.0
El Paso,2025-04-29,6,10.0
El Paso,2025-04-30,8,10.0
El Paso,2025-05-01,12,10.0
El Paso,2025-05-02,8,8.0
El Paso,2025-05-03,2,7.0
El Paso,2025-05-04,2,7.0
El Paso,2025-05-05,13,7.0
El Paso,2025-05-06,5,7.0
El Paso,2025-05-07,7,7.0
El Paso,2025-05-08,10,7.0
El Paso,2025-05-09,12,7.0
El Paso,2025-05-10,1,7.0
El Paso,2025-05-12,11,8.0
El Paso,2025-05-13,12,8.0
El Paso,2025-05-14,5,8.0
El Paso,2025-05-15,18,10.0
El Paso,2025-05-16,14,10.0
El Paso,2025-05-19,5,9.0
El Paso,2025-05-20,12,11.0
El Paso,2025-05-21,11,11.0
El Paso,2025-05-22,14,11.0
El Paso,2025-05-23,11,12.0
El Paso,2025-05-24,8,11.0
El Paso,2025-05-25,7,10.0
El Paso,2025-05-26,1,9.0
El Paso,2025-05-27,28,11.0
El Paso,2025-05-28,24,13.0
El Paso,2025-05-29,32,16.0
El Paso,2025-05-30,10,16.0
El Paso,2025-05-31,23,18.0
El Paso,2025-06-01,16,19.0
El Paso,2025-06-02,61,28.0
El Paso,2025-06-03,52,31.0
El Paso,2025-06-04,41,34.0
El Paso,2025-06-05,44,35.0
El Paso,2025-06-06,20,37.0
El Paso,2025-06-07,9,35.0
El Paso,2025-06-08,1,33.0
El Paso,2025-06-09,59,32.0
El Paso,2025-06-10,34,30.0
El Paso,2025-06-11,58,32.0
El Paso,2025-06-12,48,33.0
El Paso,2025-06-13,32,34.0
El Paso,2025-06-14,7,34.0
El Paso,2025-06-15,7,35.0
El Paso,2025-06-16,13,28.0
El Paso,2025-06-17,46,30.0
El Paso,2025-06-18,26,26.0
El Paso,2025-06-19,5,19.0
El Paso,2025-06-20,22,18.0
El Paso,2025-06-21,7,18.0
El Paso,2025-06-22,3,17.0
El Paso,2025-06-23,25,19.0
El Paso,2025-06-24,34,17.0
El Paso,2025-06-25,13,16.0
El Paso,2025-06-26,8,16.0
El Paso,2025-06-27,19,16.0
El Paso,2025-06-28,7,16.0
El Paso,2025-06-29,7,16.0
El Paso,2025-06-30,13,14.0
El Paso,2025-07-01,30,14.0
El Paso,2025-07-02,27,16.0
El Paso,2025-07-03,13,17.0
El Paso,2025-07-04,1,14.0
El Paso,2025-07-05,3,13.0
El Paso,2025-07-06,2,13.0
El Paso,2025-07-07,20,14.0
El Paso,2025-07-08,34,14.0
El Paso,2025-07-09,21,13.0
El Paso,2025-07-10,18,14.0
El Paso,2025-07-11,13,16.0
El Paso,2025-07-12,3,16.0
El Paso,2025-07-13,3,16.0
El Paso,2025-07-14,19,16.0
El Paso,2025-07-15,34,16.0
El Paso,2025-07-16,34,18.0
El Paso,2025-07-17,23,18.0
El Paso,2025-07-18,18,19.0
El Paso,2025-07-19,3,19.0
El Paso,2025-07-20,3,19.0
El Paso,2025-07-21,23,20.0
El Paso,2025-07-22,23,18.0
El Paso,2025-07-23,55,21.0
El Paso,2025-07-24,64,27.0
El Paso,2025-07-25,35,29.0
El Paso,2025-07-26,11,31.0
El Paso,2025-07-27,7,31.0
El Paso,2025-07-28,54,36.0
El Paso,2025-07-29,44,39.0
El Paso,2025-07-30,45,37.0
El Paso,2025-07-31,74,39.0
El Paso,2025-08-01,77,45.0
El Paso,2025-08-02,10,44.0
El Paso,2025-08-03,6,44.0
El Paso,2025-08-04,44,43.0
El Paso,2025-08-05,110,52.0
El Paso,2025-08-06,48,53.0
El Paso,2025-08-07,76,53.0
El Paso,2025-08-08,53,50.0
El Paso,2025-08-09,5,49.0
El Paso,2025-08-10,3,48.0
El Paso,2025-08-11,47,49.0
El Paso,2025-08-12,122,51.0
El Paso,2025-08-13,61,52.0
El Paso,2025-08-14,59,50.0
El Paso,2025-08-15,78,54.0
El Paso,2025-08-16,5,54.0
El Paso,2025-08-17,4,54.0
El Paso,2025-08-18,21,50.0
El Paso,2025-08-19,62,41.0
El Paso,2025-08-20,34,38.0
El Paso,2025-08-21,30,33.0
El Paso,2025-08-22,45,29.0
El Paso,2025-08-23,3,28.0
El Paso,2025-08-24,4,28.0
El Paso,2025-08-25,30,30.0
El Paso,2025-08-26,25,24.0
El Paso,2025-08-27,33,24.0
El Paso,2025-08-28,74,31.0
El Paso,2025-08-29,20,27.0
El Paso,2025-08-30,2,27.0
El Paso,2025-08-31,17,29.0
El Paso,2025-09-01,1,25.0
El Paso,2025-09-02,34,26.0
El Paso,2025-09-03,57,29.0
El Paso,2025-09-04,74,29.0
El Paso,2025-09-05,92,40.0
El Paso,2025-09-06,4,40.0
El Paso,2025-09-07,8,39.0
El Paso,2025-09-08,25,42.0
El Paso,2025-09-09,49,44.0
El Paso,2025-09-10,69,46.0
El Paso,2025-09-11,42,41.0
El Paso,2025-09-12,60,37.0
El Paso,2025-09-13,3,37.0
El Paso,2025-09-14,9,37.0
El Paso,2025-09-15,46,40.0
El Paso,2025-09-16,73,43.0
El Paso,2025-09-17,48,40.0
El Paso,2025-09-18,49,41.0
El Paso,2025-09-19,69,42.0
El Paso,2025-09-20,9,43.0
El Paso,2025-09-21,6,43.0
El Paso,2025-09-22,31,41.0
El Paso,2025-09-23,44,37.0
El Paso,2025-09-24,51,37.0
El Paso,2025-09-25,29,34.0
El Paso,2025-09-26,65,34.0
El Paso,2025-09-27,7,33.0
El Paso,2025-09-28,1,33.0
El Paso,2025-09-29,35,33.0
El Paso,2025-09-30,94,40.0
El Paso,2025-10-01,52,40.0
El Paso,2025-10-02,29,40.0
El Paso,2025-10-03,41,37.0
El Paso,2025-10-04,8,37.0
El Paso,2025-10-06,7,38.0
El Paso,2025-10-07,38,38.0
El Paso,2025-10-08,120,42.0
El Paso,2025-10-09,65,44.0
El Paso,2025-10-10,92,53.0
El Paso,2025-10-11,5,48.0
El Paso,2025-10-12,3,47.0
El Paso,2025-10-13,4,47.0
El Paso,2025-10-14,70,51.0
El Paso,2025-10-15,118,51.0
El Paso,2025-10-16,93,55.0
El Paso,2025-10-17,122,59.0
El Paso,2025-10-18,7,60.0
El Paso,2025-10-19,1,59.0
El Paso,2025-10-20,32,63.0
El Paso,2025-10-21,65,63.0
El Paso,2025-10-22,50,53.0
El Paso,2025-10-23,54,47.0
El Paso,2025-10-24,46,36.0
El Paso,2025-10-25,10,37.0
El Paso,2025-10-26,11,38.0
El Paso,2025-10-27,52,41.0
El Paso,2025-10-28,64,41.0
El Paso,2025-10-29,84,46.0
El Paso,2025-10-30,91,51.0
El Paso,2025-10-31,47,51.0
El Paso,2025-11-01,6,51.0
El Paso,2025-11-02,4,50.0
El Paso,2025-11-03,53,50.0
El Paso,2025-11-04,60,49.0
El Paso,2025-11-05,63,46.0
El Paso,2025-11-06,20,36.0
El Paso,2025-11-07,45,36.0
El Paso,2025-11-08,3,35.0
El Paso,2025-11-09,11,36.0
El Paso,2025-11-10,60,37.0
El Paso,2025-11-11,9,30.0
El Paso,2025-11-12,69,31.0
El Paso,2025-11-13,65,37.0
El Paso,2025-11-14,68,41.0
El Paso,2025-11-15,9,42.0
El Paso,2025-11-16,2,40.0
El Paso,2025-11-17,26,35.0
El Paso,2025-11-18,34,39.0
El Paso,2025-11-19,61,38.0
El Paso,2025-11-20,77,40.0
El Paso,2025-11-21,146,51.0
El Paso,2025-11-22,11,51.0
El Paso,2025-11-23,3,51.0
El Paso,2025-11-24,63,56.0
El Paso,2025-11-25,77,63.0
El Paso,2025-11-26,91,67.0
El Paso,2025-11-27,3,56.0
El Paso,2025-11-28,10,37.0
El Paso,2025-11-29,3,36.0
El Paso,2025-11-30,1,35.0
El Paso,2025-12-01,68,36.0
El Paso,2025-12-02,89,38.0
El Paso,2025-12-03,53,32.0
El Paso,2025-12-04,85,44.0
El Paso,2025-12-05,66,52.0
El Paso,2025-12-06,9,53.0
El Paso,2025-12-07,12,55.0
El Paso,2025-12-08,47,52.0
El Paso,2025-12-09,101,53.0
El Paso,2025-12-10,65,55.0
El Paso,2025-12-11,77,54.0
El Paso,2025-12-12,71,55.0
El Paso,2025-12-13,7,54.0
El Paso,2025-12-14,4,53.0
El Paso,2025-12-15,42,52.0
El Paso,2025-12-16,64,47.0
El Paso,2025-12-17,72,48.0
El Paso,2025-12-18,101,52.0
El Paso,2025-12-19,68,51.0
El Paso,2025-12-20,7,51.0
El Paso,2025-12-21,3,51.0
El Paso,2025-12-22,41,51.0
El Paso,2025-12-23,113,58.0
El Paso,2025-12-24,6,48.0
El Paso,2025-12-25,2,34.0
El Paso,2025-12-26,6,25.0
El Paso,2025-12-27,5,25.0
El Paso,2025-12-28,5,25.0
El Paso,2025-12-29,47,26.0
El Paso,2025-12-30,72,20.0
El Paso,2025-12-31,28,24.0
El Paso,2026-01-01,3,24.0
El Paso,2026-01-02,32,27.0
El Paso,2026-01-03,8,28.0
El Paso,2026-01-04,4,28.0
El Paso,2026-01-05,40,27.0
El Paso,2026-01-06,72,27.0
El Paso,2026-01-07,79,34.0
El Paso,2026-01-08,79,45.0
El Paso,2026-01-09,80,52.0
El Paso,2026-01-10,24,54.0
El Paso,2026-01-11,29,58.0
El Paso,2026-01-12,50,59.0
El Paso,2026-01-13,66,58.0
El Paso,2026-01-14,79,58.0
El Paso,2026-01-15,74,57.0
El Paso,2026-01-16,41,52.0
El Paso,2026-01-17,25,52.0
El Paso,2026-01-18,21,51.0
El Paso,2026-01-19,28,48.0
El Paso,2026-01-20,52,46.0
El Paso,2026-01-21,96,48.0
El Paso,2026-01-22,91,51.0
El Paso,2026-01-23,111,61.0
El Paso,2026-01-24,32,62.0
El Paso,2026-01-25,12,60.0
El Paso,2026-01-26,58,65.0
El Paso,2026-01-27,80,69.0
El Paso,2026-01-28,79,66.0
El Paso,2026-01-29,62,62.0
El Paso,2026-01-30,94,60.0
El Paso,2026-01-31,31,59.0
El Paso,2026-02-01,33,62.0
El Paso,2026-02-02,58,62.0
El Paso,2026-02-03,44,57.0
El Paso,2026-02-04,50,53.0
El Paso,2026-02-05,43,50.0
El Paso,2026-02-06,80,48.0
El Paso,2026-02-07,13,46.0
El Paso,2026-02-08,9,42.0
El Paso,2026-02-09,31,39.0
El Paso,2026-02-10,93,46.0
El Paso,2026-02-11,77,49.0
El Paso,2026-02-12,74,54.0
El Paso,2026-02-13,49,49.0
El Paso,2026-02-14,3,48.0
El Paso,2026-02-15,6,48.0
El Paso,2026-02-16,7,44.0
El Paso,2026-02-17,33,36.0
El Paso,2026-02-18,39,30.0
El Paso,2026-02-19,45,26.0
El Paso,2026-02-20,74,30.0
El Paso,2026-02-21,8,30.0
El Paso,2026-02-22,7,30.0
El Paso,2026-02-23,24,33.0
El Paso,2026-02-24,37,33.0
El Paso,2026-02-25,44,34.0
El Paso,2026-02-26,84,40.0
El Paso,2026-02-27,13,31.0
El Paso,2026-02-28,6,31.0
El Paso,2026-03-01,1,30.0
El Paso,2026-03-02,13,28.0
El Paso,2026-03-03,26,27.0
El Paso,2026-03-04,8,22.0
El Paso,2026-03-05,17,12.0
El Paso,2026-03-06,18,13.0
El Paso,2026-03-07,8,13.0
El Paso,2026-03-08,2,13.0
El Paso,2026-03-09,5,12.0
El Paso,2026-03-10,12,10.0
HQ,2023-02-24,1,9.0
HQ,2023-07-17,1,7.0
HQ,2023-07-20,1,4.0
HQ,2023-08-22,1,3.0
HQ,2023-08-23,2,3.0
HQ,2023-08-24,2,3.0
HQ,2023-08-26,1,1.0
HQ,2023-08-27,2,1.0
HQ,2023-08-29,1,1.0
HQ,2023-08-30,4,2.0
HQ,2023-08-31,2,2.0
HQ,2023-09-01,2,2.0
HQ,2023-09-03,3,2.0
HQ,2023-09-04,1,2.0
HQ,2023-09-05,8,3.0
HQ,2023-09-07,2,3.0
HQ,2023-09-10,3,3.0
HQ,2023-09-16,1,3.0
HQ,2023-09-17,1,3.0
HQ,2023-09-19,3,3.0
HQ,2023-09-20,2,3.0
HQ,2023-09-21,1,2.0
HQ,2023-09-22,1,2.0
HQ,2023-09-23,1,1.0
HQ,2023-11-07,1,1.0
HQ,2024-01-18,1,1.0
HQ,2024-10-15,1,1.0
HQ,2025-02-09,1,1.0
HQ,2025-02-19,1,1.0
HQ,2025-03-03,2,1.0
HQ,2025-03-06,3,1.0
HQ,2025-03-07,1,1.0
HQ,2025-04-08,1,1.0
HQ,2025-04-27,2,2.0
HQ,2025-05-09,1,2.0
HQ,2025-05-12,1,2.0
HQ,2025-05-23,1,1.0
HQ,2025-05-29,2,1.0
HQ,2025-06-01,1,1.0
HQ,2025-08-13,1,1.0
HQ,2025-09-04,1,1.0
HQ,2025-09-10,1,1.0
HQ,2025-09-12,1,1.0
HQ,2025-09-20,3,1.0
HQ,2025-10-02,1,1.0
HQ,2025-12-30,1,1.0
HQ,2026-01-02,1,1.0
HQ,2026-03-10,1,1.0
Harlingen,2022-10-01,9,2.0
Harlingen,2022-10-02,10,4.0
Harlingen,2022-10-03,8,4.0
Harlingen,2022-10-04,25,8.0
Harlingen,2022-10-05,25,11.0
Harlingen,2022-10-06,28,15.0
Harlingen,2022-10-07,11,17.0
Harlingen,2022-10-08,17,18.0
Harlingen,2022-10-09,8,17.0
Harlingen,2022-10-10,9,18.0
Harlingen,2022-10-11,7,15.0
Harlingen,2022-10-12,22,15.0
Harlingen,2022-10-13,31,15.0
Harlingen,2022-10-14,23,17.0
Harlingen,2022-10-15,17,17.0
Harlingen,2022-10-16,1,16.0
Harlingen,2022-10-17,10,16.0
Harlingen,2022-10-18,13,17.0
Harlingen,2022-10-19,27,17.0
Harlingen,2022-10-20,29,17.0
Harlingen,2022-10-21,26,18.0
Harlingen,2022-10-22,11,17.0
Harlingen,2022-10-23,3,17.0
Harlingen,2022-10-24,5,16.0
Harlingen,2022-10-25,15,17.0
Harlingen,2022-10-26,30,17.0
Harlingen,2022-10-27,23,16.0
Harlingen,2022-10-28,18,15.0
Harlingen,2022-10-29,6,14.0
Harlingen,2022-10-30,3,14.0
Harlingen,2022-10-31,1,14.0
Harlingen,2022-11-01,26,15.0
Harlingen,2022-11-02,19,14.0
Harlingen,2022-11-03,13,12.0
Harlingen,2022-11-04,17,12.0
Harlingen,2022-11-05,18,14.0
Harlingen,2022-11-06,18,16.0
Harlingen,2022-11-07,3,16.0
Harlingen,2022-11-08,10,14.0
Harlingen,2022-11-09,29,15.0
Harlingen,2022-11-10,27,17.0
Harlingen,2022-11-11,23,18.0
Harlingen,2022-11-12,13,18.0
Harlingen,2022-11-13,3,15.0
Harlingen,2022-11-14,12,17.0
Harlingen,2022-11-15,9,17.0
Harlingen,2022-11-16,25,16.0
Harlingen,2022-11-17,15,14.0
Harlingen,2022-11-18,26,15.0
Harlingen,2022-11-19,9,14.0
Harlingen,2022-11-20,4,14.0
Harlingen,2022-11-21,12,14.0
Harlingen,2022-11-22,15,15.0
Harlingen,2022-11-23,15,14.0
Harlingen,2022-11-24,4,12.0
Harlingen,2022-11-25,9,10.0
Harlingen,2022-11-26,2,9.0
Harlingen,2022-11-27,1,8.0
Harlingen,2022-11-28,11,8.0
Harlingen,2022-11-29,9,7.0
Harlingen,2022-11-30,33,10.0
Harlingen,2022-12-01,19,12.0
Harlingen,2022-12-02,19,13.0
Harlingen,2022-12-03,9,14.0
Harlingen,2022-12-04,3,15.0
Harlingen,2022-12-05,5,14.0
Harlingen,2022-12-06,12,14.0
Harlingen,2022-12-07,13,11.0
Harlingen,2022-12-08,17,11.0
Harlingen,2022-12-09,13,10.0
Harlingen,2022-12-10,17,11.0
Harlingen,2022-12-11,5,12.0
Harlingen,2022-12-12,9,12.0
Harlingen,2022-12-13,9,12.0
Harlingen,2022-12-14,7,11.0
Harlingen,2022-12-15,21,12.0
Harlingen,2022-12-16,16,12.0
Harlingen,2022-12-17,13,11.0
Harlingen,2022-12-18,4,11.0
Harlingen,2022-12-19,4,11.0
Harlingen,2022-12-20,15,11.0
Harlingen,2022-12-21,24,14.0
Harlingen,2022-12-22,14,13.0
Harlingen,2022-12-23,7,12.0
Harlingen,2022-12-24,1,10.0
Harlingen,2022-12-26,1,9.0
Harlingen,2022-12-27,4,9.0
Harlingen,2022-12-28,8,8.0
Harlingen,2022-12-29,7,6.0
Harlingen,2022-12-30,4,5.0
Harlingen,2022-12-31,6,4.0
Harlingen,2023-01-01,2,5.0
Harlingen,2023-01-03,2,5.0
Harlingen,2023-01-04,16,6.0
Harlingen,2023-01-05,10,7.0
Harlingen,2023-01-06,7,7.0
Harlingen,2023-01-07,9,7.0
Harlingen,2023-01-08,4,7.0
Harlingen,2023-01-09,10,8.0
Harlingen,2023-01-10,12,10.0
Harlingen,2023-01-11,13,9.0
Harlingen,2023-01-12,15,10.0
Harlingen,2023-01-13,10,10.0
Harlingen,2023-01-14,4,10.0
Harlingen,2023-01-15,4,10.0
Harlingen,2023-01-16,4,9.0
Harlingen,2023-01-17,5,8.0
Harlingen,2023-01-18,16,8.0
Harlingen,2023-01-19,11,8.0
Harlingen,2023-01-20,9,8.0
Harlingen,2023-01-21,5,8.0
Harlingen,2023-01-22,3,8.0
Harlingen,2023-01-23,3,7.0
Harlingen,2023-01-24,12,8.0
Harlingen,2023-01-25,18,9.0
Harlingen,2023-01-26,13,9.0
Harlingen,2023-01-27,9,9.0
Harlingen,2023-01-28,8,9.0
Harlingen,2023-01-29,3,9.0
Harlingen,2023-01-30,6,10.0
Harlingen,2023-01-31,11,10.0
Harlingen,2023-02-01,5,8.0
Harlingen,2023-02-02,15,8.0
Harlingen,2023-02-03,9,8.0
Harlingen,2023-02-04,3,7.0
Harlingen,2023-02-05,8,8.0
Harlingen,2023-02-06,5,8.0
Harlingen,2023-02-07,14,8.0
Harlingen,2023-02-08,9,9.0
Harlingen,2023-02-09,21,10.0
Harlingen,2023-02-10,21,12.0
Harlingen,2023-02-11,8,12.0
Harlingen,2023-02-12,3,12.0
Harlingen,2023-02-13,7,12.0
Harlingen,2023-02-14,17,12.0
Harlingen,2023-02-15,7,12.0
Harlingen,2023-02-16,15,11.0
Harlingen,2023-02-17,6,9.0
Harlingen,2023-02-18,5,9.0
Harlingen,2023-02-19,1,8.0
Harlingen,2023-02-20,1,7.0
Harlingen,2023-02-21,7,6.0
Harlingen,2023-02-22,12,7.0
Harlingen,2023-02-23,17,7.0
Harlingen,2023-02-24,23,9.0
Harlingen,2023-02-25,9,10.0
Harlingen,2023-02-26,8,11.0
Harlingen,2023-02-27,2,11.0
Harlingen,2023-02-28,15,12.0
Harlingen,2023-03-01,13,12.0
Harlingen,2023-03-02,22,13.0
Harlingen,2023-03-03,14,12.0
Harlingen,2023-03-04,6,11.0
Harlingen,2023-03-05,8,11.0
Harlingen,2023-03-06,3,12.0
Harlingen,2023-03-07,23,13.0
Harlingen,2023-03-08,10,12.0
Harlingen,2023-03-09,24,13.0
Harlingen,2023-03-10,20,13.0
Harlingen,2023-03-11,17,15.0
Harlingen,2023-03-12,4,14.0
Harlingen,2023-03-13,10,15.0
Harlingen,2023-03-14,13,14.0
Harlingen,2023-03-15,27,16.0
Harlingen,2023-03-16,9,14.0
Harlingen,2023-03-17,14,13.0
Harlingen,2023-03-18,10,12.0
Harlingen,2023-03-19,5,13.0
Harlingen,2023-03-20,7,12.0
Harlingen,2023-03-21,10,12.0
Harlingen,2023-03-22,25,11.0
Harlingen,2023-03-23,18,13.0
Harlingen,2023-03-24,11,12.0
Harlingen,2023-03-25,14,13.0
Harlingen,2023-03-26,6,13.0
Harlingen,2023-03-27,20,15.0
Harlingen,2023-03-28,12,15.0
Harlingen,2023-03-29,14,14.0
Harlingen,2023-03-30,24,14.0
Harlingen,2023-03-31,16,15.0
Harlingen,2023-04-01,8,14.0
Harlingen,2023-04-02,9,15.0
Harlingen,2023-04-03,15,14.0
Harlingen,2023-04-04,11,14.0
Harlingen,2023-04-05,12,14.0
Harlingen,2023-04-06,17,13.0
Harlingen,2023-04-07,13,12.0
Harlingen,2023-04-08,9,12.0
Harlingen,2023-04-10,5,12.0
Harlingen,2023-04-11,4,10.0
Harlingen,2023-04-12,18,11.0
Harlingen,2023-04-13,15,12.0
Harlingen,2023-04-14,19,12.0
Harlingen,2023-04-15,2,10.0
Harlingen,2023-04-16,7,10.0
Harlingen,2023-04-17,6,10.0
Harlingen,2023-04-18,8,11.0
Harlingen,2023-04-19,13,10.0
Harlingen,2023-04-20,13,10.0
Harlingen,2023-04-21,17,9.0
Harlingen,2023-04-22,11,11.0
Harlingen,2023-04-23,7,11.0
Harlingen,2023-04-24,11,11.0
Harlingen,2023-04-25,19,13.0
Harlingen,2023-04-26,29,15.0
Harlingen,2023-04-27,20,16.0
Harlingen,2023-04-28,18,16.0
Harlingen,2023-04-29,10,16.0
Harlingen,2023-04-30,6,16.0
Harlingen,2023-05-01,16,17.0
Harlingen,2023-05-02,7,15.0
Harlingen,2023-05-03,12,13.0
Harlingen,2023-05-04,17,12.0
Harlingen,2023-05-05,13,12.0
Harlingen,2023-05-06,9,11.0
Harlingen,2023-05-07,4,11.0
Harlingen,2023-05-08,7,10.0
Harlingen,2023-05-09,5,10.0
Harlingen,2023-05-10,9,9.0
Harlingen,2023-05-11,14,9.0
Harlingen,2023-05-12,14,9.0
Harlingen,2023-05-13,17,10.0
Harlingen,2023-05-14,3,10.0
Harlingen,2023-05-15,2,9.0
Harlingen,2023-05-16,14,10.0
Harlingen,2023-05-17,28,13.0
Harlingen,2023-05-18,21,14.0
Harlingen,2023-05-19,12,14.0
Harlingen,2023-05-20,10,13.0
Harlingen,2023-05-21,2,13.0
Harlingen,2023-05-22,3,13.0
Harlingen,2023-05-23,8,12.0
Harlingen,2023-05-24,23,11.0
Harlingen,2023-05-25,27,12.0
Harlingen,2023-05-26,15,13.0
Harlingen,2023-05-27,12,13.0
Harlingen,2023-05-28,5,13.0
Harlingen,2023-05-30,8,14.0
Harlingen,2023-05-31,17,15.0
Harlingen,2023-06-01,25,16.0
Harlingen,2023-06-02,27,16.0
Harlingen,2023-06-03,1,14.0
Harlingen,2023-06-04,3,12.0
Harlingen,2023-06-05,6,12.0
Harlingen,2023-06-06,23,15.0
Harlingen,2023-06-07,16,14.0
Harlingen,2023-06-08,13,13.0
Harlingen,2023-06-09,6,10.0
Harlingen,2023-06-10,4,10.0
Harlingen,2023-06-11,2,10.0
Harlingen,2023-06-12,5,10.0
Harlingen,2023-06-13,16,9.0
Harlingen,2023-06-14,16,9.0
Harlingen,2023-06-15,12,9.0
Harlingen,2023-06-16,10,9.0
Harlingen,2023-06-17,12,10.0
Harlingen,2023-06-18,11,12.0
Harlingen,2023-06-19,6,12.0
Harlingen,2023-06-20,8,11.0
Harlingen,2023-06-21,13,10.0
Harlingen,2023-06-22,24,12.0
Harlingen,2023-06-23,14,13.0
Harlingen,2023-06-24,17,13.0
Harlingen,2023-06-25,8,13.0
Harlingen,2023-06-26,7,13.0
Harlingen,2023-06-27,9,13.0
Harlingen,2023-06-28,25,15.0
Harlingen,2023-06-29,31,16.0
Harlingen,2023-06-30,28,18.0
Harlingen,2023-07-01,19,18.0
Harlingen,2023-07-02,12,19.0
Harlingen,2023-07-03,21,21.0
Harlingen,2023-07-04,7,20.0
Harlingen,2023-07-05,49,24.0
Harlingen,2023-07-06,3,20.0
Harlingen,2023-07-07,26,20.0
Harlingen,2023-07-08,19,20.0
Harlingen,2023-07-09,16,20.0
Harlingen,2023-07-10,24,21.0
Harlingen,2023-07-11,16,22.0
Harlingen,2023-07-12,22,18.0
Harlingen,2023-07-13,28,22.0
Harlingen,2023-07-14,27,22.0
Harlingen,2023-07-15,15,21.0
Harlingen,2023-07-16,3,19.0
Harlingen,2023-07-17,4,16.0
Harlingen,2023-07-18,12,16.0
Harlingen,2023-07-19,27,17.0
Harlingen,2023-07-20,36,18.0
Harlingen,2023-07-21,30,18.0
Harlingen,2023-07-22,24,19.0
Harlingen,2023-07-23,19,22.0
Harlingen,2023-07-24,19,24.0
Harlingen,2023-07-25,25,26.0
Harlingen,2023-07-26,54,30.0
Harlingen,2023-07-27,63,33.0
Harlingen,2023-07-28,45,36.0
Harlingen,2023-07-29,23,35.0
Harlingen,2023-07-30,22,36.0
Harlingen,2023-07-31,23,36.0
Harlingen,2023-08-01,14,35.0
Harlingen,2023-08-02,31,32.0
Harlingen,2023-08-03,57,31.0
Harlingen,2023-08-04,33,29.0
Harlingen,2023-08-05,36,31.0
Harlingen,2023-08-06,15,30.0
Harlingen,2023-08-07,20,29.0
Harlingen,2023-08-08,22,31.0
Harlingen,2023-08-09,31,31.0
Harlingen,2023-08-10,42,28.0
Harlingen,2023-08-11,33,28.0
Harlingen,2023-08-12,28,27.0
Harlingen,2023-08-13,23,28.0
Harlingen,2023-08-14,26,29.0
Harlingen,2023-08-15,18,29.0
Harlingen,2023-08-16,33,29.0
Harlingen,2023-08-17,48,30.0
Harlingen,2023-08-18,30,29.0
Harlingen,2023-08-19,24,29.0
Harlingen,2023-08-20,10,27.0
Harlingen,2023-08-21,28,27.0
Harlingen,2023-08-22,21,28.0
Harlingen,2023-08-23,30,27.0
Harlingen,2023-08-24,19,23.0
Harlingen,2023-08-25,29,23.0
Harlingen,2023-08-26,21,23.0
Harlingen,2023-08-27,25,25.0
Harlingen,2023-08-28,26,24.0
Harlingen,2023-08-29,53,29.0
Harlingen,2023-08-30,47,31.0
Harlingen,2023-08-31,47,35.0
Harlingen,2023-09-01,27,35.0
Harlingen,2023-09-02,25,36.0
Harlingen,2023-09-03,17,35.0
Harlingen,2023-09-04,16,33.0
Harlingen,2023-09-05,9,27.0
Harlingen,2023-09-06,16,22.0
Harlingen,2023-09-07,28,20.0
Harlingen,2023-09-08,33,21.0
Harlingen,2023-09-09,32,22.0
Harlingen,2023-09-10,20,22.0
Harlingen,2023-09-11,40,25.0
Harlingen,2023-09-12,43,30.0
Harlingen,2023-09-13,46,35.0
Harlingen,2023-09-14,10,32.0
Harlingen,2023-09-15,38,33.0
Harlingen,2023-09-16,7,29.0
Harlingen,2023-09-17,12,28.0
Harlingen,2023-09-18,19,25.0
Harlingen,2023-09-19,17,21.0
Harlingen,2023-09-20,33,19.0
Harlingen,2023-09-21,47,25.0
Harlingen,2023-09-22,57,27.0
Harlingen,2023-09-23,24,30.0
Harlingen,2023-09-24,24,32.0
Harlingen,2023-09-25,14,31.0
Harlingen,2023-09-26,10,30.0
Harlingen,2023-09-27,30,29.0
Harlingen,2023-09-28,25,26.0
Harlingen,2023-09-29,33,23.0
Harlingen,2023-09-30,9,21.0
Harlingen,2023-10-01,9,19.0
Harlingen,2023-10-02,6,17.0
Harlingen,2023-10-03,17,18.0
Harlingen,2023-10-04,29,18.0
Harlingen,2023-10-05,21,18.0
Harlingen,2023-10-06,10,14.0
Harlingen,2023-10-07,9,14.0
Harlingen,2023-10-08,2,13.0
Harlingen,2023-10-09,4,13.0
Harlingen,2023-10-10,11,12.0
Harlingen,2023-10-11,17,11.0
Harlingen,2023-10-12,24,11.0
Harlingen,2023-10-13,22,13.0
Harlingen,2023-10-14,25,15.0
Harlingen,2023-10-15,18,17.0
Harlingen,2023-10-16,29,21.0
Harlingen,2023-10-17,13,21.0
Harlingen,2023-10-18,33,23.0
Harlingen,2023-10-19,29,24.0
Harlingen,2023-10-20,36,26.0
Harlingen,2023-10-21,22,26.0
Harlingen,2023-10-22,15,25.0
Harlingen,2023-10-23,7,22.0
Harlingen,2023-10-24,17,23.0
Harlingen,2023-10-25,31,22.0
Harlingen,2023-10-26,27,22.0
Harlingen,2023-10-27,33,22.0
Harlingen,2023-10-28,15,21.0
Harlingen,2023-10-29,12,20.0
Harlingen,2023-10-30,11,21.0
Harlingen,2023-10-31,22,22.0
Harlingen,2023-11-01,30,21.0
Harlingen,2023-11-02,27,21.0
Harlingen,2023-11-03,17,19.0
Harlingen,2023-11-04,16,19.0
Harlingen,2023-11-05,7,19.0
Harlingen,2023-11-06,13,19.0
Harlingen,2023-11-07,14,18.0
Harlingen,2023-11-08,14,15.0
Harlingen,2023-11-09,27,15.0
Harlingen,2023-11-10,19,16.0
Harlingen,2023-11-11,7,14.0
Harlingen,2023-11-12,1,14.0
Harlingen,2023-11-13,9,13.0
Harlingen,2023-11-14,10,12.0
Harlingen,2023-11-15,29,15.0
Harlingen,2023-11-16,27,15.0
Harlingen,2023-11-17,18,14.0
Harlingen,2023-11-18,13,15.0
Harlingen,2023-11-19,5,16.0
Harlingen,2023-11-20,6,15.0
Harlingen,2023-11-21,10,15.0
Harlingen,2023-11-22,27,15.0
Harlingen,2023-11-23,14,13.0
Harlingen,2023-11-24,23,14.0
Harlingen,2023-11-25,1,12.0
Harlingen,2023-11-26,2,12.0
Harlingen,2023-11-27,5,12.0
Harlingen,2023-11-28,10,12.0
Harlingen,2023-11-29,41,14.0
Harlingen,2023-11-30,42,18.0
Harlingen,2023-12-01,43,21.0
Harlingen,2023-12-02,21,23.0
Harlingen,2023-12-03,13,25.0
Harlingen,2023-12-04,7,25.0
Harlingen,2023-12-05,13,26.0
Harlingen,2023-12-06,33,25.0
Harlingen,2023-12-07,22,22.0
Harlingen,2023-12-08,32,20.0
Harlingen,2023-12-09,38,23.0
Harlingen,2023-12-10,12,22.0
Harlingen,2023-12-11,5,22.0
Harlingen,2023-12-12,18,23.0
Harlingen,2023-12-13,22,21.0
Harlingen,2023-12-14,18,21.0
Harlingen,2023-12-15,17,19.0
Harlingen,2023-12-16,9,14.0
Harlingen,2023-12-17,8,14.0
Harlingen,2023-12-18,27,17.0
Harlingen,2023-12-19,34,19.0
Harlingen,2023-12-20,45,23.0
Harlingen,2023-12-21,40,26.0
Harlingen,2023-12-22,55,31.0
Harlingen,2023-12-23,39,35.0
Harlingen,2023-12-24,19,37.0
Harlingen,2023-12-25,6,34.0
Harlingen,2023-12-26,9,30.0
Harlingen,2023-12-27,6,25.0
Harlingen,2023-12-28,13,21.0
Harlingen,2023-12-29,2,13.0
Harlingen,2023-12-30,11,9.0
Harlingen,2023-12-31,3,7.0
Harlingen,2024-01-01,5,7.0
Harlingen,2024-01-02,6,7.0
Harlingen,2024-01-03,10,7.0
Harlingen,2024-01-04,25,9.0
Harlingen,2024-01-05,8,10.0
Harlingen,2024-01-06,20,11.0
Harlingen,2024-01-07,4,11.0
Harlingen,2024-01-08,4,11.0
Harlingen,2024-01-09,7,11.0
Harlingen,2024-01-10,13,12.0
Harlingen,2024-01-11,14,10.0
Harlingen,2024-01-12,23,12.0
Harlingen,2024-01-13,20,12.0
Harlingen,2024-01-14,20,14.0
Harlingen,2024-01-15,5,15.0
Harlingen,2024-01-16,10,15.0
Harlingen,2024-01-17,14,15.0
Harlingen,2024-01-18,11,15.0
Harlingen,2024-01-19,13,13.0
Harlingen,2024-01-20,11,12.0
Harlingen,2024-01-21,4,10.0
Harlingen,2024-01-22,3,9.0
Harlingen,2024-01-23,13,10.0
Harlingen,2024-01-24,23,11.0
Harlingen,2024-01-25,15,12.0
Harlingen,2024-01-26,16,12.0
Harlingen,2024-01-27,13,12.0
Harlingen,2024-01-28,9,13.0
Harlingen,2024-01-29,3,13.0
Harlingen,2024-01-30,15,13.0
Harlingen,2024-01-31,18,13.0
Harlingen,2024-02-01,14,13.0
Harlingen,2024-02-02,26,14.0
Harlingen,2024-02-03,11,14.0
Harlingen,2024-02-04,6,13.0
Harlingen,2024-02-05,7,14.0
Harlingen,2024-02-06,21,15.0
Harlingen,2024-02-07,22,15.0
Harlingen,2024-02-08,20,16.0
Harlingen,2024-02-09,12,14.0
Harlingen,2024-02-10,10,14.0
Harlingen,2024-02-11,1,13.0
Harlingen,2024-02-12,8,13.0
Harlingen,2024-02-13,11,12.0
Harlingen,2024-02-14,14,11.0
Harlingen,2024-02-15,27,12.0
Harlingen,2024-02-16,17,13.0
Harlingen,2024-02-17,10,13.0
Harlingen,2024-02-18,10,14.0
Harlingen,2024-02-20,1,13.0
Harlingen,2024-02-21,13,13.0
Harlingen,2024-02-22,46,18.0
Harlingen,2024-02-23,37,19.0
Harlingen,2024-02-24,19,19.0
Harlingen,2024-02-25,17,20.0
Harlingen,2024-02-26,9,20.0
Harlingen,2024-02-27,12,22.0
Harlingen,2024-02-28,18,23.0
Harlingen,2024-02-29,26,20.0
Harlingen,2024-03-01,20,17.0
Harlingen,2024-03-02,13,16.0
Harlingen,2024-03-03,2,14.0
Harlingen,2024-03-04,3,13.0
Harlingen,2024-03-05,21,15.0
Harlingen,2024-03-06,31,17.0
Harlingen,2024-03-07,43,19.0
Harlingen,2024-03-08,19,19.0
Harlingen,2024-03-09,14,19.0
Harlingen,2024-03-10,6,20.0
Harlingen,2024-03-11,8,20.0
Harlingen,2024-03-12,19,20.0
Harlingen,2024-03-13,20,18.0
Harlingen,2024-03-14,21,15.0
Harlingen,2024-03-15,15,15.0
Harlingen,2024-03-16,15,15.0
Harlingen,2024-03-17,24,17.0
Harlingen,2024-03-18,11,18.0
Harlingen,2024-03-19,13,17.0
Harlingen,2024-03-20,24,18.0
Harlingen,2024-03-21,32,19.0
Harlingen,2024-03-22,36,22.0
Harlingen,2024-03-23,18,23.0
Harlingen,2024-03-24,20,22.0
Harlingen,2024-03-25,6,21.0
Harlingen,2024-03-26,6,20.0
Harlingen,2024-03-27,29,21.0
Harlingen,2024-03-28,25,20.0
Harlingen,2024-03-29,9,16.0
Harlingen,2024-03-30,8,15.0
Harlingen,2024-03-31,2,12.0
Harlingen,2024-04-01,8,12.0
Harlingen,2024-04-02,4,12.0
Harlingen,2024-04-03,9,9.0
Harlingen,2024-04-04,14,8.0
Harlingen,2024-04-05,14,8.0
Harlingen,2024-04-06,15,9.0
Harlingen,2024-04-07,10,11.0
Harlingen,2024-04-08,4,10.0
Harlingen,2024-04-09,4,10.0
Harlingen,2024-04-10,18,11.0
Harlingen,2024-04-11,18,12.0
Harlingen,2024-04-12,15,12.0
Harlingen,2024-04-13,12,12.0
Harlingen,2024-04-15,3,11.0
Harlingen,2024-04-16,12,12.0
Harlingen,2024-04-17,11,13.0
Harlingen,2024-04-18,11,12.0
Harlingen,2024-04-19,11,11.0
Harlingen,2024-04-20,5,9.0
Harlingen,2024-04-22,7,9.0
Harlingen,2024-04-23,13,10.0
Harlingen,2024-04-24,21,11.0
Harlingen,2024-04-25,26,13.0
Harlingen,2024-04-26,17,14.0
Harlingen,2024-04-27,5,13.0
Harlingen,2024-04-28,5,13.0
Harlingen,2024-04-29,9,14.0
Harlingen,2024-04-30,9,13.0
Harlingen,2024-05-01,14,12.0
Harlingen,2024-05-02,16,11.0
Harlingen,2024-05-03,17,11.0
Harlingen,2024-05-04,8,11.0
Harlingen,2024-05-05,1,11.0
Harlingen,2024-05-06,6,10.0
Harlingen,2024-05-07,7,10.0
Harlingen,2024-05-08,16,10.0
Harlingen,2024-05-09,15,10.0
Harlingen,2024-05-10,24,11.0
Harlingen,2024-05-11,14,12.0
Harlingen,2024-05-12,3,12.0
Harlingen,2024-05-13,3,12.0
Harlingen,2024-05-14,21,14.0
Harlingen,2024-05-15,21,14.0
Harlingen,2024-05-16,22,15.0
Harlingen,2024-05-17,17,14.0
Harlingen,2024-05-18,18,15.0
Harlingen,2024-05-19,19,17.0
Harlingen,2024-05-20,9,18.0
Harlingen,2024-05-21,18,18.0
Harlingen,2024-05-22,24,18.0
Harlingen,2024-05-23,33,20.0
Harlingen,2024-05-24,26,21.0
Harlingen,2024-05-25,17,21.0
Harlingen,2024-05-26,12,20.0
Harlingen,2024-05-27,2,19.0
Harlingen,2024-05-28,7,17.0
Harlingen,2024-05-29,11,15.0
Harlingen,2024-05-30,28,15.0
Harlingen,2024-05-31,32,16.0
Harlingen,2024-06-01,21,16.0
Harlingen,2024-06-02,5,15.0
Harlingen,2024-06-03,6,16.0
Harlingen,2024-06-04,15,17.0
Harlingen,2024-06-05,34,20.0
Harlingen,2024-06-06,19,19.0
Harlingen,2024-06-07,10,16.0
Harlingen,2024-06-08,17,15.0
Harlingen,2024-06-09,14,16.0
Harlingen,2024-06-10,4,16.0
Harlingen,2024-06-11,10,15.0
Harlingen,2024-06-12,37,16.0
Harlingen,2024-06-13,40,19.0
Harlingen,2024-06-14,37,23.0
Harlingen,2024-06-15,18,23.0
Harlingen,2024-06-16,12,23.0
Harlingen,2024-06-17,15,24.0
Harlingen,2024-06-18,16,25.0
Harlingen,2024-06-19,29,24.0
Harlingen,2024-06-20,14,20.0
Harlingen,2024-06-21,10,16.0
Harlingen,2024-06-22,20,17.0
Harlingen,2024-06-23,19,18.0
Harlingen,2024-06-24,7,16.0
Harlingen,2024-06-25,14,16.0
Harlingen,2024-06-26,19,15.0
Harlingen,2024-06-27,23,16.0
Harlingen,2024-06-28,24,18.0
Harlingen,2024-06-29,11,17.0
Harlingen,2024-06-30,4,15.0
Harlingen,2024-07-01,7,15.0
Harlingen,2024-07-02,16,15.0
Harlingen,2024-07-03,10,14.0
Harlingen,2024-07-04,17,13.0
Harlingen,2024-07-05,13,11.0
Harlingen,2024-07-06,4,10.0
Harlingen,2024-07-08,10,11.0
Harlingen,2024-07-09,11,12.0
Harlingen,2024-07-10,23,13.0
Harlingen,2024-07-11,28,15.0
Harlingen,2024-07-12,8,14.0
Harlingen,2024-07-13,5,13.0
Harlingen,2024-07-14,1,12.0
Harlingen,2024-07-15,3,11.0
Harlingen,2024-07-16,11,11.0
Harlingen,2024-07-17,21,11.0
Harlingen,2024-07-18,12,9.0
Harlingen,2024-07-19,20,10.0
Harlingen,2024-07-20,18,12.0
Harlingen,2024-07-21,6,13.0
Harlingen,2024-07-22,2,13.0
Harlingen,2024-07-23,11,13.0
Harlingen,2024-07-24,14,12.0
Harlingen,2024-07-25,25,14.0
Harlingen,2024-07-26,13,13.0
Harlingen,2024-07-27,10,12.0
Harlingen,2024-07-28,2,11.0
Harlingen,2024-07-29,6,12.0
Harlingen,2024-07-30,10,11.0
Harlingen,2024-07-31,13,11.0
Harlingen,2024-08-01,21,11.0
Harlingen,2024-08-02,11,10.0
Harlingen,2024-08-03,11,11.0
Harlingen,2024-08-04,4,11.0
Harlingen,2024-08-05,13,12.0
Harlingen,2024-08-06,9,12.0
Harlingen,2024-08-07,15,12.0
Harlingen,2024-08-08,18,12.0
Harlingen,2024-08-09,18,13.0
Harlingen,2024-08-10,13,13.0
Harlingen,2024-08-11,5,13.0
Harlingen,2024-08-12,5,12.0
Harlingen,2024-08-13,12,12.0
Harlingen,2024-08-14,22,13.0
Harlingen,2024-08-15,18,13.0
Harlingen,2024-08-16,11,12.0
Harlingen,2024-08-17,4,11.0
Harlingen,2024-08-18,4,11.0
Harlingen,2024-08-19,3,11.0
Harlingen,2024-08-20,12,11.0
Harlingen,2024-08-21,21,10.0
Harlingen,2024-08-22,13,10.0
Harlingen,2024-08-23,19,11.0
Harlingen,2024-08-24,13,12.0
Harlingen,2024-08-25,3,12.0
Harlingen,2024-08-26,13,13.0
Harlingen,2024-08-27,22,15.0
Harlingen,2024-08-28,27,16.0
Harlingen,2024-08-29,17,16.0
Harlingen,2024-08-30,22,17.0
Harlingen,2024-08-31,4,15.0
Harlingen,2024-09-01,5,16.0
Harlingen,2024-09-02,1,14.0
Harlingen,2024-09-03,8,12.0
Harlingen,2024-09-04,12,10.0
Harlingen,2024-09-05,9,9.0
Harlingen,2024-09-06,9,7.0
Harlingen,2024-09-07,7,7.0
Harlingen,2024-09-09,3,7.0
Harlingen,2024-09-10,13,9.0
Harlingen,2024-09-11,12,9.0
Harlingen,2024-09-12,16,10.0
Harlingen,2024-09-13,17,11.0
Harlingen,2024-09-14,4,10.0
Harlingen,2024-09-16,10,11.0
Harlingen,2024-09-17,12,12.0
Harlingen,2024-09-18,12,12.0
Harlingen,2024-09-19,14,12.0
Harlingen,2024-09-20,19,13.0
Harlingen,2024-09-21,10,12.0
Harlingen,2024-09-22,1,11.0
Harlingen,2024-09-23,7,11.0
Harlingen,2024-09-24,21,12.0
Harlingen,2024-09-25,14,12.0
Harlingen,2024-09-26,25,14.0
Harlingen,2024-09-27,24,15.0
Harlingen,2024-09-28,18,16.0
Harlingen,2024-09-29,2,16.0
Harlingen,2024-09-30,7,16.0
Harlingen,2024-10-01,7,14.0
Harlingen,2024-10-02,20,15.0
Harlingen,2024-10-03,20,14.0
Harlingen,2024-10-04,24,14.0
Harlingen,2024-10-05,19,14.0
Harlingen,2024-10-06,9,15.0
Harlingen,2024-10-07,21,17.0
Harlingen,2024-10-08,12,18.0
Harlingen,2024-10-09,33,20.0
Harlingen,2024-10-10,15,19.0
Harlingen,2024-10-11,18,18.0
Harlingen,2024-10-12,7,16.0
Harlingen,2024-10-13,9,16.0
Harlingen,2024-10-14,6,14.0
Harlingen,2024-10-15,10,14.0
Harlingen,2024-10-16,15,11.0
Harlingen,2024-10-17,27,13.0
Harlingen,2024-10-18,14,13.0
Harlingen,2024-10-19,17,14.0
Harlingen,2024-10-20,3,13.0
Harlingen,2024-10-21,5,13.0
Harlingen,2024-10-22,10,13.0
Harlingen,2024-10-23,31,15.0
Harlingen,2024-10-24,15,14.0
Harlingen,2024-10-25,23,15.0
Harlingen,2024-10-26,20,15.0
Harlingen,2024-10-27,2,15.0
Harlingen,2024-10-28,7,15.0
Harlingen,2024-10-29,16,16.0
Harlingen,2024-10-30,24,15.0
Harlingen,2024-10-31,18,16.0
Harlingen,2024-11-01,19,15.0
Harlingen,2024-11-02,7,13.0
Harlingen,2024-11-03,2,13.0
Harlingen,2024-11-04,10,14.0
Harlingen,2024-11-05,9,13.0
Harlingen,2024-11-06,18,12.0
Harlingen,2024-11-07,22,12.0
Harlingen,2024-11-08,21,13.0
Harlingen,2024-11-09,7,13.0
Harlingen,2024-11-10,5,13.0
Harlingen,2024-11-11,4,12.0
Harlingen,2024-11-12,4,12.0
Harlingen,2024-11-13,19,12.0
Harlingen,2024-11-14,11,10.0
Harlingen,2024-11-15,19,10.0
Harlingen,2024-11-16,18,11.0
Harlingen,2024-11-17,3,11.0
Harlingen,2024-11-18,14,13.0
Harlingen,2024-11-19,12,14.0
Harlingen,2024-11-20,20,14.0
Harlingen,2024-11-21,30,17.0
Harlingen,2024-11-22,12,16.0
Harlingen,2024-11-23,15,15.0
Harlingen,2024-11-24,1,15.0
Harlingen,2024-11-25,6,14.0
Harlingen,2024-11-26,9,13.0
Harlingen,2024-11-27,13,12.0
Harlingen,2024-11-28,6,9.0
Harlingen,2024-11-29,2,7.0
Harlingen,2024-11-30,2,6.0
Harlingen,2024-12-02,5,6.0
Harlingen,2024-12-03,14,7.0
Harlingen,2024-12-04,23,9.0
Harlingen,2024-12-05,23,11.0
Harlingen,2024-12-06,31,14.0
Harlingen,2024-12-07,16,16.0
Harlingen,2024-12-08,13,18.0
Harlingen,2024-12-09,6,18.0
Harlingen,2024-12-10,15,18.0
Harlingen,2024-12-11,26,19.0
Harlingen,2024-12-12,30,20.0
Harlingen,2024-12-13,22,18.0
Harlingen,2024-12-14,19,19.0
Harlingen,2024-12-15,5,18.0
Harlingen,2024-12-16,7,18.0
Harlingen,2024-12-17,22,19.0
Harlingen,2024-12-18,17,17.0
Harlingen,2024-12-19,24,17.0
Harlingen,2024-12-20,23,17.0
Harlingen,2024-12-21,8,15.0
Harlingen,2024-12-23,3,15.0
Harlingen,2024-12-24,8,15.0
Harlingen,2024-12-25,1,12.0
Harlingen,2024-12-26,6,10.0
Harlingen,2024-12-27,14,9.0
Harlingen,2024-12-28,6,7.0
Harlingen,2024-12-29,4,6.0
Harlingen,2024-12-30,6,6.0
Harlingen,2024-12-31,11,7.0
Harlingen,2025-01-01,4,7.0
Harlingen,2025-01-03,10,8.0
Harlingen,2025-01-04,2,6.0
Harlingen,2025-01-05,1,5.0
Harlingen,2025-01-06,4,5.0
Harlingen,2025-01-07,8,6.0
Harlingen,2025-01-08,16,6.0
Harlingen,2025-01-09,8,7.0
Harlingen,2025-01-10,22,9.0
Harlingen,2025-01-11,14,10.0
Harlingen,2025-01-12,2,11.0
Harlingen,2025-01-13,5,11.0
Harlingen,2025-01-14,9,11.0
Harlingen,2025-01-15,22,12.0
Harlingen,2025-01-16,15,13.0
Harlingen,2025-01-17,18,12.0
Harlingen,2025-01-18,11,12.0
Harlingen,2025-01-19,2,12.0
Harlingen,2025-01-20,4,12.0
Harlingen,2025-01-21,2,11.0
Harlingen,2025-01-22,9,9.0
Harlingen,2025-01-23,14,9.0
Harlingen,2025-01-24,17,8.0
Harlingen,2025-01-25,13,9.0
Harlingen,2025-01-26,42,14.0
Harlingen,2025-01-27,31,18.0
Harlingen,2025-01-28,28,22.0
Harlingen,2025-01-29,37,26.0
Harlingen,2025-01-30,24,27.0
Harlingen,2025-01-31,25,29.0
Harlingen,2025-02-01,37,32.0
Harlingen,2025-02-02,11,28.0
Harlingen,2025-02-03,16,25.0
Harlingen,2025-02-04,22,25.0
Harlingen,2025-02-05,23,23.0
Harlingen,2025-02-06,21,22.0
Harlingen,2025-02-07,33,23.0
Harlingen,2025-02-08,14,20.0
Harlingen,2025-02-09,7,19.0
Harlingen,2025-02-10,17,20.0
Harlingen,2025-02-11,23,20.0
Harlingen,2025-02-12,37,22.0
Harlingen,2025-02-13,19,21.0
Harlingen,2025-02-14,21,20.0
Harlingen,2025-02-15,19,20.0
Harlingen,2025-02-16,8,21.0
Harlingen,2025-02-17,9,19.0
Harlingen,2025-02-18,21,19.0
Harlingen,2025-02-19,28,18.0
Harlingen,2025-02-20,34,20.0
Harlingen,2025-02-21,19,20.0
Harlingen,2025-02-22,9,18.0
Harlingen,2025-02-23,8,18.0
Harlingen,2025-02-24,11,19.0
Harlingen,2025-02-25,24,19.0
Harlingen,2025-02-26,21,18.0
Harlingen,2025-02-27,28,17.0
Harlingen,2025-02-28,31,19.0
Harlingen,2025-03-01,17,20.0
Harlingen,2025-03-02,7,20.0
Harlingen,2025-03-03,18,21.0
Harlingen,2025-03-04,30,22.0
Harlingen,2025-03-05,19,21.0
Harlingen,2025-03-06,25,21.0
Harlingen,2025-03-07,19,19.0
Harlingen,2025-03-08,25,20.0
Harlingen,2025-03-09,7,20.0
Harlingen,2025-03-10,13,20.0
Harlingen,2025-03-11,14,17.0
Harlingen,2025-03-12,19,17.0
Harlingen,2025-03-13,21,17.0
Harlingen,2025-03-14,18,17.0
Harlingen,2025-03-15,6,14.0
Harlingen,2025-03-16,4,14.0
Harlingen,2025-03-17,16,14.0
Harlingen,2025-03-18,29,16.0
Harlingen,2025-03-19,35,18.0
Harlingen,2025-03-20,28,19.0
Harlingen,2025-03-21,22,20.0
Harlingen,2025-03-22,13,21.0
Harlingen,2025-03-23,4,21.0
Harlingen,2025-03-24,15,21.0
Harlingen,2025-03-25,15,19.0
Harlingen,2025-03-26,19,17.0
Harlingen,2025-03-27,26,16.0
Harlingen,2025-03-28,20,16.0
Harlingen,2025-03-29,9,15.0
Harlingen,2025-03-30,8,16.0
Harlingen,2025-03-31,12,16.0
Harlingen,2025-04-01,30,18.0
Harlingen,2025-04-02,20,18.0
Harlingen,2025-04-03,26,18.0
Harlingen,2025-04-04,26,19.0
Harlingen,2025-04-05,12,19.0
Harlingen,2025-04-06,4,19.0
Harlingen,2025-04-07,18,19.0
Harlingen,2025-04-08,24,19.0
Harlingen,2025-04-09,29,20.0
Harlingen,2025-04-10,22,19.0
Harlingen,2025-04-11,18,18.0
Harlingen,2025-04-12,6,17.0
Harlingen,2025-04-13,3,17.0
Harlingen,2025-04-14,7,16.0
Harlingen,2025-04-15,23,15.0
Harlingen,2025-04-16,26,15.0
Harlingen,2025-04-17,17,14.0
Harlingen,2025-04-18,23,15.0
Harlingen,2025-04-19,10,16.0
Harlingen,2025-04-20,3,16.0
Harlingen,2025-04-21,11,16.0
Harlingen,2025-04-22,14,15.0
Harlingen,2025-04-23,27,15.0
Harlingen,2025-04-24,20,15.0
Harlingen,2025-04-25,28,16.0
Harlingen,2025-04-26,11,16.0
Harlingen,2025-04-27,3,16.0
Harlingen,2025-04-28,4,15.0
Harlingen,2025-04-29,27,17.0
Harlingen,2025-04-30,24,17.0
Harlingen,2025-05-01,21,17.0
Harlingen,2025-05-02,24,16.0
Harlingen,2025-05-03,11,16.0
Harlingen,2025-05-04,4,16.0
Harlingen,2025-05-05,10,17.0
Harlingen,2025-05-06,20,16.0
Harlingen,2025-05-07,22,16.0
Harlingen,2025-05-08,15,15.0
Harlingen,2025-05-09,11,13.0
Harlingen,2025-05-10,19,14.0
Harlingen,2025-05-11,6,15.0
Harlingen,2025-05-12,8,14.0
Harlingen,2025-05-13,28,16.0
Harlingen,2025-05-14,59,21.0
Harlingen,2025-05-15,28,23.0
Harlingen,2025-05-16,36,26.0
Harlingen,2025-05-17,12,25.0
Harlingen,2025-05-18,2,25.0
Harlingen,2025-05-19,10,25.0
Harlingen,2025-05-20,23,24.0
Harlingen,2025-05-21,25,19.0
Harlingen,2025-05-22,32,20.0
Harlingen,2025-05-23,25,18.0
Harlingen,2025-05-24,11,18.0
Harlingen,2025-05-25,11,20.0
Harlingen,2025-05-26,10,20.0
Harlingen,2025-05-27,19,19.0
Harlingen,2025-05-28,23,19.0
Harlingen,2025-05-29,32,19.0
Harlingen,2025-05-30,40,21.0
Harlingen,2025-05-31,16,22.0
Harlingen,2025-06-01,13,22.0
Harlingen,2025-06-02,40,26.0
Harlingen,2025-06-03,39,29.0
Harlingen,2025-06-04,47,32.0
Harlingen,2025-06-05,38,33.0
Harlingen,2025-06-06,30,32.0
Harlingen,2025-06-07,22,33.0
Harlingen,2025-06-08,10,32.0
Harlingen,2025-06-09,17,29.0
Harlingen,2025-06-10,36,29.0
Harlingen,2025-06-11,19,25.0
Harlingen,2025-06-12,22,22.0
Harlingen,2025-06-13,22,21.0
Harlingen,2025-06-14,19,21.0
Harlingen,2025-06-15,4,20.0
Harlingen,2025-06-16,18,20.0
Harlingen,2025-06-17,40,21.0
Harlingen,2025-06-18,26,22.0
Harlingen,2025-06-19,28,22.0
Harlingen,2025-06-20,23,23.0
Harlingen,2025-06-21,12,22.0
Harlingen,2025-06-22,8,22.0
Harlingen,2025-06-23,16,22.0
Harlingen,2025-06-24,24,20.0
Harlingen,2025-06-25,31,20.0
Harlingen,2025-06-26,48,23.0
Harlingen,2025-06-27,35,25.0
Harlingen,2025-06-28,14,25.0
Harlingen,2025-06-29,11,26.0
Harlingen,2025-06-30,18,26.0
Harlingen,2025-07-01,31,27.0
Harlingen,2025-07-02,32,27.0
Harlingen,2025-07-03,30,24.0
Harlingen,2025-07-04,11,21.0
Harlingen,2025-07-05,5,20.0
Harlingen,2025-07-06,2,18.0
Harlingen,2025-07-07,18,18.0
Harlingen,2025-07-08,30,18.0
Harlingen,2025-07-09,36,19.0
Harlingen,2025-07-10,47,21.0
Harlingen,2025-07-11,35,25.0
Harlingen,2025-07-12,15,26.0
Harlingen,2025-07-13,4,26.0
Harlingen,2025-07-14,19,27.0
Harlingen,2025-07-15,37,28.0
Harlingen,2025-07-16,30,27.0
Harlingen,2025-07-17,35,25.0
Harlingen,2025-07-18,24,23.0
Harlingen,2025-07-19,13,23.0
Harlingen,2025-07-20,6,23.0
Harlingen,2025-07-21,19,23.0
Harlingen,2025-07-22,32,23.0
Harlingen,2025-07-23,37,24.0
Harlingen,2025-07-24,31,23.0
Harlingen,2025-07-25,22,23.0
Harlingen,2025-07-26,22,24.0
Harlingen,2025-07-27,29,27.0
Harlingen,2025-07-28,16,27.0
Harlingen,2025-07-29,33,27.0
Harlingen,2025-07-30,42,28.0
Harlingen,2025-07-31,30,28.0
Harlingen,2025-08-01,30,29.0
Harlingen,2025-08-02,30,30.0
Harlingen,2025-08-03,15,28.0
Harlingen,2025-08-04,8,27.0
Harlingen,2025-08-05,41,28.0
Harlingen,2025-08-06,43,28.0
Harlingen,2025-08-07,33,29.0
Harlingen,2025-08-08,36,29.0
Harlingen,2025-08-09,17,28.0
Harlingen,2025-08-10,21,28.0
Harlingen,2025-08-11,29,31.0
Harlingen,2025-08-12,43,32.0
Harlingen,2025-08-13,38,31.0
Harlingen,2025-08-14,35,31.0
Harlingen,2025-08-15,23,29.0
Harlingen,2025-08-16,20,30.0
Harlingen,2025-08-17,15,29.0
Harlingen,2025-08-18,22,28.0
Harlingen,2025-08-19,49,29.0
Harlingen,2025-08-20,34,28.0
Harlingen,2025-08-21,16,26.0
Harlingen,2025-08-22,31,27.0
Harlingen,2025-08-23,20,27.0
Harlingen,2025-08-24,8,26.0
Harlingen,2025-08-25,48,29.0
Harlingen,2025-08-26,39,28.0
Harlingen,2025-08-27,41,29.0
Harlingen,2025-08-28,39,32.0
Harlingen,2025-08-29,27,32.0
Harlingen,2025-08-30,8,30.0
Harlingen,2025-08-31,21,32.0
Harlingen,2025-09-01,26,29.0
Harlingen,2025-09-02,29,27.0
Harlingen,2025-09-03,28,25.0
Harlingen,2025-09-04,33,25.0
Harlingen,2025-09-05,31,25.0
Harlingen,2025-09-06,18,27.0
Harlingen,2025-09-07,6,24.0
Harlingen,2025-09-08,30,25.0
Harlingen,2025-09-09,40,27.0
Harlingen,2025-09-10,34,27.0
Harlingen,2025-09-11,41,29.0
Harlingen,2025-09-12,21,27.0
Harlingen,2025-09-13,17,27.0
Harlingen,2025-09-14,18,29.0
Harlingen,2025-09-15,27,28.0
Harlingen,2025-09-16,29,27.0
Harlingen,2025-09-17,34,27.0
Harlingen,2025-09-18,32,25.0
Harlingen,2025-09-19,26,26.0
Harlingen,2025-09-20,15,26.0
Harlingen,2025-09-21,7,24.0
Harlingen,2025-09-22,26,24.0
Harlingen,2025-09-23,69,30.0
Harlingen,2025-09-24,34,30.0
Harlingen,2025-09-25,23,29.0
Harlingen,2025-09-26,53,32.0
Harlingen,2025-09-27,12,32.0
Harlingen,2025-09-28,15,33.0
Harlingen,2025-09-29,19,32.0
Harlingen,2025-09-30,27,26.0
Harlingen,2025-10-01,32,26.0
Harlingen,2025-10-02,20,25.0
Harlingen,2025-10-03,118,35.0
Harlingen,2025-10-04,35,38.0
Harlingen,2025-10-05,9,37.0
Harlingen,2025-10-06,16,37.0
Harlingen,2025-10-07,43,39.0
Harlingen,2025-10-08,40,40.0
Harlingen,2025-10-09,17,40.0
Harlingen,2025-10-10,35,28.0
Harlingen,2025-10-11,13,25.0
Harlingen,2025-10-12,22,27.0
Harlingen,2025-10-13,18,27.0
Harlingen,2025-10-14,36,26.0
Harlingen,2025-10-15,29,24.0
Harlingen,2025-10-16,52,29.0
Harlingen,2025-10-17,45,31.0
Harlingen,2025-10-18,21,32.0
Harlingen,2025-10-19,8,30.0
Harlingen,2025-10-20,29,31.0
Harlingen,2025-10-21,35,31.0
Harlingen,2025-10-22,57,35.0
Harlingen,2025-10-23,37,33.0
Harlingen,2025-10-24,37,32.0
Harlingen,2025-10-25,33,34.0
Harlingen,2025-10-26,30,37.0
Harlingen,2025-10-27,33,37.0
Harlingen,2025-10-28,46,39.0
Harlingen,2025-10-29,63,40.0
Harlingen,2025-10-30,49,42.0
Harlingen,2025-10-31,51,44.0
Harlingen,2025-11-01,35,44.0
Harlingen,2025-11-02,21,43.0
Harlingen,2025-11-03,21,41.0
Harlingen,2025-11-04,57,42.0
Harlingen,2025-11-05,56,41.0
Harlingen,2025-11-06,46,41.0
Harlingen,2025-11-07,46,40.0
Harlingen,2025-11-08,28,39.0
Harlingen,2025-11-09,25,40.0
Harlingen,2025-11-10,23,40.0
Harlingen,2025-11-11,30,36.0
Harlingen,2025-11-12,32,33.0
Harlingen,2025-11-13,49,33.0
Harlingen,2025-11-14,72,37.0
Harlingen,2025-11-15,30,37.0
Harlingen,2025-11-16,25,37.0
Harlingen,2025-11-17,40,40.0
Harlingen,2025-11-18,45,42.0
Harlingen,2025-11-19,39,43.0
Harlingen,2025-11-20,81,47.0
Harlingen,2025-11-21,57,45.0
Harlingen,2025-11-22,44,47.0
Harlingen,2025-11-23,48,51.0
Harlingen,2025-11-24,36,50.0
Harlingen,2025-11-25,46,50.0
Harlingen,2025-11-26,25,48.0
Harlingen,2025-11-27,11,38.0
Harlingen,2025-11-28,9,31.0
Harlingen,2025-11-29,19,28.0
Harlingen,2025-11-30,28,25.0
Harlingen,2025-12-01,30,24.0
Harlingen,2025-12-02,53,25.0
Harlingen,2025-12-03,70,31.0
Harlingen,2025-12-04,74,40.0
Harlingen,2025-12-05,83,51.0
Harlingen,2025-12-06,59,57.0
Harlingen,2025-12-07,46,59.0
Harlingen,2025-12-08,68,65.0
Harlingen,2025-12-09,57,65.0
Harlingen,2025-12-10,64,64.0
Harlingen,2025-12-11,71,64.0
Harlingen,2025-12-12,43,58.0
Harlingen,2025-12-13,43,56.0
Harlingen,2025-12-14,66,59.0
Harlingen,2025-12-15,45,56.0
Harlingen,2025-12-16,83,59.0
Harlingen,2025-12-17,46,57.0
Harlingen,2025-12-18,73,57.0
Harlingen,2025-12-19,52,58.0
Harlingen,2025-12-20,26,56.0
Harlingen,2025-12-21,36,52.0
Harlingen,2025-12-22,44,51.0
Harlingen,2025-12-23,63,49.0
Harlingen,2025-12-24,37,47.0
Harlingen,2025-12-25,16,39.0
Harlingen,2025-12-26,22,35.0
Harlingen,2025-12-27,19,34.0
Harlingen,2025-12-28,31,33.0
Harlingen,2025-12-29,36,32.0
Harlingen,2025-12-30,57,31.0
Harlingen,2025-12-31,45,32.0
Harlingen,2026-01-01,21,33.0
Harlingen,2026-01-02,25,33.0
Harlingen,2026-01-03,29,35.0
Harlingen,2026-01-04,17,33.0
Harlingen,2026-01-05,38,33.0
Harlingen,2026-01-06,54,33.0
Harlingen,2026-01-07,67,36.0
Harlingen,2026-01-08,96,47.0
Harlingen,2026-01-09,46,50.0
Harlingen,2026-01-10,51,53.0
Harlingen,2026-01-11,33,55.0
Harlingen,2026-01-12,70,60.0
Harlingen,2026-01-13,46,58.0
Harlingen,2026-01-14,97,63.0
Harlingen,2026-01-15,71,59.0
Harlingen,2026-01-16,49,60.0
Harlingen,2026-01-17,66,62.0
Harlingen,2026-01-18,58,65.0
Harlingen,2026-01-19,21,58.0
Harlingen,2026-01-20,38,57.0
Harlingen,2026-01-21,48,50.0
Harlingen,2026-01-22,45,46.0
Harlingen,2026-01-23,63,48.0
Harlingen,2026-01-24,58,47.0
Harlingen,2026-01-25,44,45.0
Harlingen,2026-01-26,26,46.0
Harlingen,2026-01-27,45,47.0
Harlingen,2026-01-28,60,49.0
Harlingen,2026-01-29,56,50.0
Harlingen,2026-01-30,67,51.0
Harlingen,2026-01-31,50,50.0
Harlingen,2026-02-01,44,50.0
Harlingen,2026-02-02,29,50.0
Harlingen,2026-02-03,50,51.0
Harlingen,2026-02-04,28,46.0
Harlingen,2026-02-05,55,46.0
Harlingen,2026-02-06,43,43.0
Harlingen,2026-02-07,42,42.0
Harlingen,2026-02-08,37,41.0
Harlingen,2026-02-09,24,40.0
Harlingen,2026-02-10,40,38.0
Harlingen,2026-02-11,34,39.0
Harlingen,2026-02-12,47,38.0
Harlingen,2026-02-13,77,43.0
Harlingen,2026-02-14,39,43.0
Harlingen,2026-02-15,47,44.0
Harlingen,2026-02-16,31,45.0
Harlingen,2026-02-17,43,45.0
Harlingen,2026-02-18,55,48.0
Harlingen,2026-02-19,41,48.0
Harlingen,2026-02-20,47,43.0
Harlingen,2026-02-21,50,45.0
Harlingen,2026-02-22,26,42.0
Harlingen,2026-02-23,34,42.0
Harlingen,2026-02-24,36,41.0
Harlingen,2026-02-25,51,41.0
Harlingen,2026-02-26,47,42.0
Harlingen,2026-02-27,37,40.0
Harlingen,2026-02-28,46,40.0
Harlingen,2026-03-01,50,43.0
Harlingen,2026-03-02,39,44.0
Harlingen,2026-03-03,45,45.0
Harlingen,2026-03-04,45,44.0
Harlingen,2026-03-05,29,42.0
Harlingen,2026-03-06,42,42.0
Harlingen,2026-03-07,34,41.0
Harlingen,2026-03-08,29,38.0
Harlingen,2026-03-09,30,36.0
Harlingen,2026-03-10,27,34.0
Houston,2022-10-01,20,30.0
Houston,2022-10-03,36,31.0
Houston,2022-10-04,38,31.0
Houston,2022-10-05,40,31.0
Houston,2022-10-06,43,33.0
Houston,2022-10-07,49,36.0
Houston,2022-10-08,25,36.0
Houston,2022-10-09,3,33.0
Houston,2022-10-10,15,30.0
Houston,2022-10-11,35,30.0
Houston,2022-10-12,60,33.0
Houston,2022-10-13,62,36.0
Houston,2022-10-14,56,37.0
Houston,2022-10-15,20,36.0
Houston,2022-10-16,10,37.0
Houston,2022-10-17,31,39.0
Houston,2022-10-18,46,41.0
Houston,2022-10-19,52,40.0
Houston,2022-10-20,46,37.0
Houston,2022-10-21,32,34.0
Houston,2022-10-22,17,33.0
Houston,2022-10-23,2,32.0
Houston,2022-10-24,38,33.0
Houston,2022-10-25,58,35.0
Houston,2022-10-26,56,36.0
Houston,2022-10-27,66,38.0
Houston,2022-10-28,46,40.0
Houston,2022-10-29,16,40.0
Houston,2022-10-30,6,41.0
Houston,2022-10-31,36,41.0
Houston,2022-11-01,56,40.0
Houston,2022-11-02,62,41.0
Houston,2022-11-03,30,36.0
Houston,2022-11-04,41,35.0
Houston,2022-11-05,25,37.0
Houston,2022-11-06,5,36.0
Houston,2022-11-07,28,35.0
Houston,2022-11-08,45,34.0
Houston,2022-11-09,52,32.0
Houston,2022-11-10,56,36.0
Houston,2022-11-11,28,34.0
Houston,2022-11-12,22,34.0
Houston,2022-11-13,5,34.0
Houston,2022-11-14,63,39.0
Houston,2022-11-15,68,42.0
Houston,2022-11-16,79,46.0
Houston,2022-11-17,61,47.0
Houston,2022-11-18,40,48.0
Houston,2022-11-19,17,48.0
Houston,2022-11-20,2,47.0
Houston,2022-11-21,53,46.0
Houston,2022-11-22,43,42.0
Houston,2022-11-23,47,38.0
Houston,2022-11-24,17,31.0
Houston,2022-11-25,26,29.0
Houston,2022-11-26,7,28.0
Houston,2022-11-27,4,28.0
Houston,2022-11-28,29,25.0
Houston,2022-11-29,32,23.0
Houston,2022-11-30,57,25.0
Houston,2022-12-01,46,29.0
Houston,2022-12-02,55,33.0
Houston,2022-12-03,12,34.0
Houston,2022-12-04,3,33.0
Houston,2022-12-05,57,37.0
Houston,2022-12-06,73,43.0
Houston,2022-12-07,58,43.0
Houston,2022-12-08,49,44.0
Houston,2022-12-09,40,42.0
Houston,2022-12-10,16,42.0
Houston,2022-12-11,4,42.0
Houston,2022-12-12,36,39.0
Houston,2022-12-13,57,37.0
Houston,2022-12-14,79,40.0
Houston,2022-12-15,54,41.0
Houston,2022-12-16,57,43.0
Houston,2022-12-17,20,44.0
Houston,2022-12-18,13,45.0
Houston,2022-12-19,45,46.0
Houston,2022-12-20,59,47.0
Houston,2022-12-21,64,45.0
Houston,2022-12-22,50,44.0
Houston,2022-12-23,39,41.0
Houston,2022-12-24,8,40.0
Houston,2022-12-25,11,39.0
Houston,2022-12-26,12,35.0
Houston,2022-12-27,39,32.0
Houston,2022-12-28,33,27.0
Houston,2022-12-29,39,26.0
Houston,2022-12-30,33,25.0
Houston,2022-12-31,19,27.0
Houston,2023-01-01,9,26.0
Houston,2023-01-02,25,28.0
Houston,2023-01-03,44,29.0
Houston,2023-01-04,59,33.0
Houston,2023-01-05,45,33.0
Houston,2023-01-06,46,35.0
Houston,2023-01-07,23,36.0
Houston,2023-01-08,14,37.0
Houston,2023-01-09,42,39.0
Houston,2023-01-10,49,40.0
Houston,2023-01-11,40,37.0
Houston,2023-01-12,48,37.0
Houston,2023-01-13,67,40.0
Houston,2023-01-14,22,40.0
Houston,2023-01-15,16,41.0
Houston,2023-01-16,19,37.0
Houston,2023-01-17,64,39.0
Houston,2023-01-18,64,43.0
Houston,2023-01-19,57,44.0
Houston,2023-01-20,54,42.0
Houston,2023-01-21,19,42.0
Houston,2023-01-22,22,43.0
Houston,2023-01-23,62,49.0
Houston,2023-01-24,53,47.0
Houston,2023-01-25,37,43.0
Houston,2023-01-26,42,41.0
Houston,2023-01-27,53,41.0
Houston,2023-01-28,31,43.0
Houston,2023-01-29,9,41.0
Houston,2023-01-30,61,41.0
Houston,2023-01-31,57,41.0
Houston,2023-02-01,53,44.0
Houston,2023-02-02,48,45.0
Houston,2023-02-03,43,43.0
Houston,2023-02-04,20,42.0
Houston,2023-02-05,2,41.0
Houston,2023-02-06,64,41.0
Houston,2023-02-07,63,42.0
Houston,2023-02-08,56,42.0
Houston,2023-02-09,55,43.0
Houston,2023-02-10,85,49.0
Houston,2023-02-11,16,49.0
Houston,2023-02-12,14,50.0
Houston,2023-02-13,36,46.0
Houston,2023-02-14,59,46.0
Houston,2023-02-15,59,46.0
Houston,2023-02-16,56,46.0
Houston,2023-02-17,52,42.0
Houston,2023-02-18,25,43.0
Houston,2023-02-19,10,42.0
Houston,2023-02-20,17,40.0
Houston,2023-02-21,51,39.0
Houston,2023-02-22,74,41.0
Houston,2023-02-23,42,39.0
Houston,2023-02-24,48,38.0
Houston,2023-02-25,18,37.0
Houston,2023-02-26,16,38.0
Houston,2023-02-27,49,43.0
Houston,2023-02-28,42,41.0
Houston,2023-03-01,44,37.0
Houston,2023-03-02,47,38.0
Houston,2023-03-03,49,38.0
Houston,2023-03-04,27,39.0
Houston,2023-03-05,8,38.0
Houston,2023-03-06,45,37.0
Houston,2023-03-07,64,41.0
Houston,2023-03-08,59,43.0
Houston,2023-03-09,69,46.0
Houston,2023-03-10,40,45.0
Houston,2023-03-11,25,44.0
Houston,2023-03-12,8,44.0
Houston,2023-03-13,46,44.0
Houston,2023-03-14,49,42.0
Houston,2023-03-15,61,43.0
Houston,2023-03-16,63,42.0
Houston,2023-03-17,55,44.0
Houston,2023-03-18,22,43.0
Houston,2023-03-19,5,43.0
Houston,2023-03-20,51,44.0
Houston,2023-03-21,51,44.0
Houston,2023-03-22,47,42.0
Houston,2023-03-23,49,40.0
Houston,2023-03-24,54,40.0
Houston,2023-03-25,23,40.0
Houston,2023-03-26,7,40.0
Houston,2023-03-27,29,37.0
Houston,2023-03-28,48,37.0
Houston,2023-03-29,33,35.0
Houston,2023-03-30,56,36.0
Houston,2023-03-31,57,36.0
Houston,2023-04-01,18,35.0
Houston,2023-04-02,8,36.0
Houston,2023-04-03,72,42.0
Houston,2023-04-04,71,45.0
Houston,2023-04-05,71,50.0
Houston,2023-04-06,49,49.0
Houston,2023-04-07,59,50.0
Houston,2023-04-08,21,50.0
Houston,2023-04-09,2,49.0
Houston,2023-04-10,32,44.0
Houston,2023-04-11,61,42.0
Houston,2023-04-12,56,40.0
Houston,2023-04-13,43,39.0
Houston,2023-04-14,49,38.0
Houston,2023-04-15,14,37.0
Houston,2023-04-16,17,39.0
Houston,2023-04-17,45,41.0
Houston,2023-04-18,36,37.0
Houston,2023-04-19,67,39.0
Houston,2023-04-20,41,38.0
Houston,2023-04-21,52,39.0
Houston,2023-04-22,43,43.0
Houston,2023-04-23,8,42.0
Houston,2023-04-24,63,44.0
Houston,2023-04-25,61,48.0
Houston,2023-04-26,63,47.0
Houston,2023-04-27,47,48.0
Houston,2023-04-28,52,48.0
Houston,2023-04-29,18,45.0
Houston,2023-04-30,12,45.0
Houston,2023-05-01,56,44.0
Houston,2023-05-02,43,42.0
Houston,2023-05-03,73,43.0
Houston,2023-05-04,32,41.0
Houston,2023-05-05,46,40.0
Houston,2023-05-06,27,41.0
Houston,2023-05-07,6,40.0
Houston,2023-05-08,46,39.0
Houston,2023-05-09,49,40.0
Houston,2023-05-10,52,37.0
Houston,2023-05-11,48,39.0
Houston,2023-05-12,53,40.0
Houston,2023-05-13,27,40.0
Houston,2023-05-14,7,40.0
Houston,2023-05-15,41,40.0
Houston,2023-05-16,52,40.0
Houston,2023-05-17,46,39.0
Houston,2023-05-18,57,40.0
Houston,2023-05-19,51,40.0
Houston,2023-05-20,23,40.0
Houston,2023-05-21,2,39.0
Houston,2023-05-22,46,40.0
Houston,2023-05-23,53,40.0
Houston,2023-05-24,71,43.0
Houston,2023-05-25,47,42.0
Houston,2023-05-26,51,42.0
Houston,2023-05-27,22,42.0
Houston,2023-05-28,13,43.0
Houston,2023-05-29,15,39.0
Houston,2023-05-30,38,37.0
Houston,2023-05-31,54,34.0
Houston,2023-06-01,32,32.0
Houston,2023-06-02,77,36.0
Houston,2023-06-03,25,36.0
Houston,2023-06-04,4,35.0
Houston,2023-06-05,53,40.0
Houston,2023-06-06,45,41.0
Houston,2023-06-07,36,39.0
Houston,2023-06-08,38,40.0
Houston,2023-06-09,70,39.0
Houston,2023-06-10,28,39.0
Houston,2023-06-11,4,39.0
Houston,2023-06-12,45,38.0
Houston,2023-06-13,52,39.0
Houston,2023-06-14,40,40.0
Houston,2023-06-15,50,41.0
Houston,2023-06-16,56,39.0
Houston,2023-06-17,17,38.0
Houston,2023-06-18,12,39.0
Houston,2023-06-19,11,34.0
Houston,2023-06-20,42,33.0
Houston,2023-06-21,70,37.0
Houston,2023-06-22,46,36.0
Houston,2023-06-23,68,38.0
Houston,2023-06-24,22,39.0
Houston,2023-06-25,2,37.0
Houston,2023-06-26,55,44.0
Houston,2023-06-27,36,43.0
Houston,2023-06-28,54,40.0
Houston,2023-06-29,45,40.0
Houston,2023-06-30,53,38.0
Houston,2023-07-01,24,38.0
Houston,2023-07-02,8,39.0
Houston,2023-07-03,38,37.0
Houston,2023-07-04,18,34.0
Houston,2023-07-05,24,30.0
Houston,2023-07-06,33,28.0
Houston,2023-07-07,50,28.0
Houston,2023-07-08,35,29.0
Houston,2023-07-09,9,30.0
Houston,2023-07-10,34,29.0
Houston,2023-07-11,33,31.0
Houston,2023-07-12,41,34.0
Houston,2023-07-13,60,37.0
Houston,2023-07-14,43,36.0
Houston,2023-07-15,26,35.0
Houston,2023-07-16,6,35.0
Houston,2023-07-17,38,35.0
Houston,2023-07-18,28,35.0
Houston,2023-07-19,43,35.0
Houston,2023-07-20,40,32.0
Houston,2023-07-21,62,35.0
Houston,2023-07-22,23,34.0
Houston,2023-07-23,7,34.0
Houston,2023-07-24,34,34.0
Houston,2023-07-25,50,37.0
Houston,2023-07-26,48,38.0
Houston,2023-07-27,45,38.0
Houston,2023-07-28,50,37.0
Houston,2023-07-29,5,34.0
Houston,2023-07-30,2,33.0
Houston,2023-07-31,31,33.0
Houston,2023-08-01,25,29.0
Houston,2023-08-02,33,27.0
Houston,2023-08-03,40,27.0
Houston,2023-08-04,40,25.0
Houston,2023-08-05,14,26.0
Houston,2023-08-06,3,27.0
Houston,2023-08-07,23,25.0
Houston,2023-08-08,32,26.0
Houston,2023-08-09,42,28.0
Houston,2023-08-10,52,29.0
Houston,2023-08-11,29,28.0
Houston,2023-08-12,8,27.0
Houston,2023-08-13,6,27.0
Houston,2023-08-14,19,27.0
Houston,2023-08-15,28,26.0
Houston,2023-08-16,17,23.0
Houston,2023-08-17,26,19.0
Houston,2023-08-18,30,19.0
Houston,2023-08-19,8,19.0
Houston,2023-08-20,6,19.0
Houston,2023-08-21,36,22.0
Houston,2023-08-22,36,23.0
Houston,2023-08-23,33,25.0
Houston,2023-08-24,31,26.0
Houston,2023-08-25,31,26.0
Houston,2023-08-26,9,26.0
Houston,2023-08-27,3,26.0
Houston,2023-08-28,28,24.0
Houston,2023-08-29,25,23.0
Houston,2023-08-30,26,22.0
Houston,2023-08-31,37,23.0
Houston,2023-09-01,41,24.0
Houston,2023-09-02,7,24.0
Houston,2023-09-03,7,24.0
Houston,2023-09-04,9,22.0
Houston,2023-09-05,30,22.0
Houston,2023-09-06,25,22.0
Houston,2023-09-07,19,20.0
Houston,2023-09-08,38,19.0
Houston,2023-09-09,12,20.0
Houston,2023-09-10,2,19.0
Houston,2023-09-11,27,22.0
Houston,2023-09-12,18,20.0
Houston,2023-09-13,36,22.0
Houston,2023-09-14,38,24.0
Houston,2023-09-15,34,24.0
Houston,2023-09-16,8,23.0
Houston,2023-09-17,7,24.0
Houston,2023-09-18,33,25.0
Houston,2023-09-19,32,27.0
Houston,2023-09-20,30,26.0
Houston,2023-09-21,36,26.0
Houston,2023-09-22,27,25.0
Houston,2023-09-23,17,26.0
Houston,2023-09-24,4,26.0
Houston,2023-09-25,27,25.0
Houston,2023-09-26,25,24.0
Houston,2023-09-27,20,22.0
Houston,2023-09-28,37,22.0
Houston,2023-09-29,45,25.0
Houston,2023-09-30,14,25.0
Houston,2023-10-01,5,25.0
Houston,2023-10-02,22,24.0
Houston,2023-10-03,31,25.0
Houston,2023-10-04,34,27.0
Houston,2023-10-05,46,28.0
Houston,2023-10-06,32,26.0
Houston,2023-10-07,14,26.0
Houston,2023-10-08,3,26.0
Houston,2023-10-09,5,24.0
Houston,2023-10-10,19,22.0
Houston,2023-10-11,46,24.0
Houston,2023-10-12,40,23.0
Houston,2023-10-13,35,23.0
Houston,2023-10-14,13,23.0
Houston,2023-10-15,1,23.0
Houston,2023-10-16,20,25.0
Houston,2023-10-17,35,27.0
Houston,2023-10-18,32,25.0
Houston,2023-10-19,21,22.0
Houston,2023-10-20,40,23.0
Houston,2023-10-21,7,22.0
Houston,2023-10-22,10,24.0
Houston,2023-10-23,34,26.0
Houston,2023-10-24,27,24.0
Houston,2023-10-25,37,25.0
Houston,2023-10-26,38,28.0
Houston,2023-10-27,48,29.0
Houston,2023-10-28,12,29.0
Houston,2023-10-29,9,29.0
Houston,2023-10-30,16,27.0
Houston,2023-10-31,30,27.0
Houston,2023-11-01,34,27.0
Houston,2023-11-02,30,26.0
Houston,2023-11-03,28,23.0
Houston,2023-11-04,10,22.0
Houston,2023-11-05,8,22.0
Houston,2023-11-06,26,24.0
Houston,2023-11-07,25,23.0
Houston,2023-11-08,34,23.0
Houston,2023-11-09,30,23.0
Houston,2023-11-10,10,20.0
Houston,2023-11-11,6,20.0
Houston,2023-11-12,10,20.0
Houston,2023-11-13,36,22.0
Houston,2023-11-14,20,21.0
Houston,2023-11-15,23,19.0
Houston,2023-11-16,40,21.0
Houston,2023-11-17,32,24.0
Houston,2023-11-18,20,26.0
Houston,2023-11-19,5,25.0
Houston,2023-11-20,26,24.0
Houston,2023-11-21,32,25.0
Houston,2023-11-22,16,24.0
Houston,2023-11-23,7,20.0
Houston,2023-11-24,16,17.0
Houston,2023-11-25,7,16.0
Houston,2023-11-26,9,16.0
Houston,2023-11-27,18,15.0
Houston,2023-11-28,24,14.0
Houston,2023-11-29,22,15.0
Houston,2023-11-30,25,17.0
Houston,2023-12-01,27,19.0
Houston,2023-12-02,11,19.0
Houston,2023-12-03,4,19.0
Houston,2023-12-04,19,19.0
Houston,2023-12-05,26,19.0
Houston,2023-12-06,27,20.0
Houston,2023-12-07,33,21.0
Houston,2023-12-08,64,26.0
Houston,2023-12-09,44,31.0
Houston,2023-12-10,4,31.0
Houston,2023-12-11,18,31.0
Houston,2023-12-12,22,30.0
Houston,2023-12-13,36,32.0
Houston,2023-12-14,36,32.0
Houston,2023-12-15,34,28.0
Houston,2023-12-16,16,24.0
Houston,2023-12-17,10,25.0
Houston,2023-12-18,59,30.0
Houston,2023-12-19,61,36.0
Houston,2023-12-20,75,42.0
Houston,2023-12-21,65,46.0
Houston,2023-12-22,70,51.0
Houston,2023-12-23,61,57.0
Houston,2023-12-24,54,64.0
Houston,2023-12-25,51,62.0
Houston,2023-12-26,15,56.0
Houston,2023-12-27,56,53.0
Houston,2023-12-28,17,46.0
Houston,2023-12-29,16,39.0
Houston,2023-12-30,8,31.0
Houston,2023-12-31,2,24.0
Houston,2024-01-01,13,18.0
Houston,2024-01-02,23,19.0
Houston,2024-01-03,24,15.0
Houston,2024-01-04,18,15.0
Houston,2024-01-05,27,16.0
Houston,2024-01-06,17,18.0
Houston,2024-01-07,5,18.0
Houston,2024-01-08,26,20.0
Houston,2024-01-09,30,21.0
Houston,2024-01-10,33,22.0
Houston,2024-01-11,36,25.0
Houston,2024-01-12,34,26.0
Houston,2024-01-13,21,26.0
Houston,2024-01-14,4,26.0
Houston,2024-01-15,7,24.0
Houston,2024-01-16,4,20.0
Houston,2024-01-17,25,19.0
Houston,2024-01-18,34,18.0
Houston,2024-01-19,34,18.0
Houston,2024-01-20,12,17.0
Houston,2024-01-21,6,17.0
Houston,2024-01-22,16,19.0
Houston,2024-01-23,23,21.0
Houston,2024-01-24,26,22.0
Houston,2024-01-25,26,20.0
Houston,2024-01-26,42,22.0
Houston,2024-01-27,15,22.0
Houston,2024-01-28,4,22.0
Houston,2024-01-29,15,22.0
Houston,2024-01-30,20,21.0
Houston,2024-01-31,28,21.0
Houston,2024-02-01,35,23.0
Houston,2024-02-02,43,23.0
Houston,2024-02-03,15,23.0
Houston,2024-02-04,12,24.0
Houston,2024-02-05,27,26.0
Houston,2024-02-06,29,27.0
Houston,2024-02-07,24,26.0
Houston,2024-02-08,35,26.0
Houston,2024-02-09,29,24.0
Houston,2024-02-10,17,25.0
Houston,2024-02-11,17,25.0
Houston,2024-02-12,24,25.0
Houston,2024-02-13,38,26.0
Houston,2024-02-14,38,28.0
Houston,2024-02-15,29,27.0
Houston,2024-02-16,41,29.0
Houston,2024-02-17,11,28.0
Houston,2024-02-18,14,28.0
Houston,2024-02-19,5,25.0
Houston,2024-02-20,19,22.0
Houston,2024-02-21,33,22.0
Houston,2024-02-22,21,21.0
Houston,2024-02-23,35,20.0
Houston,2024-02-24,15,20.0
Houston,2024-02-25,5,19.0
Houston,2024-02-26,30,23.0
Houston,2024-02-27,27,24.0
Houston,2024-02-28,33,24.0
Houston,2024-02-29,34,26.0
Houston,2024-03-01,39,26.0
Houston,2024-03-02,9,25.0
Houston,2024-03-03,7,26.0
Houston,2024-03-04,33,26.0
Houston,2024-03-05,41,28.0
Houston,2024-03-06,34,28.0
Houston,2024-03-07,33,28.0
Houston,2024-03-08,42,28.0
Houston,2024-03-09,17,30.0
Houston,2024-03-10,1,29.0
Houston,2024-03-11,35,29.0
Houston,2024-03-12,33,28.0
Houston,2024-03-13,32,28.0
Houston,2024-03-14,29,27.0
Houston,2024-03-15,36,26.0
Houston,2024-03-16,12,25.0
Houston,2024-03-17,10,27.0
Houston,2024-03-18,33,26.0
Houston,2024-03-19,23,25.0
Houston,2024-03-20,27,24.0
Houston,2024-03-21,27,24.0
Houston,2024-03-22,35,24.0
Houston,2024-03-23,11,24.0
Houston,2024-03-24,3,23.0
Houston,2024-03-25,37,23.0
Houston,2024-03-26,34,25.0
Houston,2024-03-27,31,25.0
Houston,2024-03-28,39,27.0
Houston,2024-03-29,29,26.0
Houston,2024-03-30,4,25.0
Houston,2024-03-31,4,25.0
Houston,2024-04-01,27,24.0
Houston,2024-04-02,33,24.0
Houston,2024-04-03,35,24.0
Houston,2024-04-04,27,23.0
Houston,2024-04-05,38,24.0
Houston,2024-04-06,18,26.0
Houston,2024-04-07,2,26.0
Houston,2024-04-08,24,25.0
Houston,2024-04-09,36,26.0
Houston,2024-04-10,37,26.0
Houston,2024-04-11,33,27.0
Houston,2024-04-12,37,27.0
Houston,2024-04-13,13,26.0
Houston,2024-04-14,9,27.0
Houston,2024-04-15,53,31.0
Houston,2024-04-16,25,30.0
Houston,2024-04-17,34,29.0
Houston,2024-04-18,29,29.0
Houston,2024-04-19,39,29.0
Houston,2024-04-20,19,30.0
Houston,2024-04-21,6,29.0
Houston,2024-04-22,36,27.0
Houston,2024-04-23,43,29.0
Houston,2024-04-24,35,30.0
Houston,2024-04-25,30,30.0
Houston,2024-04-26,30,28.0
Houston,2024-04-27,4,26.0
Houston,2024-04-28,5,26.0
Houston,2024-04-29,27,25.0
Houston,2024-04-30,33,23.0
Houston,2024-05-01,29,23.0
Houston,2024-05-02,27,22.0
Houston,2024-05-03,29,22.0
Houston,2024-05-04,8,23.0
Houston,2024-05-05,7,23.0
Houston,2024-05-06,32,24.0
Houston,2024-05-07,34,24.0
Houston,2024-05-08,40,25.0
Houston,2024-05-09,34,26.0
Houston,2024-05-10,35,27.0
Houston,2024-05-11,16,28.0
Houston,2024-05-12,7,28.0
Houston,2024-05-13,32,28.0
Houston,2024-05-14,34,28.0
Houston,2024-05-15,29,27.0
Houston,2024-05-16,42,28.0
Houston,2024-05-17,47,30.0
Houston,2024-05-18,18,30.0
Houston,2024-05-19,6,30.0
Houston,2024-05-20,30,29.0
Houston,2024-05-21,35,30.0
Houston,2024-05-22,32,30.0
Houston,2024-05-23,34,29.0
Houston,2024-05-24,45,29.0
Houston,2024-05-25,10,27.0
Houston,2024-05-26,8,28.0
Houston,2024-05-27,21,26.0
Houston,2024-05-28,23,25.0
Houston,2024-05-29,23,23.0
Houston,2024-05-30,32,23.0
Houston,2024-05-31,40,22.0
Houston,2024-06-01,11,23.0
Houston,2024-06-02,3,22.0
Houston,2024-06-03,43,25.0
Houston,2024-06-04,34,27.0
Houston,2024-06-05,31,28.0
Houston,2024-06-06,34,28.0
Houston,2024-06-07,35,27.0
Houston,2024-06-08,18,28.0
Houston,2024-06-09,8,29.0
Houston,2024-06-10,35,28.0
Houston,2024-06-11,18,26.0
Houston,2024-06-12,52,29.0
Houston,2024-06-13,53,31.0
Houston,2024-06-14,33,31.0
Houston,2024-06-15,14,30.0
Houston,2024-06-16,6,30.0
Houston,2024-06-17,24,29.0
Houston,2024-06-18,38,31.0
Houston,2024-06-19,25,28.0
Houston,2024-06-20,29,24.0
Houston,2024-06-21,32,24.0
Houston,2024-06-22,11,24.0
Houston,2024-06-23,6,24.0
Houston,2024-06-24,27,24.0
Houston,2024-06-25,36,24.0
Houston,2024-06-26,37,25.0
Houston,2024-06-27,27,25.0
Houston,2024-06-28,42,27.0
Houston,2024-06-29,23,28.0
Houston,2024-06-30,3,28.0
Houston,2024-07-01,31,28.0
Houston,2024-07-02,45,30.0
Houston,2024-07-03,25,28.0
Houston,2024-07-04,15,26.0
Houston,2024-07-05,34,25.0
Houston,2024-07-06,12,24.0
Houston,2024-07-07,11,25.0
Houston,2024-07-08,2,21.0
Houston,2024-07-09,28,18.0
Houston,2024-07-10,11,16.0
Houston,2024-07-11,24,17.0
Houston,2024-07-12,35,18.0
Houston,2024-07-13,14,18.0
Houston,2024-07-14,3,17.0
Houston,2024-07-15,36,22.0
Houston,2024-07-16,38,23.0
Houston,2024-07-17,43,28.0
Houston,2024-07-18,35,29.0
Houston,2024-07-19,45,31.0
Houston,2024-07-20,23,32.0
Houston,2024-07-21,6,32.0
Houston,2024-07-22,26,31.0
Houston,2024-07-23,36,31.0
Houston,2024-07-24,31,29.0
Houston,2024-07-25,32,28.0
Houston,2024-07-26,43,28.0
Houston,2024-07-27,10,26.0
Houston,2024-07-28,6,26.0
Houston,2024-07-29,33,27.0
Houston,2024-07-30,27,26.0
Houston,2024-07-31,26,25.0
Houston,2024-08-01,35,26.0
Houston,2024-08-02,46,26.0
Houston,2024-08-03,13,27.0
Houston,2024-08-04,6,27.0
Houston,2024-08-05,33,27.0
Houston,2024-08-06,33,27.0
Houston,2024-08-07,24,27.0
Houston,2024-08-08,27,26.0
Houston,2024-08-09,45,26.0
Houston,2024-08-10,5,25.0
Houston,2024-08-11,3,24.0
Houston,2024-08-12,32,24.0
Houston,2024-08-13,30,24.0
Houston,2024-08-14,37,26.0
Houston,2024-08-15,26,25.0
Houston,2024-08-16,48,26.0
Houston,2024-08-17,12,27.0
Houston,2024-08-18,4,27.0
Houston,2024-08-19,37,28.0
Houston,2024-08-20,47,30.0
Houston,2024-08-21,36,30.0
Houston,2024-08-22,31,31.0
Houston,2024-08-23,33,29.0
Houston,2024-08-24,7,28.0
Houston,2024-08-25,5,28.0
Houston,2024-08-26,36,28.0
Houston,2024-08-27,29,25.0
Houston,2024-08-28,44,26.0
Houston,2024-08-29,35,27.0
Houston,2024-08-30,40,28.0
Houston,2024-08-31,10,28.0
Houston,2024-09-01,8,29.0
Houston,2024-09-02,19,26.0
Houston,2024-09-03,40,28.0
Houston,2024-09-04,37,27.0
Houston,2024-09-05,31,26.0
Houston,2024-09-06,44,27.0
Houston,2024-09-07,9,27.0
Houston,2024-09-08,11,27.0
Houston,2024-09-09,38,30.0
Houston,2024-09-10,35,29.0
Houston,2024-09-11,31,28.0
Houston,2024-09-12,32,29.0
Houston,2024-09-13,48,29.0
Houston,2024-09-14,13,30.0
Houston,2024-09-15,10,30.0
Houston,2024-09-16,39,30.0
Houston,2024-09-17,30,29.0
Houston,2024-09-18,29,29.0
Houston,2024-09-19,35,29.0
Houston,2024-09-20,44,29.0
Houston,2024-09-21,10,28.0
Houston,2024-09-22,6,28.0
Houston,2024-09-23,31,26.0
Houston,2024-09-24,36,27.0
Houston,2024-09-25,27,27.0
Houston,2024-09-26,37,27.0
Houston,2024-09-27,38,26.0
Houston,2024-09-28,8,26.0
Houston,2024-09-29,5,26.0
Houston,2024-09-30,36,27.0
Houston,2024-10-01,28,26.0
Houston,2024-10-02,28,26.0
Houston,2024-10-03,37,26.0
Houston,2024-10-04,38,26.0
Houston,2024-10-05,10,26.0
Houston,2024-10-06,13,27.0
Houston,2024-10-07,35,27.0
Houston,2024-10-08,31,27.0
Houston,2024-10-09,31,28.0
Houston,2024-10-10,43,29.0
Houston,2024-10-11,54,31.0
Houston,2024-10-12,16,32.0
Houston,2024-10-13,7,31.0
Houston,2024-10-14,21,29.0
Houston,2024-10-15,34,29.0
Houston,2024-10-16,32,30.0
Houston,2024-10-17,40,29.0
Houston,2024-10-18,39,27.0
Houston,2024-10-19,11,26.0
Houston,2024-10-20,11,27.0
Houston,2024-10-21,25,27.0
Houston,2024-10-22,27,26.0
Houston,2024-10-23,23,25.0
Houston,2024-10-24,28,23.0
Houston,2024-10-25,46,24.0
Houston,2024-10-26,7,24.0
Houston,2024-10-27,13,24.0
Houston,2024-10-28,29,25.0
Houston,2024-10-29,24,24.0
Houston,2024-10-30,31,25.0
Houston,2024-10-31,32,26.0
Houston,2024-11-01,40,25.0
Houston,2024-11-02,4,25.0
Houston,2024-11-03,9,24.0
Houston,2024-11-04,28,24.0
Houston,2024-11-05,26,24.0
Houston,2024-11-06,21,23.0
Houston,2024-11-07,37,24.0
Houston,2024-11-08,37,23.0
Houston,2024-11-09,15,25.0
Houston,2024-11-10,4,24.0
Houston,2024-11-11,26,24.0
Houston,2024-11-12,23,23.0
Houston,2024-11-13,46,27.0
Houston,2024-11-14,34,26.0
Houston,2024-11-15,52,29.0
Houston,2024-11-16,10,28.0
Houston,2024-11-17,7,28.0
Houston,2024-11-18,28,29.0
Houston,2024-11-19,35,30.0
Houston,2024-11-20,31,28.0
Houston,2024-11-21,63,32.0
Houston,2024-11-22,44,31.0
Houston,2024-11-23,17,32.0
Houston,2024-11-24,9,32.0
Houston,2024-11-25,39,34.0
Houston,2024-11-26,31,33.0
Houston,2024-11-27,34,34.0
Houston,2024-11-28,14,27.0
Houston,2024-11-29,33,25.0
Houston,2024-11-30,12,25.0
Houston,2024-12-01,8,24.0
Houston,2024-12-02,25,22.0
Houston,2024-12-03,36,23.0
Houston,2024-12-04,35,23.0
Houston,2024-12-05,21,24.0
Houston,2024-12-06,40,25.0
Houston,2024-12-07,19,26.0
Houston,2024-12-08,15,27.0
Houston,2024-12-09,46,30.0
Houston,2024-12-10,38,31.0
Houston,2024-12-11,45,32.0
Houston,2024-12-12,44,35.0
Houston,2024-12-13,29,34.0
Houston,2024-12-14,25,35.0
Houston,2024-12-15,19,35.0
Houston,2024-12-16,41,34.0
Houston,2024-12-17,33,34.0
Houston,2024-12-18,54,35.0
Houston,2024-12-19,47,35.0
Houston,2024-12-20,60,40.0
Houston,2024-12-21,15,38.0
Houston,2024-12-22,15,38.0
Houston,2024-12-23,56,40.0
Houston,2024-12-24,30,40.0
Houston,2024-12-25,8,33.0
Houston,2024-12-26,23,30.0
Houston,2024-12-27,23,24.0
Houston,2024-12-28,8,23.0
Houston,2024-12-29,15,23.0
Houston,2024-12-30,28,19.0
Houston,2024-12-31,24,18.0
Houston,2025-01-01,23,21.0
Houston,2025-01-02,44,24.0
Houston,2025-01-03,22,23.0
Houston,2025-01-04,13,24.0
Houston,2025-01-05,11,24.0
Houston,2025-01-06,38,25.0
Houston,2025-01-07,23,25.0
Houston,2025-01-08,33,26.0
Houston,2025-01-09,21,23.0
Houston,2025-01-10,43,26.0
Houston,2025-01-11,14,26.0
Houston,2025-01-12,7,26.0
Houston,2025-01-13,35,25.0
Houston,2025-01-14,39,27.0
Houston,2025-01-15,41,29.0
Houston,2025-01-16,29,30.0
Houston,2025-01-17,40,29.0
Houston,2025-01-18,23,31.0
Houston,2025-01-19,9,31.0
Houston,2025-01-20,14,28.0
Houston,2025-01-21,4,23.0
Houston,2025-01-22,41,23.0
Houston,2025-01-23,29,23.0
Houston,2025-01-24,40,23.0
Houston,2025-01-25,38,25.0
Houston,2025-01-26,63,33.0
Houston,2025-01-27,68,40.0
Houston,2025-01-28,53,47.0
Houston,2025-01-29,58,50.0
Houston,2025-01-30,63,55.0
Houston,2025-01-31,75,60.0
Houston,2025-02-01,39,60.0
Houston,2025-02-02,9,52.0
Houston,2025-02-03,49,49.0
Houston,2025-02-04,52,49.0
Houston,2025-02-05,55,49.0
Houston,2025-02-06,59,48.0
Houston,2025-02-07,58,46.0
Houston,2025-02-08,19,43.0
Houston,2025-02-09,15,44.0
Houston,2025-02-10,53,44.0
Houston,2025-02-11,49,44.0
Houston,2025-02-12,42,42.0
Houston,2025-02-13,76,45.0
Houston,2025-02-14,57,44.0
Houston,2025-02-15,36,47.0
Houston,2025-02-16,10,46.0
Houston,2025-02-17,21,42.0
Houston,2025-02-18,49,42.0
Houston,2025-02-19,54,43.0
Houston,2025-02-20,38,38.0
Houston,2025-02-21,67,39.0
Houston,2025-02-22,20,37.0
Houston,2025-02-23,35,41.0
Houston,2025-02-24,87,50.0
Houston,2025-02-25,99,57.0
Houston,2025-02-26,85,62.0
Houston,2025-02-27,69,66.0
Houston,2025-02-28,66,66.0
Houston,2025-03-01,41,69.0
Houston,2025-03-02,23,67.0
Houston,2025-03-03,55,63.0
Houston,2025-03-04,74,59.0
Houston,2025-03-05,47,54.0
Houston,2025-03-06,60,52.0
Houston,2025-03-07,70,53.0
Houston,2025-03-08,33,52.0
Houston,2025-03-09,36,54.0
Houston,2025-03-10,69,56.0
Houston,2025-03-11,71,55.0
Houston,2025-03-12,48,55.0
Houston,2025-03-13,63,56.0
Houston,2025-03-14,51,53.0
Houston,2025-03-15,19,51.0
Houston,2025-03-16,9,47.0
Houston,2025-03-17,67,47.0
Houston,2025-03-18,54,44.0
Houston,2025-03-19,65,47.0
Houston,2025-03-20,65,47.0
Houston,2025-03-21,67,49.0
Houston,2025-03-22,28,51.0
Houston,2025-03-23,14,51.0
Houston,2025-03-24,47,49.0
Houston,2025-03-25,60,49.0
Houston,2025-03-26,60,49.0
Houston,2025-03-27,51,47.0
Houston,2025-03-28,56,45.0
Houston,2025-03-29,14,43.0
Houston,2025-03-30,12,43.0
Houston,2025-03-31,61,45.0
Houston,2025-04-01,33,41.0
Houston,2025-04-02,71,43.0
Houston,2025-04-03,71,45.0
Houston,2025-04-04,75,48.0
Houston,2025-04-05,25,50.0
Houston,2025-04-06,26,52.0
Houston,2025-04-07,48,50.0
Houston,2025-04-08,48,52.0
Houston,2025-04-09,63,51.0
Houston,2025-04-10,59,49.0
Houston,2025-04-11,64,48.0
Houston,2025-04-12,33,49.0
Houston,2025-04-13,26,49.0
Houston,2025-04-14,67,51.0
Houston,2025-04-15,45,51.0
Houston,2025-04-16,38,47.0
Houston,2025-04-17,68,49.0
Houston,2025-04-18,60,48.0
Houston,2025-04-19,26,47.0
Houston,2025-04-20,12,45.0
Houston,2025-04-21,42,42.0
Houston,2025-04-22,53,43.0
Houston,2025-04-23,63,46.0
Houston,2025-04-24,68,46.0
Houston,2025-04-25,49,45.0
Houston,2025-04-26,13,43.0
Houston,2025-04-27,22,44.0
Houston,2025-04-28,33,43.0
Houston,2025-04-29,56,43.0
Houston,2025-04-30,59,43.0
Houston,2025-05-01,45,40.0
Houston,2025-05-02,50,40.0
Houston,2025-05-03,30,42.0
Houston,2025-05-04,27,43.0
Houston,2025-05-05,68,48.0
Houston,2025-05-06,52,47.0
Houston,2025-05-07,83,51.0
Houston,2025-05-08,64,53.0
Houston,2025-05-09,65,56.0
Houston,2025-05-10,44,58.0
Houston,2025-05-11,26,57.0
Houston,2025-05-12,65,57.0
Houston,2025-05-13,53,57.0
Houston,2025-05-14,74,56.0
Houston,2025-05-15,40,52.0
Houston,2025-05-16,59,52.0
Houston,2025-05-17,17,48.0
Houston,2025-05-18,15,46.0
Houston,2025-05-19,78,48.0
Houston,2025-05-20,78,52.0
Houston,2025-05-21,70,51.0
Houston,2025-05-22,53,53.0
Houston,2025-05-23,77,55.0
Houston,2025-05-24,36,58.0
Houston,2025-05-25,19,59.0
Houston,2025-05-26,31,52.0
Houston,2025-05-27,38,46.0
Houston,2025-05-28,74,47.0
Houston,2025-05-29,60,48.0
Houston,2025-05-30,61,46.0
Houston,2025-05-31,29,45.0
Houston,2025-06-01,51,49.0
Houston,2025-06-02,63,54.0
Houston,2025-06-03,109,64.0
Houston,2025-06-04,112,69.0
Houston,2025-06-05,88,73.0
Houston,2025-06-06,87,77.0
Houston,2025-06-07,46,79.0
Houston,2025-06-08,48,79.0
Houston,2025-06-09,62,79.0
Houston,2025-06-10,74,74.0
Houston,2025-06-11,102,72.0
Houston,2025-06-12,66,69.0
Houston,2025-06-13,79,68.0
Houston,2025-06-14,45,68.0
Houston,2025-06-15,40,67.0
Houston,2025-06-16,67,68.0
Houston,2025-06-17,77,68.0
Houston,2025-06-18,90,66.0
Houston,2025-06-19,57,65.0
Houston,2025-06-20,69,64.0
Houston,2025-06-21,30,61.0
Houston,2025-06-22,31,60.0
Houston,2025-06-23,57,59.0
Houston,2025-06-24,80,59.0
Houston,2025-06-25,88,59.0
Houston,2025-06-26,77,62.0
Houston,2025-06-27,77,63.0
Houston,2025-06-28,80,70.0
Houston,2025-06-29,53,73.0
Houston,2025-06-30,73,75.0
Houston,2025-07-01,82,76.0
Houston,2025-07-02,81,75.0
Houston,2025-07-03,70,74.0
Houston,2025-07-04,40,68.0
Houston,2025-07-05,23,60.0
Houston,2025-07-06,41,59.0
Houston,2025-07-07,59,57.0
Houston,2025-07-08,80,56.0
Houston,2025-07-09,65,54.0
Houston,2025-07-10,86,56.0
Houston,2025-07-11,77,62.0
Houston,2025-07-12,64,67.0
Houston,2025-07-13,35,67.0
Houston,2025-07-14,59,67.0
Houston,2025-07-15,84,67.0
Houston,2025-07-16,95,71.0
Houston,2025-07-17,72,69.0
Houston,2025-07-18,91,71.0
Houston,2025-07-19,31,67.0
Houston,2025-07-20,30,66.0
Houston,2025-07-21,58,66.0
Houston,2025-07-22,75,65.0
Houston,2025-07-23,73,61.0
Houston,2025-07-24,76,62.0
Houston,2025-07-25,79,60.0
Houston,2025-07-26,54,64.0
Houston,2025-07-27,44,66.0
Houston,2025-07-28,44,64.0
Houston,2025-07-29,63,62.0
Houston,2025-07-30,76,62.0
Houston,2025-07-31,90,64.0
Houston,2025-08-01,71,63.0
Houston,2025-08-02,64,65.0
Houston,2025-08-03,64,67.0
Houston,2025-08-04,73,72.0
Houston,2025-08-05,129,81.0
Houston,2025-08-06,89,83.0
Houston,2025-08-07,80,81.0
Houston,2025-08-08,92,84.0
Houston,2025-08-09,46,82.0
Houston,2025-08-10,52,80.0
Houston,2025-08-11,49,77.0
Houston,2025-08-12,85,70.0
Houston,2025-08-13,71,68.0
Houston,2025-08-14,84,68.0
Houston,2025-08-15,90,68.0
Houston,2025-08-16,77,73.0
Houston,2025-08-17,59,74.0
Houston,2025-08-18,75,77.0
Houston,2025-08-19,109,81.0
Houston,2025-08-20,114,87.0
Houston,2025-08-21,120,92.0
Houston,2025-08-22,116,96.0
Houston,2025-08-23,79,96.0
Houston,2025-08-24,61,96.0
Houston,2025-08-25,125,103.0
Houston,2025-08-26,82,100.0
Houston,2025-08-27,91,96.0
Houston,2025-08-28,74,90.0
Houston,2025-08-29,65,82.0
Houston,2025-08-30,41,77.0
Houston,2025-08-31,29,72.0
Houston,2025-09-01,38,60.0
Houston,2025-09-02,69,58.0
Houston,2025-09-03,91,58.0
Houston,2025-09-04,102,62.0
Houston,2025-09-05,98,67.0
Houston,2025-09-06,51,68.0
Houston,2025-09-07,40,70.0
Houston,2025-09-08,53,72.0
Houston,2025-09-09,72,72.0
Houston,2025-09-10,100,74.0
Houston,2025-09-11,95,73.0
Houston,2025-09-12,99,73.0
Houston,2025-09-13,51,73.0
Houston,2025-09-14,52,75.0
Houston,2025-09-15,74,78.0
Houston,2025-09-16,99,81.0
Houston,2025-09-17,92,80.0
Houston,2025-09-18,108,82.0
Houston,2025-09-19,98,82.0
Houston,2025-09-20,71,85.0
Houston,2025-09-21,57,86.0
Houston,2025-09-22,63,84.0
Houston,2025-09-23,97,84.0
Houston,2025-09-24,103,85.0
Houston,2025-09-25,112,86.0
Houston,2025-09-26,98,86.0
Houston,2025-09-27,73,86.0
Houston,2025-09-28,46,85.0
Houston,2025-09-29,72,86.0
Houston,2025-09-30,85,84.0
Houston,2025-10-01,116,86.0
Houston,2025-10-02,126,88.0
Houston,2025-10-03,115,90.0
Houston,2025-10-04,64,89.0
Houston,2025-10-05,64,92.0
Houston,2025-10-06,75,92.0
Houston,2025-10-07,102,95.0
Houston,2025-10-08,106,93.0
Houston,2025-10-09,89,88.0
Houston,2025-10-10,124,89.0
Houston,2025-10-11,61,89.0
Houston,2025-10-12,51,87.0
Houston,2025-10-13,31,81.0
Houston,2025-10-14,80,77.0
Houston,2025-10-15,87,75.0
Houston,2025-10-16,92,75.0
Houston,2025-10-17,93,71.0
Houston,2025-10-18,46,69.0
Houston,2025-10-19,49,68.0
Houston,2025-10-20,50,71.0
Houston,2025-10-21,95,73.0
Houston,2025-10-22,80,72.0
Houston,2025-10-23,110,75.0
Houston,2025-10-24,110,77.0
Houston,2025-10-25,71,81.0
Houston,2025-10-26,94,87.0
Houston,2025-10-27,125,98.0
Houston,2025-10-28,104,99.0
Houston,2025-10-29,121,105.0
Houston,2025-10-30,146,110.0
Houston,2025-10-31,92,108.0
Houston,2025-11-01,75,108.0
Houston,2025-11-02,68,104.0
Houston,2025-11-03,107,102.0
Houston,2025-11-04,101,101.0
Houston,2025-11-05,95,98.0
Houston,2025-11-06,119,94.0
Houston,2025-11-07,103,95.0
Houston,2025-11-08,54,92.0
Houston,2025-11-09,44,89.0
Houston,2025-11-10,124,91.0
Houston,2025-11-11,92,90.0
Houston,2025-11-12,104,91.0
Houston,2025-11-13,139,94.0
Houston,2025-11-14,107,95.0
Houston,2025-11-15,93,100.0
Houston,2025-11-16,86,106.0
Houston,2025-11-17,126,107.0
Houston,2025-11-18,117,110.0
Houston,2025-11-19,118,112.0
Houston,2025-11-20,89,105.0
Houston,2025-11-21,105,105.0
Houston,2025-11-22,59,100.0
Houston,2025-11-23,70,98.0
Houston,2025-11-24,88,92.0
Houston,2025-11-25,82,87.0
Houston,2025-11-26,77,81.0
Houston,2025-11-27,27,73.0
Houston,2025-11-28,40,63.0
Houston,2025-11-29,21,58.0
Houston,2025-11-30,20,51.0
Houston,2025-12-01,52,46.0
Houston,2025-12-02,74,44.0
Houston,2025-12-03,104,48.0
Houston,2025-12-04,82,56.0
Houston,2025-12-05,100,65.0
Houston,2025-12-06,66,71.0
Houston,2025-12-07,49,75.0
Houston,2025-12-08,81,79.0
Houston,2025-12-09,73,79.0
Houston,2025-12-10,99,79.0
Houston,2025-12-11,98,81.0
Houston,2025-12-12,83,78.0
Houston,2025-12-13,64,78.0
Houston,2025-12-14,56,79.0
Houston,2025-12-15,60,76.0
Houston,2025-12-16,96,79.0
Houston,2025-12-17,106,80.0
Houston,2025-12-18,94,80.0
Houston,2025-12-19,102,83.0
Houston,2025-12-20,55,81.0
Houston,2025-12-21,65,83.0
Houston,2025-12-22,68,84.0
Houston,2025-12-23,100,84.0
Houston,2025-12-24,47,76.0
Houston,2025-12-25,21,65.0
Houston,2025-12-26,55,59.0
Houston,2025-12-27,60,59.0
Houston,2025-12-28,49,57.0
Houston,2025-12-29,65,57.0
Houston,2025-12-30,66,52.0
Houston,2025-12-31,58,53.0
Houston,2026-01-01,37,56.0
Houston,2026-01-02,66,57.0
Houston,2026-01-03,58,57.0
Houston,2026-01-04,46,57.0
Houston,2026-01-05,65,57.0
Houston,2026-01-06,94,61.0
Houston,2026-01-07,89,65.0
Houston,2026-01-08,85,72.0
Houston,2026-01-09,92,76.0
Houston,2026-01-10,52,75.0
Houston,2026-01-11,54,76.0
Houston,2026-01-12,91,80.0
Houston,2026-01-13,69,76.0
Houston,2026-01-14,96,77.0
Houston,2026-01-15,82,77.0
Houston,2026-01-16,90,76.0
Houston,2026-01-17,80,80.0
Houston,2026-01-18,85,85.0
Houston,2026-01-19,88,84.0
Houston,2026-01-20,70,84.0
Houston,2026-01-21,83,83.0
Houston,2026-01-22,76,82.0
Houston,2026-01-23,72,79.0
Houston,2026-01-24,21,71.0
Houston,2026-01-26,34,63.0
Houston,2026-01-27,54,59.0
Houston,2026-01-28,72,59.0
Houston,2026-01-29,91,60.0
Houston,2026-01-30,62,58.0
Houston,2026-01-31,61,56.0
Houston,2026-02-01,49,60.0
Houston,2026-02-02,54,63.0
Houston,2026-02-03,81,67.0
Houston,2026-02-04,91,70.0
Houston,2026-02-05,75,68.0
Houston,2026-02-06,54,66.0
Houston,2026-02-07,52,65.0
Houston,2026-02-08,31,63.0
Houston,2026-02-09,57,63.0
Houston,2026-02-10,71,62.0
Houston,2026-02-11,56,57.0
Houston,2026-02-12,42,52.0
Houston,2026-02-13,62,53.0
Houston,2026-02-14,47,52.0
Houston,2026-02-15,40,54.0
Houston,2026-02-16,41,51.0
Houston,2026-02-17,79,52.0
Houston,2026-02-18,90,57.0
Houston,2026-02-19,79,63.0
Houston,2026-02-20,48,61.0
Houston,2026-02-21,46,60.0
Houston,2026-02-22,19,57.0
Houston,2026-02-23,64,61.0
Houston,2026-02-24,98,63.0
Houston,2026-02-25,63,60.0
Houston,2026-02-26,63,57.0
Houston,2026-02-27,36,56.0
Houston,2026-02-28,51,56.0
Houston,2026-03-01,25,57.0
Houston,2026-03-02,50,55.0
Houston,2026-03-03,63,50.0
Houston,2026-03-04,75,52.0
Houston,2026-03-05,65,52.0
Houston,2026-03-06,71,57.0
Houston,2026-03-07,66,59.0
Houston,2026-03-08,21,59.0
Houston,2026-03-09,52,59.0
Houston,2026-03-10,61,59.0
Los Angeles,2022-10-01,1,48.0
Los Angeles,2022-10-03,28,43.0
Los Angeles,2022-10-04,47,39.0
Los Angeles,2022-10-05,32,35.0
Los Angeles,2022-10-06,34,36.0
Los Angeles,2022-10-07,44,35.0
Los Angeles,2022-10-11,43,33.0
Los Angeles,2022-10-12,41,38.0
Los Angeles,2022-10-13,50,42.0
Los Angeles,2022-10-14,46,41.0
Los Angeles,2022-10-15,1,37.0
Los Angeles,2022-10-17,36,37.0
Los Angeles,2022-10-18,52,38.0
Los Angeles,2022-10-19,28,36.0
Los Angeles,2022-10-20,40,36.0
Los Angeles,2022-10-21,39,35.0
Los Angeles,2022-10-24,52,35.0
Los Angeles,2022-10-25,38,41.0
Los Angeles,2022-10-26,25,39.0
Los Angeles,2022-10-27,39,37.0
Los Angeles,2022-10-28,34,38.0
Los Angeles,2022-10-31,29,37.0
Los Angeles,2022-11-01,53,39.0
Los Angeles,2022-11-02,29,35.0
Los Angeles,2022-11-03,61,39.0
Los Angeles,2022-11-04,28,39.0
Los Angeles,2022-11-07,31,38.0
Los Angeles,2022-11-08,48,40.0
Los Angeles,2022-11-09,52,43.0
Los Angeles,2022-11-10,58,44.0
Los Angeles,2022-11-14,42,46.0
Los Angeles,2022-11-15,50,44.0
Los Angeles,2022-11-16,30,44.0
Los Angeles,2022-11-17,56,48.0
Los Angeles,2022-11-18,48,48.0
Los Angeles,2022-11-21,35,46.0
Los Angeles,2022-11-22,42,43.0
Los Angeles,2022-11-23,19,40.0
Los Angeles,2022-11-24,1,33.0
Los Angeles,2022-11-25,27,33.0
Los Angeles,2022-11-27,1,25.0
Los Angeles,2022-11-28,54,26.0
Los Angeles,2022-11-29,67,30.0
Los Angeles,2022-11-30,50,31.0
Los Angeles,2022-12-01,47,35.0
Los Angeles,2022-12-02,47,42.0
Los Angeles,2022-12-03,1,38.0
Los Angeles,2022-12-05,55,46.0
Los Angeles,2022-12-06,61,47.0
Los Angeles,2022-12-07,51,45.0
Los Angeles,2022-12-08,62,46.0
Los Angeles,2022-12-09,46,46.0
Los Angeles,2022-12-10,1,40.0
Los Angeles,2022-12-12,49,46.0
Los Angeles,2022-12-13,72,49.0
Los Angeles,2022-12-14,65,49.0
Los Angeles,2022-12-15,55,50.0
Los Angeles,2022-12-16,59,50.0
Los Angeles,2022-12-18,1,43.0
Los Angeles,2022-12-19,53,51.0
Los Angeles,2022-12-20,77,55.0
Los Angeles,2022-12-21,53,52.0
Los Angeles,2022-12-22,43,49.0
Los Angeles,2022-12-23,25,44.0
Los Angeles,2022-12-27,50,43.0
Los Angeles,2022-12-28,49,50.0
Los Angeles,2022-12-29,37,48.0
Los Angeles,2022-12-30,34,42.0
Los Angeles,2022-12-31,1,34.0
Los Angeles,2023-01-03,54,36.0
Los Angeles,2023-01-04,50,39.0
Los Angeles,2023-01-05,46,39.0
Los Angeles,2023-01-06,47,38.0
Los Angeles,2023-01-07,1,33.0
Los Angeles,2023-01-08,1,29.0
Los Angeles,2023-01-09,70,38.0
Los Angeles,2023-01-10,49,38.0
Los Angeles,2023-01-11,59,39.0
Los Angeles,2023-01-12,71,43.0
Los Angeles,2023-01-13,59,44.0
Los Angeles,2023-01-14,1,44.0
Los Angeles,2023-01-17,60,53.0
Los Angeles,2023-01-18,49,50.0
Los Angeles,2023-01-19,55,51.0
Los Angeles,2023-01-20,63,51.0
Los Angeles,2023-01-21,1,41.0
Los Angeles,2023-01-22,1,33.0
Los Angeles,2023-01-23,57,41.0
Los Angeles,2023-01-24,62,41.0
Los Angeles,2023-01-25,69,44.0
Los Angeles,2023-01-26,61,45.0
Los Angeles,2023-01-27,56,44.0
Los Angeles,2023-01-29,1,44.0
Los Angeles,2023-01-30,62,53.0
Los Angeles,2023-01-31,59,53.0
Los Angeles,2023-02-01,49,51.0
Los Angeles,2023-02-02,56,49.0
Los Angeles,2023-02-03,61,49.0
Los Angeles,2023-02-04,1,41.0
Los Angeles,2023-02-05,4,42.0
Los Angeles,2023-02-06,59,41.0
Los Angeles,2023-02-07,54,41.0
Los Angeles,2023-02-08,45,40.0
Los Angeles,2023-02-09,60,41.0
Los Angeles,2023-02-10,53,39.0
Los Angeles,2023-02-13,48,46.0
Los Angeles,2023-02-14,52,53.0
Los Angeles,2023-02-15,59,53.0
Los Angeles,2023-02-16,58,54.0
Los Angeles,2023-02-17,64,56.0
Los Angeles,2023-02-21,55,56.0
Los Angeles,2023-02-22,54,56.0
Los Angeles,2023-02-23,57,57.0
Los Angeles,2023-02-24,62,58.0
Los Angeles,2023-02-27,50,57.0
Los Angeles,2023-02-28,55,57.0
Los Angeles,2023-03-01,42,54.0
Los Angeles,2023-03-02,52,53.0
Los Angeles,2023-03-03,46,52.0
Los Angeles,2023-03-05,1,44.0
Los Angeles,2023-03-06,35,40.0
Los Angeles,2023-03-07,42,39.0
Los Angeles,2023-03-08,34,36.0
Los Angeles,2023-03-09,44,36.0
Los Angeles,2023-03-10,30,33.0
Los Angeles,2023-03-13,41,32.0
Los Angeles,2023-03-14,57,40.0
Los Angeles,2023-03-15,32,40.0
Los Angeles,2023-03-16,50,41.0
Los Angeles,2023-03-17,36,41.0
Los Angeles,2023-03-20,33,40.0
Los Angeles,2023-03-21,48,42.0
Los Angeles,2023-03-22,41,42.0
Los Angeles,2023-03-23,37,40.0
Los Angeles,2023-03-24,35,40.0
Los Angeles,2023-03-27,30,37.0
Los Angeles,2023-03-28,51,39.0
Los Angeles,2023-03-29,37,40.0
Los Angeles,2023-03-30,57,41.0
Los Angeles,2023-03-31,31,40.0
Los Angeles,2023-04-03,26,38.0
Los Angeles,2023-04-04,49,40.0
Los Angeles,2023-04-05,38,41.0
Los Angeles,2023-04-06,33,39.0
Los Angeles,2023-04-07,32,38.0
Los Angeles,2023-04-08,2,30.0
Los Angeles,2023-04-09,1,26.0
Los Angeles,2023-04-10,40,28.0
Los Angeles,2023-04-11,36,26.0
Los Angeles,2023-04-12,44,27.0
Los Angeles,2023-04-13,44,28.0
Los Angeles,2023-04-14,42,30.0
Los Angeles,2023-04-15,1,30.0
Los Angeles,2023-04-17,37,35.0
Los Angeles,2023-04-18,43,35.0
Los Angeles,2023-04-19,34,35.0
Los Angeles,2023-04-20,42,35.0
Los Angeles,2023-04-21,18,31.0
Los Angeles,2023-04-22,1,25.0
Los Angeles,2023-04-23,1,25.0
Los Angeles,2023-04-24,33,25.0
Los Angeles,2023-04-25,47,25.0
Los Angeles,2023-04-26,32,25.0
Los Angeles,2023-04-27,42,25.0
Los Angeles,2023-04-28,35,27.0
Los Angeles,2023-05-01,43,33.0
Los Angeles,2023-05-02,42,39.0
Los Angeles,2023-05-03,39,40.0
Los Angeles,2023-05-04,55,41.0
Los Angeles,2023-05-05,39,42.0
Los Angeles,2023-05-06,1,36.0
Los Angeles,2023-05-08,25,35.0
Los Angeles,2023-05-09,53,36.0
Los Angeles,2023-05-10,33,35.0
Los Angeles,2023-05-11,29,34.0
Los Angeles,2023-05-12,38,31.0
Los Angeles,2023-05-14,3,26.0
Los Angeles,2023-05-15,34,31.0
Los Angeles,2023-05-16,45,34.0
Los Angeles,2023-05-17,28,30.0
Los Angeles,2023-05-18,41,31.0
Los Angeles,2023-05-19,19,30.0
Los Angeles,2023-05-22,23,28.0
Los Angeles,2023-05-23,47,34.0
Los Angeles,2023-05-24,22,32.0
Los Angeles,2023-05-25,29,30.0
Los Angeles,2023-05-26,34,31.0
Los Angeles,2023-05-27,2,25.0
Los Angeles,2023-05-28,1,23.0
Los Angeles,2023-05-30,45,26.0
Los Angeles,2023-05-31,28,23.0
Los Angeles,2023-06-01,34,25.0
Los Angeles,2023-06-02,25,24.0
Los Angeles,2023-06-05,23,23.0
Los Angeles,2023-06-06,43,28.0
Los Angeles,2023-06-07,32,33.0
Los Angeles,2023-06-08,44,33.0
Los Angeles,2023-06-09,31,33.0
Los Angeles,2023-06-10,1,28.0
Los Angeles,2023-06-12,32,29.0
Los Angeles,2023-06-13,38,32.0
Los Angeles,2023-06-14,21,28.0
Los Angeles,2023-06-15,44,30.0
Los Angeles,2023-06-16,30,28.0
Los Angeles,2023-06-20,39,29.0
Los Angeles,2023-06-21,41,35.0
Los Angeles,2023-06-22,34,35.0
Los Angeles,2023-06-23,25,33.0
Los Angeles,2023-06-25,1,31.0
Los Angeles,2023-06-26,27,28.0
Los Angeles,2023-06-27,34,29.0
Los Angeles,2023-06-28,34,28.0
Los Angeles,2023-06-29,43,28.0
Los Angeles,2023-06-30,21,26.0
Los Angeles,2023-07-01,7,24.0
Los Angeles,2023-07-02,1,24.0
Los Angeles,2023-07-03,17,22.0
Los Angeles,2023-07-04,1,18.0
Los Angeles,2023-07-05,31,17.0
Los Angeles,2023-07-06,47,18.0
Los Angeles,2023-07-07,32,19.0
Los Angeles,2023-07-08,3,19.0
Los Angeles,2023-07-09,1,19.0
Los Angeles,2023-07-10,24,20.0
Los Angeles,2023-07-11,38,25.0
Los Angeles,2023-07-12,36,26.0
Los Angeles,2023-07-13,24,23.0
Los Angeles,2023-07-14,33,23.0
Los Angeles,2023-07-15,2,23.0
Los Angeles,2023-07-17,20,25.0
Los Angeles,2023-07-18,40,28.0
Los Angeles,2023-07-19,32,27.0
Los Angeles,2023-07-20,27,25.0
Los Angeles,2023-07-21,20,25.0
Los Angeles,2023-07-22,1,20.0
Los Angeles,2023-07-23,1,20.0
Los Angeles,2023-07-24,32,22.0
Los Angeles,2023-07-25,37,21.0
Los Angeles,2023-07-26,29,21.0
Los Angeles,2023-07-27,43,23.0
Los Angeles,2023-07-28,30,25.0
Los Angeles,2023-07-29,1,25.0
Los Angeles,2023-07-30,2,25.0
Los Angeles,2023-07-31,30,25.0
Los Angeles,2023-08-01,32,24.0
Los Angeles,2023-08-02,31,24.0
Los Angeles,2023-08-03,25,22.0
Los Angeles,2023-08-04,18,20.0
Los Angeles,2023-08-07,19,22.0
Los Angeles,2023-08-08,40,28.0
Los Angeles,2023-08-09,18,26.0
Los Angeles,2023-08-10,24,25.0
Los Angeles,2023-08-11,22,24.0
Los Angeles,2023-08-12,1,20.0
Los Angeles,2023-08-14,14,20.0
Los Angeles,2023-08-15,36,22.0
Los Angeles,2023-08-16,13,18.0
Los Angeles,2023-08-17,22,19.0
Los Angeles,2023-08-18,19,18.0
Los Angeles,2023-08-19,1,15.0
Los Angeles,2023-08-20,1,15.0
Los Angeles,2023-08-21,19,16.0
Los Angeles,2023-08-22,37,16.0
Los Angeles,2023-08-23,21,17.0
Los Angeles,2023-08-24,17,16.0
Los Angeles,2023-08-25,12,15.0
Los Angeles,2023-08-27,2,16.0
Los Angeles,2023-08-28,17,18.0
Los Angeles,2023-08-29,28,19.0
Los Angeles,2023-08-30,26,18.0
Los Angeles,2023-08-31,21,18.0
Los Angeles,2023-09-01,23,18.0
Los Angeles,2023-09-05,23,20.0
Los Angeles,2023-09-06,18,22.0
Los Angeles,2023-09-07,24,23.0
Los Angeles,2023-09-08,21,22.0
Los Angeles,2023-09-11,28,23.0
Los Angeles,2023-09-12,16,22.0
Los Angeles,2023-09-13,14,21.0
Los Angeles,2023-09-14,25,21.0
Los Angeles,2023-09-15,14,20.0
Los Angeles,2023-09-18,15,19.0
Los Angeles,2023-09-19,26,20.0
Los Angeles,2023-09-20,22,19.0
Los Angeles,2023-09-21,24,20.0
Los Angeles,2023-09-22,13,20.0
Los Angeles,2023-09-23,1,16.0
Los Angeles,2023-09-24,6,15.0
Los Angeles,2023-09-25,10,15.0
Los Angeles,2023-09-26,25,14.0
Los Angeles,2023-09-27,23,15.0
Los Angeles,2023-09-28,23,14.0
Los Angeles,2023-09-29,16,15.0
Los Angeles,2023-10-02,21,18.0
Los Angeles,2023-10-03,24,20.0
Los Angeles,2023-10-04,18,21.0
Los Angeles,2023-10-05,17,20.0
Los Angeles,2023-10-06,21,20.0
Los Angeles,2023-10-10,22,20.0
Los Angeles,2023-10-11,17,20.0
Los Angeles,2023-10-12,32,22.0
Los Angeles,2023-10-13,14,20.0
Los Angeles,2023-10-14,1,18.0
Los Angeles,2023-10-15,1,15.0
Los Angeles,2023-10-16,16,15.0
Los Angeles,2023-10-17,23,15.0
Los Angeles,2023-10-18,23,16.0
Los Angeles,2023-10-19,18,14.0
Los Angeles,2023-10-20,23,15.0
Los Angeles,2023-10-21,1,15.0
Los Angeles,2023-10-23,14,17.0
Los Angeles,2023-10-24,19,17.0
Los Angeles,2023-10-25,16,16.0
Los Angeles,2023-10-26,25,17.0
Los Angeles,2023-10-27,16,16.0
Los Angeles,2023-10-28,1,13.0
Los Angeles,2023-10-29,1,13.0
Los Angeles,2023-10-30,18,14.0
Los Angeles,2023-10-31,38,16.0
Los Angeles,2023-11-01,20,17.0
Los Angeles,2023-11-02,16,16.0
Los Angeles,2023-11-03,15,16.0
Los Angeles,2023-11-05,6,16.0
Los Angeles,2023-11-06,13,18.0
Los Angeles,2023-11-07,26,19.0
Los Angeles,2023-11-08,23,17.0
Los Angeles,2023-11-09,24,18.0
Los Angeles,2023-11-10,2,16.0
Los Angeles,2023-11-13,14,15.0
Los Angeles,2023-11-14,16,17.0
Los Angeles,2023-11-15,18,18.0
Los Angeles,2023-11-16,32,18.0
Los Angeles,2023-11-17,14,17.0
Los Angeles,2023-11-19,1,14.0
Los Angeles,2023-11-20,14,16.0
Los Angeles,2023-11-21,25,17.0
Los Angeles,2023-11-22,23,18.0
Los Angeles,2023-11-23,1,16.0
Los Angeles,2023-11-24,12,13.0
Los Angeles,2023-11-25,1,11.0
Los Angeles,2023-11-27,22,14.0
Los Angeles,2023-11-28,28,16.0
Los Angeles,2023-11-29,23,16.0
Los Angeles,2023-11-30,14,14.0
Los Angeles,2023-12-01,18,17.0
Los Angeles,2023-12-02,1,15.0
Los Angeles,2023-12-04,15,17.0
Los Angeles,2023-12-05,41,20.0
Los Angeles,2023-12-06,27,20.0
Los Angeles,2023-12-07,21,20.0
Los Angeles,2023-12-08,13,19.0
Los Angeles,2023-12-11,18,19.0
Los Angeles,2023-12-12,21,22.0
Los Angeles,2023-12-13,28,24.0
Los Angeles,2023-12-14,18,21.0
Los Angeles,2023-12-15,19,20.0
Los Angeles,2023-12-17,4,17.0
Los Angeles,2023-12-18,25,19.0
Los Angeles,2023-12-19,24,20.0
Los Angeles,2023-12-20,14,19.0
Los Angeles,2023-12-21,22,18.0
Los Angeles,2023-12-22,15,18.0
Los Angeles,2023-12-23,1,15.0
Los Angeles,2023-12-26,9,16.0
Los Angeles,2023-12-27,14,14.0
Los Angeles,2023-12-28,17,13.0
Los Angeles,2023-12-29,11,13.0
Los Angeles,2023-12-30,1,10.0
Los Angeles,2023-12-31,2,8.0
Los Angeles,2024-01-02,17,10.0
Los Angeles,2024-01-03,10,10.0
Los Angeles,2024-01-04,24,12.0
Los Angeles,2024-01-05,14,11.0
Los Angeles,2024-01-06,2,10.0
Los Angeles,2024-01-08,18,12.0
Los Angeles,2024-01-09,24,16.0
Los Angeles,2024-01-10,24,17.0
Los Angeles,2024-01-11,18,18.0
Los Angeles,2024-01-12,23,18.0
Los Angeles,2024-01-14,1,16.0
Los Angeles,2024-01-15,1,16.0
Los Angeles,2024-01-16,31,17.0
Los Angeles,2024-01-17,10,15.0
Los Angeles,2024-01-18,21,15.0
Los Angeles,2024-01-19,14,14.0
Los Angeles,2024-01-20,1,11.0
Los Angeles,2024-01-22,21,14.0
Los Angeles,2024-01-23,22,17.0
Los Angeles,2024-01-24,22,16.0
Los Angeles,2024-01-25,21,17.0
Los Angeles,2024-01-26,14,16.0
Los Angeles,2024-01-28,1,15.0
Los Angeles,2024-01-29,17,17.0
Los Angeles,2024-01-30,29,18.0
Los Angeles,2024-01-31,16,17.0
Los Angeles,2024-02-01,52,21.0
Los Angeles,2024-02-02,22,22.0
Los Angeles,2024-02-05,16,22.0
Los Angeles,2024-02-06,26,25.0
Los Angeles,2024-02-07,12,25.0
Los Angeles,2024-02-08,19,23.0
Los Angeles,2024-02-09,24,24.0
Los Angeles,2024-02-11,2,17.0
Los Angeles,2024-02-12,18,17.0
Los Angeles,2024-02-13,28,18.0
Los Angeles,2024-02-14,15,17.0
Los Angeles,2024-02-15,18,18.0
Los Angeles,2024-02-16,17,17.0
Los Angeles,2024-02-17,1,14.0
Los Angeles,2024-02-18,1,14.0
Los Angeles,2024-02-19,2,12.0
Los Angeles,2024-02-20,29,12.0
Los Angeles,2024-02-21,16,12.0
Los Angeles,2024-02-22,21,12.0
Los Angeles,2024-02-23,18,13.0
Los Angeles,2024-02-24,1,13.0
Los Angeles,2024-02-26,20,15.0
Los Angeles,2024-02-27,25,19.0
Los Angeles,2024-02-28,23,18.0
Los Angeles,2024-02-29,15,18.0
Los Angeles,2024-03-01,9,16.0
Los Angeles,2024-03-04,9,15.0
Los Angeles,2024-03-05,24,18.0
Los Angeles,2024-03-06,19,18.0
Los Angeles,2024-03-07,13,16.0
Los Angeles,2024-03-08,20,16.0
Los Angeles,2024-03-09,1,14.0
Los Angeles,2024-03-10,1,12.0
Los Angeles,2024-03-11,19,14.0
Los Angeles,2024-03-12,27,14.0
Los Angeles,2024-03-13,18,14.0
Los Angeles,2024-03-14,20,15.0
Los Angeles,2024-03-15,15,14.0
Los Angeles,2024-03-18,9,16.0
Los Angeles,2024-03-19,46,22.0
Los Angeles,2024-03-20,12,21.0
Los Angeles,2024-03-21,17,20.0
Los Angeles,2024-03-22,13,19.0
Los Angeles,2024-03-23,1,16.0
Los Angeles,2024-03-24,3,14.0
Los Angeles,2024-03-25,11,15.0
Los Angeles,2024-03-26,23,11.0
Los Angeles,2024-03-27,18,12.0
Los Angeles,2024-03-28,21,13.0
Los Angeles,2024-03-29,17,13.0
Los Angeles,2024-04-01,18,16.0
Los Angeles,2024-04-02,29,20.0
Los Angeles,2024-04-03,23,21.0
Los Angeles,2024-04-04,23,21.0
Los Angeles,2024-04-05,14,21.0
Los Angeles,2024-04-06,1,18.0
Los Angeles,2024-04-08,15,18.0
Los Angeles,2024-04-09,40,21.0
Los Angeles,2024-04-10,21,20.0
Los Angeles,2024-04-11,27,20.0
Los Angeles,2024-04-12,12,19.0
Los Angeles,2024-04-13,2,17.0
Los Angeles,2024-04-15,21,20.0
Los Angeles,2024-04-16,31,22.0
Los Angeles,2024-04-17,25,20.0
Los Angeles,2024-04-18,22,20.0
Los Angeles,2024-04-19,32,21.0
Los Angeles,2024-04-20,1,19.0
Los Angeles,2024-04-22,19,22.0
Los Angeles,2024-04-23,31,23.0
Los Angeles,2024-04-24,32,23.0
Los Angeles,2024-04-25,23,23.0
Los Angeles,2024-04-26,21,23.0
Los Angeles,2024-04-27,1,18.0
Los Angeles,2024-04-29,14,20.0
Los Angeles,2024-04-30,19,20.0
Los Angeles,2024-05-01,15,18.0
Los Angeles,2024-05-02,16,16.0
Los Angeles,2024-05-03,18,15.0
Los Angeles,2024-05-04,1,12.0
Los Angeles,2024-05-06,19,15.0
Los Angeles,2024-05-07,19,15.0
Los Angeles,2024-05-08,30,17.0
Los Angeles,2024-05-09,15,17.0
Los Angeles,2024-05-10,18,17.0
Los Angeles,2024-05-11,1,15.0
Los Angeles,2024-05-12,1,15.0
Los Angeles,2024-05-13,26,16.0
Los Angeles,2024-05-14,31,17.0
Los Angeles,2024-05-15,25,17.0
Los Angeles,2024-05-16,18,17.0
Los Angeles,2024-05-17,16,17.0
Los Angeles,2024-05-18,1,17.0
Los Angeles,2024-05-19,1,17.0
Los Angeles,2024-05-20,15,15.0
Los Angeles,2024-05-21,19,14.0
Los Angeles,2024-05-22,17,12.0
Los Angeles,2024-05-23,16,12.0
Los Angeles,2024-05-24,28,14.0
Los Angeles,2024-05-28,16,16.0
Los Angeles,2024-05-29,16,18.0
Los Angeles,2024-05-30,29,20.0
Los Angeles,2024-05-31,13,19.0
Los Angeles,2024-06-01,2,17.0
Los Angeles,2024-06-03,9,16.0
Los Angeles,2024-06-04,23,15.0
Los Angeles,2024-06-05,19,16.0
Los Angeles,2024-06-06,15,16.0
Los Angeles,2024-06-07,16,14.0
Los Angeles,2024-06-10,20,15.0
Los Angeles,2024-06-11,27,18.0
Los Angeles,2024-06-12,19,20.0
Los Angeles,2024-06-13,14,19.0
Los Angeles,2024-06-14,11,17.0
Los Angeles,2024-06-15,2,16.0
Los Angeles,2024-06-17,8,14.0
Los Angeles,2024-06-18,15,14.0
Los Angeles,2024-06-19,1,10.0
Los Angeles,2024-06-20,14,9.0
Los Angeles,2024-06-21,22,10.0
Los Angeles,2024-06-22,4,9.0
Los Angeles,2024-06-23,1,9.0
Los Angeles,2024-06-24,26,12.0
Los Angeles,2024-06-25,23,13.0
Los Angeles,2024-06-26,11,14.0
Los Angeles,2024-06-27,17,15.0
Los Angeles,2024-06-28,16,14.0
Los Angeles,2024-06-29,1,14.0
Los Angeles,2024-06-30,3,14.0
Los Angeles,2024-07-01,18,13.0
Los Angeles,2024-07-02,34,14.0
Los Angeles,2024-07-03,21,16.0
Los Angeles,2024-07-04,3,14.0
Los Angeles,2024-07-05,18,14.0
Los Angeles,2024-07-06,1,14.0
Los Angeles,2024-07-07,1,14.0
Los Angeles,2024-07-08,16,13.0
Los Angeles,2024-07-09,20,11.0
Los Angeles,2024-07-10,19,11.0
Los Angeles,2024-07-11,7,12.0
Los Angeles,2024-07-12,16,11.0
Los Angeles,2024-07-14,2,12.0
Los Angeles,2024-07-15,14,13.0
Los Angeles,2024-07-16,25,15.0
Los Angeles,2024-07-17,18,14.0
Los Angeles,2024-07-18,14,14.0
Los Angeles,2024-07-19,17,15.0
Los Angeles,2024-07-22,11,14.0
Los Angeles,2024-07-23,17,17.0
Los Angeles,2024-07-24,11,16.0
Los Angeles,2024-07-25,18,15.0
Los Angeles,2024-07-26,5,13.0
Los Angeles,2024-07-27,3,12.0
Los Angeles,2024-07-29,12,11.0
Los Angeles,2024-07-30,18,12.0
Los Angeles,2024-07-31,12,11.0
Los Angeles,2024-08-01,12,11.0
Los Angeles,2024-08-02,16,11.0
Los Angeles,2024-08-04,2,11.0
Los Angeles,2024-08-05,12,12.0
Los Angeles,2024-08-06,21,13.0
Los Angeles,2024-08-07,16,13.0
Los Angeles,2024-08-08,13,13.0
Los Angeles,2024-08-09,17,14.0
Los Angeles,2024-08-11,3,12.0
Los Angeles,2024-08-12,11,13.0
Los Angeles,2024-08-13,17,14.0
Los Angeles,2024-08-14,5,12.0
Los Angeles,2024-08-15,23,13.0
Los Angeles,2024-08-16,11,12.0
Los Angeles,2024-08-19,9,11.0
Los Angeles,2024-08-20,15,13.0
Los Angeles,2024-08-21,24,15.0
Los Angeles,2024-08-22,8,14.0
Los Angeles,2024-08-23,12,15.0
Los Angeles,2024-08-24,1,11.0
Los Angeles,2024-08-25,2,10.0
Los Angeles,2024-08-26,14,11.0
Los Angeles,2024-08-27,31,13.0
Los Angeles,2024-08-28,25,13.0
Los Angeles,2024-08-29,14,14.0
Los Angeles,2024-08-30,14,14.0
Los Angeles,2024-08-31,1,14.0
Los Angeles,2024-09-03,20,17.0
Los Angeles,2024-09-04,14,17.0
Los Angeles,2024-09-05,14,15.0
Los Angeles,2024-09-06,17,13.0
Los Angeles,2024-09-08,2,12.0
Los Angeles,2024-09-09,11,11.0
Los Angeles,2024-09-10,16,13.0
Los Angeles,2024-09-11,10,12.0
Los Angeles,2024-09-12,18,13.0
Los Angeles,2024-09-13,12,12.0
Los Angeles,2024-09-15,1,10.0
Los Angeles,2024-09-16,11,11.0
Los Angeles,2024-09-17,25,13.0
Los Angeles,2024-09-18,9,12.0
Los Angeles,2024-09-19,18,13.0
Los Angeles,2024-09-20,14,13.0
Los Angeles,2024-09-22,1,11.0
Los Angeles,2024-09-23,5,12.0
Los Angeles,2024-09-24,29,14.0
Los Angeles,2024-09-25,12,13.0
Los Angeles,2024-09-26,11,13.0
Los Angeles,2024-09-27,11,12.0
Los Angeles,2024-09-30,11,11.0
Los Angeles,2024-10-01,31,16.0
Los Angeles,2024-10-02,16,17.0
Los Angeles,2024-10-03,12,15.0
Los Angeles,2024-10-04,16,15.0
Los Angeles,2024-10-06,2,14.0
Los Angeles,2024-10-07,12,14.0
Los Angeles,2024-10-08,25,16.0
Los Angeles,2024-10-09,14,14.0
Los Angeles,2024-10-10,17,14.0
Los Angeles,2024-10-11,18,15.0
Los Angeles,2024-10-14,2,13.0
Los Angeles,2024-10-15,20,15.0
Los Angeles,2024-10-16,18,16.0
Los Angeles,2024-10-17,16,15.0
Los Angeles,2024-10-18,9,14.0
Los Angeles,2024-10-19,1,12.0
Los Angeles,2024-10-21,11,11.0
Los Angeles,2024-10-22,23,14.0
Los Angeles,2024-10-23,14,13.0
Los Angeles,2024-10-24,20,13.0
Los Angeles,2024-10-25,20,14.0
Los Angeles,2024-10-26,1,13.0
Los Angeles,2024-10-28,14,15.0
Los Angeles,2024-10-29,30,17.0
Los Angeles,2024-10-30,19,17.0
Los Angeles,2024-10-31,22,18.0
Los Angeles,2024-11-01,12,17.0
Los Angeles,2024-11-03,1,14.0
Los Angeles,2024-11-04,16,16.0
Los Angeles,2024-11-05,21,17.0
Los Angeles,2024-11-06,16,15.0
Los Angeles,2024-11-07,16,15.0
Los Angeles,2024-11-08,14,14.0
Los Angeles,2024-11-09,1,12.0
Los Angeles,2024-11-12,18,15.0
Los Angeles,2024-11-13,19,15.0
Los Angeles,2024-11-14,27,16.0
Los Angeles,2024-11-15,11,15.0
Los Angeles,2024-11-17,1,13.0
Los Angeles,2024-11-18,17,13.0
Los Angeles,2024-11-19,20,16.0
Los Angeles,2024-11-20,12,15.0
Los Angeles,2024-11-21,25,16.0
Los Angeles,2024-11-22,14,14.0
Los Angeles,2024-11-23,1,13.0
Los Angeles,2024-11-24,1,13.0
Los Angeles,2024-11-25,18,13.0
Los Angeles,2024-11-26,20,13.0
Los Angeles,2024-11-27,7,12.0
Los Angeles,2024-11-29,1,9.0
Los Angeles,2024-12-02,32,11.0
Los Angeles,2024-12-03,31,16.0
Los Angeles,2024-12-04,18,18.0
Los Angeles,2024-12-05,21,19.0
Los Angeles,2024-12-06,18,18.0
Los Angeles,2024-12-07,1,17.0
Los Angeles,2024-12-08,2,18.0
Los Angeles,2024-12-09,8,14.0
Los Angeles,2024-12-10,13,12.0
Los Angeles,2024-12-11,10,10.0
Los Angeles,2024-12-12,20,10.0
Los Angeles,2024-12-13,14,10.0
Los Angeles,2024-12-14,1,10.0
Los Angeles,2024-12-16,10,11.0
Los Angeles,2024-12-17,19,12.0
Los Angeles,2024-12-18,8,12.0
Los Angeles,2024-12-19,17,13.0
Los Angeles,2024-12-20,14,12.0
Los Angeles,2024-12-22,1,10.0
Los Angeles,2024-12-23,12,12.0
Los Angeles,2024-12-24,1,10.0
Los Angeles,2024-12-26,17,10.0
Los Angeles,2024-12-27,15,11.0
Los Angeles,2024-12-30,15,11.0
Los Angeles,2024-12-31,18,11.0
Los Angeles,2025-01-02,9,12.0
Los Angeles,2025-01-03,13,13.0
Los Angeles,2025-01-04,2,13.0
Los Angeles,2025-01-06,15,12.0
Los Angeles,2025-01-07,21,13.0
Los Angeles,2025-01-08,19,14.0
Los Angeles,2025-01-09,1,11.0
Los Angeles,2025-01-10,12,12.0
Los Angeles,2025-01-12,1,10.0
Los Angeles,2025-01-13,7,11.0
Los Angeles,2025-01-14,11,10.0
Los Angeles,2025-01-15,10,9.0
Los Angeles,2025-01-16,19,9.0
Los Angeles,2025-01-17,15,11.0
Los Angeles,2025-01-19,1,9.0
Los Angeles,2025-01-20,1,9.0
Los Angeles,2025-01-21,27,12.0
Los Angeles,2025-01-22,19,13.0
Los Angeles,2025-01-23,24,15.0
Los Angeles,2025-01-24,19,15.0
Los Angeles,2025-01-25,3,13.0
Los Angeles,2025-01-26,46,20.0
Los Angeles,2025-01-27,33,24.0
Los Angeles,2025-01-28,38,26.0
Los Angeles,2025-01-29,31,28.0
Los Angeles,2025-01-30,28,28.0
Los Angeles,2025-01-31,36,31.0
Los Angeles,2025-02-01,5,31.0
Los Angeles,2025-02-02,7,25.0
Los Angeles,2025-02-03,20,24.0
Los Angeles,2025-02-04,42,24.0
Los Angeles,2025-02-05,24,23.0
Los Angeles,2025-02-06,21,22.0
Los Angeles,2025-02-07,18,20.0
Los Angeles,2025-02-08,2,19.0
Los Angeles,2025-02-10,27,22.0
Los Angeles,2025-02-11,32,24.0
Los Angeles,2025-02-12,23,21.0
Los Angeles,2025-02-13,25,21.0
Los Angeles,2025-02-14,27,22.0
Los Angeles,2025-02-15,7,20.0
Los Angeles,2025-02-16,10,22.0
Los Angeles,2025-02-17,3,18.0
Los Angeles,2025-02-18,25,17.0
Los Angeles,2025-02-19,23,17.0
Los Angeles,2025-02-20,24,17.0
Los Angeles,2025-02-21,28,17.0
Los Angeles,2025-02-22,2,16.0
Los Angeles,2025-02-23,23,18.0
Los Angeles,2025-02-24,48,25.0
Los Angeles,2025-02-25,55,29.0
Los Angeles,2025-02-26,42,32.0
Los Angeles,2025-02-27,30,33.0
Los Angeles,2025-02-28,45,35.0
Los Angeles,2025-03-01,18,37.0
Los Angeles,2025-03-02,2,34.0
Los Angeles,2025-03-03,23,31.0
Los Angeles,2025-03-04,38,28.0
Los Angeles,2025-03-05,21,25.0
Los Angeles,2025-03-06,32,26.0
Los Angeles,2025-03-07,17,22.0
Los Angeles,2025-03-08,1,19.0
Los Angeles,2025-03-09,3,19.0
Los Angeles,2025-03-10,18,19.0
Los Angeles,2025-03-11,31,18.0
Los Angeles,2025-03-12,17,17.0
Los Angeles,2025-03-13,33,17.0
Los Angeles,2025-03-14,20,18.0
Los Angeles,2025-03-15,5,18.0
Los Angeles,2025-03-16,15,20.0
Los Angeles,2025-03-17,9,19.0
Los Angeles,2025-03-18,33,19.0
Los Angeles,2025-03-19,19,19.0
Los Angeles,2025-03-20,27,18.0
Los Angeles,2025-03-21,15,18.0
Los Angeles,2025-03-22,1,17.0
Los Angeles,2025-03-23,2,15.0
Los Angeles,2025-03-24,16,16.0
Los Angeles,2025-03-25,31,16.0
Los Angeles,2025-03-26,27,17.0
Los Angeles,2025-03-27,24,17.0
Los Angeles,2025-03-28,20,17.0
Los Angeles,2025-03-29,2,17.0
Los Angeles,2025-03-30,1,17.0
Los Angeles,2025-03-31,13,17.0
Los Angeles,2025-04-01,19,15.0
Los Angeles,2025-04-02,35,16.0
Los Angeles,2025-04-03,24,16.0
Los Angeles,2025-04-04,26,17.0
Los Angeles,2025-04-06,1,17.0
Los Angeles,2025-04-07,16,19.0
Los Angeles,2025-04-08,44,24.0
Los Angeles,2025-04-09,16,23.0
Los Angeles,2025-04-10,22,21.0
Los Angeles,2025-04-11,20,21.0
Los Angeles,2025-04-14,21,20.0
Los Angeles,2025-04-15,25,23.0
Los Angeles,2025-04-16,23,24.0
Los Angeles,2025-04-17,27,22.0
Los Angeles,2025-04-18,20,23.0
Los Angeles,2025-04-19,4,20.0
Los Angeles,2025-04-20,1,17.0
Los Angeles,2025-04-21,13,16.0
Los Angeles,2025-04-22,20,15.0
Los Angeles,2025-04-23,20,15.0
Los Angeles,2025-04-24,15,13.0
Los Angeles,2025-04-25,18,13.0
Los Angeles,2025-04-28,32,17.0
Los Angeles,2025-04-29,45,23.0
Los Angeles,2025-04-30,20,24.0
Los Angeles,2025-05-01,24,25.0
Los Angeles,2025-05-02,20,25.0
Los Angeles,2025-05-03,4,23.0
Los Angeles,2025-05-04,9,22.0
Los Angeles,2025-05-05,37,23.0
Los Angeles,2025-05-06,41,22.0
Los Angeles,2025-05-07,40,25.0
Los Angeles,2025-05-08,40,27.0
Los Angeles,2025-05-09,44,31.0
Los Angeles,2025-05-10,10,32.0
Los Angeles,2025-05-11,5,31.0
Los Angeles,2025-05-12,21,29.0
Los Angeles,2025-05-13,30,27.0
Los Angeles,2025-05-14,26,25.0
Los Angeles,2025-05-15,23,23.0
Los Angeles,2025-05-16,21,19.0
Los Angeles,2025-05-17,1,18.0
Los Angeles,2025-05-19,21,20.0
Los Angeles,2025-05-20,48,24.0
Los Angeles,2025-05-21,35,25.0
Los Angeles,2025-05-22,37,27.0
Los Angeles,2025-05-23,21,26.0
Los Angeles,2025-05-24,9,25.0
Los Angeles,2025-05-25,5,25.0
Los Angeles,2025-05-26,4,23.0
Los Angeles,2025-05-27,35,21.0
Los Angeles,2025-05-28,55,24.0
Los Angeles,2025-05-29,64,28.0
Los Angeles,2025-05-30,84,37.0
Los Angeles,2025-05-31,6,36.0
Los Angeles,2025-06-01,10,37.0
Los Angeles,2025-06-02,48,43.0
Los Angeles,2025-06-03,91,51.0
Los Angeles,2025-06-04,105,58.0
Los Angeles,2025-06-05,75,60.0
Los Angeles,2025-06-06,97,62.0
Los Angeles,2025-06-07,36,66.0
Los Angeles,2025-06-08,49,72.0
Los Angeles,2025-06-09,63,74.0
Los Angeles,2025-06-10,72,71.0
Los Angeles,2025-06-11,66,65.0
Los Angeles,2025-06-12,92,68.0
Los Angeles,2025-06-13,108,69.0
Los Angeles,2025-06-14,37,70.0
Los Angeles,2025-06-15,33,67.0
Los Angeles,2025-06-16,70,68.0
Los Angeles,2025-06-17,126,76.0
Los Angeles,2025-06-18,104,81.0
Los Angeles,2025-06-19,100,83.0
Los Angeles,2025-06-20,108,83.0
Los Angeles,2025-06-21,37,83.0
Los Angeles,2025-06-22,42,84.0
Los Angeles,2025-06-23,88,86.0
Los Angeles,2025-06-24,95,82.0
Los Angeles,2025-06-25,76,78.0
Los Angeles,2025-06-26,88,76.0
Los Angeles,2025-06-27,72,71.0
Los Angeles,2025-06-28,33,71.0
Los Angeles,2025-06-29,41,70.0
Los Angeles,2025-06-30,100,72.0
Los Angeles,2025-07-01,112,75.0
Los Angeles,2025-07-02,81,75.0
Los Angeles,2025-07-03,105,78.0
Los Angeles,2025-07-04,39,73.0
Los Angeles,2025-07-05,37,74.0
Los Angeles,2025-07-06,28,72.0
Los Angeles,2025-07-07,63,66.0
Los Angeles,2025-07-08,105,65.0
Los Angeles,2025-07-09,89,67.0
Los Angeles,2025-07-10,122,69.0
Los Angeles,2025-07-11,194,91.0
Los Angeles,2025-07-12,65,95.0
Los Angeles,2025-07-13,5,92.0
Los Angeles,2025-07-14,40,89.0
Los Angeles,2025-07-15,55,81.0
Los Angeles,2025-07-16,51,76.0
Los Angeles,2025-07-17,42,65.0
Los Angeles,2025-07-18,49,44.0
Los Angeles,2025-07-19,13,36.0
Los Angeles,2025-07-20,7,37.0
Los Angeles,2025-07-21,29,35.0
Los Angeles,2025-07-22,52,35.0
Los Angeles,2025-07-23,39,33.0
Los Angeles,2025-07-24,61,36.0
Los Angeles,2025-07-25,36,34.0
Los Angeles,2025-07-26,12,34.0
Los Angeles,2025-07-27,9,34.0
Los Angeles,2025-07-28,26,34.0
Los Angeles,2025-07-29,56,34.0
Los Angeles,2025-07-30,42,35.0
Los Angeles,2025-07-31,39,31.0
Los Angeles,2025-08-01,38,32.0
Los Angeles,2025-08-02,21,33.0
Los Angeles,2025-08-03,12,33.0
Los Angeles,2025-08-04,23,33.0
Los Angeles,2025-08-05,50,32.0
Los Angeles,2025-08-06,78,37.0
Los Angeles,2025-08-07,41,38.0
Los Angeles,2025-08-08,44,38.0
Los Angeles,2025-08-09,18,38.0
Los Angeles,2025-08-10,19,39.0
Los Angeles,2025-08-11,51,43.0
Los Angeles,2025-08-12,50,43.0
Los Angeles,2025-08-13,36,37.0
Los Angeles,2025-08-14,54,39.0
Los Angeles,2025-08-15,45,39.0
Los Angeles,2025-08-16,17,39.0
Los Angeles,2025-08-17,23,39.0
Los Angeles,2025-08-18,38,38.0
Los Angeles,2025-08-19,61,39.0
Los Angeles,2025-08-20,48,41.0
Los Angeles,2025-08-21,58,41.0
Los Angeles,2025-08-22,50,42.0
Los Angeles,2025-08-23,6,41.0
Los Angeles,2025-08-24,13,39.0
Los Angeles,2025-08-25,49,41.0
Los Angeles,2025-08-26,47,39.0
Los Angeles,2025-08-27,55,40.0
Los Angeles,2025-08-28,51,39.0
Los Angeles,2025-08-29,53,39.0
Los Angeles,2025-08-30,7,39.0
Los Angeles,2025-08-31,10,39.0
Los Angeles,2025-09-01,15,34.0
Los Angeles,2025-09-02,63,36.0
Los Angeles,2025-09-03,47,35.0
Los Angeles,2025-09-04,50,35.0
Los Angeles,2025-09-05,48,34.0
Los Angeles,2025-09-06,12,35.0
Los Angeles,2025-09-07,18,36.0
Los Angeles,2025-09-08,54,42.0
Los Angeles,2025-09-09,57,41.0
Los Angeles,2025-09-10,40,40.0
Los Angeles,2025-09-11,53,40.0
Los Angeles,2025-09-12,58,42.0
Los Angeles,2025-09-13,13,42.0
Los Angeles,2025-09-14,9,41.0
Los Angeles,2025-09-15,27,37.0
Los Angeles,2025-09-16,71,39.0
Los Angeles,2025-09-17,65,42.0
Los Angeles,2025-09-18,41,41.0
Los Angeles,2025-09-19,45,39.0
Los Angeles,2025-09-20,10,38.0
Los Angeles,2025-09-21,7,38.0
Los Angeles,2025-09-22,42,40.0
Los Angeles,2025-09-23,73,40.0
Los Angeles,2025-09-24,46,38.0
Los Angeles,2025-09-25,45,38.0
Los Angeles,2025-09-26,45,38.0
Los Angeles,2025-09-27,23,40.0
Los Angeles,2025-09-28,8,40.0
Los Angeles,2025-09-29,59,43.0
Los Angeles,2025-09-30,46,39.0
Los Angeles,2025-10-01,49,39.0
Los Angeles,2025-10-02,47,40.0
Los Angeles,2025-10-03,44,39.0
Los Angeles,2025-10-04,15,38.0
Los Angeles,2025-10-05,7,38.0
Los Angeles,2025-10-06,62,39.0
Los Angeles,2025-10-07,67,42.0
Los Angeles,2025-10-08,52,42.0
Los Angeles,2025-10-09,60,44.0
Los Angeles,2025-10-10,46,44.0
Los Angeles,2025-10-11,4,43.0
Los Angeles,2025-10-12,14,44.0
Los Angeles,2025-10-13,32,39.0
Los Angeles,2025-10-14,72,40.0
Los Angeles,2025-10-15,67,42.0
Los Angeles,2025-10-16,54,41.0
Los Angeles,2025-10-17,42,41.0
Los Angeles,2025-10-18,17,43.0
Los Angeles,2025-10-19,20,43.0
Los Angeles,2025-10-20,30,43.0
Los Angeles,2025-10-21,51,40.0
Los Angeles,2025-10-22,47,37.0
Los Angeles,2025-10-23,50,37.0
Los Angeles,2025-10-24,34,36.0
Los Angeles,2025-10-25,19,36.0
Los Angeles,2025-10-26,22,36.0
Los Angeles,2025-10-27,57,40.0
Los Angeles,2025-10-28,59,41.0
Los Angeles,2025-10-29,66,44.0
Los Angeles,2025-10-30,75,47.0
Los Angeles,2025-10-31,47,49.0
Los Angeles,2025-11-01,8,48.0
Los Angeles,2025-11-02,28,49.0
Los Angeles,2025-11-03,43,47.0
Los Angeles,2025-11-04,52,46.0
Los Angeles,2025-11-05,60,45.0
Los Angeles,2025-11-06,69,44.0
Los Angeles,2025-11-07,50,44.0
Los Angeles,2025-11-08,15,45.0
Los Angeles,2025-11-09,20,44.0
Los Angeles,2025-11-10,50,45.0
Los Angeles,2025-11-11,39,43.0
Los Angeles,2025-11-12,67,44.0
Los Angeles,2025-11-13,75,45.0
Los Angeles,2025-11-14,55,46.0
Los Angeles,2025-11-15,10,45.0
Los Angeles,2025-11-16,34,47.0
Los Angeles,2025-11-17,60,49.0
Los Angeles,2025-11-18,70,53.0
Los Angeles,2025-11-19,70,53.0
Los Angeles,2025-11-20,75,53.0
Los Angeles,2025-11-21,50,53.0
Los Angeles,2025-11-22,10,53.0
Los Angeles,2025-11-23,9,49.0
Los Angeles,2025-11-24,30,45.0
Los Angeles,2025-11-25,54,43.0
Los Angeles,2025-11-26,45,39.0
Los Angeles,2025-11-27,7,29.0
Los Angeles,2025-11-28,29,26.0
Los Angeles,2025-11-29,6,26.0
Los Angeles,2025-11-30,13,26.0
Los Angeles,2025-12-01,34,27.0
Los Angeles,2025-12-02,77,30.0
Los Angeles,2025-12-03,67,33.0
Los Angeles,2025-12-04,84,44.0
Los Angeles,2025-12-05,63,49.0
Los Angeles,2025-12-06,13,50.0
Los Angeles,2025-12-07,34,53.0
Los Angeles,2025-12-08,70,58.0
Los Angeles,2025-12-09,74,58.0
Los Angeles,2025-12-10,90,61.0
Los Angeles,2025-12-11,82,61.0
Los Angeles,2025-12-12,38,57.0
Los Angeles,2025-12-13,29,60.0
Los Angeles,2025-12-14,25,58.0
Los Angeles,2025-12-15,59,57.0
Los Angeles,2025-12-16,99,60.0
Los Angeles,2025-12-17,108,63.0
Los Angeles,2025-12-18,88,64.0
Los Angeles,2025-12-19,59,67.0
Los Angeles,2025-12-20,13,64.0
Los Angeles,2025-12-21,17,63.0
Los Angeles,2025-12-22,39,60.0
Los Angeles,2025-12-23,90,59.0
Los Angeles,2025-12-24,14,46.0
Los Angeles,2025-12-25,18,36.0
Los Angeles,2025-12-26,10,29.0
Los Angeles,2025-12-27,43,33.0
Los Angeles,2025-12-28,28,35.0
Los Angeles,2025-12-29,68,39.0
Los Angeles,2025-12-30,59,34.0
Los Angeles,2025-12-31,45,39.0
Los Angeles,2026-01-01,16,38.0
Los Angeles,2026-01-02,22,40.0
Los Angeles,2026-01-03,2,34.0
Los Angeles,2026-01-04,8,31.0
Los Angeles,2026-01-05,34,27.0
Los Angeles,2026-01-06,66,28.0
Los Angeles,2026-01-07,78,32.0
Los Angeles,2026-01-08,63,39.0
Los Angeles,2026-01-09,66,45.0
Los Angeles,2026-01-10,21,48.0
Los Angeles,2026-01-11,19,50.0
Los Angeles,2026-01-12,56,53.0
Los Angeles,2026-01-13,62,52.0
Los Angeles,2026-01-14,86,53.0
Los Angeles,2026-01-15,63,53.0
Los Angeles,2026-01-16,54,52.0
Los Angeles,2026-01-17,24,52.0
Los Angeles,2026-01-18,33,54.0
Los Angeles,2026-01-19,43,52.0
Los Angeles,2026-01-20,80,55.0
Los Angeles,2026-01-21,72,53.0
Los Angeles,2026-01-22,64,53.0
Los Angeles,2026-01-23,68,55.0
Los Angeles,2026-01-24,28,55.0
Los Angeles,2026-01-25,24,54.0
Los Angeles,2026-01-26,58,56.0
Los Angeles,2026-01-27,82,57.0
Los Angeles,2026-01-28,68,56.0
Los Angeles,2026-01-29,70,57.0
Los Angeles,2026-01-30,36,52.0
Los Angeles,2026-01-31,8,49.0
Los Angeles,2026-02-01,8,47.0
Los Angeles,2026-02-02,42,45.0
Los Angeles,2026-02-03,52,41.0
Los Angeles,2026-02-04,33,36.0
Los Angeles,2026-02-05,49,33.0
Los Angeles,2026-02-06,26,31.0
Los Angeles,2026-02-07,5,31.0
Los Angeles,2026-02-08,4,30.0
Los Angeles,2026-02-09,28,28.0
Los Angeles,2026-02-10,45,27.0
Los Angeles,2026-02-11,32,27.0
Los Angeles,2026-02-12,43,26.0
Los Angeles,2026-02-13,27,26.0
Los Angeles,2026-02-14,4,26.0
Los Angeles,2026-02-15,8,27.0
Los Angeles,2026-02-16,9,24.0
Los Angeles,2026-02-17,44,24.0
Los Angeles,2026-02-18,33,24.0
Los Angeles,2026-02-19,42,24.0
Los Angeles,2026-02-20,36,25.0
Los Angeles,2026-02-21,6,25.0
Los Angeles,2026-02-22,4,25.0
Los Angeles,2026-02-23,21,27.0
Los Angeles,2026-02-24,39,26.0
Los Angeles,2026-02-25,33,26.0
Los Angeles,2026-02-26,42,26.0
Los Angeles,2026-02-27,44,27.0
Los Angeles,2026-02-28,27,30.0
Los Angeles,2026-03-01,7,30.0
Los Angeles,2026-03-02,25,31.0
Los Angeles,2026-03-03,48,32.0
Los Angeles,2026-03-04,38,33.0
Los Angeles,2026-03-05,38,32.0
Los Angeles,2026-03-06,30,30.0
Los Angeles,2026-03-07,5,27.0
Los Angeles,2026-03-08,4,27.0
Los Angeles,2026-03-09,24,27.0
Los Angeles,2026-03-10,41,26.0
Miami,2022-10-01,7,21.0
Miami,2022-10-02,5,17.0
Miami,2022-10-03,29,16.0
Miami,2022-10-04,23,19.0
Miami,2022-10-05,23,22.0
Miami,2022-10-06,29,22.0
Miami,2022-10-07,27,20.0
Miami,2022-10-08,12,21.0
Miami,2022-10-09,1,21.0
Miami,2022-10-10,9,18.0
Miami,2022-10-11,42,20.0
Miami,2022-10-12,51,24.0
Miami,2022-10-13,27,24.0
Miami,2022-10-14,26,24.0
Miami,2022-10-15,4,23.0
Miami,2022-10-16,2,23.0
Miami,2022-10-17,63,31.0
Miami,2022-10-18,33,29.0
Miami,2022-10-19,49,29.0
Miami,2022-10-20,35,30.0
Miami,2022-10-21,30,31.0
Miami,2022-10-22,4,31.0
Miami,2022-10-23,4,31.0
Miami,2022-10-24,31,27.0
Miami,2022-10-25,37,27.0
Miami,2022-10-26,40,26.0
Miami,2022-10-27,40,27.0
Miami,2022-10-28,28,26.0
Miami,2022-10-29,8,27.0
Miami,2022-10-30,7,27.0
Miami,2022-10-31,44,29.0
Miami,2022-11-01,44,30.0
Miami,2022-11-02,48,31.0
Miami,2022-11-03,25,29.0
Miami,2022-11-04,42,31.0
Miami,2022-11-05,4,31.0
Miami,2022-11-06,2,30.0
Miami,2022-11-07,46,30.0
Miami,2022-11-08,33,29.0
Miami,2022-11-09,19,24.0
Miami,2022-11-10,11,22.0
Miami,2022-11-11,12,18.0
Miami,2022-11-12,4,18.0
Miami,2022-11-13,2,18.0
Miami,2022-11-14,41,17.0
Miami,2022-11-15,46,19.0
Miami,2022-11-16,46,23.0
Miami,2022-11-17,27,25.0
Miami,2022-11-18,41,30.0
Miami,2022-11-19,5,30.0
Miami,2022-11-20,4,30.0
Miami,2022-11-21,30,28.0
Miami,2022-11-22,41,28.0
Miami,2022-11-23,33,26.0
Miami,2022-11-24,3,22.0
Miami,2022-11-25,13,18.0
Miami,2022-11-26,4,18.0
Miami,2022-11-27,4,18.0
Miami,2022-11-28,25,18.0
Miami,2022-11-29,43,18.0
Miami,2022-11-30,35,18.0
Miami,2022-12-01,40,23.0
Miami,2022-12-02,47,28.0
Miami,2022-12-03,2,28.0
Miami,2022-12-04,8,29.0
Miami,2022-12-05,37,30.0
Miami,2022-12-06,55,32.0
Miami,2022-12-07,44,33.0
Miami,2022-12-08,42,34.0
Miami,2022-12-09,45,33.0
Miami,2022-12-10,3,33.0
Miami,2022-12-11,1,32.0
Miami,2022-12-12,57,35.0
Miami,2022-12-13,39,33.0
Miami,2022-12-14,42,33.0
Miami,2022-12-15,32,31.0
Miami,2022-12-16,31,29.0
Miami,2022-12-17,6,30.0
Miami,2022-12-18,2,30.0
Miami,2022-12-19,39,27.0
Miami,2022-12-20,40,27.0
Miami,2022-12-21,43,28.0
Miami,2022-12-22,31,27.0
Miami,2022-12-23,18,26.0
Miami,2022-12-24,5,25.0
Miami,2022-12-26,5,26.0
Miami,2022-12-27,26,24.0
Miami,2022-12-28,27,22.0
Miami,2022-12-29,29,20.0
Miami,2022-12-30,22,19.0
Miami,2022-12-31,2,17.0
Miami,2023-01-01,2,16.0
Miami,2023-01-02,3,16.0
Miami,2023-01-03,30,16.0
Miami,2023-01-04,29,17.0
Miami,2023-01-05,34,17.0
Miami,2023-01-06,41,20.0
Miami,2023-01-07,2,20.0
Miami,2023-01-08,2,20.0
Miami,2023-01-09,34,25.0
Miami,2023-01-10,35,25.0
Miami,2023-01-11,40,27.0
Miami,2023-01-12,43,28.0
Miami,2023-01-13,44,29.0
Miami,2023-01-14,7,29.0
Miami,2023-01-15,6,30.0
Miami,2023-01-16,1,25.0
Miami,2023-01-17,30,24.0
Miami,2023-01-18,32,23.0
Miami,2023-01-19,31,22.0
Miami,2023-01-20,38,21.0
Miami,2023-01-21,2,20.0
Miami,2023-01-22,5,20.0
Miami,2023-01-23,49,27.0
Miami,2023-01-24,30,27.0
Miami,2023-01-25,47,29.0
Miami,2023-01-26,21,27.0
Miami,2023-01-27,49,29.0
Miami,2023-01-28,6,30.0
Miami,2023-01-29,7,30.0
Miami,2023-01-30,41,29.0
Miami,2023-01-31,49,31.0
Miami,2023-02-01,52,32.0
Miami,2023-02-02,54,37.0
Miami,2023-02-03,42,36.0
Miami,2023-02-04,7,36.0
Miami,2023-02-05,5,36.0
Miami,2023-02-06,41,36.0
Miami,2023-02-07,42,35.0
Miami,2023-02-08,35,32.0
Miami,2023-02-09,38,30.0
Miami,2023-02-10,40,30.0
Miami,2023-02-11,11,30.0
Miami,2023-02-12,9,31.0
Miami,2023-02-13,47,32.0
Miami,2023-02-14,45,32.0
Miami,2023-02-15,44,33.0
Miami,2023-02-16,33,33.0
Miami,2023-02-17,37,32.0
Miami,2023-02-18,4,31.0
Miami,2023-02-19,4,31.0
Miami,2023-02-20,9,25.0
Miami,2023-02-21,34,24.0
Miami,2023-02-22,44,24.0
Miami,2023-02-23,45,25.0
Miami,2023-02-24,32,25.0
Miami,2023-02-25,5,25.0
Miami,2023-02-26,5,25.0
Miami,2023-02-27,45,30.0
Miami,2023-02-28,41,31.0
Miami,2023-03-01,38,30.0
Miami,2023-03-02,44,30.0
Miami,2023-03-03,49,32.0
Miami,2023-03-04,11,33.0
Miami,2023-03-05,9,34.0
Miami,2023-03-06,48,34.0
Miami,2023-03-07,34,33.0
Miami,2023-03-08,37,33.0
Miami,2023-03-09,45,33.0
Miami,2023-03-10,40,32.0
Miami,2023-03-11,5,31.0
Miami,2023-03-12,5,31.0
Miami,2023-03-13,31,28.0
Miami,2023-03-14,20,26.0
Miami,2023-03-15,22,24.0
Miami,2023-03-16,48,24.0
Miami,2023-03-17,36,24.0
Miami,2023-03-18,4,24.0
Miami,2023-03-19,4,24.0
Miami,2023-03-20,43,25.0
Miami,2023-03-21,36,28.0
Miami,2023-03-22,31,29.0
Miami,2023-03-23,43,28.0
Miami,2023-03-24,40,29.0
Miami,2023-03-25,5,29.0
Miami,2023-03-26,3,29.0
Miami,2023-03-27,25,26.0
Miami,2023-03-28,41,27.0
Miami,2023-03-29,44,29.0
Miami,2023-03-30,44,29.0
Miami,2023-03-31,43,29.0
Miami,2023-04-01,4,29.0
Miami,2023-04-02,9,30.0
Miami,2023-04-03,34,31.0
Miami,2023-04-04,46,32.0
Miami,2023-04-05,45,32.0
Miami,2023-04-06,45,32.0
Miami,2023-04-07,41,32.0
Miami,2023-04-08,2,32.0
Miami,2023-04-09,5,31.0
Miami,2023-04-10,52,34.0
Miami,2023-04-11,46,34.0
Miami,2023-04-12,35,32.0
Miami,2023-04-13,43,32.0
Miami,2023-04-14,33,31.0
Miami,2023-04-15,6,31.0
Miami,2023-04-16,7,32.0
Miami,2023-04-17,42,30.0
Miami,2023-04-18,44,30.0
Miami,2023-04-19,54,33.0
Miami,2023-04-20,44,33.0
Miami,2023-04-21,47,35.0
Miami,2023-04-22,2,34.0
Miami,2023-04-23,9,35.0
Miami,2023-04-24,23,32.0
Miami,2023-04-25,35,31.0
Miami,2023-04-26,31,27.0
Miami,2023-04-27,38,26.0
Miami,2023-04-28,35,25.0
Miami,2023-04-29,4,25.0
Miami,2023-04-30,7,25.0
Miami,2023-05-01,37,27.0
Miami,2023-05-02,34,27.0
Miami,2023-05-03,40,28.0
Miami,2023-05-04,46,29.0
Miami,2023-05-05,33,29.0
Miami,2023-05-06,4,29.0
Miami,2023-05-07,4,28.0
Miami,2023-05-08,40,29.0
Miami,2023-05-09,49,31.0
Miami,2023-05-10,56,33.0
Miami,2023-05-11,46,33.0
Miami,2023-05-12,41,34.0
Miami,2023-05-13,4,34.0
Miami,2023-05-14,1,34.0
Miami,2023-05-15,31,33.0
Miami,2023-05-16,42,32.0
Miami,2023-05-17,48,30.0
Miami,2023-05-18,36,29.0
Miami,2023-05-19,45,30.0
Miami,2023-05-20,6,30.0
Miami,2023-05-21,4,30.0
Miami,2023-05-22,34,31.0
Miami,2023-05-23,33,29.0
Miami,2023-05-24,46,29.0
Miami,2023-05-25,36,29.0
Miami,2023-05-26,47,29.0
Miami,2023-05-28,7,30.0
Miami,2023-05-29,8,30.0
Miami,2023-05-30,44,32.0
Miami,2023-05-31,44,33.0
Miami,2023-06-01,35,32.0
Miami,2023-06-02,42,32.0
Miami,2023-06-03,2,26.0
Miami,2023-06-04,9,26.0
Miami,2023-06-05,36,30.0
Miami,2023-06-06,57,32.0
Miami,2023-06-07,51,33.0
Miami,2023-06-08,42,34.0
Miami,2023-06-09,34,33.0
Miami,2023-06-10,11,34.0
Miami,2023-06-11,9,34.0
Miami,2023-06-12,38,35.0
Miami,2023-06-13,37,32.0
Miami,2023-06-14,38,30.0
Miami,2023-06-15,37,29.0
Miami,2023-06-16,39,30.0
Miami,2023-06-17,2,29.0
Miami,2023-06-18,11,29.0
Miami,2023-06-19,6,24.0
Miami,2023-06-20,34,24.0
Miami,2023-06-21,49,25.0
Miami,2023-06-22,43,26.0
Miami,2023-06-23,30,25.0
Miami,2023-06-24,6,26.0
Miami,2023-06-25,10,25.0
Miami,2023-06-26,38,30.0
Miami,2023-06-27,38,31.0
Miami,2023-06-28,47,30.0
Miami,2023-06-29,40,30.0
Miami,2023-06-30,33,30.0
Miami,2023-07-01,4,30.0
Miami,2023-07-02,10,30.0
Miami,2023-07-03,29,29.0
Miami,2023-07-04,6,24.0
Miami,2023-07-05,39,23.0
Miami,2023-07-06,30,22.0
Miami,2023-07-07,34,22.0
Miami,2023-07-08,6,22.0
Miami,2023-07-09,1,21.0
Miami,2023-07-10,28,21.0
Miami,2023-07-11,32,24.0
Miami,2023-07-12,43,25.0
Miami,2023-07-13,40,26.0
Miami,2023-07-14,41,27.0
Miami,2023-07-15,7,27.0
Miami,2023-07-16,7,28.0
Miami,2023-07-17,26,28.0
Miami,2023-07-18,48,30.0
Miami,2023-07-19,27,28.0
Miami,2023-07-20,28,26.0
Miami,2023-07-21,23,24.0
Miami,2023-07-22,3,23.0
Miami,2023-07-23,7,23.0
Miami,2023-07-24,29,24.0
Miami,2023-07-25,40,22.0
Miami,2023-07-26,37,24.0
Miami,2023-07-27,26,24.0
Miami,2023-07-28,34,25.0
Miami,2023-07-29,7,26.0
Miami,2023-07-30,3,25.0
Miami,2023-07-31,28,25.0
Miami,2023-08-01,24,23.0
Miami,2023-08-02,30,22.0
Miami,2023-08-03,28,22.0
Miami,2023-08-04,31,22.0
Miami,2023-08-05,3,21.0
Miami,2023-08-06,5,21.0
Miami,2023-08-07,22,20.0
Miami,2023-08-08,44,23.0
Miami,2023-08-09,31,23.0
Miami,2023-08-10,17,22.0
Miami,2023-08-11,30,22.0
Miami,2023-08-12,3,22.0
Miami,2023-08-13,7,22.0
Miami,2023-08-14,24,22.0
Miami,2023-08-15,28,20.0
Miami,2023-08-16,34,20.0
Miami,2023-08-17,30,22.0
Miami,2023-08-18,36,23.0
Miami,2023-08-19,3,23.0
Miami,2023-08-20,8,23.0
Miami,2023-08-21,25,23.0
Miami,2023-08-22,26,23.0
Miami,2023-08-23,33,23.0
Miami,2023-08-24,25,22.0
Miami,2023-08-25,24,21.0
Miami,2023-08-26,7,21.0
Miami,2023-08-27,6,21.0
Miami,2023-08-28,30,22.0
Miami,2023-08-29,20,21.0
Miami,2023-08-30,22,19.0
Miami,2023-08-31,19,18.0
Miami,2023-09-01,30,19.0
Miami,2023-09-02,7,19.0
Miami,2023-09-03,7,19.0
Miami,2023-09-04,4,16.0
Miami,2023-09-05,28,17.0
Miami,2023-09-06,29,18.0
Miami,2023-09-07,26,19.0
Miami,2023-09-08,31,19.0
Miami,2023-09-09,6,19.0
Miami,2023-09-10,5,18.0
Miami,2023-09-11,24,21.0
Miami,2023-09-12,25,21.0
Miami,2023-09-13,17,19.0
Miami,2023-09-14,30,20.0
Miami,2023-09-15,26,19.0
Miami,2023-09-16,6,19.0
Miami,2023-09-17,7,19.0
Miami,2023-09-18,24,19.0
Miami,2023-09-19,40,21.0
Miami,2023-09-20,44,25.0
Miami,2023-09-21,24,24.0
Miami,2023-09-22,22,24.0
Miami,2023-09-23,3,23.0
Miami,2023-09-24,8,24.0
Miami,2023-09-25,25,24.0
Miami,2023-09-26,47,25.0
Miami,2023-09-27,31,23.0
Miami,2023-09-28,33,24.0
Miami,2023-09-29,34,26.0
Miami,2023-09-30,5,26.0
Miami,2023-10-01,11,27.0
Miami,2023-10-02,28,27.0
Miami,2023-10-03,24,24.0
Miami,2023-10-04,24,23.0
Miami,2023-10-05,31,22.0
Miami,2023-10-06,29,22.0
Miami,2023-10-07,6,22.0
Miami,2023-10-08,10,22.0
Miami,2023-10-09,10,19.0
Miami,2023-10-10,36,21.0
Miami,2023-10-11,26,21.0
Miami,2023-10-12,32,21.0
Miami,2023-10-13,30,21.0
Miami,2023-10-14,7,22.0
Miami,2023-10-15,9,21.0
Miami,2023-10-16,27,24.0
Miami,2023-10-17,36,24.0
Miami,2023-10-18,44,26.0
Miami,2023-10-19,31,26.0
Miami,2023-10-20,35,27.0
Miami,2023-10-21,9,27.0
Miami,2023-10-22,4,27.0
Miami,2023-10-23,31,27.0
Miami,2023-10-24,30,26.0
Miami,2023-10-25,33,25.0
Miami,2023-10-26,24,24.0
Miami,2023-10-27,28,23.0
Miami,2023-10-28,2,22.0
Miami,2023-10-29,9,22.0
Miami,2023-10-30,28,22.0
Miami,2023-10-31,38,23.0
Miami,2023-11-01,37,24.0
Miami,2023-11-02,40,26.0
Miami,2023-11-03,34,27.0
Miami,2023-11-04,6,27.0
Miami,2023-11-05,7,27.0
Miami,2023-11-06,21,26.0
Miami,2023-11-07,30,25.0
Miami,2023-11-08,28,24.0
Miami,2023-11-09,40,24.0
Miami,2023-11-10,10,20.0
Miami,2023-11-12,10,21.0
Miami,2023-11-13,33,25.0
Miami,2023-11-14,30,26.0
Miami,2023-11-15,29,26.0
Miami,2023-11-16,21,25.0
Miami,2023-11-17,28,23.0
Miami,2023-11-18,10,23.0
Miami,2023-11-19,5,22.0
Miami,2023-11-20,29,22.0
Miami,2023-11-21,14,19.0
Miami,2023-11-22,26,19.0
Miami,2023-11-23,6,17.0
Miami,2023-11-24,11,14.0
Miami,2023-11-25,2,13.0
Miami,2023-11-26,1,13.0
Miami,2023-11-27,21,12.0
Miami,2023-11-28,36,15.0
Miami,2023-11-29,40,17.0
Miami,2023-11-30,36,21.0
Miami,2023-12-01,30,24.0
Miami,2023-12-02,8,25.0
Miami,2023-12-03,4,25.0
Miami,2023-12-04,24,25.0
Miami,2023-12-05,40,26.0
Miami,2023-12-06,45,27.0
Miami,2023-12-07,31,26.0
Miami,2023-12-08,36,27.0
Miami,2023-12-09,2,26.0
Miami,2023-12-10,6,26.0
Miami,2023-12-11,25,26.0
Miami,2023-12-12,20,24.0
Miami,2023-12-13,33,22.0
Miami,2023-12-14,28,21.0
Miami,2023-12-15,30,21.0
Miami,2023-12-16,12,22.0
Miami,2023-12-17,4,22.0
Miami,2023-12-18,29,22.0
Miami,2023-12-19,42,25.0
Miami,2023-12-20,34,26.0
Miami,2023-12-21,25,25.0
Miami,2023-12-22,31,25.0
Miami,2023-12-23,2,24.0
Miami,2023-12-24,3,24.0
Miami,2023-12-25,2,20.0
Miami,2023-12-26,17,16.0
Miami,2023-12-27,15,14.0
Miami,2023-12-28,15,12.0
Miami,2023-12-29,9,9.0
Miami,2023-12-30,5,9.0
Miami,2023-12-31,6,10.0
Miami,2024-01-01,1,10.0
Miami,2024-01-02,13,9.0
Miami,2024-01-03,23,10.0
Miami,2024-01-04,24,12.0
Miami,2024-01-05,23,14.0
Miami,2024-01-06,4,13.0
Miami,2024-01-07,9,14.0
Miami,2024-01-08,21,17.0
Miami,2024-01-09,21,18.0
Miami,2024-01-10,46,21.0
Miami,2024-01-11,41,24.0
Miami,2024-01-12,20,23.0
Miami,2024-01-13,3,23.0
Miami,2024-01-14,6,23.0
Miami,2024-01-15,6,20.0
Miami,2024-01-16,23,21.0
Miami,2024-01-17,38,20.0
Miami,2024-01-18,36,19.0
Miami,2024-01-19,27,20.0
Miami,2024-01-20,7,20.0
Miami,2024-01-21,5,20.0
Miami,2024-01-22,19,22.0
Miami,2024-01-23,37,24.0
Miami,2024-01-24,50,26.0
Miami,2024-01-25,39,26.0
Miami,2024-01-26,28,26.0
Miami,2024-01-27,7,26.0
Miami,2024-01-28,5,26.0
Miami,2024-01-29,33,28.0
Miami,2024-01-30,30,27.0
Miami,2024-01-31,31,25.0
Miami,2024-02-01,38,25.0
Miami,2024-02-02,25,24.0
Miami,2024-02-03,7,24.0
Miami,2024-02-05,32,28.0
Miami,2024-02-06,36,28.0
Miami,2024-02-07,41,30.0
Miami,2024-02-08,33,30.0
Miami,2024-02-09,46,31.0
Miami,2024-02-10,17,30.0
Miami,2024-02-11,18,32.0
Miami,2024-02-12,36,32.0
Miami,2024-02-13,40,33.0
Miami,2024-02-14,44,33.0
Miami,2024-02-15,37,34.0
Miami,2024-02-16,36,33.0
Miami,2024-02-17,9,31.0
Miami,2024-02-18,8,30.0
Miami,2024-02-19,17,27.0
Miami,2024-02-20,45,28.0
Miami,2024-02-21,40,27.0
Miami,2024-02-22,43,28.0
Miami,2024-02-23,40,29.0
Miami,2024-02-24,11,29.0
Miami,2024-02-25,5,29.0
Miami,2024-02-26,23,30.0
Miami,2024-02-27,42,29.0
Miami,2024-02-28,54,31.0
Miami,2024-02-29,35,30.0
Miami,2024-03-01,41,30.0
Miami,2024-03-02,8,30.0
Miami,2024-03-03,6,30.0
Miami,2024-03-04,35,32.0
Miami,2024-03-05,58,34.0
Miami,2024-03-06,64,35.0
Miami,2024-03-07,46,37.0
Miami,2024-03-08,27,35.0
Miami,2024-03-09,10,35.0
Miami,2024-03-10,9,36.0
Miami,2024-03-11,47,37.0
Miami,2024-03-12,61,38.0
Miami,2024-03-13,44,35.0
Miami,2024-03-14,28,32.0
Miami,2024-03-15,25,32.0
Miami,2024-03-16,13,32.0
Miami,2024-03-17,9,32.0
Miami,2024-03-18,30,30.0
Miami,2024-03-19,29,25.0
Miami,2024-03-20,38,25.0
Miami,2024-03-21,45,27.0
Miami,2024-03-22,20,26.0
Miami,2024-03-23,2,25.0
Miami,2024-03-24,12,25.0
Miami,2024-03-25,29,25.0
Miami,2024-03-26,35,26.0
Miami,2024-03-27,44,27.0
Miami,2024-03-28,38,26.0
Miami,2024-03-29,35,28.0
Miami,2024-03-30,6,28.0
Miami,2024-03-31,2,27.0
Miami,2024-04-01,36,28.0
Miami,2024-04-02,41,29.0
Miami,2024-04-03,46,29.0
Miami,2024-04-04,55,32.0
Miami,2024-04-05,30,31.0
Miami,2024-04-06,6,31.0
Miami,2024-04-07,8,32.0
Miami,2024-04-08,46,33.0
Miami,2024-04-09,33,32.0
Miami,2024-04-10,44,32.0
Miami,2024-04-11,40,30.0
Miami,2024-04-12,25,29.0
Miami,2024-04-13,11,30.0
Miami,2024-04-14,6,29.0
Miami,2024-04-15,42,29.0
Miami,2024-04-16,56,32.0
Miami,2024-04-17,57,34.0
Miami,2024-04-18,45,35.0
Miami,2024-04-19,27,35.0
Miami,2024-04-20,10,35.0
Miami,2024-04-21,8,35.0
Miami,2024-04-22,55,37.0
Miami,2024-04-23,32,33.0
Miami,2024-04-24,48,32.0
Miami,2024-04-25,43,32.0
Miami,2024-04-26,41,34.0
Miami,2024-04-27,3,33.0
Miami,2024-04-28,13,34.0
Miami,2024-04-29,44,32.0
Miami,2024-04-30,45,34.0
Miami,2024-05-01,43,33.0
Miami,2024-05-02,49,34.0
Miami,2024-05-03,38,34.0
Miami,2024-05-04,6,34.0
Miami,2024-05-05,5,33.0
Miami,2024-05-06,52,34.0
Miami,2024-05-07,45,34.0
Miami,2024-05-08,34,33.0
Miami,2024-05-09,33,30.0
Miami,2024-05-10,50,32.0
Miami,2024-05-11,9,33.0
Miami,2024-05-12,6,33.0
Miami,2024-05-13,41,31.0
Miami,2024-05-14,55,33.0
Miami,2024-05-15,80,39.0
Miami,2024-05-16,46,41.0
Miami,2024-05-17,34,39.0
Miami,2024-05-18,9,39.0
Miami,2024-05-19,6,39.0
Miami,2024-05-20,38,38.0
Miami,2024-05-21,33,35.0
Miami,2024-05-22,50,31.0
Miami,2024-05-23,45,31.0
Miami,2024-05-24,37,31.0
Miami,2024-05-25,2,30.0
Miami,2024-05-26,11,31.0
Miami,2024-05-27,13,27.0
Miami,2024-05-28,30,27.0
Miami,2024-05-29,47,26.0
Miami,2024-05-30,50,27.0
Miami,2024-05-31,36,27.0
Miami,2024-06-01,8,28.0
Miami,2024-06-02,6,27.0
Miami,2024-06-03,21,28.0
Miami,2024-06-04,36,29.0
Miami,2024-06-05,55,30.0
Miami,2024-06-06,44,29.0
Miami,2024-06-07,29,28.0
Miami,2024-06-08,10,29.0
Miami,2024-06-09,9,29.0
Miami,2024-06-10,25,30.0
Miami,2024-06-11,42,31.0
Miami,2024-06-12,69,33.0
Miami,2024-06-13,47,33.0
Miami,2024-06-14,39,34.0
Miami,2024-06-15,6,34.0
Miami,2024-06-16,8,34.0
Miami,2024-06-17,30,34.0
Miami,2024-06-18,27,32.0
Miami,2024-06-19,27,26.0
Miami,2024-06-20,41,25.0
Miami,2024-06-21,31,24.0
Miami,2024-06-22,2,24.0
Miami,2024-06-23,12,24.0
Miami,2024-06-24,31,24.0
Miami,2024-06-25,41,26.0
Miami,2024-06-26,50,30.0
Miami,2024-06-27,37,29.0
Miami,2024-06-28,31,29.0
Miami,2024-06-29,5,30.0
Miami,2024-06-30,3,28.0
Miami,2024-07-01,46,30.0
Miami,2024-07-02,43,31.0
Miami,2024-07-03,36,29.0
Miami,2024-07-04,15,26.0
Miami,2024-07-05,22,24.0
Miami,2024-07-06,12,25.0
Miami,2024-07-07,2,25.0
Miami,2024-07-08,38,24.0
Miami,2024-07-09,28,22.0
Miami,2024-07-10,52,24.0
Miami,2024-07-11,27,26.0
Miami,2024-07-12,40,28.0
Miami,2024-07-13,5,27.0
Miami,2024-07-14,9,28.0
Miami,2024-07-15,26,27.0
Miami,2024-07-16,41,29.0
Miami,2024-07-17,47,28.0
Miami,2024-07-18,49,31.0
Miami,2024-07-19,47,32.0
Miami,2024-07-20,9,33.0
Miami,2024-07-21,2,32.0
Miami,2024-07-22,22,31.0
Miami,2024-07-23,36,30.0
Miami,2024-07-24,37,29.0
Miami,2024-07-25,36,27.0
Miami,2024-07-26,39,26.0
Miami,2024-07-27,10,26.0
Miami,2024-07-28,3,26.0
Miami,2024-07-29,25,27.0
Miami,2024-07-30,36,27.0
Miami,2024-07-31,52,29.0
Miami,2024-08-01,33,28.0
Miami,2024-08-02,27,27.0
Miami,2024-08-03,11,27.0
Miami,2024-08-04,10,28.0
Miami,2024-08-05,24,28.0
Miami,2024-08-06,29,27.0
Miami,2024-08-07,39,25.0
Miami,2024-08-08,35,25.0
Miami,2024-08-09,36,26.0
Miami,2024-08-10,13,27.0
Miami,2024-08-11,4,26.0
Miami,2024-08-12,27,26.0
Miami,2024-08-13,40,28.0
Miami,2024-08-14,41,28.0
Miami,2024-08-15,38,28.0
Miami,2024-08-16,31,28.0
Miami,2024-08-17,9,27.0
Miami,2024-08-18,9,28.0
Miami,2024-08-19,29,28.0
Miami,2024-08-20,35,27.0
Miami,2024-08-21,43,28.0
Miami,2024-08-22,37,28.0
Miami,2024-08-23,35,28.0
Miami,2024-08-24,7,28.0
Miami,2024-08-25,8,28.0
Miami,2024-08-26,41,29.0
Miami,2024-08-27,39,30.0
Miami,2024-08-28,34,29.0
Miami,2024-08-29,37,29.0
Miami,2024-08-30,35,29.0
Miami,2024-08-31,9,29.0
Miami,2024-09-01,6,29.0
Miami,2024-09-02,7,24.0
Miami,2024-09-03,38,24.0
Miami,2024-09-04,38,24.0
Miami,2024-09-05,43,25.0
Miami,2024-09-06,15,22.0
Miami,2024-09-07,5,22.0
Miami,2024-09-08,5,22.0
Miami,2024-09-09,32,25.0
Miami,2024-09-10,45,26.0
Miami,2024-09-11,29,25.0
Miami,2024-09-12,29,23.0
Miami,2024-09-13,36,26.0
Miami,2024-09-14,8,26.0
Miami,2024-09-15,13,27.0
Miami,2024-09-16,30,27.0
Miami,2024-09-17,40,26.0
Miami,2024-09-18,38,28.0
Miami,2024-09-19,39,29.0
Miami,2024-09-20,38,29.0
Miami,2024-09-21,5,29.0
Miami,2024-09-22,4,28.0
Miami,2024-09-23,21,26.0
Miami,2024-09-24,37,26.0
Miami,2024-09-25,32,25.0
Miami,2024-09-26,26,23.0
Miami,2024-09-27,29,22.0
Miami,2024-09-28,7,22.0
Miami,2024-09-29,5,22.0
Miami,2024-09-30,19,22.0
Miami,2024-10-01,30,21.0
Miami,2024-10-02,54,24.0
Miami,2024-10-03,22,24.0
Miami,2024-10-04,22,23.0
Miami,2024-10-05,6,23.0
Miami,2024-10-06,6,23.0
Miami,2024-10-07,25,24.0
Miami,2024-10-08,19,22.0
Miami,2024-10-09,14,16.0
Miami,2024-10-10,11,15.0
Miami,2024-10-11,30,16.0
Miami,2024-10-12,5,16.0
Miami,2024-10-13,5,16.0
Miami,2024-10-14,8,13.0
Miami,2024-10-15,38,16.0
Miami,2024-10-16,55,22.0
Miami,2024-10-17,35,25.0
Miami,2024-10-18,39,26.0
Miami,2024-10-19,15,28.0
Miami,2024-10-20,5,28.0
Miami,2024-10-21,35,32.0
Miami,2024-10-22,43,32.0
Miami,2024-10-23,25,28.0
Miami,2024-10-24,45,30.0
Miami,2024-10-25,30,28.0
Miami,2024-10-26,2,26.0
Miami,2024-10-27,4,26.0
Miami,2024-10-28,38,27.0
Miami,2024-10-29,61,29.0
Miami,2024-10-30,33,30.0
Miami,2024-10-31,33,29.0
Miami,2024-11-01,36,30.0
Miami,2024-11-02,10,31.0
Miami,2024-11-03,8,31.0
Miami,2024-11-04,28,30.0
Miami,2024-11-05,27,25.0
Miami,2024-11-06,40,26.0
Miami,2024-11-07,37,27.0
Miami,2024-11-08,40,27.0
Miami,2024-11-09,5,26.0
Miami,2024-11-10,4,26.0
Miami,2024-11-11,13,24.0
Miami,2024-11-12,47,27.0
Miami,2024-11-13,50,28.0
Miami,2024-11-14,44,29.0
Miami,2024-11-15,40,29.0
Miami,2024-11-16,7,29.0
Miami,2024-11-17,6,30.0
Miami,2024-11-18,44,34.0
Miami,2024-11-19,52,35.0
Miami,2024-11-20,46,34.0
Miami,2024-11-21,62,37.0
Miami,2024-11-22,64,40.0
Miami,2024-11-23,2,39.0
Miami,2024-11-24,12,40.0
Miami,2024-11-25,38,39.0
Miami,2024-11-26,40,38.0
Miami,2024-11-27,23,34.0
Miami,2024-11-28,7,27.0
Miami,2024-11-29,18,20.0
Miami,2024-11-30,6,21.0
Miami,2024-12-01,5,20.0
Miami,2024-12-02,34,19.0
Miami,2024-12-03,27,17.0
Miami,2024-12-04,51,21.0
Miami,2024-12-05,51,27.0
Miami,2024-12-06,43,31.0
Miami,2024-12-07,5,31.0
Miami,2024-12-08,11,32.0
Miami,2024-12-09,22,30.0
Miami,2024-12-10,47,33.0
Miami,2024-12-11,38,31.0
Miami,2024-12-12,37,29.0
Miami,2024-12-13,46,29.0
Miami,2024-12-14,4,29.0
Miami,2024-12-15,5,28.0
Miami,2024-12-16,25,29.0
Miami,2024-12-17,68,32.0
Miami,2024-12-18,41,32.0
Miami,2024-12-19,36,32.0
Miami,2024-12-20,46,32.0
Miami,2024-12-21,13,33.0
Miami,2024-12-22,10,34.0
Miami,2024-12-23,34,35.0
Miami,2024-12-24,21,29.0
Miami,2024-12-25,1,23.0
Miami,2024-12-26,17,20.0
Miami,2024-12-27,29,18.0
Miami,2024-12-28,11,18.0
Miami,2024-12-29,5,17.0
Miami,2024-12-30,30,16.0
Miami,2024-12-31,17,16.0
Miami,2025-01-01,10,17.0
Miami,2025-01-02,18,17.0
Miami,2025-01-03,25,17.0
Miami,2025-01-04,11,17.0
Miami,2025-01-05,9,17.0
Miami,2025-01-06,30,17.0
Miami,2025-01-07,27,19.0
Miami,2025-01-08,47,24.0
Miami,2025-01-09,46,28.0
Miami,2025-01-10,59,33.0
Miami,2025-01-11,7,32.0
Miami,2025-01-12,12,33.0
Miami,2025-01-13,52,36.0
Miami,2025-01-14,66,41.0
Miami,2025-01-15,36,40.0
Miami,2025-01-16,43,39.0
Miami,2025-01-17,31,35.0
Miami,2025-01-18,4,35.0
Miami,2025-01-19,4,34.0
Miami,2025-01-20,29,30.0
Miami,2025-01-21,46,28.0
Miami,2025-01-22,38,28.0
Miami,2025-01-23,51,29.0
Miami,2025-01-24,60,33.0
Miami,2025-01-25,23,36.0
Miami,2025-01-26,89,48.0
Miami,2025-01-27,109,59.0
Miami,2025-01-28,141,73.0
Miami,2025-01-29,118,84.0
Miami,2025-01-30,120,94.0
Miami,2025-01-31,81,97.0
Miami,2025-02-01,65,103.0
Miami,2025-02-02,49,98.0
Miami,2025-02-03,74,93.0
Miami,2025-02-04,73,83.0
Miami,2025-02-05,81,78.0
Miami,2025-02-06,84,72.0
Miami,2025-02-07,51,68.0
Miami,2025-02-08,70,69.0
Miami,2025-02-09,48,69.0
Miami,2025-02-10,87,71.0
Miami,2025-02-11,113,76.0
Miami,2025-02-12,75,75.0
Miami,2025-02-13,83,75.0
Miami,2025-02-14,72,78.0
Miami,2025-02-15,69,78.0
Miami,2025-02-16,34,76.0
Miami,2025-02-17,53,71.0
Miami,2025-02-18,86,67.0
Miami,2025-02-19,100,71.0
Miami,2025-02-20,102,74.0
Miami,2025-02-21,52,71.0
Miami,2025-02-22,64,70.0
Miami,2025-02-23,69,75.0
Miami,2025-02-24,93,81.0
Miami,2025-02-25,103,83.0
Miami,2025-02-26,90,82.0
Miami,2025-02-27,96,81.0
Miami,2025-02-28,50,81.0
Miami,2025-03-01,57,80.0
Miami,2025-03-02,55,78.0
Miami,2025-03-03,57,73.0
Miami,2025-03-04,91,71.0
Miami,2025-03-05,92,71.0
Miami,2025-03-06,88,70.0
Miami,2025-03-07,71,73.0
Miami,2025-03-08,70,75.0
Miami,2025-03-09,57,75.0
Miami,2025-03-10,80,78.0
Miami,2025-03-11,117,82.0
Miami,2025-03-12,122,86.0
Miami,2025-03-13,90,87.0
Miami,2025-03-14,91,90.0
Miami,2025-03-15,49,87.0
Miami,2025-03-16,44,85.0
Miami,2025-03-17,66,83.0
Miami,2025-03-18,95,80.0
Miami,2025-03-19,85,74.0
Miami,2025-03-20,67,71.0
Miami,2025-03-21,68,68.0
Miami,2025-03-22,51,68.0
Miami,2025-03-23,32,66.0
Miami,2025-03-24,62,66.0
Miami,2025-03-25,88,65.0
Miami,2025-03-26,99,67.0
Miami,2025-03-27,69,67.0
Miami,2025-03-28,80,69.0
Miami,2025-03-29,36,67.0
Miami,2025-03-30,58,70.0
Miami,2025-03-31,69,71.0
Miami,2025-04-01,92,72.0
Miami,2025-04-02,79,69.0
Miami,2025-04-03,89,72.0
Miami,2025-04-04,64,70.0
Miami,2025-04-05,52,72.0
Miami,2025-04-06,28,68.0
Miami,2025-04-07,53,65.0
Miami,2025-04-08,82,64.0
Miami,2025-04-09,73,63.0
Miami,2025-04-10,65,60.0
Miami,2025-04-11,73,61.0
Miami,2025-04-12,31,58.0
Miami,2025-04-13,38,59.0
Miami,2025-04-14,52,59.0
Miami,2025-04-15,85,60.0
Miami,2025-04-16,99,63.0
Miami,2025-04-17,83,66.0
Miami,2025-04-18,61,64.0
Miami,2025-04-19,43,66.0
Miami,2025-04-20,29,65.0
Miami,2025-04-21,123,75.0
Miami,2025-04-22,131,81.0
Miami,2025-04-23,157,90.0
Miami,2025-04-24,132,97.0
Miami,2025-04-25,112,104.0
Miami,2025-04-26,60,106.0
Miami,2025-04-27,36,107.0
Miami,2025-04-28,70,100.0
Miami,2025-04-29,91,94.0
Miami,2025-04-30,75,82.0
Miami,2025-05-01,84,75.0
Miami,2025-05-02,67,69.0
Miami,2025-05-03,35,65.0
Miami,2025-05-04,29,64.0
Miami,2025-05-05,64,64.0
Miami,2025-05-06,84,63.0
Miami,2025-05-07,86,64.0
Miami,2025-05-08,87,65.0
Miami,2025-05-09,69,65.0
Miami,2025-05-10,50,67.0
Miami,2025-05-11,25,66.0
Miami,2025-05-12,69,67.0
Miami,2025-05-13,107,70.0
Miami,2025-05-14,116,75.0
Miami,2025-05-15,88,75.0
Miami,2025-05-16,82,77.0
Miami,2025-05-17,36,75.0
Miami,2025-05-18,48,78.0
Miami,2025-05-19,79,79.0
Miami,2025-05-20,69,74.0
Miami,2025-05-21,116,74.0
Miami,2025-05-22,129,80.0
Miami,2025-05-23,72,78.0
Miami,2025-05-24,58,82.0
Miami,2025-05-25,68,84.0
Miami,2025-05-26,70,83.0
Miami,2025-05-27,114,90.0
Miami,2025-05-28,136,92.0
Miami,2025-05-29,150,95.0
Miami,2025-05-30,129,104.0
Miami,2025-05-31,68,105.0
Miami,2025-06-01,50,102.0
Miami,2025-06-02,111,108.0
Miami,2025-06-03,227,124.0
Miami,2025-06-04,234,138.0
Miami,2025-06-05,126,135.0
Miami,2025-06-06,77,128.0
Miami,2025-06-07,75,129.0
Miami,2025-06-08,65,131.0
Miami,2025-06-09,120,132.0
Miami,2025-06-10,132,118.0
Miami,2025-06-11,138,105.0
Miami,2025-06-12,152,108.0
Miami,2025-06-13,111,113.0
Miami,2025-06-14,76,113.0
Miami,2025-06-15,42,110.0
Miami,2025-06-16,103,108.0
Miami,2025-06-17,159,112.0
Miami,2025-06-18,133,111.0
Miami,2025-06-19,114,105.0
Miami,2025-06-20,99,104.0
Miami,2025-06-21,81,104.0
Miami,2025-06-22,94,112.0
Miami,2025-06-23,98,111.0
Miami,2025-06-24,130,107.0
Miami,2025-06-25,130,107.0
Miami,2025-06-26,70,100.0
Miami,2025-06-27,68,96.0
Miami,2025-06-28,46,91.0
Miami,2025-06-29,30,82.0
Miami,2025-06-30,54,75.0
Miami,2025-07-01,96,71.0
Miami,2025-07-02,75,63.0
Miami,2025-07-03,50,60.0
Miami,2025-07-04,35,55.0
Miami,2025-07-05,30,53.0
Miami,2025-07-06,50,56.0
Miami,2025-07-07,105,63.0
Miami,2025-07-08,114,66.0
Miami,2025-07-09,105,70.0
Miami,2025-07-10,82,74.0
Miami,2025-07-11,80,81.0
Miami,2025-07-12,59,85.0
Miami,2025-07-13,34,83.0
Miami,2025-07-14,54,75.0
Miami,2025-07-15,72,69.0
Miami,2025-07-16,83,66.0
Miami,2025-07-17,98,69.0
Miami,2025-07-18,70,67.0
Miami,2025-07-19,30,63.0
Miami,2025-07-20,30,62.0
Miami,2025-07-21,56,63.0
Miami,2025-07-22,87,65.0
Miami,2025-07-23,83,65.0
Miami,2025-07-24,88,63.0
Miami,2025-07-25,108,69.0
Miami,2025-07-26,85,77.0
Miami,2025-07-27,40,78.0
Miami,2025-07-28,86,82.0
Miami,2025-07-29,104,85.0
Miami,2025-07-30,102,88.0
Miami,2025-07-31,82,87.0
Miami,2025-08-01,83,83.0
Miami,2025-08-02,43,77.0
Miami,2025-08-03,35,76.0
Miami,2025-08-04,72,74.0
Miami,2025-08-05,69,69.0
Miami,2025-08-06,83,67.0
Miami,2025-08-07,86,67.0
Miami,2025-08-08,91,68.0
Miami,2025-08-09,46,69.0
Miami,2025-08-10,60,72.0
Miami,2025-08-11,67,72.0
Miami,2025-08-12,78,73.0
Miami,2025-08-13,95,75.0
Miami,2025-08-14,123,80.0
Miami,2025-08-15,105,82.0
Miami,2025-08-16,47,82.0
Miami,2025-08-17,65,83.0
Miami,2025-08-18,87,86.0
Miami,2025-08-19,141,95.0
Miami,2025-08-20,122,99.0
Miami,2025-08-21,131,100.0
Miami,2025-08-22,78,96.0
Miami,2025-08-23,137,109.0
Miami,2025-08-24,48,106.0
Miami,2025-08-25,76,105.0
Miami,2025-08-26,101,99.0
Miami,2025-08-27,98,96.0
Miami,2025-08-28,93,90.0
Miami,2025-08-29,83,91.0
Miami,2025-08-30,38,77.0
Miami,2025-08-31,50,77.0
Miami,2025-09-01,44,72.0
Miami,2025-09-02,94,71.0
Miami,2025-09-03,139,77.0
Miami,2025-09-04,115,80.0
Miami,2025-09-05,74,79.0
Miami,2025-09-06,56,82.0
Miami,2025-09-07,57,83.0
Miami,2025-09-08,102,91.0
Miami,2025-09-09,136,97.0
Miami,2025-09-10,136,97.0
Miami,2025-09-11,108,96.0
Miami,2025-09-12,119,102.0
Miami,2025-09-13,62,103.0
Miami,2025-09-14,55,103.0
Miami,2025-09-15,102,103.0
Miami,2025-09-16,114,99.0
Miami,2025-09-17,161,103.0
Miami,2025-09-18,127,106.0
Miami,2025-09-19,148,110.0
Miami,2025-09-20,66,110.0
Miami,2025-09-21,59,111.0
Miami,2025-09-22,137,116.0
Miami,2025-09-23,169,124.0
Miami,2025-09-24,157,123.0
Miami,2025-09-25,148,126.0
Miami,2025-09-26,166,129.0
Miami,2025-09-27,91,132.0
Miami,2025-09-28,64,133.0
Miami,2025-09-29,116,130.0
Miami,2025-09-30,127,124.0
Miami,2025-10-01,143,122.0
Miami,2025-10-02,133,120.0
Miami,2025-10-03,102,111.0
Miami,2025-10-04,51,105.0
Miami,2025-10-05,70,106.0
Miami,2025-10-06,97,103.0
Miami,2025-10-07,108,101.0
Miami,2025-10-08,117,97.0
Miami,2025-10-09,102,92.0
Miami,2025-10-10,94,91.0
Miami,2025-10-11,36,89.0
Miami,2025-10-12,52,87.0
Miami,2025-10-13,67,82.0
Miami,2025-10-14,109,82.0
Miami,2025-10-15,128,84.0
Miami,2025-10-16,108,85.0
Miami,2025-10-17,123,89.0
Miami,2025-10-18,79,95.0
Miami,2025-10-19,51,95.0
Miami,2025-10-20,114,102.0
Miami,2025-10-21,151,108.0
Miami,2025-10-22,149,111.0
Miami,2025-10-23,134,114.0
Miami,2025-10-24,109,112.0
Miami,2025-10-25,181,127.0
Miami,2025-10-26,129,138.0
Miami,2025-10-27,119,139.0
Miami,2025-10-28,134,136.0
Miami,2025-10-29,158,138.0
Miami,2025-10-30,174,143.0
Miami,2025-10-31,119,145.0
Miami,2025-11-01,108,134.0
Miami,2025-11-02,88,129.0
Miami,2025-11-03,138,131.0
Miami,2025-11-04,134,131.0
Miami,2025-11-05,155,131.0
Miami,2025-11-06,148,127.0
Miami,2025-11-07,125,128.0
Miami,2025-11-08,101,127.0
Miami,2025-11-09,74,125.0
Miami,2025-11-10,108,121.0
Miami,2025-11-11,76,112.0
Miami,2025-11-12,128,109.0
Miami,2025-11-13,128,106.0
Miami,2025-11-14,134,107.0
Miami,2025-11-15,125,110.0
Miami,2025-11-16,80,111.0
Miami,2025-11-17,112,112.0
Miami,2025-11-18,137,121.0
Miami,2025-11-19,152,124.0
Miami,2025-11-20,153,128.0
Miami,2025-11-21,136,128.0
Miami,2025-11-22,71,120.0
Miami,2025-11-23,75,119.0
Miami,2025-11-24,114,120.0
Miami,2025-11-25,147,121.0
Miami,2025-11-26,106,115.0
Miami,2025-11-27,71,103.0
Miami,2025-11-28,94,97.0
Miami,2025-11-29,52,94.0
Miami,2025-11-30,47,90.0
Miami,2025-12-01,127,92.0
Miami,2025-12-02,151,93.0
Miami,2025-12-03,168,101.0
Miami,2025-12-04,216,122.0
Miami,2025-12-05,108,124.0
Miami,2025-12-06,120,134.0
Miami,2025-12-07,108,143.0
Miami,2025-12-08,102,139.0
Miami,2025-12-09,129,136.0
Miami,2025-12-10,130,130.0
Miami,2025-12-11,153,121.0
Miami,2025-12-12,128,124.0
Miami,2025-12-13,72,117.0
Miami,2025-12-14,53,110.0
Miami,2025-12-15,133,114.0
Miami,2025-12-16,169,120.0
Miami,2025-12-17,170,125.0
Miami,2025-12-18,160,126.0
Miami,2025-12-19,101,123.0
Miami,2025-12-20,98,126.0
Miami,2025-12-21,57,127.0
Miami,2025-12-22,104,123.0
Miami,2025-12-23,104,113.0
Miami,2025-12-24,86,101.0
Miami,2025-12-25,73,89.0
Miami,2025-12-26,61,83.0
Miami,2025-12-27,106,84.0
Miami,2025-12-28,54,84.0
Miami,2025-12-29,83,81.0
Miami,2025-12-30,109,82.0
Miami,2025-12-31,78,81.0
Miami,2026-01-01,65,79.0
Miami,2026-01-02,80,82.0
Miami,2026-01-03,78,78.0
Miami,2026-01-04,95,84.0
Miami,2026-01-05,127,90.0
Miami,2026-01-06,133,94.0
Miami,2026-01-07,142,103.0
Miami,2026-01-08,127,112.0
Miami,2026-01-09,132,119.0
Miami,2026-01-10,95,122.0
Miami,2026-01-11,80,119.0
Miami,2026-01-12,98,115.0
Miami,2026-01-13,196,124.0
Miami,2026-01-14,152,126.0
Miami,2026-01-15,151,129.0
Miami,2026-01-16,119,127.0
Miami,2026-01-17,104,129.0
Miami,2026-01-18,63,126.0
Miami,2026-01-19,62,121.0
Miami,2026-01-20,110,109.0
Miami,2026-01-21,116,104.0
Miami,2026-01-22,127,100.0
Miami,2026-01-23,128,101.0
Miami,2026-01-24,102,101.0
Miami,2026-01-25,90,105.0
Miami,2026-01-26,108,112.0
Miami,2026-01-27,123,113.0
Miami,2026-01-28,130,115.0
Miami,2026-01-29,118,114.0
Miami,2026-01-30,84,108.0
Miami,2026-01-31,90,106.0
Miami,2026-02-01,62,102.0
Miami,2026-02-02,79,98.0
Miami,2026-02-03,148,102.0
Miami,2026-02-04,125,101.0
Miami,2026-02-05,99,98.0
Miami,2026-02-06,145,107.0
Miami,2026-02-07,88,107.0
Miami,2026-02-08,61,106.0
Miami,2026-02-09,102,110.0
Miami,2026-02-10,138,108.0
Miami,2026-02-11,133,109.0
Miami,2026-02-12,142,116.0
Miami,2026-02-13,110,111.0
Miami,2026-02-14,85,110.0
Miami,2026-02-15,57,110.0
Miami,2026-02-16,103,110.0
Miami,2026-02-17,109,106.0
Miami,2026-02-18,114,103.0
Miami,2026-02-19,147,104.0
Miami,2026-02-20,109,103.0
Miami,2026-02-21,95,105.0
Miami,2026-02-22,66,106.0
Miami,2026-02-23,110,107.0
Miami,2026-02-24,128,110.0
Miami,2026-02-25,159,116.0
Miami,2026-02-26,120,112.0
Miami,2026-02-27,97,111.0
Miami,2026-02-28,87,110.0
Miami,2026-03-01,78,111.0
Miami,2026-03-02,113,112.0
Miami,2026-03-03,143,114.0
Miami,2026-03-04,118,108.0
Miami,2026-03-05,122,108.0
Miami,2026-03-06,104,109.0
Miami,2026-03-07,79,108.0
Miami,2026-03-08,63,106.0
Miami,2026-03-09,122,107.0
Miami,2026-03-10,157,109.0
New Orleans,2022-10-01,3,93.0
New Orleans,2022-10-02,3,76.0
New Orleans,2022-10-03,40,67.0
New Orleans,2022-10-04,43,62.0
New Orleans,2022-10-05,90,65.0
New Orleans,2022-10-06,54,56.0
New Orleans,2022-10-07,49,40.0
New Orleans,2022-10-08,1,40.0
New Orleans,2022-10-09,1,40.0
New Orleans,2022-10-10,3,34.0
New Orleans,2022-10-11,51,36.0
New Orleans,2022-10-12,56,31.0
New Orleans,2022-10-13,47,30.0
New Orleans,2022-10-14,50,30.0
New Orleans,2022-10-15,17,32.0
New Orleans,2022-10-16,2,32.0
New Orleans,2022-10-17,50,39.0
New Orleans,2022-10-18,66,41.0
New Orleans,2022-10-19,56,41.0
New Orleans,2022-10-20,60,43.0
New Orleans,2022-10-21,29,40.0
New Orleans,2022-10-22,10,39.0
New Orleans,2022-10-23,2,39.0
New Orleans,2022-10-24,39,37.0
New Orleans,2022-10-25,67,38.0
New Orleans,2022-10-26,64,39.0
New Orleans,2022-10-27,63,39.0
New Orleans,2022-10-28,33,40.0
New Orleans,2022-10-29,7,39.0
New Orleans,2022-10-31,36,44.0
New Orleans,2022-11-01,62,47.0
New Orleans,2022-11-02,57,46.0
New Orleans,2022-11-03,66,46.0
New Orleans,2022-11-04,66,47.0
New Orleans,2022-11-05,5,43.0
New Orleans,2022-11-07,41,48.0
New Orleans,2022-11-08,62,51.0
New Orleans,2022-11-09,92,56.0
New Orleans,2022-11-10,72,58.0
New Orleans,2022-11-11,5,49.0
New Orleans,2022-11-12,11,41.0
New Orleans,2022-11-13,3,41.0
New Orleans,2022-11-14,38,40.0
New Orleans,2022-11-15,59,40.0
New Orleans,2022-11-16,76,38.0
New Orleans,2022-11-17,56,35.0
New Orleans,2022-11-18,33,39.0
New Orleans,2022-11-19,6,39.0
New Orleans,2022-11-20,2,39.0
New Orleans,2022-11-21,71,43.0
New Orleans,2022-11-22,58,43.0
New Orleans,2022-11-23,71,42.0
New Orleans,2022-11-25,21,37.0
New Orleans,2022-11-26,1,33.0
New Orleans,2022-11-28,80,43.0
New Orleans,2022-11-29,68,53.0
New Orleans,2022-11-30,93,56.0
New Orleans,2022-12-01,80,59.0
New Orleans,2022-12-02,59,57.0
New Orleans,2022-12-03,6,55.0
New Orleans,2022-12-04,4,56.0
New Orleans,2022-12-05,69,54.0
New Orleans,2022-12-06,52,52.0
New Orleans,2022-12-07,81,50.0
New Orleans,2022-12-08,69,49.0
New Orleans,2022-12-09,62,49.0
New Orleans,2022-12-10,8,49.0
New Orleans,2022-12-12,69,59.0
New Orleans,2022-12-13,92,62.0
New Orleans,2022-12-14,82,66.0
New Orleans,2022-12-15,73,65.0
New Orleans,2022-12-16,39,61.0
New Orleans,2022-12-17,14,54.0
New Orleans,2022-12-18,6,54.0
New Orleans,2022-12-19,44,50.0
New Orleans,2022-12-20,56,45.0
New Orleans,2022-12-21,37,38.0
New Orleans,2022-12-22,57,36.0
New Orleans,2022-12-23,29,35.0
New Orleans,2022-12-24,1,33.0
New Orleans,2022-12-26,2,32.0
New Orleans,2022-12-27,23,29.0
New Orleans,2022-12-28,62,30.0
New Orleans,2022-12-29,50,32.0
New Orleans,2022-12-30,45,30.0
New Orleans,2023-01-02,1,26.0
New Orleans,2023-01-03,53,34.0
New Orleans,2023-01-04,77,44.0
New Orleans,2023-01-05,67,51.0
New Orleans,2023-01-06,66,51.0
New Orleans,2023-01-07,20,47.0
New Orleans,2023-01-08,7,42.0
New Orleans,2023-01-09,69,51.0
New Orleans,2023-01-10,79,55.0
New Orleans,2023-01-11,103,59.0
New Orleans,2023-01-12,87,62.0
New Orleans,2023-01-13,57,60.0
New Orleans,2023-01-14,13,59.0
New Orleans,2023-01-15,2,59.0
New Orleans,2023-01-16,1,49.0
New Orleans,2023-01-17,103,52.0
New Orleans,2023-01-18,91,51.0
New Orleans,2023-01-19,75,49.0
New Orleans,2023-01-20,76,52.0
New Orleans,2023-01-21,17,52.0
New Orleans,2023-01-22,1,52.0
New Orleans,2023-01-23,84,64.0
New Orleans,2023-01-24,85,61.0
New Orleans,2023-01-25,82,60.0
New Orleans,2023-01-26,67,59.0
New Orleans,2023-01-27,43,54.0
New Orleans,2023-01-28,17,54.0
New Orleans,2023-01-29,3,54.0
New Orleans,2023-01-30,98,56.0
New Orleans,2023-01-31,58,53.0
New Orleans,2023-02-01,81,52.0
New Orleans,2023-02-02,57,51.0
New Orleans,2023-02-03,76,56.0
New Orleans,2023-02-04,9,55.0
New Orleans,2023-02-05,1,54.0
New Orleans,2023-02-06,65,50.0
New Orleans,2023-02-07,65,51.0
New Orleans,2023-02-08,69,49.0
New Orleans,2023-02-09,73,51.0
New Orleans,2023-02-10,60,49.0
New Orleans,2023-02-11,13,49.0
New Orleans,2023-02-12,1,49.0
New Orleans,2023-02-13,41,46.0
New Orleans,2023-02-14,58,45.0
New Orleans,2023-02-15,94,49.0
New Orleans,2023-02-16,75,49.0
New Orleans,2023-02-17,74,51.0
New Orleans,2023-02-18,3,49.0
New Orleans,2023-02-19,1,49.0
New Orleans,2023-02-20,2,44.0
New Orleans,2023-02-21,72,46.0
New Orleans,2023-02-22,78,44.0
New Orleans,2023-02-23,83,45.0
New Orleans,2023-02-24,51,41.0
New Orleans,2023-02-25,3,41.0
New Orleans,2023-02-26,2,42.0
New Orleans,2023-02-27,52,49.0
New Orleans,2023-02-28,55,46.0
New Orleans,2023-03-01,47,42.0
New Orleans,2023-03-02,48,37.0
New Orleans,2023-03-03,41,35.0
New Orleans,2023-03-04,2,35.0
New Orleans,2023-03-05,1,35.0
New Orleans,2023-03-06,35,33.0
New Orleans,2023-03-07,51,32.0
New Orleans,2023-03-08,69,35.0
New Orleans,2023-03-09,53,36.0
New Orleans,2023-03-10,28,34.0
New Orleans,2023-03-11,5,35.0
New Orleans,2023-03-12,1,35.0
New Orleans,2023-03-13,46,36.0
New Orleans,2023-03-14,53,36.0
New Orleans,2023-03-15,48,33.0
New Orleans,2023-03-16,44,32.0
New Orleans,2023-03-17,32,33.0
New Orleans,2023-03-18,2,32.0
New Orleans,2023-03-20,42,38.0
New Orleans,2023-03-21,41,37.0
New Orleans,2023-03-22,56,38.0
New Orleans,2023-03-23,36,36.0
New Orleans,2023-03-24,31,34.0
New Orleans,2023-03-25,2,30.0
New Orleans,2023-03-26,1,30.0
New Orleans,2023-03-27,36,29.0
New Orleans,2023-03-28,53,31.0
New Orleans,2023-03-29,83,35.0
New Orleans,2023-03-30,57,38.0
New Orleans,2023-03-31,39,39.0
New Orleans,2023-04-01,2,39.0
New Orleans,2023-04-02,1,39.0
New Orleans,2023-04-03,39,39.0
New Orleans,2023-04-04,47,38.0
New Orleans,2023-04-05,39,32.0
New Orleans,2023-04-06,45,30.0
New Orleans,2023-04-07,35,30.0
New Orleans,2023-04-10,38,35.0
New Orleans,2023-04-11,48,42.0
New Orleans,2023-04-12,42,42.0
New Orleans,2023-04-13,45,42.0
New Orleans,2023-04-14,40,42.0
New Orleans,2023-04-16,1,36.0
New Orleans,2023-04-17,27,34.0
New Orleans,2023-04-18,44,35.0
New Orleans,2023-04-19,48,35.0
New Orleans,2023-04-20,45,36.0
New Orleans,2023-04-21,32,34.0
New Orleans,2023-04-23,1,28.0
New Orleans,2023-04-24,41,34.0
New Orleans,2023-04-25,32,35.0
New Orleans,2023-04-26,37,34.0
New Orleans,2023-04-27,40,33.0
New Orleans,2023-04-28,28,30.0
New Orleans,2023-04-29,2,26.0
New Orleans,2023-04-30,3,26.0
New Orleans,2023-05-01,40,26.0
New Orleans,2023-05-02,45,28.0
New Orleans,2023-05-03,28,27.0
New Orleans,2023-05-04,23,24.0
New Orleans,2023-05-05,21,23.0
New Orleans,2023-05-07,4,23.0
New Orleans,2023-05-08,46,30.0
New Orleans,2023-05-09,31,28.0
New Orleans,2023-05-10,46,28.0
New Orleans,2023-05-11,49,31.0
New Orleans,2023-05-12,41,34.0
New Orleans,2023-05-13,5,32.0
New Orleans,2023-05-14,3,32.0
New Orleans,2023-05-15,36,30.0
New Orleans,2023-05-16,34,31.0
New Orleans,2023-05-17,25,28.0
New Orleans,2023-05-18,40,26.0
New Orleans,2023-05-19,30,25.0
New Orleans,2023-05-20,2,24.0
New Orleans,2023-05-21,1,24.0
New Orleans,2023-05-22,34,24.0
New Orleans,2023-05-23,38,24.0
New Orleans,2023-05-24,41,27.0
New Orleans,2023-05-25,30,25.0
New Orleans,2023-05-26,40,27.0
New Orleans,2023-05-27,1,26.0
New Orleans,2023-05-28,1,26.0
New Orleans,2023-05-29,3,22.0
New Orleans,2023-05-30,31,21.0
New Orleans,2023-05-31,42,21.0
New Orleans,2023-06-01,58,25.0
New Orleans,2023-06-02,35,24.0
New Orleans,2023-06-03,2,25.0
New Orleans,2023-06-04,2,25.0
New Orleans,2023-06-05,43,30.0
New Orleans,2023-06-06,51,33.0
New Orleans,2023-06-07,40,33.0
New Orleans,2023-06-08,56,33.0
New Orleans,2023-06-09,28,32.0
New Orleans,2023-06-10,1,32.0
New Orleans,2023-06-11,1,31.0
New Orleans,2023-06-12,46,32.0
New Orleans,2023-06-13,45,31.0
New Orleans,2023-06-14,38,31.0
New Orleans,2023-06-15,43,29.0
New Orleans,2023-06-16,42,31.0
New Orleans,2023-06-17,1,31.0
New Orleans,2023-06-19,2,31.0
New Orleans,2023-06-20,57,33.0
New Orleans,2023-06-21,41,32.0
New Orleans,2023-06-22,35,32.0
New Orleans,2023-06-23,33,30.0
New Orleans,2023-06-24,3,25.0
New Orleans,2023-06-25,2,25.0
New Orleans,2023-06-26,45,31.0
New Orleans,2023-06-27,34,28.0
New Orleans,2023-06-28,35,27.0
New Orleans,2023-06-29,48,29.0
New Orleans,2023-06-30,29,28.0
New Orleans,2023-07-02,2,28.0
New Orleans,2023-07-03,33,32.0
New Orleans,2023-07-04,1,26.0
New Orleans,2023-07-05,37,26.0
New Orleans,2023-07-06,38,27.0
New Orleans,2023-07-07,34,25.0
New Orleans,2023-07-08,2,21.0
New Orleans,2023-07-09,1,21.0
New Orleans,2023-07-10,39,22.0
New Orleans,2023-07-11,38,27.0
New Orleans,2023-07-12,39,27.0
New Orleans,2023-07-13,39,27.0
New Orleans,2023-07-14,35,28.0
New Orleans,2023-07-15,1,27.0
New Orleans,2023-07-16,3,28.0
New Orleans,2023-07-17,27,26.0
New Orleans,2023-07-18,41,26.0
New Orleans,2023-07-19,31,25.0
New Orleans,2023-07-20,49,27.0
New Orleans,2023-07-21,31,26.0
New Orleans,2023-07-22,5,27.0
New Orleans,2023-07-24,25,30.0
New Orleans,2023-07-25,34,31.0
New Orleans,2023-07-26,41,31.0
New Orleans,2023-07-27,56,34.0
New Orleans,2023-07-28,31,32.0
New Orleans,2023-07-29,3,28.0
New Orleans,2023-07-30,6,28.0
New Orleans,2023-07-31,19,27.0
New Orleans,2023-08-01,31,27.0
New Orleans,2023-08-02,28,25.0
New Orleans,2023-08-03,41,23.0
New Orleans,2023-08-04,39,24.0
New Orleans,2023-08-05,5,24.0
New Orleans,2023-08-07,23,27.0
New Orleans,2023-08-08,38,29.0
New Orleans,2023-08-09,26,29.0
New Orleans,2023-08-10,42,31.0
New Orleans,2023-08-11,28,29.0
New Orleans,2023-08-12,1,23.0
New Orleans,2023-08-13,2,23.0
New Orleans,2023-08-14,31,24.0
New Orleans,2023-08-15,39,24.0
New Orleans,2023-08-16,29,25.0
New Orleans,2023-08-17,57,27.0
New Orleans,2023-08-18,21,26.0
New Orleans,2023-08-19,1,26.0
New Orleans,2023-08-20,3,26.0
New Orleans,2023-08-21,31,26.0
New Orleans,2023-08-22,40,26.0
New Orleans,2023-08-23,29,26.0
New Orleans,2023-08-24,45,24.0
New Orleans,2023-08-25,27,25.0
New Orleans,2023-08-26,4,26.0
New Orleans,2023-08-27,2,25.0
New Orleans,2023-08-28,26,25.0
New Orleans,2023-08-29,45,25.0
New Orleans,2023-08-30,19,24.0
New Orleans,2023-08-31,37,23.0
New Orleans,2023-09-01,27,23.0
New Orleans,2023-09-02,4,23.0
New Orleans,2023-09-03,5,23.0
New Orleans,2023-09-05,36,25.0
New Orleans,2023-09-06,38,24.0
New Orleans,2023-09-07,51,28.0
New Orleans,2023-09-08,32,28.0
New Orleans,2023-09-09,5,24.0
New Orleans,2023-09-10,2,24.0
New Orleans,2023-09-11,40,29.0
New Orleans,2023-09-12,26,28.0
New Orleans,2023-09-13,30,27.0
New Orleans,2023-09-14,50,26.0
New Orleans,2023-09-15,25,25.0
New Orleans,2023-09-16,5,25.0
New Orleans,2023-09-17,2,25.0
New Orleans,2023-09-18,23,23.0
New Orleans,2023-09-19,19,22.0
New Orleans,2023-09-20,45,24.0
New Orleans,2023-09-21,40,23.0
New Orleans,2023-09-22,28,23.0
New Orleans,2023-09-23,6,23.0
New Orleans,2023-09-25,19,26.0
New Orleans,2023-09-26,37,28.0
New Orleans,2023-09-27,28,29.0
New Orleans,2023-09-28,50,30.0
New Orleans,2023-09-29,35,29.0
New Orleans,2023-09-30,2,25.0
New Orleans,2023-10-01,1,25.0
New Orleans,2023-10-02,32,26.0
New Orleans,2023-10-03,34,26.0
New Orleans,2023-10-04,33,27.0
New Orleans,2023-10-05,33,24.0
New Orleans,2023-10-06,39,25.0
New Orleans,2023-10-07,2,25.0
New Orleans,2023-10-08,1,25.0
New Orleans,2023-10-09,7,21.0
New Orleans,2023-10-10,46,23.0
New Orleans,2023-10-11,34,23.0
New Orleans,2023-10-12,34,23.0
New Orleans,2023-10-13,33,22.0
New Orleans,2023-10-14,1,22.0
New Orleans,2023-10-15,1,22.0
New Orleans,2023-10-16,31,26.0
New Orleans,2023-10-17,35,24.0
New Orleans,2023-10-18,44,26.0
New Orleans,2023-10-19,35,26.0
New Orleans,2023-10-20,27,25.0
New Orleans,2023-10-21,2,25.0
New Orleans,2023-10-22,4,25.0
New Orleans,2023-10-23,26,25.0
New Orleans,2023-10-24,32,24.0
New Orleans,2023-10-25,40,24.0
New Orleans,2023-10-26,45,25.0
New Orleans,2023-10-27,34,26.0
New Orleans,2023-10-28,3,26.0
New Orleans,2023-10-29,2,26.0
New Orleans,2023-10-30,25,26.0
New Orleans,2023-10-31,35,26.0
New Orleans,2023-11-01,32,25.0
New Orleans,2023-11-02,44,25.0
New Orleans,2023-11-03,27,24.0
New Orleans,2023-11-06,41,29.0
New Orleans,2023-11-07,21,32.0
New Orleans,2023-11-08,32,33.0
New Orleans,2023-11-09,52,36.0
New Orleans,2023-11-10,7,32.0
New Orleans,2023-11-13,33,30.0
New Orleans,2023-11-14,26,30.0
New Orleans,2023-11-15,31,29.0
New Orleans,2023-11-16,56,34.0
New Orleans,2023-11-17,39,35.0
New Orleans,2023-11-18,5,28.0
New Orleans,2023-11-19,3,28.0
New Orleans,2023-11-20,30,27.0
New Orleans,2023-11-21,36,29.0
New Orleans,2023-11-22,33,29.0
New Orleans,2023-11-24,20,24.0
New Orleans,2023-11-25,1,18.0
New Orleans,2023-11-26,5,18.0
New Orleans,2023-11-27,34,23.0
New Orleans,2023-11-28,28,22.0
New Orleans,2023-11-29,39,23.0
New Orleans,2023-11-30,44,24.0
New Orleans,2023-12-01,38,27.0
New Orleans,2023-12-02,3,27.0
New Orleans,2023-12-03,1,27.0
New Orleans,2023-12-04,30,26.0
New Orleans,2023-12-05,27,26.0
New Orleans,2023-12-06,24,24.0
New Orleans,2023-12-07,29,22.0
New Orleans,2023-12-08,29,20.0
New Orleans,2023-12-09,4,21.0
New Orleans,2023-12-10,8,22.0
New Orleans,2023-12-11,20,20.0
New Orleans,2023-12-12,34,21.0
New Orleans,2023-12-13,29,22.0
New Orleans,2023-12-14,40,23.0
New Orleans,2023-12-15,34,24.0
New Orleans,2023-12-16,1,24.0
New Orleans,2023-12-17,3,23.0
New Orleans,2023-12-18,20,23.0
New Orleans,2023-12-19,36,23.0
New Orleans,2023-12-20,43,25.0
New Orleans,2023-12-21,27,23.0
New Orleans,2023-12-22,33,23.0
New Orleans,2023-12-23,1,23.0
New Orleans,2023-12-24,2,23.0
New Orleans,2023-12-26,10,22.0
New Orleans,2023-12-27,14,19.0
New Orleans,2023-12-28,28,16.0
New Orleans,2023-12-29,47,19.0
New Orleans,2024-01-01,3,15.0
New Orleans,2024-01-02,35,20.0
New Orleans,2024-01-03,44,26.0
New Orleans,2024-01-04,50,32.0
New Orleans,2024-01-05,39,35.0
New Orleans,2024-01-06,1,31.0
New Orleans,2024-01-07,5,25.0
New Orleans,2024-01-08,42,31.0
New Orleans,2024-01-09,38,31.0
New Orleans,2024-01-10,43,31.0
New Orleans,2024-01-11,50,31.0
New Orleans,2024-01-12,30,30.0
New Orleans,2024-01-14,1,30.0
New Orleans,2024-01-15,2,29.0
New Orleans,2024-01-16,7,24.0
New Orleans,2024-01-17,13,21.0
New Orleans,2024-01-18,29,19.0
New Orleans,2024-01-19,27,16.0
New Orleans,2024-01-21,2,12.0
New Orleans,2024-01-22,24,15.0
New Orleans,2024-01-23,26,18.0
New Orleans,2024-01-24,23,21.0
New Orleans,2024-01-25,54,26.0
New Orleans,2024-01-26,25,26.0
New Orleans,2024-01-27,1,22.0
New Orleans,2024-01-28,2,22.0
New Orleans,2024-01-29,29,23.0
New Orleans,2024-01-30,20,22.0
New Orleans,2024-01-31,33,23.0
New Orleans,2024-02-01,66,25.0
New Orleans,2024-02-02,59,30.0
New Orleans,2024-02-03,6,31.0
New Orleans,2024-02-04,2,31.0
New Orleans,2024-02-05,33,31.0
New Orleans,2024-02-06,34,33.0
New Orleans,2024-02-07,37,34.0
New Orleans,2024-02-08,46,31.0
New Orleans,2024-02-09,36,28.0
New Orleans,2024-02-10,1,27.0
New Orleans,2024-02-11,3,27.0
New Orleans,2024-02-12,22,26.0
New Orleans,2024-02-13,25,24.0
New Orleans,2024-02-14,33,24.0
New Orleans,2024-02-15,37,22.0
New Orleans,2024-02-16,51,25.0
New Orleans,2024-02-18,3,25.0
New Orleans,2024-02-19,7,25.0
New Orleans,2024-02-20,38,28.0
New Orleans,2024-02-21,30,28.0
New Orleans,2024-02-22,33,28.0
New Orleans,2024-02-23,57,31.0
New Orleans,2024-02-24,2,24.0
New Orleans,2024-02-26,37,29.0
New Orleans,2024-02-27,44,34.0
New Orleans,2024-02-28,21,32.0
New Orleans,2024-02-29,41,34.0
New Orleans,2024-03-01,38,34.0
New Orleans,2024-03-04,33,31.0
New Orleans,2024-03-05,44,37.0
New Orleans,2024-03-06,39,37.0
New Orleans,2024-03-07,35,36.0
New Orleans,2024-03-08,43,39.0
New Orleans,2024-03-09,2,33.0
New Orleans,2024-03-10,3,28.0
New Orleans,2024-03-11,36,29.0
New Orleans,2024-03-12,40,28.0
New Orleans,2024-03-13,40,28.0
New Orleans,2024-03-14,50,31.0
New Orleans,2024-03-15,37,30.0
New Orleans,2024-03-17,1,30.0
New Orleans,2024-03-18,40,35.0
New Orleans,2024-03-19,37,35.0
New Orleans,2024-03-20,42,35.0
New Orleans,2024-03-21,32,34.0
New Orleans,2024-03-22,40,33.0
New Orleans,2024-03-23,4,28.0
New Orleans,2024-03-24,2,28.0
New Orleans,2024-03-25,33,27.0
New Orleans,2024-03-26,38,27.0
New Orleans,2024-03-27,37,27.0
New Orleans,2024-03-28,34,27.0
New Orleans,2024-03-29,30,25.0
New Orleans,2024-04-01,37,30.0
New Orleans,2024-04-02,26,34.0
New Orleans,2024-04-03,40,35.0
New Orleans,2024-04-04,39,35.0
New Orleans,2024-04-05,33,34.0
New Orleans,2024-04-06,6,30.0
New Orleans,2024-04-07,4,26.0
New Orleans,2024-04-08,35,26.0
New Orleans,2024-04-09,39,28.0
New Orleans,2024-04-10,31,27.0
New Orleans,2024-04-11,46,28.0
New Orleans,2024-04-12,46,30.0
New Orleans,2024-04-13,3,29.0
New Orleans,2024-04-14,3,29.0
New Orleans,2024-04-15,45,30.0
New Orleans,2024-04-16,41,31.0
New Orleans,2024-04-17,48,33.0
New Orleans,2024-04-18,50,34.0
New Orleans,2024-04-19,51,34.0
New Orleans,2024-04-20,1,34.0
New Orleans,2024-04-21,3,34.0
New Orleans,2024-04-22,32,32.0
New Orleans,2024-04-23,40,32.0
New Orleans,2024-04-24,34,30.0
New Orleans,2024-04-25,42,29.0
New Orleans,2024-04-26,48,29.0
New Orleans,2024-04-27,1,29.0
New Orleans,2024-04-28,3,29.0
New Orleans,2024-04-29,40,30.0
New Orleans,2024-04-30,35,29.0
New Orleans,2024-05-01,47,31.0
New Orleans,2024-05-02,38,30.0
New Orleans,2024-05-03,41,29.0
New Orleans,2024-05-05,6,30.0
New Orleans,2024-05-06,54,37.0
New Orleans,2024-05-07,35,37.0
New Orleans,2024-05-08,34,36.0
New Orleans,2024-05-09,50,37.0
New Orleans,2024-05-10,47,38.0
New Orleans,2024-05-11,2,33.0
New Orleans,2024-05-13,27,36.0
New Orleans,2024-05-14,47,35.0
New Orleans,2024-05-15,42,36.0
New Orleans,2024-05-16,48,38.0
New Orleans,2024-05-17,55,38.0
New Orleans,2024-05-18,1,32.0
New Orleans,2024-05-19,7,32.0
New Orleans,2024-05-20,34,33.0
New Orleans,2024-05-21,37,32.0
New Orleans,2024-05-22,40,32.0
New Orleans,2024-05-23,37,30.0
New Orleans,2024-05-24,58,31.0
New Orleans,2024-05-25,2,31.0
New Orleans,2024-05-26,6,31.0
New Orleans,2024-05-27,6,27.0
New Orleans,2024-05-28,43,27.0
New Orleans,2024-05-29,33,26.0
New Orleans,2024-05-30,50,28.0
New Orleans,2024-05-31,36,25.0
New Orleans,2024-06-01,1,25.0
New Orleans,2024-06-03,40,30.0
New Orleans,2024-06-04,38,34.0
New Orleans,2024-06-05,36,33.0
New Orleans,2024-06-06,46,35.0
New Orleans,2024-06-07,45,35.0
New Orleans,2024-06-08,7,30.0
New Orleans,2024-06-09,5,31.0
New Orleans,2024-06-10,45,32.0
New Orleans,2024-06-11,43,32.0
New Orleans,2024-06-12,42,33.0
New Orleans,2024-06-13,48,34.0
New Orleans,2024-06-14,46,34.0
New Orleans,2024-06-16,3,33.0
New Orleans,2024-06-17,43,39.0
New Orleans,2024-06-18,50,39.0
New Orleans,2024-06-19,1,33.0
New Orleans,2024-06-20,46,34.0
New Orleans,2024-06-21,36,32.0
New Orleans,2024-06-23,3,26.0
New Orleans,2024-06-24,36,31.0
New Orleans,2024-06-25,30,29.0
New Orleans,2024-06-26,37,27.0
New Orleans,2024-06-27,41,33.0
New Orleans,2024-06-28,54,34.0
New Orleans,2024-06-29,2,29.0
New Orleans,2024-06-30,2,29.0
New Orleans,2024-07-01,46,30.0
New Orleans,2024-07-02,40,32.0
New Orleans,2024-07-03,50,34.0
New Orleans,2024-07-04,1,28.0
New Orleans,2024-07-05,41,26.0
New Orleans,2024-07-06,4,26.0
New Orleans,2024-07-07,1,26.0
New Orleans,2024-07-08,40,25.0
New Orleans,2024-07-09,39,25.0
New Orleans,2024-07-10,51,25.0
New Orleans,2024-07-11,53,33.0
New Orleans,2024-07-12,32,31.0
New Orleans,2024-07-13,6,32.0
New Orleans,2024-07-14,5,32.0
New Orleans,2024-07-15,31,31.0
New Orleans,2024-07-16,55,33.0
New Orleans,2024-07-17,37,31.0
New Orleans,2024-07-18,36,29.0
New Orleans,2024-07-19,44,31.0
New Orleans,2024-07-20,3,30.0
New Orleans,2024-07-21,3,30.0
New Orleans,2024-07-22,35,30.0
New Orleans,2024-07-23,45,29.0
New Orleans,2024-07-24,44,30.0
New Orleans,2024-07-25,40,31.0
New Orleans,2024-07-26,41,30.0
New Orleans,2024-07-27,1,30.0
New Orleans,2024-07-28,10,31.0
New Orleans,2024-07-29,43,32.0
New Orleans,2024-07-30,39,31.0
New Orleans,2024-07-31,43,31.0
New Orleans,2024-08-01,62,34.0
New Orleans,2024-08-02,43,34.0
New Orleans,2024-08-04,3,35.0
New Orleans,2024-08-05,40,39.0
New Orleans,2024-08-06,31,37.0
New Orleans,2024-08-07,25,35.0
New Orleans,2024-08-08,45,36.0
New Orleans,2024-08-09,43,33.0
New Orleans,2024-08-11,8,28.0
New Orleans,2024-08-12,53,35.0
New Orleans,2024-08-13,41,35.0
New Orleans,2024-08-14,47,37.0
New Orleans,2024-08-15,43,40.0
New Orleans,2024-08-16,46,40.0
New Orleans,2024-08-17,2,34.0
New Orleans,2024-08-18,4,34.0
New Orleans,2024-08-19,47,33.0
New Orleans,2024-08-20,51,34.0
New Orleans,2024-08-21,32,32.0
New Orleans,2024-08-22,38,31.0
New Orleans,2024-08-23,39,30.0
New Orleans,2024-08-24,5,31.0
New Orleans,2024-08-25,6,31.0
New Orleans,2024-08-26,48,31.0
New Orleans,2024-08-27,36,29.0
New Orleans,2024-08-28,39,30.0
New Orleans,2024-08-29,38,30.0
New Orleans,2024-08-30,51,32.0
New Orleans,2024-08-31,3,32.0
New Orleans,2024-09-01,10,32.0
New Orleans,2024-09-02,7,26.0
New Orleans,2024-09-03,37,26.0
New Orleans,2024-09-04,33,26.0
New Orleans,2024-09-05,45,27.0
New Orleans,2024-09-06,45,26.0
New Orleans,2024-09-07,1,25.0
New Orleans,2024-09-08,7,25.0
New Orleans,2024-09-09,49,31.0
New Orleans,2024-09-10,39,31.0
New Orleans,2024-09-11,28,31.0
New Orleans,2024-09-12,31,29.0
New Orleans,2024-09-13,28,26.0
New Orleans,2024-09-14,1,26.0
New Orleans,2024-09-15,6,26.0
New Orleans,2024-09-16,42,25.0
New Orleans,2024-09-17,42,25.0
New Orleans,2024-09-18,37,27.0
New Orleans,2024-09-19,37,28.0
New Orleans,2024-09-20,37,29.0
New Orleans,2024-09-21,2,29.0
New Orleans,2024-09-22,3,29.0
New Orleans,2024-09-23,31,27.0
New Orleans,2024-09-24,38,26.0
New Orleans,2024-09-25,43,27.0
New Orleans,2024-09-26,45,28.0
New Orleans,2024-09-27,47,30.0
New Orleans,2024-09-28,2,30.0
New Orleans,2024-09-29,10,31.0
New Orleans,2024-09-30,35,31.0
New Orleans,2024-10-01,52,33.0
New Orleans,2024-10-02,45,34.0
New Orleans,2024-10-03,46,34.0
New Orleans,2024-10-04,47,34.0
New Orleans,2024-10-05,2,34.0
New Orleans,2024-10-06,3,33.0
New Orleans,2024-10-07,33,33.0
New Orleans,2024-10-08,42,31.0
New Orleans,2024-10-09,37,30.0
New Orleans,2024-10-10,60,32.0
New Orleans,2024-10-11,51,33.0
New Orleans,2024-10-12,3,33.0
New Orleans,2024-10-13,9,34.0
New Orleans,2024-10-14,5,30.0
New Orleans,2024-10-15,45,30.0
New Orleans,2024-10-16,52,32.0
New Orleans,2024-10-17,37,29.0
New Orleans,2024-10-18,44,28.0
New Orleans,2024-10-19,1,28.0
New Orleans,2024-10-20,8,27.0
New Orleans,2024-10-21,40,32.0
New Orleans,2024-10-22,44,32.0
New Orleans,2024-10-23,35,30.0
New Orleans,2024-10-24,33,29.0
New Orleans,2024-10-25,39,29.0
New Orleans,2024-10-26,4,29.0
New Orleans,2024-10-27,9,29.0
New Orleans,2024-10-28,51,31.0
New Orleans,2024-10-29,41,30.0
New Orleans,2024-10-30,50,32.0
New Orleans,2024-10-31,38,33.0
New Orleans,2024-11-01,39,33.0
New Orleans,2024-11-02,2,33.0
New Orleans,2024-11-03,6,32.0
New Orleans,2024-11-04,44,31.0
New Orleans,2024-11-05,45,32.0
New Orleans,2024-11-06,42,31.0
New Orleans,2024-11-07,47,32.0
New Orleans,2024-11-08,53,34.0
New Orleans,2024-11-10,7,35.0
New Orleans,2024-11-11,8,35.0
New Orleans,2024-11-12,42,35.0
New Orleans,2024-11-13,30,33.0
New Orleans,2024-11-14,39,32.0
New Orleans,2024-11-15,34,30.0
New Orleans,2024-11-16,1,23.0
New Orleans,2024-11-17,4,23.0
New Orleans,2024-11-18,37,27.0
New Orleans,2024-11-19,44,27.0
New Orleans,2024-11-20,55,31.0
New Orleans,2024-11-21,46,32.0
New Orleans,2024-11-22,49,34.0
New Orleans,2024-11-23,3,34.0
New Orleans,2024-11-24,4,34.0
New Orleans,2024-11-25,40,34.0
New Orleans,2024-11-26,44,34.0
New Orleans,2024-11-27,36,32.0
New Orleans,2024-11-28,2,25.0
New Orleans,2024-11-29,23,22.0
New Orleans,2024-11-30,6,22.0
New Orleans,2024-12-01,3,22.0
New Orleans,2024-12-02,45,23.0
New Orleans,2024-12-03,39,22.0
New Orleans,2024-12-04,34,22.0
New Orleans,2024-12-05,48,28.0
New Orleans,2024-12-06,46,32.0
New Orleans,2024-12-07,5,31.0
New Orleans,2024-12-08,4,32.0
New Orleans,2024-12-09,43,31.0
New Orleans,2024-12-10,36,31.0
New Orleans,2024-12-11,41,32.0
New Orleans,2024-12-12,35,30.0
New Orleans,2024-12-13,53,31.0
New Orleans,2024-12-14,5,31.0
New Orleans,2024-12-15,7,31.0
New Orleans,2024-12-16,33,30.0
New Orleans,2024-12-17,49,32.0
New Orleans,2024-12-18,43,32.0
New Orleans,2024-12-19,53,35.0
New Orleans,2024-12-20,50,34.0
New Orleans,2024-12-21,3,34.0
New Orleans,2024-12-22,6,34.0
New Orleans,2024-12-23,44,35.0
New Orleans,2024-12-24,12,30.0
New Orleans,2024-12-26,29,28.0
New Orleans,2024-12-27,31,25.0
New Orleans,2024-12-28,4,18.0
New Orleans,2024-12-29,6,19.0
New Orleans,2024-12-30,32,23.0
New Orleans,2024-12-31,38,22.0
New Orleans,2025-01-01,2,20.0
New Orleans,2025-01-02,38,22.0
New Orleans,2025-01-03,33,22.0
New Orleans,2025-01-04,1,21.0
New Orleans,2025-01-05,6,21.0
New Orleans,2025-01-06,33,22.0
New Orleans,2025-01-07,52,24.0
New Orleans,2025-01-08,51,31.0
New Orleans,2025-01-09,10,27.0
New Orleans,2025-01-10,24,25.0
New Orleans,2025-01-11,4,26.0
New Orleans,2025-01-12,7,26.0
New Orleans,2025-01-13,41,27.0
New Orleans,2025-01-14,39,25.0
New Orleans,2025-01-15,42,24.0
New Orleans,2025-01-16,35,27.0
New Orleans,2025-01-17,51,31.0
New Orleans,2025-01-18,3,31.0
New Orleans,2025-01-19,13,32.0
New Orleans,2025-01-20,3,27.0
New Orleans,2025-01-21,24,24.0
New Orleans,2025-01-22,32,23.0
New Orleans,2025-01-23,46,25.0
New Orleans,2025-01-24,45,24.0
New Orleans,2025-01-25,20,26.0
New Orleans,2025-01-26,37,30.0
New Orleans,2025-01-27,76,40.0
New Orleans,2025-01-28,69,46.0
New Orleans,2025-01-29,67,51.0
New Orleans,2025-01-30,74,55.0
New Orleans,2025-01-31,62,58.0
New Orleans,2025-02-01,26,59.0
New Orleans,2025-02-02,18,56.0
New Orleans,2025-02-03,42,51.0
New Orleans,2025-02-04,55,49.0
New Orleans,2025-02-05,70,50.0
New Orleans,2025-02-06,58,47.0
New Orleans,2025-02-07,58,47.0
New Orleans,2025-02-08,32,48.0
New Orleans,2025-02-09,17,47.0
New Orleans,2025-02-10,55,49.0
New Orleans,2025-02-11,99,56.0
New Orleans,2025-02-12,74,56.0
New Orleans,2025-02-13,61,57.0
New Orleans,2025-02-14,65,58.0
New Orleans,2025-02-15,23,56.0
New Orleans,2025-02-16,17,56.0
New Orleans,2025-02-17,13,50.0
New Orleans,2025-02-18,69,46.0
New Orleans,2025-02-19,21,38.0
New Orleans,2025-02-20,85,42.0
New Orleans,2025-02-21,65,42.0
New Orleans,2025-02-22,22,42.0
New Orleans,2025-02-23,23,43.0
New Orleans,2025-02-24,70,51.0
New Orleans,2025-02-25,90,54.0
New Orleans,2025-02-26,78,62.0
New Orleans,2025-02-27,52,57.0
New Orleans,2025-02-28,65,57.0
New Orleans,2025-03-01,26,58.0
New Orleans,2025-03-02,33,59.0
New Orleans,2025-03-03,57,57.0
New Orleans,2025-03-04,71,55.0
New Orleans,2025-03-05,90,56.0
New Orleans,2025-03-06,78,60.0
New Orleans,2025-03-07,69,61.0
New Orleans,2025-03-08,22,60.0
New Orleans,2025-03-09,22,58.0
New Orleans,2025-03-10,58,59.0
New Orleans,2025-03-11,77,59.0
New Orleans,2025-03-12,89,59.0
New Orleans,2025-03-13,88,61.0
New Orleans,2025-03-14,64,60.0
New Orleans,2025-03-15,33,62.0
New Orleans,2025-03-16,20,61.0
New Orleans,2025-03-17,58,61.0
New Orleans,2025-03-18,84,62.0
New Orleans,2025-03-19,68,59.0
New Orleans,2025-03-20,79,58.0
New Orleans,2025-03-21,68,59.0
New Orleans,2025-03-22,29,58.0
New Orleans,2025-03-23,17,58.0
New Orleans,2025-03-24,51,57.0
New Orleans,2025-03-25,101,59.0
New Orleans,2025-03-26,91,62.0
New Orleans,2025-03-27,55,59.0
New Orleans,2025-03-28,57,57.0
New Orleans,2025-03-29,20,56.0
New Orleans,2025-03-30,29,58.0
New Orleans,2025-03-31,72,61.0
New Orleans,2025-04-01,93,60.0
New Orleans,2025-04-02,77,58.0
New Orleans,2025-04-03,66,59.0
New Orleans,2025-04-04,75,62.0
New Orleans,2025-04-05,30,63.0
New Orleans,2025-04-06,27,63.0
New Orleans,2025-04-07,60,61.0
New Orleans,2025-04-08,77,59.0
New Orleans,2025-04-09,72,58.0
New Orleans,2025-04-10,87,61.0
New Orleans,2025-04-11,74,61.0
New Orleans,2025-04-12,17,59.0
New Orleans,2025-04-13,22,58.0
New Orleans,2025-04-14,52,57.0
New Orleans,2025-04-15,77,57.0
New Orleans,2025-04-16,74,58.0
New Orleans,2025-04-17,71,55.0
New Orleans,2025-04-18,88,57.0
New Orleans,2025-04-19,12,57.0
New Orleans,2025-04-20,9,55.0
New Orleans,2025-04-21,65,57.0
New Orleans,2025-04-22,81,57.0
New Orleans,2025-04-23,83,58.0
New Orleans,2025-04-24,84,60.0
New Orleans,2025-04-25,79,59.0
New Orleans,2025-04-26,20,60.0
New Orleans,2025-04-27,47,66.0
New Orleans,2025-04-28,58,65.0
New Orleans,2025-04-29,58,61.0
New Orleans,2025-04-30,64,59.0
New Orleans,2025-05-01,75,57.0
New Orleans,2025-05-02,69,56.0
New Orleans,2025-05-03,20,56.0
New Orleans,2025-05-04,86,61.0
New Orleans,2025-05-05,46,60.0
New Orleans,2025-05-06,82,63.0
New Orleans,2025-05-07,83,66.0
New Orleans,2025-05-08,102,70.0
New Orleans,2025-05-09,83,72.0
New Orleans,2025-05-10,20,72.0
New Orleans,2025-05-11,18,62.0
New Orleans,2025-05-12,63,64.0
New Orleans,2025-05-13,64,62.0
New Orleans,2025-05-14,71,60.0
New Orleans,2025-05-15,74,56.0
New Orleans,2025-05-16,81,56.0
New Orleans,2025-05-17,19,56.0
New Orleans,2025-05-18,12,55.0
New Orleans,2025-05-19,68,56.0
New Orleans,2025-05-20,82,58.0
New Orleans,2025-05-21,103,63.0
New Orleans,2025-05-22,82,64.0
New Orleans,2025-05-23,78,63.0
New Orleans,2025-05-24,18,63.0
New Orleans,2025-05-25,27,65.0
New Orleans,2025-05-26,27,60.0
New Orleans,2025-05-27,58,56.0
New Orleans,2025-05-28,70,51.0
New Orleans,2025-05-29,71,50.0
New Orleans,2025-05-30,64,48.0
New Orleans,2025-05-31,21,48.0
New Orleans,2025-06-01,15,47.0
New Orleans,2025-06-02,54,50.0
New Orleans,2025-06-03,128,60.0
New Orleans,2025-06-04,95,64.0
New Orleans,2025-06-05,83,66.0
New Orleans,2025-06-06,101,71.0
New Orleans,2025-06-07,27,72.0
New Orleans,2025-06-08,24,73.0
New Orleans,2025-06-09,67,75.0
New Orleans,2025-06-10,80,68.0
New Orleans,2025-06-11,95,68.0
New Orleans,2025-06-12,73,67.0
New Orleans,2025-06-13,65,62.0
New Orleans,2025-06-14,84,70.0
New Orleans,2025-06-15,23,70.0
New Orleans,2025-06-16,76,71.0
New Orleans,2025-06-17,99,74.0
New Orleans,2025-06-18,112,76.0
New Orleans,2025-06-19,55,73.0
New Orleans,2025-06-20,56,72.0
New Orleans,2025-06-21,40,66.0
New Orleans,2025-06-22,25,66.0
New Orleans,2025-06-23,61,64.0
New Orleans,2025-06-24,103,65.0
New Orleans,2025-06-25,65,58.0
New Orleans,2025-06-26,79,61.0
New Orleans,2025-06-27,59,62.0
New Orleans,2025-06-28,25,60.0
New Orleans,2025-06-29,25,60.0
New Orleans,2025-06-30,43,57.0
New Orleans,2025-07-01,91,55.0
New Orleans,2025-07-02,81,58.0
New Orleans,2025-07-03,84,58.0
New Orleans,2025-07-04,25,53.0
New Orleans,2025-07-05,35,55.0
New Orleans,2025-07-06,19,54.0
New Orleans,2025-07-07,46,54.0
New Orleans,2025-07-08,77,52.0
New Orleans,2025-07-09,73,51.0
New Orleans,2025-07-10,86,52.0
New Orleans,2025-07-11,70,58.0
New Orleans,2025-07-12,34,58.0
New Orleans,2025-07-13,21,58.0
New Orleans,2025-07-14,68,61.0
New Orleans,2025-07-15,84,62.0
New Orleans,2025-07-16,72,62.0
New Orleans,2025-07-17,86,62.0
New Orleans,2025-07-18,71,62.0
New Orleans,2025-07-19,32,62.0
New Orleans,2025-07-20,29,63.0
New Orleans,2025-07-21,77,64.0
New Orleans,2025-07-22,95,66.0
New Orleans,2025-07-23,96,69.0
New Orleans,2025-07-24,73,68.0
New Orleans,2025-07-25,74,68.0
New Orleans,2025-07-26,31,68.0
New Orleans,2025-07-27,27,68.0
New Orleans,2025-07-28,58,65.0
New Orleans,2025-07-29,85,63.0
New Orleans,2025-07-30,60,58.0
New Orleans,2025-07-31,92,61.0
New Orleans,2025-08-01,62,59.0
New Orleans,2025-08-02,47,62.0
New Orleans,2025-08-03,18,60.0
New Orleans,2025-08-04,52,59.0
New Orleans,2025-08-05,85,59.0
New Orleans,2025-08-06,112,67.0
New Orleans,2025-08-07,87,66.0
New Orleans,2025-08-08,89,70.0
New Orleans,2025-08-09,34,68.0
New Orleans,2025-08-10,24,69.0
New Orleans,2025-08-11,88,74.0
New Orleans,2025-08-12,77,73.0
New Orleans,2025-08-13,96,71.0
New Orleans,2025-08-14,87,71.0
New Orleans,2025-08-15,77,69.0
New Orleans,2025-08-16,28,68.0
New Orleans,2025-08-17,18,67.0
New Orleans,2025-08-18,58,63.0
New Orleans,2025-08-19,94,65.0
New Orleans,2025-08-20,96,65.0
New Orleans,2025-08-21,129,71.0
New Orleans,2025-08-22,95,74.0
New Orleans,2025-08-23,52,77.0
New Orleans,2025-08-24,26,79.0
New Orleans,2025-08-25,73,81.0
New Orleans,2025-08-26,72,78.0
New Orleans,2025-08-27,100,78.0
New Orleans,2025-08-28,103,74.0
New Orleans,2025-08-29,91,74.0
New Orleans,2025-08-30,22,70.0
New Orleans,2025-08-31,31,70.0
New Orleans,2025-09-01,24,63.0
New Orleans,2025-09-02,77,64.0
New Orleans,2025-09-03,79,61.0
New Orleans,2025-09-04,119,63.0
New Orleans,2025-09-05,85,62.0
New Orleans,2025-09-06,24,63.0
New Orleans,2025-09-07,21,61.0
New Orleans,2025-09-08,68,68.0
New Orleans,2025-09-09,84,69.0
New Orleans,2025-09-10,103,72.0
New Orleans,2025-09-11,123,73.0
New Orleans,2025-09-12,91,73.0
New Orleans,2025-09-13,40,76.0
New Orleans,2025-09-14,31,77.0
New Orleans,2025-09-15,71,78.0
New Orleans,2025-09-16,93,79.0
New Orleans,2025-09-17,119,81.0
New Orleans,2025-09-18,126,82.0
New Orleans,2025-09-19,92,82.0
New Orleans,2025-09-20,41,82.0
New Orleans,2025-09-21,30,82.0
New Orleans,2025-09-22,70,82.0
New Orleans,2025-09-23,122,86.0
New Orleans,2025-09-24,109,84.0
New Orleans,2025-09-25,112,82.0
New Orleans,2025-09-26,68,79.0
New Orleans,2025-09-27,35,78.0
New Orleans,2025-09-28,29,78.0
New Orleans,2025-09-29,58,76.0
New Orleans,2025-09-30,87,71.0
New Orleans,2025-10-01,88,68.0
New Orleans,2025-10-02,83,64.0
New Orleans,2025-10-03,85,66.0
New Orleans,2025-10-04,62,70.0
New Orleans,2025-10-05,52,74.0
New Orleans,2025-10-06,81,77.0
New Orleans,2025-10-07,86,77.0
New Orleans,2025-10-08,103,79.0
New Orleans,2025-10-09,98,81.0
New Orleans,2025-10-10,112,85.0
New Orleans,2025-10-11,38,81.0
New Orleans,2025-10-12,44,80.0
New Orleans,2025-10-13,29,73.0
New Orleans,2025-10-14,101,75.0
New Orleans,2025-10-15,94,74.0
New Orleans,2025-10-16,83,72.0
New Orleans,2025-10-17,84,68.0
New Orleans,2025-10-18,49,69.0
New Orleans,2025-10-19,48,70.0
New Orleans,2025-10-20,88,78.0
New Orleans,2025-10-21,97,78.0
New Orleans,2025-10-22,128,82.0
New Orleans,2025-10-23,127,89.0
New Orleans,2025-10-24,136,96.0
New Orleans,2025-10-25,68,99.0
New Orleans,2025-10-26,53,100.0
New Orleans,2025-10-27,84,99.0
New Orleans,2025-10-28,144,106.0
New Orleans,2025-10-29,119,104.0
New Orleans,2025-10-30,150,108.0
New Orleans,2025-10-31,116,105.0
New Orleans,2025-11-01,74,106.0
New Orleans,2025-11-02,60,107.0
New Orleans,2025-11-03,91,108.0
New Orleans,2025-11-04,135,106.0
New Orleans,2025-11-05,125,107.0
New Orleans,2025-11-06,110,102.0
New Orleans,2025-11-07,133,104.0
New Orleans,2025-11-08,79,105.0
New Orleans,2025-11-09,69,106.0
New Orleans,2025-11-10,120,110.0
New Orleans,2025-11-11,82,103.0
New Orleans,2025-11-12,107,100.0
New Orleans,2025-11-13,122,102.0
New Orleans,2025-11-14,116,99.0
New Orleans,2025-11-15,72,98.0
New Orleans,2025-11-16,64,98.0
New Orleans,2025-11-17,94,94.0
New Orleans,2025-11-18,125,100.0
New Orleans,2025-11-19,149,106.0
New Orleans,2025-11-20,146,109.0
New Orleans,2025-11-21,111,109.0
New Orleans,2025-11-22,78,110.0
New Orleans,2025-11-23,60,109.0
New Orleans,2025-11-24,70,106.0
New Orleans,2025-11-25,83,100.0
New Orleans,2025-11-26,89,91.0
New Orleans,2025-11-27,24,74.0
New Orleans,2025-11-28,57,66.0
New Orleans,2025-11-29,44,61.0
New Orleans,2025-11-30,41,58.0
New Orleans,2025-12-01,94,62.0
New Orleans,2025-12-02,132,69.0
New Orleans,2025-12-03,191,83.0
New Orleans,2025-12-04,143,100.0
New Orleans,2025-12-05,97,106.0
New Orleans,2025-12-06,59,108.0
New Orleans,2025-12-07,56,110.0
New Orleans,2025-12-08,103,112.0
New Orleans,2025-12-09,149,114.0
New Orleans,2025-12-10,151,108.0
New Orleans,2025-12-11,145,109.0
New Orleans,2025-12-12,115,111.0
New Orleans,2025-12-13,82,114.0
New Orleans,2025-12-14,54,114.0
New Orleans,2025-12-15,86,112.0
New Orleans,2025-12-16,143,111.0
New Orleans,2025-12-17,139,109.0
New Orleans,2025-12-18,149,110.0
New Orleans,2025-12-19,103,108.0
New Orleans,2025-12-20,59,105.0
New Orleans,2025-12-21,38,102.0
New Orleans,2025-12-22,74,101.0
New Orleans,2025-12-23,122,98.0
New Orleans,2025-12-24,76,89.0
New Orleans,2025-12-25,20,70.0
New Orleans,2025-12-26,78,67.0
New Orleans,2025-12-27,35,63.0
New Orleans,2025-12-28,34,63.0
New Orleans,2025-12-29,66,62.0
New Orleans,2025-12-30,114,60.0
New Orleans,2025-12-31,104,64.0
New Orleans,2026-01-01,49,69.0
New Orleans,2026-01-02,58,66.0
New Orleans,2026-01-03,45,67.0
New Orleans,2026-01-04,28,66.0
New Orleans,2026-01-05,81,68.0
New Orleans,2026-01-06,113,68.0
New Orleans,2026-01-07,151,75.0
New Orleans,2026-01-08,132,87.0
New Orleans,2026-01-09,101,93.0
New Orleans,2026-01-10,73,97.0
New Orleans,2026-01-11,47,100.0
New Orleans,2026-01-12,87,101.0
New Orleans,2026-01-13,119,101.0
New Orleans,2026-01-14,114,96.0
New Orleans,2026-01-15,124,95.0
New Orleans,2026-01-16,113,97.0
New Orleans,2026-01-17,100,101.0
New Orleans,2026-01-18,44,100.0
New Orleans,2026-01-19,53,95.0
New Orleans,2026-01-20,117,95.0
New Orleans,2026-01-21,143,99.0
New Orleans,2026-01-22,123,99.0
New Orleans,2026-01-23,85,95.0
New Orleans,2026-01-24,47,87.0
New Orleans,2026-01-25,32,86.0
New Orleans,2026-01-26,47,85.0
New Orleans,2026-01-27,69,78.0
New Orleans,2026-01-28,89,70.0
New Orleans,2026-01-29,87,65.0
New Orleans,2026-01-30,121,70.0
New Orleans,2026-01-31,34,68.0
New Orleans,2026-02-01,49,71.0
New Orleans,2026-02-02,53,72.0
New Orleans,2026-02-03,96,76.0
New Orleans,2026-02-04,95,76.0
New Orleans,2026-02-05,119,81.0
New Orleans,2026-02-06,113,80.0
New Orleans,2026-02-07,67,85.0
New Orleans,2026-02-08,46,84.0
New Orleans,2026-02-09,83,88.0
New Orleans,2026-02-10,115,91.0
New Orleans,2026-02-11,113,94.0
New Orleans,2026-02-12,156,99.0
New Orleans,2026-02-13,118,100.0
New Orleans,2026-02-14,50,97.0
New Orleans,2026-02-15,57,99.0
New Orleans,2026-02-16,66,96.0
New Orleans,2026-02-17,91,93.0
New Orleans,2026-02-18,119,94.0
New Orleans,2026-02-19,156,94.0
New Orleans,2026-02-20,97,91.0
New Orleans,2026-02-21,69,94.0
New Orleans,2026-02-22,43,92.0
New Orleans,2026-02-23,93,95.0
New Orleans,2026-02-24,117,99.0
New Orleans,2026-02-25,133,101.0
New Orleans,2026-02-26,95,92.0
New Orleans,2026-02-27,114,95.0
New Orleans,2026-02-28,62,94.0
New Orleans,2026-03-01,45,94.0
New Orleans,2026-03-02,62,90.0
New Orleans,2026-03-03,114,89.0
New Orleans,2026-03-04,145,91.0
New Orleans,2026-03-05,137,97.0
New Orleans,2026-03-06,92,94.0
New Orleans,2026-03-07,62,94.0
New Orleans,2026-03-08,54,95.0
New Orleans,2026-03-09,82,98.0
New Orleans,2026-03-10,99,96.0
New York City,2022-10-01,24,79.0
New York City,2022-10-03,49,66.0
New York City,2022-10-04,22,56.0
New York City,2022-10-05,54,55.0
New York City,2022-10-06,27,51.0
New York City,2022-10-07,19,42.0
New York City,2022-10-08,1,28.0
New York City,2022-10-10,1,25.0
New York City,2022-10-11,35,23.0
New York City,2022-10-12,47,26.0
New York City,2022-10-13,38,24.0
New York City,2022-10-14,12,22.0
New York City,2022-10-16,1,19.0
New York City,2022-10-17,51,26.0
New York City,2022-10-18,39,32.0
New York City,2022-10-19,28,31.0
New York City,2022-10-20,12,26.0
New York City,2022-10-21,12,22.0
New York City,2022-10-22,31,25.0
New York City,2022-10-24,49,32.0
New York City,2022-10-25,37,30.0
New York City,2022-10-26,44,30.0
New York City,2022-10-27,31,31.0
New York City,2022-10-28,12,31.0
New York City,2022-10-31,45,36.0
New York City,2022-11-01,19,34.0
New York City,2022-11-02,29,31.0
New York City,2022-11-03,34,31.0
New York City,2022-11-04,9,26.0
New York City,2022-11-05,89,34.0
New York City,2022-11-07,33,37.0
New York City,2022-11-08,23,34.0
New York City,2022-11-09,44,37.0
New York City,2022-11-10,28,37.0
New York City,2022-11-14,55,40.0
New York City,2022-11-15,23,42.0
New York City,2022-11-16,36,35.0
New York City,2022-11-17,36,35.0
New York City,2022-11-18,16,34.0
New York City,2022-11-19,52,35.0
New York City,2022-11-21,29,35.0
New York City,2022-11-22,25,31.0
New York City,2022-11-23,28,32.0
New York City,2022-11-25,2,27.0
New York City,2022-11-28,42,28.0
New York City,2022-11-29,31,30.0
New York City,2022-11-30,35,27.0
New York City,2022-12-01,37,29.0
New York City,2022-12-02,4,26.0
New York City,2022-12-03,37,27.0
New York City,2022-12-05,48,33.0
New York City,2022-12-06,31,32.0
New York City,2022-12-07,37,33.0
New York City,2022-12-08,24,31.0
New York City,2022-12-09,8,27.0
New York City,2022-12-10,107,42.0
New York City,2022-12-12,36,42.0
New York City,2022-12-13,36,40.0
New York City,2022-12-14,37,41.0
New York City,2022-12-15,25,39.0
New York City,2022-12-16,8,37.0
New York City,2022-12-19,28,40.0
New York City,2022-12-20,27,28.0
New York City,2022-12-21,35,28.0
New York City,2022-12-22,21,26.0
New York City,2022-12-23,10,22.0
New York City,2022-12-27,19,21.0
New York City,2022-12-28,27,24.0
New York City,2022-12-29,18,22.0
New York City,2022-12-30,5,19.0
New York City,2023-01-03,26,18.0
New York City,2023-01-04,37,20.0
New York City,2023-01-05,32,23.0
New York City,2023-01-06,10,22.0
New York City,2023-01-07,35,23.0
New York City,2023-01-09,46,27.0
New York City,2023-01-10,26,30.0
New York City,2023-01-11,45,33.0
New York City,2023-01-12,37,33.0
New York City,2023-01-13,4,29.0
New York City,2023-01-17,43,34.0
New York City,2023-01-18,64,38.0
New York City,2023-01-19,46,38.0
New York City,2023-01-20,12,36.0
New York City,2023-01-21,51,37.0
New York City,2023-01-23,68,41.0
New York City,2023-01-24,51,48.0
New York City,2023-01-25,65,51.0
New York City,2023-01-26,42,48.0
New York City,2023-01-27,14,43.0
New York City,2023-01-29,1,42.0
New York City,2023-01-30,72,45.0
New York City,2023-01-31,62,44.0
New York City,2023-02-01,54,44.0
New York City,2023-02-02,51,42.0
New York City,2023-02-03,9,38.0
New York City,2023-02-04,1,36.0
New York City,2023-02-06,56,44.0
New York City,2023-02-07,65,43.0
New York City,2023-02-08,54,41.0
New York City,2023-02-09,29,38.0
New York City,2023-02-10,13,32.0
New York City,2023-02-13,51,38.0
New York City,2023-02-14,50,45.0
New York City,2023-02-15,51,45.0
New York City,2023-02-16,41,41.0
New York City,2023-02-17,9,35.0
New York City,2023-02-21,50,38.0
New York City,2023-02-22,42,42.0
New York City,2023-02-23,49,42.0
New York City,2023-02-24,12,36.0
New York City,2023-02-25,48,36.0
New York City,2023-02-27,41,36.0
New York City,2023-02-28,40,40.0
New York City,2023-03-01,52,41.0
New York City,2023-03-02,34,39.0
New York City,2023-03-03,11,34.0
New York City,2023-03-04,2,33.0
New York City,2023-03-05,1,26.0
New York City,2023-03-06,62,29.0
New York City,2023-03-07,39,29.0
New York City,2023-03-08,24,25.0
New York City,2023-03-09,31,24.0
New York City,2023-03-10,9,24.0
New York City,2023-03-13,43,30.0
New York City,2023-03-14,45,36.0
New York City,2023-03-15,34,32.0
New York City,2023-03-16,33,31.0
New York City,2023-03-17,14,30.0
New York City,2023-03-20,36,31.0
New York City,2023-03-21,20,32.0
New York City,2023-03-22,38,31.0
New York City,2023-03-23,20,28.0
New York City,2023-03-24,14,25.0
New York City,2023-03-27,41,26.0
New York City,2023-03-28,48,31.0
New York City,2023-03-29,36,31.0
New York City,2023-03-30,37,33.0
New York City,2023-03-31,14,30.0
New York City,2023-04-03,30,31.0
New York City,2023-04-04,40,35.0
New York City,2023-04-05,40,35.0
New York City,2023-04-06,34,33.0
New York City,2023-04-07,5,29.0
New York City,2023-04-09,1,23.0
New York City,2023-04-10,53,29.0
New York City,2023-04-11,39,30.0
New York City,2023-04-12,56,33.0
New York City,2023-04-13,42,33.0
New York City,2023-04-14,21,31.0
New York City,2023-04-17,45,37.0
New York City,2023-04-18,33,41.0
New York City,2023-04-19,39,39.0
New York City,2023-04-20,36,39.0
New York City,2023-04-21,15,33.0
New York City,2023-04-24,51,34.0
New York City,2023-04-25,42,37.0
New York City,2023-04-26,43,37.0
New York City,2023-04-27,44,39.0
New York City,2023-04-28,12,35.0
New York City,2023-04-30,1,30.0
New York City,2023-05-01,37,33.0
New York City,2023-05-02,59,34.0
New York City,2023-05-03,55,36.0
New York City,2023-05-04,39,35.0
New York City,2023-05-05,23,32.0
New York City,2023-05-08,31,35.0
New York City,2023-05-09,35,40.0
New York City,2023-05-10,45,41.0
New York City,2023-05-11,54,40.0
New York City,2023-05-12,10,34.0
New York City,2023-05-15,34,33.0
New York City,2023-05-16,47,37.0
New York City,2023-05-17,37,37.0
New York City,2023-05-18,32,37.0
New York City,2023-05-19,9,32.0
New York City,2023-05-20,1,24.0
New York City,2023-05-22,34,28.0
New York City,2023-05-23,59,31.0
New York City,2023-05-24,35,30.0
New York City,2023-05-25,33,29.0
New York City,2023-05-26,11,26.0
New York City,2023-05-30,38,30.0
New York City,2023-05-31,49,37.0
New York City,2023-06-01,32,37.0
New York City,2023-06-02,15,30.0
New York City,2023-06-05,43,32.0
New York City,2023-06-06,55,35.0
New York City,2023-06-07,28,37.0
New York City,2023-06-08,23,35.0
New York City,2023-06-09,12,30.0
New York City,2023-06-10,56,33.0
New York City,2023-06-12,42,37.0
New York City,2023-06-13,42,37.0
New York City,2023-06-14,29,33.0
New York City,2023-06-15,40,35.0
New York City,2023-06-16,7,33.0
New York City,2023-06-20,31,35.0
New York City,2023-06-21,38,33.0
New York City,2023-06-22,37,32.0
New York City,2023-06-23,12,28.0
New York City,2023-06-24,61,32.0
New York City,2023-06-26,47,33.0
New York City,2023-06-27,48,39.0
New York City,2023-06-28,55,43.0
New York City,2023-06-29,52,45.0
New York City,2023-06-30,11,41.0
New York City,2023-07-03,34,44.0
New York City,2023-07-04,1,35.0
New York City,2023-07-05,45,35.0
New York City,2023-07-06,47,35.0
New York City,2023-07-07,24,31.0
New York City,2023-07-08,49,30.0
New York City,2023-07-09,1,29.0
New York City,2023-07-10,51,31.0
New York City,2023-07-11,67,41.0
New York City,2023-07-12,51,41.0
New York City,2023-07-13,35,40.0
New York City,2023-07-14,15,38.0
New York City,2023-07-17,35,36.0
New York City,2023-07-18,36,41.0
New York City,2023-07-19,38,40.0
New York City,2023-07-20,35,35.0
New York City,2023-07-21,7,29.0
New York City,2023-07-22,35,29.0
New York City,2023-07-24,44,33.0
New York City,2023-07-25,33,33.0
New York City,2023-07-26,58,36.0
New York City,2023-07-27,36,35.0
New York City,2023-07-28,15,33.0
New York City,2023-07-31,44,38.0
New York City,2023-08-01,38,38.0
New York City,2023-08-02,41,38.0
New York City,2023-08-03,29,37.0
New York City,2023-08-04,13,31.0
New York City,2023-08-06,1,26.0
New York City,2023-08-07,26,27.0
New York City,2023-08-08,44,27.0
New York City,2023-08-09,26,26.0
New York City,2023-08-10,39,25.0
New York City,2023-08-11,11,23.0
New York City,2023-08-12,31,25.0
New York City,2023-08-14,41,31.0
New York City,2023-08-15,23,31.0
New York City,2023-08-16,25,28.0
New York City,2023-08-17,41,30.0
New York City,2023-08-18,14,27.0
New York City,2023-08-20,1,25.0
New York City,2023-08-21,24,24.0
New York City,2023-08-22,40,24.0
New York City,2023-08-23,47,27.0
New York City,2023-08-24,36,29.0
New York City,2023-08-25,15,25.0
New York City,2023-08-26,48,30.0
New York City,2023-08-27,1,30.0
New York City,2023-08-28,39,32.0
New York City,2023-08-29,46,33.0
New York City,2023-08-30,18,29.0
New York City,2023-08-31,28,28.0
New York City,2023-09-01,15,28.0
New York City,2023-09-02,1,21.0
New York City,2023-09-05,37,26.0
New York City,2023-09-06,29,25.0
New York City,2023-09-07,22,21.0
New York City,2023-09-08,14,21.0
New York City,2023-09-09,27,21.0
New York City,2023-09-10,4,19.0
New York City,2023-09-11,23,22.0
New York City,2023-09-12,18,20.0
New York City,2023-09-13,22,19.0
New York City,2023-09-14,25,19.0
New York City,2023-09-15,12,19.0
New York City,2023-09-16,1,15.0
New York City,2023-09-17,1,15.0
New York City,2023-09-18,36,16.0
New York City,2023-09-19,33,19.0
New York City,2023-09-20,29,20.0
New York City,2023-09-21,17,18.0
New York City,2023-09-22,14,19.0
New York City,2023-09-23,48,25.0
New York City,2023-09-25,26,29.0
New York City,2023-09-26,32,28.0
New York City,2023-09-27,31,28.0
New York City,2023-09-28,30,28.0
New York City,2023-09-29,8,27.0
New York City,2023-09-30,1,25.0
New York City,2023-10-02,29,22.0
New York City,2023-10-03,25,22.0
New York City,2023-10-04,37,23.0
New York City,2023-10-05,17,21.0
New York City,2023-10-06,16,19.0
New York City,2023-10-07,26,22.0
New York City,2023-10-10,21,24.0
New York City,2023-10-11,13,22.0
New York City,2023-10-12,26,22.0
New York City,2023-10-13,11,19.0
New York City,2023-10-16,16,18.0
New York City,2023-10-17,22,19.0
New York City,2023-10-18,41,21.0
New York City,2023-10-19,27,22.0
New York City,2023-10-20,11,22.0
New York City,2023-10-21,78,29.0
New York City,2023-10-23,35,33.0
New York City,2023-10-24,39,36.0
New York City,2023-10-25,40,39.0
New York City,2023-10-26,27,37.0
New York City,2023-10-27,4,33.0
New York City,2023-10-30,28,36.0
New York City,2023-10-31,32,29.0
New York City,2023-11-01,49,31.0
New York City,2023-11-02,18,28.0
New York City,2023-11-03,5,23.0
New York City,2023-11-04,40,25.0
New York City,2023-11-06,38,30.0
New York City,2023-11-07,35,31.0
New York City,2023-11-08,27,30.0
New York City,2023-11-09,21,26.0
New York City,2023-11-12,7,25.0
New York City,2023-11-13,18,27.0
New York City,2023-11-14,28,25.0
New York City,2023-11-15,43,26.0
New York City,2023-11-16,41,26.0
New York City,2023-11-17,8,24.0
New York City,2023-11-18,39,26.0
New York City,2023-11-20,37,31.0
New York City,2023-11-21,30,32.0
New York City,2023-11-22,26,32.0
New York City,2023-11-24,4,26.0
New York City,2023-11-27,9,22.0
New York City,2023-11-28,26,24.0
New York City,2023-11-29,23,22.0
New York City,2023-11-30,27,21.0
New York City,2023-12-01,8,18.0
New York City,2023-12-02,50,21.0
New York City,2023-12-03,4,21.0
New York City,2023-12-04,28,24.0
New York City,2023-12-05,37,25.0
New York City,2023-12-06,44,28.0
New York City,2023-12-07,25,28.0
New York City,2023-12-08,5,28.0
New York City,2023-12-11,48,27.0
New York City,2023-12-12,25,30.0
New York City,2023-12-13,34,31.0
New York City,2023-12-14,25,29.0
New York City,2023-12-15,9,24.0
New York City,2023-12-16,50,28.0
New York City,2023-12-18,32,32.0
New York City,2023-12-19,15,27.0
New York City,2023-12-20,41,29.0
New York City,2023-12-21,24,28.0
New York City,2023-12-22,4,25.0
New York City,2023-12-26,7,25.0
New York City,2023-12-27,30,22.0
New York City,2023-12-28,8,18.0
New York City,2023-12-29,4,17.0
New York City,2024-01-02,10,12.0
New York City,2024-01-03,20,12.0
New York City,2024-01-04,22,14.0
New York City,2024-01-05,9,15.0
New York City,2024-01-06,36,16.0
New York City,2024-01-08,22,18.0
New York City,2024-01-09,23,20.0
New York City,2024-01-10,28,23.0
New York City,2024-01-11,18,23.0
New York City,2024-01-12,11,21.0
New York City,2024-01-17,20,23.0
New York City,2024-01-18,31,22.0
New York City,2024-01-19,2,19.0
New York City,2024-01-20,33,20.0
New York City,2024-01-22,29,21.0
New York City,2024-01-23,14,20.0
New York City,2024-01-24,29,23.0
New York City,2024-01-25,22,23.0
New York City,2024-01-26,9,20.0
New York City,2024-01-28,2,20.0
New York City,2024-01-29,27,19.0
New York City,2024-01-30,33,19.0
New York City,2024-01-31,21,20.0
New York City,2024-02-01,11,18.0
New York City,2024-02-02,12,16.0
New York City,2024-02-03,43,21.0
New York City,2024-02-05,23,24.0
New York City,2024-02-06,27,24.0
New York City,2024-02-07,19,22.0
New York City,2024-02-08,29,23.0
New York City,2024-02-09,9,23.0
New York City,2024-02-10,1,22.0
New York City,2024-02-12,17,18.0
New York City,2024-02-14,26,18.0
New York City,2024-02-15,29,19.0
New York City,2024-02-16,8,17.0
New York City,2024-02-20,17,15.0
New York City,2024-02-21,19,17.0
New York City,2024-02-22,12,18.0
New York City,2024-02-23,7,17.0
New York City,2024-02-24,34,18.0
New York City,2024-02-26,12,16.0
New York City,2024-02-27,19,17.0
New York City,2024-02-28,17,17.0
New York City,2024-02-29,20,17.0
New York City,2024-03-01,9,17.0
New York City,2024-03-04,20,19.0
New York City,2024-03-05,23,17.0
New York City,2024-03-06,23,19.0
New York City,2024-03-07,17,18.0
New York City,2024-03-08,11,18.0
New York City,2024-03-09,40,20.0
New York City,2024-03-11,7,20.0
New York City,2024-03-12,15,19.0
New York City,2024-03-13,21,19.0
New York City,2024-03-14,15,18.0
New York City,2024-03-15,10,17.0
New York City,2024-03-18,27,19.0
New York City,2024-03-19,15,16.0
New York City,2024-03-20,26,18.0
New York City,2024-03-21,23,20.0
New York City,2024-03-22,7,18.0
New York City,2024-03-23,23,19.0
New York City,2024-03-25,25,21.0
New York City,2024-03-26,25,21.0
New York City,2024-03-27,12,20.0
New York City,2024-03-28,16,19.0
New York City,2024-03-29,7,16.0
New York City,2024-04-01,8,17.0
New York City,2024-04-02,9,15.0
New York City,2024-04-03,20,14.0
New York City,2024-04-04,17,13.0
New York City,2024-04-05,9,12.0
New York City,2024-04-06,5,11.0
New York City,2024-04-08,12,11.0
New York City,2024-04-09,10,12.0
New York City,2024-04-10,9,12.0
New York City,2024-04-11,4,9.0
New York City,2024-04-12,8,8.0
New York City,2024-04-13,1,7.0
New York City,2024-04-15,22,9.0
New York City,2024-04-16,28,12.0
New York City,2024-04-17,19,13.0
New York City,2024-04-18,29,16.0
New York City,2024-04-19,10,17.0
New York City,2024-04-22,11,17.0
New York City,2024-04-23,9,18.0
New York City,2024-04-24,22,18.0
New York City,2024-04-25,21,17.0
New York City,2024-04-26,9,16.0
New York City,2024-04-29,11,13.0
New York City,2024-04-30,18,14.0
New York City,2024-05-01,14,15.0
New York City,2024-05-02,14,16.0
New York City,2024-05-03,3,13.0
New York City,2024-05-06,16,12.0
New York City,2024-05-07,10,12.0
New York City,2024-05-08,16,13.0
New York City,2024-05-09,15,13.0
New York City,2024-05-10,13,12.0
New York City,2024-05-13,15,13.0
New York City,2024-05-14,11,14.0
New York City,2024-05-15,20,14.0
New York City,2024-05-16,15,15.0
New York City,2024-05-17,3,13.0
New York City,2024-05-20,14,13.0
New York City,2024-05-21,13,13.0
New York City,2024-05-22,13,13.0
New York City,2024-05-23,15,13.0
New York City,2024-05-24,7,11.0
New York City,2024-05-28,11,11.0
New York City,2024-05-29,10,12.0
New York City,2024-05-30,22,13.0
New York City,2024-05-31,3,12.0
New York City,2024-06-03,13,12.0
New York City,2024-06-04,13,11.0
New York City,2024-06-05,14,12.0
New York City,2024-06-06,12,12.0
New York City,2024-06-07,4,12.0
New York City,2024-06-08,1,9.0
New York City,2024-06-10,17,11.0
New York City,2024-06-11,11,10.0
New York City,2024-06-12,26,12.0
New York City,2024-06-13,15,12.0
New York City,2024-06-14,7,12.0
New York City,2024-06-17,18,14.0
New York City,2024-06-18,9,15.0
New York City,2024-06-19,1,12.0
New York City,2024-06-20,14,13.0
New York City,2024-06-21,7,10.0
New York City,2024-06-23,1,8.0
New York City,2024-06-24,19,10.0
New York City,2024-06-25,21,10.0
New York City,2024-06-26,16,11.0
New York City,2024-06-27,10,13.0
New York City,2024-06-28,6,11.0
New York City,2024-07-01,6,11.0
New York City,2024-07-02,13,13.0
New York City,2024-07-03,11,12.0
New York City,2024-07-05,3,9.0
New York City,2024-07-08,8,8.0
New York City,2024-07-09,16,9.0
New York City,2024-07-10,14,10.0
New York City,2024-07-11,6,10.0
New York City,2024-07-12,3,9.0
New York City,2024-07-15,11,9.0
New York City,2024-07-16,7,9.0
New York City,2024-07-17,25,12.0
New York City,2024-07-18,13,11.0
New York City,2024-07-19,9,11.0
New York City,2024-07-21,1,10.0
New York City,2024-07-22,16,12.0
New York City,2024-07-23,9,11.0
New York City,2024-07-24,7,11.0
New York City,2024-07-25,18,10.0
New York City,2024-07-26,6,9.0
New York City,2024-07-29,25,12.0
New York City,2024-07-30,19,14.0
New York City,2024-07-31,15,14.0
New York City,2024-08-01,17,15.0
New York City,2024-08-02,4,15.0
New York City,2024-08-05,3,13.0
New York City,2024-08-06,10,13.0
New York City,2024-08-07,20,13.0
New York City,2024-08-08,19,13.0
New York City,2024-08-09,4,11.0
New York City,2024-08-10,1,9.0
New York City,2024-08-12,25,12.0
New York City,2024-08-13,8,12.0
New York City,2024-08-14,6,12.0
New York City,2024-08-15,9,10.0
New York City,2024-08-16,6,8.0
New York City,2024-08-19,9,9.0
New York City,2024-08-20,13,11.0
New York City,2024-08-21,6,8.0
New York City,2024-08-22,11,9.0
New York City,2024-08-23,4,8.0
New York City,2024-08-26,5,8.0
New York City,2024-08-27,15,9.0
New York City,2024-08-28,9,9.0
New York City,2024-08-29,7,8.0
New York City,2024-08-30,3,8.0
New York City,2024-09-03,5,7.0
New York City,2024-09-04,7,7.0
New York City,2024-09-05,1,7.0
New York City,2024-09-06,7,6.0
New York City,2024-09-09,10,6.0
New York City,2024-09-10,6,6.0
New York City,2024-09-11,5,6.0
New York City,2024-09-12,10,7.0
New York City,2024-09-13,4,6.0
New York City,2024-09-14,2,6.0
New York City,2024-09-15,1,5.0
New York City,2024-09-16,8,5.0
New York City,2024-09-17,9,6.0
New York City,2024-09-18,3,5.0
New York City,2024-09-19,13,6.0
New York City,2024-09-20,9,6.0
New York City,2024-09-21,1,6.0
New York City,2024-09-22,1,6.0
New York City,2024-09-23,5,6.0
New York City,2024-09-24,21,8.0
New York City,2024-09-25,7,8.0
New York City,2024-09-26,11,8.0
New York City,2024-09-27,11,8.0
New York City,2024-09-28,2,8.0
New York City,2024-09-30,7,9.0
New York City,2024-10-01,5,9.0
New York City,2024-10-02,9,7.0
New York City,2024-10-03,12,8.0
New York City,2024-10-04,5,7.0
New York City,2024-10-07,5,6.0
New York City,2024-10-08,8,7.0
New York City,2024-10-09,5,7.0
New York City,2024-10-10,12,8.0
New York City,2024-10-11,6,8.0
New York City,2024-10-12,1,6.0
New York City,2024-10-15,11,7.0
New York City,2024-10-16,11,8.0
New York City,2024-10-17,4,7.0
New York City,2024-10-18,8,8.0
New York City,2024-10-20,1,6.0
New York City,2024-10-21,28,9.0
New York City,2024-10-22,11,11.0
New York City,2024-10-23,8,10.0
New York City,2024-10-24,8,10.0
New York City,2024-10-25,3,10.0
New York City,2024-10-28,8,10.0
New York City,2024-10-29,8,11.0
New York City,2024-10-30,11,8.0
New York City,2024-10-31,17,9.0
New York City,2024-11-01,2,8.0
New York City,2024-11-02,1,7.0
New York City,2024-11-03,1,7.0
New York City,2024-11-04,16,8.0
New York City,2024-11-05,6,8.0
New York City,2024-11-06,16,8.0
New York City,2024-11-07,8,7.0
New York City,2024-11-08,3,7.0
New York City,2024-11-12,12,9.0
New York City,2024-11-13,14,11.0
New York City,2024-11-14,7,9.0
New York City,2024-11-15,7,10.0
New York City,2024-11-18,5,8.0
New York City,2024-11-19,12,9.0
New York City,2024-11-20,11,10.0
New York City,2024-11-21,5,9.0
New York City,2024-11-22,8,8.0
New York City,2024-11-25,5,8.0
New York City,2024-11-26,22,10.0
New York City,2024-11-27,3,9.0
New York City,2024-11-29,1,8.0
New York City,2024-11-30,1,6.0
New York City,2024-12-02,5,6.0
New York City,2024-12-03,6,6.0
New York City,2024-12-04,16,8.0
New York City,2024-12-05,5,5.0
New York City,2024-12-06,11,6.0
New York City,2024-12-09,3,7.0
New York City,2024-12-10,5,7.0
New York City,2024-12-11,4,7.0
New York City,2024-12-12,5,7.0
New York City,2024-12-13,5,5.0
New York City,2024-12-15,1,5.0
New York City,2024-12-16,10,5.0
New York City,2024-12-17,12,6.0
New York City,2024-12-18,4,6.0
New York City,2024-12-19,4,6.0
New York City,2024-12-20,3,6.0
New York City,2024-12-21,1,5.0
New York City,2024-12-22,1,5.0
New York City,2024-12-23,3,4.0
New York City,2024-12-24,1,2.0
New York City,2024-12-26,3,2.0
New York City,2024-12-27,7,3.0
New York City,2024-12-29,3,3.0
New York City,2024-12-30,7,4.0
New York City,2024-12-31,1,4.0
New York City,2025-01-02,5,4.0
New York City,2025-01-03,1,4.0
New York City,2025-01-06,5,4.0
New York City,2025-01-07,4,4.0
New York City,2025-01-08,5,4.0
New York City,2025-01-09,1,3.0
New York City,2025-01-10,3,3.0
New York City,2025-01-12,1,3.0
New York City,2025-01-13,10,4.0
New York City,2025-01-14,5,4.0
New York City,2025-01-15,15,6.0
New York City,2025-01-16,7,6.0
New York City,2025-01-17,4,6.0
New York City,2025-01-22,12,8.0
New York City,2025-01-23,9,9.0
New York City,2025-01-24,5,8.0
New York City,2025-01-25,1,8.0
New York City,2025-01-26,1,6.0
New York City,2025-01-27,8,6.0
New York City,2025-01-28,37,10.0
New York City,2025-01-29,11,10.0
New York City,2025-01-30,11,11.0
New York City,2025-01-31,18,12.0
New York City,2025-02-01,2,13.0
New York City,2025-02-02,2,13.0
New York City,2025-02-03,26,15.0
New York City,2025-02-04,4,11.0
New York City,2025-02-05,15,11.0
New York City,2025-02-06,10,11.0
New York City,2025-02-07,11,10.0
New York City,2025-02-08,3,10.0
New York City,2025-02-10,14,12.0
New York City,2025-02-11,21,11.0
New York City,2025-02-12,7,12.0
New York City,2025-02-13,14,11.0
New York City,2025-02-14,7,11.0
New York City,2025-02-15,3,10.0
New York City,2025-02-17,2,10.0
New York City,2025-02-18,20,11.0
New York City,2025-02-19,13,9.0
New York City,2025-02-20,14,10.0
New York City,2025-02-21,9,10.0
New York City,2025-02-22,1,9.0
New York City,2025-02-23,2,9.0
New York City,2025-02-24,11,10.0
New York City,2025-02-25,25,11.0
New York City,2025-02-26,13,11.0
New York City,2025-02-27,19,11.0
New York City,2025-02-28,11,12.0
New York City,2025-03-01,1,12.0
New York City,2025-03-02,1,12.0
New York City,2025-03-03,5,11.0
New York City,2025-03-04,14,9.0
New York City,2025-03-05,12,9.0
New York City,2025-03-06,9,8.0
New York City,2025-03-07,2,6.0
New York City,2025-03-08,1,6.0
New York City,2025-03-09,4,7.0
New York City,2025-03-10,4,7.0
New York City,2025-03-11,12,6.0
New York City,2025-03-12,12,6.0
New York City,2025-03-13,8,6.0
New York City,2025-03-14,16,8.0
New York City,2025-03-16,2,8.0
New York City,2025-03-17,14,10.0
New York City,2025-03-18,16,11.0
New York City,2025-03-19,6,11.0
New York City,2025-03-20,4,9.0
New York City,2025-03-21,14,10.0
New York City,2025-03-24,12,10.0
New York City,2025-03-25,14,11.0
New York City,2025-03-26,15,12.0
New York City,2025-03-27,11,11.0
New York City,2025-03-28,16,12.0
New York City,2025-03-30,1,12.0
New York City,2025-03-31,10,11.0
New York City,2025-04-01,11,11.0
New York City,2025-04-02,13,11.0
New York City,2025-04-03,10,10.0
New York City,2025-04-04,7,10.0
New York City,2025-04-05,1,8.0
New York City,2025-04-06,12,9.0
New York City,2025-04-07,38,13.0
New York City,2025-04-08,25,15.0
New York City,2025-04-09,35,18.0
New York City,2025-04-10,36,22.0
New York City,2025-04-11,33,26.0
New York City,2025-04-12,16,28.0
New York City,2025-04-14,9,27.0
New York City,2025-04-15,12,24.0
New York City,2025-04-16,13,22.0
New York City,2025-04-17,7,18.0
New York City,2025-04-18,6,14.0
New York City,2025-04-21,5,10.0
New York City,2025-04-22,11,9.0
New York City,2025-04-23,11,9.0
New York City,2025-04-24,9,9.0
New York City,2025-04-25,6,8.0
New York City,2025-04-26,1,7.0
New York City,2025-04-27,2,6.0
New York City,2025-04-28,13,8.0
New York City,2025-04-29,11,8.0
New York City,2025-04-30,15,8.0
New York City,2025-05-01,9,8.0
New York City,2025-05-02,5,8.0
New York City,2025-05-03,3,8.0
New York City,2025-05-05,4,9.0
New York City,2025-05-06,11,8.0
New York City,2025-05-07,8,8.0
New York City,2025-05-08,6,7.0
New York City,2025-05-09,8,6.0
New York City,2025-05-10,1,6.0
New York City,2025-05-12,13,7.0
New York City,2025-05-13,9,8.0
New York City,2025-05-14,13,8.0
New York City,2025-05-15,10,9.0
New York City,2025-05-16,14,10.0
New York City,2025-05-17,1,9.0
New York City,2025-05-18,1,9.0
New York City,2025-05-19,11,8.0
New York City,2025-05-20,13,9.0
New York City,2025-05-21,26,11.0
New York City,2025-05-22,20,12.0
New York City,2025-05-23,17,13.0
New York City,2025-05-24,3,13.0
New York City,2025-05-25,3,13.0
New York City,2025-05-26,5,12.0
New York City,2025-05-27,25,14.0
New York City,2025-05-28,66,20.0
New York City,2025-05-29,53,25.0
New York City,2025-05-30,28,26.0
New York City,2025-05-31,4,26.0
New York City,2025-06-01,23,29.0
New York City,2025-06-02,58,37.0
New York City,2025-06-03,108,49.0
New York City,2025-06-04,110,55.0
New York City,2025-06-05,49,54.0
New York City,2025-06-06,21,53.0
New York City,2025-06-07,18,55.0
New York City,2025-06-08,10,53.0
New York City,2025-06-09,30,49.0
New York City,2025-06-10,46,41.0
New York City,2025-06-11,35,30.0
New York City,2025-06-12,39,28.0
New York City,2025-06-13,7,26.0
New York City,2025-06-15,1,24.0
New York City,2025-06-16,40,28.0
New York City,2025-06-17,34,29.0
New York City,2025-06-18,24,26.0
New York City,2025-06-19,16,23.0
New York City,2025-06-20,20,20.0
New York City,2025-06-21,25,23.0
New York City,2025-06-22,31,27.0
New York City,2025-06-23,35,26.0
New York City,2025-06-24,42,28.0
New York City,2025-06-25,51,31.0
New York City,2025-06-26,69,39.0
New York City,2025-06-27,26,40.0
New York City,2025-06-28,5,37.0
New York City,2025-06-29,2,33.0
New York City,2025-06-30,30,32.0
New York City,2025-07-01,38,32.0
New York City,2025-07-02,43,30.0
New York City,2025-07-03,30,25.0
New York City,2025-07-05,5,22.0
New York City,2025-07-06,9,22.0
New York City,2025-07-07,29,26.0
New York City,2025-07-08,41,28.0
New York City,2025-07-09,35,27.0
New York City,2025-07-10,32,26.0
New York City,2025-07-11,38,27.0
New York City,2025-07-12,4,27.0
New York City,2025-07-13,3,26.0
New York City,2025-07-14,29,26.0
New York City,2025-07-15,45,27.0
New York City,2025-07-16,52,29.0
New York City,2025-07-17,54,32.0
New York City,2025-07-18,32,31.0
New York City,2025-07-19,4,31.0
New York City,2025-07-20,7,32.0
New York City,2025-07-21,43,34.0
New York City,2025-07-22,36,33.0
New York City,2025-07-23,29,29.0
New York City,2025-07-24,48,28.0
New York City,2025-07-25,40,30.0
New York City,2025-07-26,16,31.0
New York City,2025-07-27,11,32.0
New York City,2025-07-28,52,33.0
New York City,2025-07-29,54,36.0
New York City,2025-07-30,49,39.0
New York City,2025-07-31,41,38.0
New York City,2025-08-01,37,37.0
New York City,2025-08-02,11,36.0
New York City,2025-08-03,11,36.0
New York City,2025-08-04,46,36.0
New York City,2025-08-05,44,34.0
New York City,2025-08-06,53,35.0
New York City,2025-08-07,49,36.0
New York City,2025-08-08,19,33.0
New York City,2025-08-09,13,34.0
New York City,2025-08-10,7,33.0
New York City,2025-08-11,29,31.0
New York City,2025-08-12,32,29.0
New York City,2025-08-13,29,25.0
New York City,2025-08-14,26,22.0
New York City,2025-08-15,28,23.0
New York City,2025-08-16,16,24.0
New York City,2025-08-17,2,23.0
New York City,2025-08-18,23,22.0
New York City,2025-08-19,31,22.0
New York City,2025-08-20,29,22.0
New York City,2025-08-21,37,24.0
New York City,2025-08-22,24,23.0
New York City,2025-08-23,11,22.0
New York City,2025-08-24,13,24.0
New York City,2025-08-25,25,24.0
New York City,2025-08-26,25,23.0
New York City,2025-08-27,27,23.0
New York City,2025-08-28,28,22.0
New York City,2025-08-29,12,20.0
New York City,2025-08-30,12,20.0
New York City,2025-08-31,2,19.0
New York City,2025-09-01,52,23.0
New York City,2025-09-02,16,21.0
New York City,2025-09-03,46,24.0
New York City,2025-09-04,53,28.0
New York City,2025-09-05,26,30.0
New York City,2025-09-06,8,29.0
New York City,2025-09-07,11,30.0
New York City,2025-09-08,32,27.0
New York City,2025-09-09,30,29.0
New York City,2025-09-10,22,26.0
New York City,2025-09-11,29,23.0
New York City,2025-09-12,21,22.0
New York City,2025-09-13,16,23.0
New York City,2025-09-14,6,22.0
New York City,2025-09-15,30,22.0
New York City,2025-09-16,31,22.0
New York City,2025-09-17,33,24.0
New York City,2025-09-18,20,22.0
New York City,2025-09-19,10,21.0
New York City,2025-09-20,9,20.0
New York City,2025-09-21,6,20.0
New York City,2025-09-22,26,19.0
New York City,2025-09-23,33,20.0
New York City,2025-09-24,38,20.0
New York City,2025-09-25,31,22.0
New York City,2025-09-26,16,23.0
New York City,2025-09-27,6,22.0
New York City,2025-09-28,9,23.0
New York City,2025-09-29,24,22.0
New York City,2025-09-30,17,20.0
New York City,2025-10-01,25,18.0
New York City,2025-10-02,20,17.0
New York City,2025-10-03,18,17.0
New York City,2025-10-04,2,16.0
New York City,2025-10-05,5,16.0
New York City,2025-10-06,36,18.0
New York City,2025-10-07,18,18.0
New York City,2025-10-08,27,18.0
New York City,2025-10-09,27,19.0
New York City,2025-10-10,32,21.0
New York City,2025-10-11,8,22.0
New York City,2025-10-12,4,22.0
New York City,2025-10-13,8,18.0
New York City,2025-10-14,42,21.0
New York City,2025-10-15,44,24.0
New York City,2025-10-16,28,24.0
New York City,2025-10-17,44,25.0
New York City,2025-10-18,10,26.0
New York City,2025-10-19,9,26.0
New York City,2025-10-20,23,29.0
New York City,2025-10-21,43,29.0
New York City,2025-10-22,37,28.0
New York City,2025-10-23,40,29.0
New York City,2025-10-24,25,27.0
New York City,2025-10-25,16,28.0
New York City,2025-10-26,49,33.0
New York City,2025-10-27,50,37.0
New York City,2025-10-28,50,38.0
New York City,2025-10-29,36,38.0
New York City,2025-10-30,34,37.0
New York City,2025-10-31,30,38.0
New York City,2025-11-01,31,40.0
New York City,2025-11-02,29,37.0
New York City,2025-11-03,50,37.0
New York City,2025-11-04,44,36.0
New York City,2025-11-05,46,38.0
New York City,2025-11-06,42,39.0
New York City,2025-11-07,44,41.0
New York City,2025-11-08,30,41.0
New York City,2025-11-09,21,40.0
New York City,2025-11-10,42,38.0
New York City,2025-11-11,33,37.0
New York City,2025-11-12,48,37.0
New York City,2025-11-13,42,37.0
New York City,2025-11-14,28,35.0
New York City,2025-11-15,18,33.0
New York City,2025-11-16,18,33.0
New York City,2025-11-17,46,33.0
New York City,2025-11-18,66,38.0
New York City,2025-11-19,45,38.0
New York City,2025-11-20,39,37.0
New York City,2025-11-21,20,36.0
New York City,2025-11-22,9,35.0
New York City,2025-11-23,23,35.0
New York City,2025-11-24,42,35.0
New York City,2025-11-25,54,33.0
New York City,2025-11-26,39,32.0
New York City,2025-11-27,18,29.0
New York City,2025-11-28,14,28.0
New York City,2025-11-29,4,28.0
New York City,2025-11-30,15,27.0
New York City,2025-12-01,42,27.0
New York City,2025-12-02,43,25.0
New York City,2025-12-03,53,27.0
New York City,2025-12-04,51,32.0
New York City,2025-12-05,41,36.0
New York City,2025-12-06,26,39.0
New York City,2025-12-07,23,40.0
New York City,2025-12-08,54,42.0
New York City,2025-12-09,49,42.0
New York City,2025-12-10,23,38.0
New York City,2025-12-11,58,39.0
New York City,2025-12-12,36,38.0
New York City,2025-12-13,13,37.0
New York City,2025-12-14,27,37.0
New York City,2025-12-15,31,34.0
New York City,2025-12-16,46,33.0
New York City,2025-12-17,30,34.0
New York City,2025-12-18,29,30.0
New York City,2025-12-19,29,29.0
New York City,2025-12-20,23,31.0
New York City,2025-12-21,19,30.0
New York City,2025-12-22,31,30.0
New York City,2025-12-23,17,25.0
New York City,2025-12-24,18,24.0
New York City,2025-12-25,7,21.0
New York City,2025-12-26,22,20.0
New York City,2025-12-27,3,17.0
New York City,2025-12-28,19,17.0
New York City,2025-12-29,48,19.0
New York City,2025-12-30,28,21.0
New York City,2025-12-31,22,21.0
New York City,2026-01-01,22,23.0
New York City,2026-01-02,21,23.0
New York City,2026-01-03,25,26.0
New York City,2026-01-04,16,26.0
New York City,2026-01-05,50,26.0
New York City,2026-01-06,32,27.0
New York City,2026-01-07,29,28.0
New York City,2026-01-08,47,31.0
New York City,2026-01-09,31,33.0
New York City,2026-01-10,23,33.0
New York City,2026-01-11,18,33.0
New York City,2026-01-12,36,31.0
New York City,2026-01-13,49,33.0
New York City,2026-01-14,36,34.0
New York City,2026-01-15,43,34.0
New York City,2026-01-16,33,34.0
New York City,2026-01-17,23,34.0
New York City,2026-01-18,14,33.0
New York City,2026-01-19,40,34.0
New York City,2026-01-20,38,32.0
New York City,2026-01-21,37,33.0
New York City,2026-01-22,59,35.0
New York City,2026-01-23,20,33.0
New York City,2026-01-24,14,32.0
New York City,2026-01-26,2,30.0
New York City,2026-01-27,37,30.0
New York City,2026-01-28,43,30.0
New York City,2026-01-29,44,31.0
New York City,2026-01-30,19,26.0
New York City,2026-01-31,21,26.0
New York City,2026-02-01,22,27.0
New York City,2026-02-02,43,33.0
New York City,2026-02-03,31,32.0
New York City,2026-02-04,28,30.0
New York City,2026-02-05,38,29.0
New York City,2026-02-06,24,30.0
New York City,2026-02-07,10,28.0
New York City,2026-02-08,3,25.0
New York City,2026-02-09,22,22.0
New York City,2026-02-10,18,20.0
New York City,2026-02-11,42,22.0
New York City,2026-02-12,31,21.0
New York City,2026-02-13,18,21.0
New York City,2026-02-14,7,20.0
New York City,2026-02-15,12,21.0
New York City,2026-02-16,10,20.0
New York City,2026-02-17,22,20.0
New York City,2026-02-18,26,18.0
New York City,2026-02-19,23,17.0
New York City,2026-02-20,26,18.0
New York City,2026-02-21,15,19.0
New York City,2026-02-22,3,18.0
New York City,2026-02-24,10,18.0
New York City,2026-02-25,36,20.0
New York City,2026-02-26,28,20.0
New York City,2026-02-27,25,20.0
New York City,2026-02-28,23,20.0
New York City,2026-03-01,17,20.0
New York City,2026-03-02,33,25.0
New York City,2026-03-03,28,27.0
New York City,2026-03-04,35,27.0
New York City,2026-03-05,42,29.0
New York City,2026-03-06,29,30.0
New York City,2026-03-07,13,28.0
New York City,2026-03-08,6,27.0
New York City,2026-03-09,30,26.0
New York City,2026-03-10,43,28.0
Newark,2022-10-03,78,34.0
Newark,2022-10-04,90,41.0
Newark,2022-10-05,63,46.0
Newark,2022-10-06,91,57.0
Newark,2022-10-07,54,64.0
Newark,2022-10-09,2,60.0
Newark,2022-10-10,1,54.0
Newark,2022-10-11,74,54.0
Newark,2022-10-12,70,51.0
Newark,2022-10-13,71,52.0
Newark,2022-10-14,75,50.0
Newark,2022-10-15,1,42.0
Newark,2022-10-17,61,50.0
Newark,2022-10-18,77,61.0
Newark,2022-10-19,82,62.0
Newark,2022-10-20,74,63.0
Newark,2022-10-21,64,62.0
Newark,2022-10-24,46,58.0
Newark,2022-10-25,61,66.0
Newark,2022-10-26,58,66.0
Newark,2022-10-27,51,62.0
Newark,2022-10-28,63,60.0
Newark,2022-10-31,58,57.0
Newark,2022-11-01,79,59.0
Newark,2022-11-02,65,62.0
Newark,2022-11-03,56,61.0
Newark,2022-11-04,69,63.0
Newark,2022-11-07,69,66.0
Newark,2022-11-08,71,67.0
Newark,2022-11-09,73,69.0
Newark,2022-11-10,64,67.0
Newark,2022-11-12,2,58.0
Newark,2022-11-13,1,50.0
Newark,2022-11-14,50,47.0
Newark,2022-11-15,83,49.0
Newark,2022-11-16,58,47.0
Newark,2022-11-17,61,46.0
Newark,2022-11-18,50,44.0
Newark,2022-11-19,4,44.0
Newark,2022-11-21,54,51.0
Newark,2022-11-22,71,54.0
Newark,2022-11-23,51,50.0
Newark,2022-11-25,34,46.0
Newark,2022-11-26,2,38.0
Newark,2022-11-28,72,41.0
Newark,2022-11-29,73,51.0
Newark,2022-11-30,63,52.0
Newark,2022-12-01,57,50.0
Newark,2022-12-02,63,52.0
Newark,2022-12-03,11,49.0
Newark,2022-12-04,3,49.0
Newark,2022-12-05,38,44.0
Newark,2022-12-06,32,38.0
Newark,2022-12-07,47,36.0
Newark,2022-12-08,37,33.0
Newark,2022-12-09,42,30.0
Newark,2022-12-12,40,34.0
Newark,2022-12-13,59,42.0
Newark,2022-12-14,51,44.0
Newark,2022-12-15,34,44.0
Newark,2022-12-16,68,47.0
Newark,2022-12-19,48,49.0
Newark,2022-12-20,69,53.0
Newark,2022-12-21,46,54.0
Newark,2022-12-22,47,52.0
Newark,2022-12-23,41,50.0
Newark,2022-12-25,1,46.0
Newark,2022-12-26,1,36.0
Newark,2022-12-27,43,35.0
Newark,2022-12-28,36,31.0
Newark,2022-12-29,56,32.0
Newark,2022-12-30,31,30.0
Newark,2023-01-01,2,24.0
Newark,2023-01-03,75,35.0
Newark,2023-01-04,53,42.0
Newark,2023-01-05,59,45.0
Newark,2023-01-06,59,48.0
Newark,2023-01-09,49,47.0
Newark,2023-01-10,66,52.0
Newark,2023-01-11,53,59.0
Newark,2023-01-12,70,58.0
Newark,2023-01-13,78,62.0
Newark,2023-01-14,1,54.0
Newark,2023-01-15,2,46.0
Newark,2023-01-16,1,39.0
Newark,2023-01-17,68,39.0
Newark,2023-01-18,60,40.0
Newark,2023-01-19,71,40.0
Newark,2023-01-20,61,38.0
Newark,2023-01-21,3,38.0
Newark,2023-01-23,72,48.0
Newark,2023-01-24,78,59.0
Newark,2023-01-25,71,59.0
Newark,2023-01-26,65,60.0
Newark,2023-01-27,61,59.0
Newark,2023-01-28,1,50.0
Newark,2023-01-30,71,60.0
Newark,2023-01-31,57,58.0
Newark,2023-02-01,76,57.0
Newark,2023-02-02,54,55.0
Newark,2023-02-03,60,54.0
Newark,2023-02-04,1,46.0
Newark,2023-02-06,49,53.0
Newark,2023-02-07,57,51.0
Newark,2023-02-08,56,50.0
Newark,2023-02-09,64,49.0
Newark,2023-02-10,57,49.0
Newark,2023-02-13,80,52.0
Newark,2023-02-14,93,65.0
Newark,2023-02-15,70,68.0
Newark,2023-02-16,78,71.0
Newark,2023-02-17,68,73.0
Newark,2023-02-21,96,77.0
Newark,2023-02-22,60,78.0
Newark,2023-02-23,66,76.0
Newark,2023-02-24,64,72.0
Newark,2023-02-27,80,73.0
Newark,2023-02-28,51,69.0
Newark,2023-03-01,69,69.0
Newark,2023-03-02,70,66.0
Newark,2023-03-03,58,65.0
Newark,2023-03-04,1,56.0
Newark,2023-03-06,41,53.0
Newark,2023-03-07,48,48.0
Newark,2023-03-08,34,46.0
Newark,2023-03-09,41,42.0
Newark,2023-03-10,37,37.0
Newark,2023-03-11,1,29.0
Newark,2023-03-13,47,36.0
Newark,2023-03-14,48,37.0
Newark,2023-03-15,43,36.0
Newark,2023-03-16,48,38.0
Newark,2023-03-17,39,38.0
Newark,2023-03-18,2,33.0
Newark,2023-03-20,56,40.0
Newark,2023-03-21,28,38.0
Newark,2023-03-22,34,36.0
Newark,2023-03-23,38,35.0
Newark,2023-03-24,42,34.0
Newark,2023-03-26,1,29.0
Newark,2023-03-27,37,34.0
Newark,2023-03-28,43,32.0
Newark,2023-03-29,47,35.0
Newark,2023-03-30,32,34.0
Newark,2023-03-31,35,34.0
Newark,2023-04-01,1,28.0
Newark,2023-04-03,44,34.0
Newark,2023-04-04,33,34.0
Newark,2023-04-05,41,33.0
Newark,2023-04-06,49,34.0
Newark,2023-04-07,21,32.0
Newark,2023-04-10,30,31.0
Newark,2023-04-11,26,35.0
Newark,2023-04-12,39,34.0
Newark,2023-04-13,41,35.0
Newark,2023-04-14,34,34.0
Newark,2023-04-15,2,28.0
Newark,2023-04-17,29,29.0
Newark,2023-04-18,34,29.0
Newark,2023-04-19,33,30.0
Newark,2023-04-20,27,29.0
Newark,2023-04-21,47,29.0
Newark,2023-04-22,2,25.0
Newark,2023-04-24,46,31.0
Newark,2023-04-25,40,33.0
Newark,2023-04-26,30,32.0
Newark,2023-04-27,21,30.0
Newark,2023-04-28,29,31.0
Newark,2023-04-29,1,24.0
Newark,2023-05-01,43,30.0
Newark,2023-05-02,34,28.0
Newark,2023-05-03,39,28.0
Newark,2023-05-04,30,28.0
Newark,2023-05-05,38,31.0
Newark,2023-05-08,40,32.0
Newark,2023-05-09,21,35.0
Newark,2023-05-10,28,33.0
Newark,2023-05-11,48,35.0
Newark,2023-05-12,30,34.0
Newark,2023-05-13,2,30.0
Newark,2023-05-15,36,29.0
Newark,2023-05-16,30,28.0
Newark,2023-05-17,27,29.0
Newark,2023-05-18,27,29.0
Newark,2023-05-19,26,25.0
Newark,2023-05-20,1,21.0
Newark,2023-05-22,31,25.0
Newark,2023-05-23,57,28.0
Newark,2023-05-24,42,30.0
Newark,2023-05-25,41,32.0
Newark,2023-05-26,47,35.0
Newark,2023-05-28,2,32.0
Newark,2023-05-29,1,32.0
Newark,2023-05-30,33,32.0
Newark,2023-05-31,55,32.0
Newark,2023-06-01,33,30.0
Newark,2023-06-02,28,28.0
Newark,2023-06-04,1,22.0
Newark,2023-06-05,42,28.0
Newark,2023-06-06,32,32.0
Newark,2023-06-07,35,32.0
Newark,2023-06-08,53,32.0
Newark,2023-06-09,31,32.0
Newark,2023-06-12,37,33.0
Newark,2023-06-13,30,37.0
Newark,2023-06-14,28,35.0
Newark,2023-06-15,30,35.0
Newark,2023-06-16,31,34.0
Newark,2023-06-17,3,27.0
Newark,2023-06-19,3,23.0
Newark,2023-06-20,38,23.0
Newark,2023-06-21,32,24.0
Newark,2023-06-22,38,25.0
Newark,2023-06-23,25,24.0
Newark,2023-06-24,2,20.0
Newark,2023-06-25,1,20.0
Newark,2023-06-26,44,26.0
Newark,2023-06-27,33,25.0
Newark,2023-06-28,46,27.0
Newark,2023-06-29,42,28.0
Newark,2023-06-30,28,28.0
Newark,2023-07-01,1,28.0
Newark,2023-07-03,26,31.0
Newark,2023-07-04,2,25.0
Newark,2023-07-05,37,26.0
Newark,2023-07-06,38,25.0
Newark,2023-07-07,37,24.0
Newark,2023-07-10,66,30.0
Newark,2023-07-11,37,35.0
Newark,2023-07-12,26,35.0
Newark,2023-07-13,26,38.0
Newark,2023-07-14,19,36.0
Newark,2023-07-15,1,30.0
Newark,2023-07-17,24,28.0
Newark,2023-07-18,20,22.0
Newark,2023-07-19,14,19.0
Newark,2023-07-20,23,18.0
Newark,2023-07-21,22,18.0
Newark,2023-07-24,29,19.0
Newark,2023-07-25,22,22.0
Newark,2023-07-26,22,22.0
Newark,2023-07-27,19,22.0
Newark,2023-07-28,19,22.0
Newark,2023-07-31,22,22.0
Newark,2023-08-01,41,25.0
Newark,2023-08-02,23,24.0
Newark,2023-08-03,18,23.0
Newark,2023-08-04,24,24.0
Newark,2023-08-07,19,24.0
Newark,2023-08-08,14,23.0
Newark,2023-08-09,28,24.0
Newark,2023-08-10,21,21.0
Newark,2023-08-11,26,21.0
Newark,2023-08-12,1,19.0
Newark,2023-08-14,22,19.0
Newark,2023-08-15,25,20.0
Newark,2023-08-16,19,20.0
Newark,2023-08-17,20,19.0
Newark,2023-08-18,22,19.0
Newark,2023-08-19,2,16.0
Newark,2023-08-21,10,17.0
Newark,2023-08-22,26,18.0
Newark,2023-08-23,28,18.0
Newark,2023-08-24,9,17.0
Newark,2023-08-25,25,17.0
Newark,2023-08-26,1,14.0
Newark,2023-08-28,21,17.0
Newark,2023-08-29,20,19.0
Newark,2023-08-30,15,17.0
Newark,2023-08-31,23,16.0
Newark,2023-09-01,17,17.0
Newark,2023-09-03,3,14.0
Newark,2023-09-04,2,14.0
Newark,2023-09-05,14,13.0
Newark,2023-09-06,13,12.0
Newark,2023-09-07,21,13.0
Newark,2023-09-08,14,12.0
Newark,2023-09-09,1,10.0
Newark,2023-09-11,22,12.0
Newark,2023-09-12,31,17.0
Newark,2023-09-13,15,17.0
Newark,2023-09-14,10,16.0
Newark,2023-09-15,12,15.0
Newark,2023-09-16,2,13.0
Newark,2023-09-18,17,16.0
Newark,2023-09-19,15,15.0
Newark,2023-09-20,9,11.0
Newark,2023-09-21,27,13.0
Newark,2023-09-22,18,14.0
Newark,2023-09-23,5,13.0
Newark,2023-09-24,1,13.0
Newark,2023-09-25,15,13.0
Newark,2023-09-26,13,13.0
Newark,2023-09-27,24,15.0
Newark,2023-09-28,17,13.0
Newark,2023-09-29,20,14.0
Newark,2023-09-30,3,13.0
Newark,2023-10-01,1,13.0
Newark,2023-10-02,27,15.0
Newark,2023-10-03,9,14.0
Newark,2023-10-04,18,14.0
Newark,2023-10-05,9,12.0
Newark,2023-10-06,22,13.0
Newark,2023-10-09,1,12.0
Newark,2023-10-10,21,15.0
Newark,2023-10-11,19,14.0
Newark,2023-10-12,13,15.0
Newark,2023-10-13,23,15.0
Newark,2023-10-14,3,15.0
Newark,2023-10-16,16,14.0
Newark,2023-10-17,11,15.0
Newark,2023-10-18,14,14.0
Newark,2023-10-19,11,13.0
Newark,2023-10-20,21,14.0
Newark,2023-10-21,1,11.0
Newark,2023-10-23,13,12.0
Newark,2023-10-24,16,12.0
Newark,2023-10-25,5,12.0
Newark,2023-10-26,15,12.0
Newark,2023-10-27,16,12.0
Newark,2023-10-28,3,10.0
Newark,2023-10-30,20,13.0
Newark,2023-10-31,8,12.0
Newark,2023-11-01,8,11.0
Newark,2023-11-02,3,10.0
Newark,2023-11-03,11,10.0
Newark,2023-11-06,20,10.0
Newark,2023-11-07,9,11.0
Newark,2023-11-08,20,11.0
Newark,2023-11-09,21,13.0
Newark,2023-11-11,2,12.0
Newark,2023-11-13,13,14.0
Newark,2023-11-14,18,15.0
Newark,2023-11-15,5,13.0
Newark,2023-11-16,8,12.0
Newark,2023-11-17,15,12.0
Newark,2023-11-18,1,9.0
Newark,2023-11-20,17,11.0
Newark,2023-11-21,18,12.0
Newark,2023-11-22,16,11.0
Newark,2023-11-24,16,13.0
Newark,2023-11-27,21,15.0
Newark,2023-11-28,15,15.0
Newark,2023-11-29,11,16.0
Newark,2023-11-30,8,15.0
Newark,2023-12-01,15,15.0
Newark,2023-12-02,1,12.0
Newark,2023-12-03,1,10.0
Newark,2023-12-04,24,11.0
Newark,2023-12-05,19,11.0
Newark,2023-12-06,20,13.0
Newark,2023-12-07,8,13.0
Newark,2023-12-08,14,12.0
Newark,2023-12-09,2,13.0
Newark,2023-12-11,8,14.0
Newark,2023-12-12,20,13.0
Newark,2023-12-13,18,13.0
Newark,2023-12-14,11,12.0
Newark,2023-12-15,13,12.0
Newark,2023-12-16,2,11.0
Newark,2023-12-18,24,14.0
Newark,2023-12-19,25,16.0
Newark,2023-12-20,15,15.0
Newark,2023-12-21,10,14.0
Newark,2023-12-22,11,14.0
Newark,2023-12-26,9,14.0
Newark,2023-12-27,14,15.0
Newark,2023-12-28,12,14.0
Newark,2023-12-29,12,12.0
Newark,2023-12-31,2,10.0
Newark,2024-01-02,13,10.0
Newark,2024-01-03,14,11.0
Newark,2024-01-04,12,11.0
Newark,2024-01-05,12,11.0
Newark,2024-01-06,3,10.0
Newark,2024-01-08,15,10.0
Newark,2024-01-09,18,12.0
Newark,2024-01-10,11,12.0
Newark,2024-01-11,9,11.0
Newark,2024-01-12,21,13.0
Newark,2024-01-14,1,11.0
Newark,2024-01-16,19,13.0
Newark,2024-01-17,12,13.0
Newark,2024-01-18,17,13.0
Newark,2024-01-19,7,12.0
Newark,2024-01-20,3,11.0
Newark,2024-01-22,16,11.0
Newark,2024-01-23,18,13.0
Newark,2024-01-24,10,12.0
Newark,2024-01-25,15,12.0
Newark,2024-01-26,14,12.0
Newark,2024-01-27,5,12.0
Newark,2024-01-29,14,13.0
Newark,2024-01-30,7,12.0
Newark,2024-01-31,14,11.0
Newark,2024-02-01,19,13.0
Newark,2024-02-02,23,14.0
Newark,2024-02-03,1,12.0
Newark,2024-02-05,8,12.0
Newark,2024-02-06,25,14.0
Newark,2024-02-07,19,16.0
Newark,2024-02-08,13,15.0
Newark,2024-02-09,21,16.0
Newark,2024-02-10,2,13.0
Newark,2024-02-12,15,15.0
Newark,2024-02-13,15,16.0
Newark,2024-02-14,14,14.0
Newark,2024-02-15,20,14.0
Newark,2024-02-16,19,15.0
Newark,2024-02-18,2,12.0
Newark,2024-02-19,1,12.0
Newark,2024-02-20,23,13.0
Newark,2024-02-21,14,13.0
Newark,2024-02-22,12,13.0
Newark,2024-02-23,12,12.0
Newark,2024-02-24,3,10.0
Newark,2024-02-26,17,12.0
Newark,2024-02-27,17,14.0
Newark,2024-02-28,9,12.0
Newark,2024-02-29,13,12.0
Newark,2024-03-01,9,11.0
Newark,2024-03-02,3,10.0
Newark,2024-03-04,14,12.0
Newark,2024-03-05,7,10.0
Newark,2024-03-06,16,10.0
Newark,2024-03-07,13,11.0
Newark,2024-03-08,12,11.0
Newark,2024-03-09,2,10.0
Newark,2024-03-11,19,12.0
Newark,2024-03-12,15,12.0
Newark,2024-03-13,13,13.0
Newark,2024-03-14,22,14.0
Newark,2024-03-15,14,14.0
Newark,2024-03-16,4,13.0
Newark,2024-03-18,14,14.0
Newark,2024-03-19,16,14.0
Newark,2024-03-20,9,13.0
Newark,2024-03-21,6,12.0
Newark,2024-03-22,15,11.0
Newark,2024-03-23,2,9.0
Newark,2024-03-24,2,9.0
Newark,2024-03-25,14,9.0
Newark,2024-03-26,14,9.0
Newark,2024-03-27,12,9.0
Newark,2024-03-28,9,10.0
Newark,2024-03-29,2,8.0
Newark,2024-03-30,1,8.0
Newark,2024-03-31,3,8.0
Newark,2024-04-01,15,8.0
Newark,2024-04-02,14,8.0
Newark,2024-04-03,16,9.0
Newark,2024-04-04,6,8.0
Newark,2024-04-05,13,10.0
Newark,2024-04-06,1,10.0
Newark,2024-04-08,13,11.0
Newark,2024-04-09,20,12.0
Newark,2024-04-10,14,12.0
Newark,2024-04-11,13,11.0
Newark,2024-04-12,11,12.0
Newark,2024-04-13,3,11.0
Newark,2024-04-15,15,13.0
Newark,2024-04-16,17,13.0
Newark,2024-04-17,17,13.0
Newark,2024-04-18,13,13.0
Newark,2024-04-19,32,15.0
Newark,2024-04-20,5,15.0
Newark,2024-04-22,24,18.0
Newark,2024-04-23,15,18.0
Newark,2024-04-24,23,18.0
Newark,2024-04-25,18,19.0
Newark,2024-04-26,13,19.0
Newark,2024-04-27,1,14.0
Newark,2024-04-29,18,16.0
Newark,2024-04-30,11,14.0
Newark,2024-05-01,7,13.0
Newark,2024-05-02,16,12.0
Newark,2024-05-03,21,12.0
Newark,2024-05-04,3,11.0
Newark,2024-05-06,20,14.0
Newark,2024-05-07,18,14.0
Newark,2024-05-08,26,16.0
Newark,2024-05-09,11,16.0
Newark,2024-05-10,14,16.0
Newark,2024-05-11,1,13.0
Newark,2024-05-12,2,13.0
Newark,2024-05-13,22,13.0
Newark,2024-05-14,13,13.0
Newark,2024-05-15,11,11.0
Newark,2024-05-16,6,10.0
Newark,2024-05-17,12,10.0
Newark,2024-05-18,1,10.0
Newark,2024-05-20,13,11.0
Newark,2024-05-21,19,11.0
Newark,2024-05-22,7,10.0
Newark,2024-05-23,11,10.0
Newark,2024-05-24,13,11.0
Newark,2024-05-25,10,11.0
Newark,2024-05-26,3,11.0
Newark,2024-05-27,1,9.0
Newark,2024-05-28,16,9.0
Newark,2024-05-29,16,10.0
Newark,2024-05-30,18,11.0
Newark,2024-05-31,16,11.0
Newark,2024-06-01,1,10.0
Newark,2024-06-02,2,10.0
Newark,2024-06-03,16,12.0
Newark,2024-06-04,9,11.0
Newark,2024-06-05,12,11.0
Newark,2024-06-06,7,9.0
Newark,2024-06-07,11,8.0
Newark,2024-06-08,4,9.0
Newark,2024-06-09,2,9.0
Newark,2024-06-10,13,8.0
Newark,2024-06-11,15,9.0
Newark,2024-06-12,10,9.0
Newark,2024-06-13,20,11.0
Newark,2024-06-14,21,12.0
Newark,2024-06-15,2,12.0
Newark,2024-06-17,15,14.0
Newark,2024-06-18,19,15.0
Newark,2024-06-19,4,13.0
Newark,2024-06-20,16,14.0
Newark,2024-06-21,6,12.0
Newark,2024-06-22,4,9.0
Newark,2024-06-23,1,9.0
Newark,2024-06-24,16,9.0
Newark,2024-06-25,16,9.0
Newark,2024-06-26,17,11.0
Newark,2024-06-27,22,12.0
Newark,2024-06-28,9,12.0
Newark,2024-06-29,1,12.0
Newark,2024-07-01,15,14.0
Newark,2024-07-02,12,13.0
Newark,2024-07-03,18,13.0
Newark,2024-07-04,1,11.0
Newark,2024-07-05,23,11.0
Newark,2024-07-06,5,11.0
Newark,2024-07-08,10,12.0
Newark,2024-07-09,16,12.0
Newark,2024-07-10,12,12.0
Newark,2024-07-11,11,11.0
Newark,2024-07-12,20,14.0
Newark,2024-07-13,2,11.0
Newark,2024-07-15,13,12.0
Newark,2024-07-16,14,13.0
Newark,2024-07-17,20,13.0
Newark,2024-07-18,10,13.0
Newark,2024-07-19,15,13.0
Newark,2024-07-21,1,11.0
Newark,2024-07-22,19,13.0
Newark,2024-07-23,12,13.0
Newark,2024-07-24,12,13.0
Newark,2024-07-25,10,11.0
Newark,2024-07-26,13,12.0
Newark,2024-07-27,1,10.0
Newark,2024-07-28,1,10.0
Newark,2024-07-29,18,10.0
Newark,2024-07-30,20,11.0
Newark,2024-07-31,10,10.0
Newark,2024-08-01,6,10.0
Newark,2024-08-02,20,11.0
Newark,2024-08-03,7,12.0
Newark,2024-08-04,3,12.0
Newark,2024-08-05,15,12.0
Newark,2024-08-06,19,11.0
Newark,2024-08-07,15,12.0
Newark,2024-08-08,10,13.0
Newark,2024-08-09,17,12.0
Newark,2024-08-10,2,12.0
Newark,2024-08-11,2,11.0
Newark,2024-08-12,17,12.0
Newark,2024-08-13,16,11.0
Newark,2024-08-14,13,11.0
Newark,2024-08-15,20,12.0
Newark,2024-08-16,17,12.0
Newark,2024-08-19,17,15.0
Newark,2024-08-20,12,16.0
Newark,2024-08-21,10,15.0
Newark,2024-08-22,20,16.0
Newark,2024-08-23,18,16.0
Newark,2024-08-24,1,14.0
Newark,2024-08-26,16,13.0
Newark,2024-08-27,14,13.0
Newark,2024-08-28,19,14.0
Newark,2024-08-29,7,14.0
Newark,2024-08-30,19,13.0
Newark,2024-09-01,2,11.0
Newark,2024-09-02,1,11.0
Newark,2024-09-03,17,11.0
Newark,2024-09-04,10,11.0
Newark,2024-09-05,8,9.0
Newark,2024-09-06,17,11.0
Newark,2024-09-07,3,8.0
Newark,2024-09-09,24,11.0
Newark,2024-09-10,15,13.0
Newark,2024-09-11,15,13.0
Newark,2024-09-12,6,13.0
Newark,2024-09-13,16,14.0
Newark,2024-09-14,1,11.0
Newark,2024-09-16,12,13.0
Newark,2024-09-17,16,12.0
Newark,2024-09-18,12,11.0
Newark,2024-09-19,13,11.0
Newark,2024-09-20,17,12.0
Newark,2024-09-21,2,10.0
Newark,2024-09-23,16,13.0
Newark,2024-09-24,19,14.0
Newark,2024-09-25,19,14.0
Newark,2024-09-26,13,14.0
Newark,2024-09-27,12,14.0
Newark,2024-09-28,3,12.0
Newark,2024-09-29,1,12.0
Newark,2024-09-30,17,12.0
Newark,2024-10-01,15,11.0
Newark,2024-10-02,13,11.0
Newark,2024-10-03,14,11.0
Newark,2024-10-04,16,11.0
Newark,2024-10-05,3,11.0
Newark,2024-10-06,2,11.0
Newark,2024-10-07,10,10.0
Newark,2024-10-08,23,12.0
Newark,2024-10-09,11,11.0
Newark,2024-10-10,11,11.0
Newark,2024-10-11,28,13.0
Newark,2024-10-13,2,12.0
Newark,2024-10-14,2,12.0
Newark,2024-10-15,12,13.0
Newark,2024-10-16,22,13.0
Newark,2024-10-17,12,13.0
Newark,2024-10-18,16,13.0
Newark,2024-10-19,6,10.0
Newark,2024-10-21,18,13.0
Newark,2024-10-22,18,15.0
Newark,2024-10-23,14,15.0
Newark,2024-10-24,17,14.0
Newark,2024-10-25,18,15.0
Newark,2024-10-26,1,13.0
Newark,2024-10-27,1,12.0
Newark,2024-10-28,7,11.0
Newark,2024-10-29,11,10.0
Newark,2024-10-30,18,10.0
Newark,2024-10-31,13,10.0
Newark,2024-11-01,17,10.0
Newark,2024-11-03,3,10.0
Newark,2024-11-04,18,12.0
Newark,2024-11-05,11,13.0
Newark,2024-11-06,23,15.0
Newark,2024-11-07,14,14.0
Newark,2024-11-08,18,15.0
Newark,2024-11-09,1,13.0
Newark,2024-11-10,4,13.0
Newark,2024-11-11,4,11.0
Newark,2024-11-12,18,12.0
Newark,2024-11-13,16,11.0
Newark,2024-11-14,9,10.0
Newark,2024-11-15,14,9.0
Newark,2024-11-16,3,10.0
Newark,2024-11-18,18,12.0
Newark,2024-11-19,19,14.0
Newark,2024-11-20,11,13.0
Newark,2024-11-21,13,12.0
Newark,2024-11-22,11,13.0
Newark,2024-11-23,2,11.0
Newark,2024-11-25,18,13.0
Newark,2024-11-26,9,12.0
Newark,2024-11-27,20,12.0
Newark,2024-11-29,15,13.0
Newark,2024-11-30,1,11.0
Newark,2024-12-01,1,9.0
Newark,2024-12-02,17,12.0
Newark,2024-12-03,13,11.0
Newark,2024-12-04,8,11.0
Newark,2024-12-05,14,10.0
Newark,2024-12-06,21,11.0
Newark,2024-12-09,21,14.0
Newark,2024-12-10,20,16.0
Newark,2024-12-11,16,16.0
Newark,2024-12-12,20,17.0
Newark,2024-12-13,12,18.0
Newark,2024-12-14,1,16.0
Newark,2024-12-15,1,13.0
Newark,2024-12-16,14,12.0
Newark,2024-12-17,15,11.0
Newark,2024-12-18,19,12.0
Newark,2024-12-19,11,10.0
Newark,2024-12-20,21,12.0
Newark,2024-12-21,2,12.0
Newark,2024-12-23,20,15.0
Newark,2024-12-24,2,13.0
Newark,2024-12-26,20,14.0
Newark,2024-12-27,4,11.0
Newark,2024-12-28,2,10.0
Newark,2024-12-30,19,10.0
Newark,2024-12-31,11,11.0
Newark,2025-01-02,28,12.0
Newark,2025-01-03,12,14.0
Newark,2025-01-04,1,11.0
Newark,2025-01-06,13,12.0
Newark,2025-01-07,19,15.0
Newark,2025-01-08,13,14.0
Newark,2025-01-09,8,13.0
Newark,2025-01-10,14,11.0
Newark,2025-01-11,1,10.0
Newark,2025-01-13,26,13.0
Newark,2025-01-14,14,14.0
Newark,2025-01-15,11,12.0
Newark,2025-01-16,15,13.0
Newark,2025-01-17,15,14.0
Newark,2025-01-20,1,12.0
Newark,2025-01-21,18,14.0
Newark,2025-01-22,15,13.0
Newark,2025-01-23,20,14.0
Newark,2025-01-24,20,15.0
Newark,2025-01-25,9,14.0
Newark,2025-01-26,24,15.0
Newark,2025-01-27,31,20.0
Newark,2025-01-28,16,19.0
Newark,2025-01-29,21,20.0
Newark,2025-01-30,27,21.0
Newark,2025-01-31,15,20.0
Newark,2025-02-01,8,20.0
Newark,2025-02-02,3,17.0
Newark,2025-02-03,20,16.0
Newark,2025-02-04,24,17.0
Newark,2025-02-05,21,17.0
Newark,2025-02-06,16,15.0
Newark,2025-02-07,24,17.0
Newark,2025-02-08,12,17.0
Newark,2025-02-10,18,19.0
Newark,2025-02-11,20,19.0
Newark,2025-02-12,18,18.0
Newark,2025-02-13,29,20.0
Newark,2025-02-14,33,22.0
Newark,2025-02-15,8,20.0
Newark,2025-02-16,4,19.0
Newark,2025-02-17,9,17.0
Newark,2025-02-18,30,19.0
Newark,2025-02-19,32,21.0
Newark,2025-02-20,20,19.0
Newark,2025-02-21,24,18.0
Newark,2025-02-22,12,19.0
Newark,2025-02-23,5,19.0
Newark,2025-02-24,25,21.0
Newark,2025-02-25,26,21.0
Newark,2025-02-26,29,20.0
Newark,2025-02-27,19,20.0
Newark,2025-02-28,23,20.0
Newark,2025-03-01,10,20.0
Newark,2025-03-02,3,19.0
Newark,2025-03-03,16,18.0
Newark,2025-03-04,20,17.0
Newark,2025-03-05,17,15.0
Newark,2025-03-06,21,16.0
Newark,2025-03-07,19,15.0
Newark,2025-03-08,7,15.0
Newark,2025-03-09,4,15.0
Newark,2025-03-10,24,16.0
Newark,2025-03-11,21,16.0
Newark,2025-03-12,21,17.0
Newark,2025-03-13,19,16.0
Newark,2025-03-14,19,16.0
Newark,2025-03-15,8,17.0
Newark,2025-03-16,2,16.0
Newark,2025-03-17,31,17.0
Newark,2025-03-18,20,17.0
Newark,2025-03-19,17,17.0
Newark,2025-03-20,20,17.0
Newark,2025-03-21,17,16.0
Newark,2025-03-22,7,16.0
Newark,2025-03-23,5,17.0
Newark,2025-03-24,16,15.0
Newark,2025-03-25,21,15.0
Newark,2025-03-26,20,15.0
Newark,2025-03-27,24,16.0
Newark,2025-03-28,21,16.0
Newark,2025-03-29,3,16.0
Newark,2025-03-30,8,16.0
Newark,2025-03-31,19,17.0
Newark,2025-04-01,12,15.0
Newark,2025-04-02,8,14.0
Newark,2025-04-03,18,13.0
Newark,2025-04-04,16,12.0
Newark,2025-04-05,6,12.0
Newark,2025-04-06,5,12.0
Newark,2025-04-07,22,12.0
Newark,2025-04-08,22,14.0
Newark,2025-04-09,20,16.0
Newark,2025-04-10,22,16.0
Newark,2025-04-11,15,16.0
Newark,2025-04-12,9,16.0
Newark,2025-04-13,1,16.0
Newark,2025-04-14,19,15.0
Newark,2025-04-15,17,15.0
Newark,2025-04-16,22,15.0
Newark,2025-04-17,12,14.0
Newark,2025-04-18,10,13.0
Newark,2025-04-19,10,13.0
Newark,2025-04-21,19,16.0
Newark,2025-04-22,21,16.0
Newark,2025-04-23,8,15.0
Newark,2025-04-24,13,13.0
Newark,2025-04-25,19,14.0
Newark,2025-04-26,9,14.0
Newark,2025-04-27,2,13.0
Newark,2025-04-28,18,13.0
Newark,2025-04-29,19,13.0
Newark,2025-04-30,17,14.0
Newark,2025-05-01,18,15.0
Newark,2025-05-02,25,15.0
Newark,2025-05-03,4,15.0
Newark,2025-05-05,23,18.0
Newark,2025-05-06,18,18.0
Newark,2025-05-07,16,17.0
Newark,2025-05-08,19,18.0
Newark,2025-05-09,17,17.0
Newark,2025-05-10,6,15.0
Newark,2025-05-11,1,14.0
Newark,2025-05-12,23,14.0
Newark,2025-05-13,19,14.0
Newark,2025-05-14,13,14.0
Newark,2025-05-15,18,14.0
Newark,2025-05-16,21,14.0
Newark,2025-05-17,8,15.0
Newark,2025-05-18,8,16.0
Newark,2025-05-19,19,15.0
Newark,2025-05-20,22,16.0
Newark,2025-05-21,26,17.0
Newark,2025-05-22,32,19.0
Newark,2025-05-23,23,20.0
Newark,2025-05-24,14,21.0
Newark,2025-05-25,6,20.0
Newark,2025-05-26,16,20.0
Newark,2025-05-27,41,23.0
Newark,2025-05-28,30,23.0
Newark,2025-05-29,29,23.0
Newark,2025-05-30,33,24.0
Newark,2025-05-31,12,24.0
Newark,2025-06-01,12,25.0
Newark,2025-06-02,37,28.0
Newark,2025-06-03,76,33.0
Newark,2025-06-04,72,39.0
Newark,2025-06-05,38,40.0
Newark,2025-06-06,34,40.0
Newark,2025-06-07,21,41.0
Newark,2025-06-08,9,41.0
Newark,2025-06-09,43,42.0
Newark,2025-06-10,55,39.0
Newark,2025-06-11,35,34.0
Newark,2025-06-12,26,32.0
Newark,2025-06-13,16,29.0
Newark,2025-06-14,11,28.0
Newark,2025-06-15,18,29.0
Newark,2025-06-16,31,27.0
Newark,2025-06-17,26,23.0
Newark,2025-06-18,37,24.0
Newark,2025-06-19,25,23.0
Newark,2025-06-20,20,24.0
Newark,2025-06-21,19,25.0
Newark,2025-06-22,7,24.0
Newark,2025-06-23,27,23.0
Newark,2025-06-24,39,25.0
Newark,2025-06-25,17,22.0
Newark,2025-06-26,30,23.0
Newark,2025-06-27,31,24.0
Newark,2025-06-28,14,24.0
Newark,2025-06-29,10,24.0
Newark,2025-06-30,30,24.0
Newark,2025-07-01,26,23.0
Newark,2025-07-02,32,25.0
Newark,2025-07-03,35,25.0
Newark,2025-07-04,1,21.0
Newark,2025-07-05,6,20.0
Newark,2025-07-06,2,19.0
Newark,2025-07-07,29,19.0
Newark,2025-07-08,58,23.0
Newark,2025-07-09,31,23.0
Newark,2025-07-10,26,22.0
Newark,2025-07-11,21,25.0
Newark,2025-07-12,14,26.0
Newark,2025-07-13,6,26.0
Newark,2025-07-14,32,27.0
Newark,2025-07-15,36,24.0
Newark,2025-07-16,23,23.0
Newark,2025-07-17,29,23.0
Newark,2025-07-18,37,25.0
Newark,2025-07-19,14,25.0
Newark,2025-07-20,2,25.0
Newark,2025-07-21,40,26.0
Newark,2025-07-22,36,26.0
Newark,2025-07-23,37,28.0
Newark,2025-07-24,33,28.0
Newark,2025-07-25,34,28.0
Newark,2025-07-26,19,29.0
Newark,2025-07-27,16,31.0
Newark,2025-07-28,34,30.0
Newark,2025-07-29,46,31.0
Newark,2025-07-30,27,30.0
Newark,2025-07-31,37,30.0
Newark,2025-08-01,33,30.0
Newark,2025-08-02,15,30.0
Newark,2025-08-03,23,31.0
Newark,2025-08-04,34,31.0
Newark,2025-08-05,32,29.0
Newark,2025-08-06,28,29.0
Newark,2025-08-07,27,27.0
Newark,2025-08-08,29,27.0
Newark,2025-08-09,20,28.0
Newark,2025-08-10,16,27.0
Newark,2025-08-11,28,26.0
Newark,2025-08-12,33,26.0
Newark,2025-08-13,30,26.0
Newark,2025-08-14,31,27.0
Newark,2025-08-15,30,27.0
Newark,2025-08-16,20,27.0
Newark,2025-08-17,15,27.0
Newark,2025-08-18,36,28.0
Newark,2025-08-19,38,29.0
Newark,2025-08-20,43,30.0
Newark,2025-08-21,32,31.0
Newark,2025-08-22,35,31.0
Newark,2025-08-23,27,32.0
Newark,2025-08-24,14,32.0
Newark,2025-08-25,24,30.0
Newark,2025-08-26,18,28.0
Newark,2025-08-27,39,27.0
Newark,2025-08-28,19,25.0
Newark,2025-08-29,27,24.0
Newark,2025-08-30,18,23.0
Newark,2025-08-31,23,24.0
Newark,2025-09-01,19,23.0
Newark,2025-09-02,34,26.0
Newark,2025-09-03,24,23.0
Newark,2025-09-04,32,25.0
Newark,2025-09-05,23,25.0
Newark,2025-09-06,22,25.0
Newark,2025-09-07,19,25.0
Newark,2025-09-08,22,25.0
Newark,2025-09-09,30,25.0
Newark,2025-09-10,30,25.0
Newark,2025-09-11,25,24.0
Newark,2025-09-12,24,25.0
Newark,2025-09-13,30,26.0
Newark,2025-09-14,27,27.0
Newark,2025-09-15,29,28.0
Newark,2025-09-16,41,29.0
Newark,2025-09-17,30,29.0
Newark,2025-09-18,30,30.0
Newark,2025-09-19,33,31.0
Newark,2025-09-20,23,30.0
Newark,2025-09-21,25,30.0
Newark,2025-09-22,38,31.0
Newark,2025-09-23,19,28.0
Newark,2025-09-24,18,27.0
Newark,2025-09-25,33,27.0
Newark,2025-09-26,20,25.0
Newark,2025-09-27,30,26.0
Newark,2025-09-28,20,25.0
Newark,2025-09-29,24,23.0
Newark,2025-09-30,26,24.0
Newark,2025-10-01,23,25.0
Newark,2025-10-02,25,24.0
Newark,2025-10-03,31,26.0
Newark,2025-10-04,25,25.0
Newark,2025-10-05,23,25.0
Newark,2025-10-06,21,25.0
Newark,2025-10-07,32,26.0
Newark,2025-10-08,33,27.0
Newark,2025-10-09,33,28.0
Newark,2025-10-10,38,29.0
Newark,2025-10-11,21,29.0
Newark,2025-10-12,13,27.0
Newark,2025-10-13,21,27.0
Newark,2025-10-14,36,28.0
Newark,2025-10-15,27,27.0
Newark,2025-10-16,29,26.0
Newark,2025-10-17,34,26.0
Newark,2025-10-18,18,25.0
Newark,2025-10-19,15,26.0
Newark,2025-10-20,34,28.0
Newark,2025-10-21,38,28.0
Newark,2025-10-22,28,28.0
Newark,2025-10-23,34,29.0
Newark,2025-10-24,31,28.0
Newark,2025-10-25,42,32.0
Newark,2025-10-26,40,35.0
Newark,2025-10-27,32,35.0
Newark,2025-10-28,31,34.0
Newark,2025-10-29,53,38.0
Newark,2025-10-30,18,35.0
Newark,2025-10-31,36,36.0
Newark,2025-11-01,35,35.0
Newark,2025-11-02,29,33.0
Newark,2025-11-03,27,33.0
Newark,2025-11-04,29,32.0
Newark,2025-11-05,31,29.0
Newark,2025-11-06,39,32.0
Newark,2025-11-07,31,32.0
Newark,2025-11-08,33,31.0
Newark,2025-11-09,27,31.0
Newark,2025-11-10,31,32.0
Newark,2025-11-11,44,34.0
Newark,2025-11-12,31,34.0
Newark,2025-11-13,37,33.0
Newark,2025-11-14,31,33.0
Newark,2025-11-15,36,34.0
Newark,2025-11-16,29,34.0
Newark,2025-11-17,34,35.0
Newark,2025-11-18,37,34.0
Newark,2025-11-19,35,34.0
Newark,2025-11-20,27,33.0
Newark,2025-11-21,27,32.0
Newark,2025-11-22,35,32.0
Newark,2025-11-23,31,32.0
Newark,2025-11-24,40,33.0
Newark,2025-11-25,31,32.0
Newark,2025-11-26,25,31.0
Newark,2025-11-27,27,31.0
Newark,2025-11-28,24,30.0
Newark,2025-11-29,22,29.0
Newark,2025-11-30,26,28.0
Newark,2025-12-01,47,29.0
Newark,2025-12-02,30,29.0
Newark,2025-12-03,45,32.0
Newark,2025-12-04,49,35.0
Newark,2025-12-05,43,37.0
Newark,2025-12-06,48,41.0
Newark,2025-12-07,27,41.0
Newark,2025-12-08,57,43.0
Newark,2025-12-09,46,45.0
Newark,2025-12-10,58,47.0
Newark,2025-12-11,44,46.0
Newark,2025-12-12,55,48.0
Newark,2025-12-13,33,46.0
Newark,2025-12-14,30,46.0
Newark,2025-12-15,55,46.0
Newark,2025-12-16,42,45.0
Newark,2025-12-17,44,43.0
Newark,2025-12-18,57,45.0
Newark,2025-12-19,39,43.0
Newark,2025-12-20,32,43.0
Newark,2025-12-21,45,45.0
Newark,2025-12-22,50,44.0
Newark,2025-12-23,53,46.0
Newark,2025-12-24,49,46.0
Newark,2025-12-25,37,44.0
Newark,2025-12-26,50,45.0
Newark,2025-12-27,29,45.0
Newark,2025-12-28,44,45.0
Newark,2025-12-29,41,43.0
Newark,2025-12-30,28,40.0
Newark,2025-12-31,37,38.0
Newark,2026-01-01,31,37.0
Newark,2026-01-02,38,35.0
Newark,2026-01-03,34,36.0
Newark,2026-01-04,29,34.0
Newark,2026-01-05,47,35.0
Newark,2026-01-06,50,38.0
Newark,2026-01-07,47,39.0
Newark,2026-01-08,39,41.0
Newark,2026-01-09,60,44.0
Newark,2026-01-10,40,45.0
Newark,2026-01-11,23,44.0
Newark,2026-01-12,60,46.0
Newark,2026-01-13,50,46.0
Newark,2026-01-14,50,46.0
Newark,2026-01-15,52,48.0
Newark,2026-01-16,58,48.0
Newark,2026-01-17,34,47.0
Newark,2026-01-18,38,49.0
Newark,2026-01-19,58,49.0
Newark,2026-01-20,51,49.0
Newark,2026-01-21,54,49.0
Newark,2026-01-22,54,50.0
Newark,2026-01-23,58,50.0
Newark,2026-01-24,65,54.0
Newark,2026-01-26,14,51.0
Newark,2026-01-27,56,50.0
Newark,2026-01-28,55,51.0
Newark,2026-01-29,58,51.0
Newark,2026-01-30,61,52.0
Newark,2026-01-31,44,50.0
Newark,2026-02-01,34,46.0
Newark,2026-02-02,56,52.0
Newark,2026-02-03,44,50.0
Newark,2026-02-04,30,47.0
Newark,2026-02-05,35,43.0
Newark,2026-02-06,39,40.0
Newark,2026-02-07,16,36.0
Newark,2026-02-08,26,35.0
Newark,2026-02-09,34,32.0
Newark,2026-02-10,31,30.0
Newark,2026-02-11,36,31.0
Newark,2026-02-12,31,30.0
Newark,2026-02-13,34,30.0
Newark,2026-02-14,20,30.0
Newark,2026-02-15,22,30.0
Newark,2026-02-16,36,30.0
Newark,2026-02-17,30,30.0
Newark,2026-02-18,36,30.0
Newark,2026-02-19,38,31.0
Newark,2026-02-20,37,31.0
Newark,2026-02-21,16,31.0
Newark,2026-02-22,6,28.0
Newark,2026-02-23,4,24.0
Newark,2026-02-24,32,24.0
Newark,2026-02-25,39,25.0
Newark,2026-02-26,26,23.0
Newark,2026-02-27,29,22.0
Newark,2026-02-28,22,23.0
Newark,2026-03-01,30,26.0
Newark,2026-03-02,31,30.0
Newark,2026-03-03,41,31.0
Newark,2026-03-04,33,30.0
Newark,2026-03-05,24,30.0
Newark,2026-03-06,42,32.0
Newark,2026-03-07,22,32.0
Newark,2026-03-08,19,30.0
Newark,2026-03-09,35,31.0
Newark,2026-03-10,44,31.0
Newark,2026-03-11,1,27.0
Philadelphia,2022-10-03,6,24.0
Philadelphia,2022-10-04,18,21.0
Philadelphia,2022-10-05,20,20.0
Philadelphia,2022-10-06,9,19.0
Philadelphia,2022-10-07,9,15.0
Philadelphia,2022-10-08,1,9.0
Philadelphia,2022-10-11,15,11.0
Philadelphia,2022-10-12,21,13.0
Philadelphia,2022-10-13,21,14.0
Philadelphia,2022-10-14,17,13.0
Philadelphia,2022-10-17,17,14.0
Philadelphia,2022-10-18,11,15.0
Philadelphia,2022-10-19,19,17.0
Philadelphia,2022-10-20,11,17.0
Philadelphia,2022-10-21,13,16.0
Philadelphia,2022-10-24,7,14.0
Philadelphia,2022-10-25,22,14.0
Philadelphia,2022-10-26,20,15.0
Philadelphia,2022-10-27,12,15.0
Philadelphia,2022-10-28,14,14.0
Philadelphia,2022-10-31,21,16.0
Philadelphia,2022-11-01,12,15.0
Philadelphia,2022-11-02,11,16.0
Philadelphia,2022-11-03,20,16.0
Philadelphia,2022-11-04,12,15.0
Philadelphia,2022-11-07,18,15.0
Philadelphia,2022-11-08,12,15.0
Philadelphia,2022-11-09,20,15.0
Philadelphia,2022-11-10,13,15.0
Philadelphia,2022-11-11,1,14.0
Philadelphia,2022-11-14,18,13.0
Philadelphia,2022-11-15,24,15.0
Philadelphia,2022-11-16,17,15.0
Philadelphia,2022-11-17,8,14.0
Philadelphia,2022-11-18,13,13.0
Philadelphia,2022-11-19,1,12.0
Philadelphia,2022-11-21,14,14.0
Philadelphia,2022-11-22,20,14.0
Philadelphia,2022-11-23,8,12.0
Philadelphia,2022-11-25,5,10.0
Philadelphia,2022-11-28,15,11.0
Philadelphia,2022-11-29,18,12.0
Philadelphia,2022-11-30,16,14.0
Philadelphia,2022-12-01,18,14.0
Philadelphia,2022-12-02,22,15.0
Philadelphia,2022-12-05,15,16.0
Philadelphia,2022-12-06,13,17.0
Philadelphia,2022-12-07,17,17.0
Philadelphia,2022-12-08,23,18.0
Philadelphia,2022-12-09,21,18.0
Philadelphia,2022-12-10,5,17.0
Philadelphia,2022-12-12,6,14.0
Philadelphia,2022-12-13,14,14.0
Philadelphia,2022-12-14,11,14.0
Philadelphia,2022-12-15,23,15.0
Philadelphia,2022-12-16,12,13.0
Philadelphia,2022-12-17,1,10.0
Philadelphia,2022-12-19,17,12.0
Philadelphia,2022-12-20,19,14.0
Philadelphia,2022-12-21,6,13.0
Philadelphia,2022-12-22,6,12.0
Philadelphia,2022-12-23,4,9.0
Philadelphia,2022-12-27,17,10.0
Philadelphia,2022-12-28,13,12.0
Philadelphia,2022-12-29,11,11.0
Philadelphia,2022-12-30,6,9.0
Philadelphia,2023-01-03,17,11.0
Philadelphia,2023-01-04,19,12.0
Philadelphia,2023-01-05,17,14.0
Philadelphia,2023-01-06,23,15.0
Philadelphia,2023-01-08,1,13.0
Philadelphia,2023-01-09,15,14.0
Philadelphia,2023-01-10,14,15.0
Philadelphia,2023-01-11,20,16.0
Philadelphia,2023-01-12,21,16.0
Philadelphia,2023-01-13,22,17.0
Philadelphia,2023-01-17,16,16.0
Philadelphia,2023-01-18,18,18.0
Philadelphia,2023-01-19,13,18.0
Philadelphia,2023-01-20,19,18.0
Philadelphia,2023-01-23,17,18.0
Philadelphia,2023-01-24,25,19.0
Philadelphia,2023-01-25,23,19.0
Philadelphia,2023-01-26,20,19.0
Philadelphia,2023-01-27,14,19.0
Philadelphia,2023-01-30,27,21.0
Philadelphia,2023-01-31,18,21.0
Philadelphia,2023-02-01,17,21.0
Philadelphia,2023-02-02,19,20.0
Philadelphia,2023-02-03,14,18.0
Philadelphia,2023-02-06,16,18.0
Philadelphia,2023-02-07,18,18.0
Philadelphia,2023-02-08,29,19.0
Philadelphia,2023-02-09,22,19.0
Philadelphia,2023-02-10,23,20.0
Philadelphia,2023-02-13,17,20.0
Philadelphia,2023-02-14,27,22.0
Philadelphia,2023-02-15,25,23.0
Philadelphia,2023-02-16,19,23.0
Philadelphia,2023-02-17,40,25.0
Philadelphia,2023-02-18,2,22.0
Philadelphia,2023-02-20,13,20.0
Philadelphia,2023-02-21,13,20.0
Philadelphia,2023-02-22,17,18.0
Philadelphia,2023-02-23,14,17.0
Philadelphia,2023-02-24,17,17.0
Philadelphia,2023-02-25,1,11.0
Philadelphia,2023-02-27,12,12.0
Philadelphia,2023-02-28,17,13.0
Philadelphia,2023-03-01,16,13.0
Philadelphia,2023-03-02,13,13.0
Philadelphia,2023-03-03,5,12.0
Philadelphia,2023-03-05,1,9.0
Philadelphia,2023-03-06,14,11.0
Philadelphia,2023-03-07,19,12.0
Philadelphia,2023-03-08,13,12.0
Philadelphia,2023-03-09,14,11.0
Philadelphia,2023-03-10,19,12.0
Philadelphia,2023-03-13,13,13.0
Philadelphia,2023-03-14,12,15.0
Philadelphia,2023-03-15,15,15.0
Philadelphia,2023-03-16,8,13.0
Philadelphia,2023-03-17,11,13.0
Philadelphia,2023-03-18,1,11.0
Philadelphia,2023-03-20,6,9.0
Philadelphia,2023-03-21,9,9.0
Philadelphia,2023-03-22,8,8.0
Philadelphia,2023-03-23,14,8.0
Philadelphia,2023-03-24,12,9.0
Philadelphia,2023-03-25,1,7.0
Philadelphia,2023-03-27,12,9.0
Philadelphia,2023-03-28,9,9.0
Philadelphia,2023-03-29,9,9.0
Philadelphia,2023-03-30,12,10.0
Philadelphia,2023-03-31,8,9.0
Philadelphia,2023-04-03,2,8.0
Philadelphia,2023-04-04,6,8.0
Philadelphia,2023-04-05,12,8.0
Philadelphia,2023-04-06,11,9.0
Philadelphia,2023-04-07,6,8.0
Philadelphia,2023-04-08,1,7.0
Philadelphia,2023-04-10,9,7.0
Philadelphia,2023-04-11,3,7.0
Philadelphia,2023-04-12,9,7.0
Philadelphia,2023-04-13,3,6.0
Philadelphia,2023-04-14,12,6.0
Philadelphia,2023-04-17,16,8.0
Philadelphia,2023-04-18,6,8.0
Philadelphia,2023-04-19,13,9.0
Philadelphia,2023-04-20,9,10.0
Philadelphia,2023-04-21,21,11.0
Philadelphia,2023-04-22,4,12.0
Philadelphia,2023-04-23,2,10.0
Philadelphia,2023-04-24,11,9.0
Philadelphia,2023-04-25,13,10.0
Philadelphia,2023-04-26,16,11.0
Philadelphia,2023-04-27,14,12.0
Philadelphia,2023-04-28,13,10.0
Philadelphia,2023-04-29,6,11.0
Philadelphia,2023-04-30,6,11.0
Philadelphia,2023-05-01,13,12.0
Philadelphia,2023-05-02,8,11.0
Philadelphia,2023-05-03,9,10.0
Philadelphia,2023-05-04,15,10.0
Philadelphia,2023-05-05,11,10.0
Philadelphia,2023-05-06,6,10.0
Philadelphia,2023-05-07,5,10.0
Philadelphia,2023-05-08,19,10.0
Philadelphia,2023-05-09,20,12.0
Philadelphia,2023-05-10,21,14.0
Philadelphia,2023-05-11,6,13.0
Philadelphia,2023-05-12,32,16.0
Philadelphia,2023-05-13,4,15.0
Philadelphia,2023-05-14,1,15.0
Philadelphia,2023-05-15,6,13.0
Philadelphia,2023-05-16,16,12.0
Philadelphia,2023-05-17,10,11.0
Philadelphia,2023-05-18,4,10.0
Philadelphia,2023-05-19,11,7.0
Philadelphia,2023-05-21,3,7.0
Philadelphia,2023-05-22,6,8.0
Philadelphia,2023-05-23,12,9.0
Philadelphia,2023-05-24,9,8.0
Philadelphia,2023-05-25,6,7.0
Philadelphia,2023-05-26,6,8.0
Philadelphia,2023-05-27,2,6.0
Philadelphia,2023-05-28,6,7.0
Philadelphia,2023-05-29,2,6.0
Philadelphia,2023-05-30,9,6.0
Philadelphia,2023-05-31,13,6.0
Philadelphia,2023-06-01,8,7.0
Philadelphia,2023-06-02,11,7.0
Philadelphia,2023-06-05,13,9.0
Philadelphia,2023-06-06,4,9.0
Philadelphia,2023-06-07,9,10.0
Philadelphia,2023-06-08,6,9.0
Philadelphia,2023-06-09,10,9.0
Philadelphia,2023-06-10,2,8.0
Philadelphia,2023-06-11,4,7.0
Philadelphia,2023-06-12,4,6.0
Philadelphia,2023-06-13,5,6.0
Philadelphia,2023-06-14,6,5.0
Philadelphia,2023-06-15,12,6.0
Philadelphia,2023-06-16,10,6.0
Philadelphia,2023-06-17,4,6.0
Philadelphia,2023-06-18,6,7.0
Philadelphia,2023-06-20,9,7.0
Philadelphia,2023-06-21,8,8.0
Philadelphia,2023-06-22,12,9.0
Philadelphia,2023-06-23,12,9.0
Philadelphia,2023-06-26,7,8.0
Philadelphia,2023-06-27,5,8.0
Philadelphia,2023-06-28,5,8.0
Philadelphia,2023-06-29,7,8.0
Philadelphia,2023-06-30,9,8.0
Philadelphia,2023-07-02,1,7.0
Philadelphia,2023-07-03,6,6.0
Philadelphia,2023-07-04,1,5.0
Philadelphia,2023-07-05,17,7.0
Philadelphia,2023-07-06,5,7.0
Philadelphia,2023-07-07,10,7.0
Philadelphia,2023-07-08,3,6.0
Philadelphia,2023-07-09,3,6.0
Philadelphia,2023-07-10,11,7.0
Philadelphia,2023-07-11,9,8.0
Philadelphia,2023-07-12,9,7.0
Philadelphia,2023-07-13,8,8.0
Philadelphia,2023-07-14,6,7.0
Philadelphia,2023-07-15,4,7.0
Philadelphia,2023-07-16,2,7.0
Philadelphia,2023-07-17,5,6.0
Philadelphia,2023-07-18,13,7.0
Philadelphia,2023-07-19,16,8.0
Philadelphia,2023-07-20,13,8.0
Philadelphia,2023-07-21,7,9.0
Philadelphia,2023-07-22,3,8.0
Philadelphia,2023-07-23,11,10.0
Philadelphia,2023-07-24,12,11.0
Philadelphia,2023-07-25,13,11.0
Philadelphia,2023-07-26,9,10.0
Philadelphia,2023-07-27,3,8.0
Philadelphia,2023-07-28,12,9.0
Philadelphia,2023-07-31,24,12.0
Philadelphia,2023-08-01,22,14.0
Philadelphia,2023-08-02,6,13.0
Philadelphia,2023-08-03,10,12.0
Philadelphia,2023-08-04,17,13.0
Philadelphia,2023-08-05,5,14.0
Philadelphia,2023-08-06,6,13.0
Philadelphia,2023-08-07,5,10.0
Philadelphia,2023-08-08,2,7.0
Philadelphia,2023-08-09,12,8.0
Philadelphia,2023-08-10,5,7.0
Philadelphia,2023-08-11,10,6.0
Philadelphia,2023-08-12,4,6.0
Philadelphia,2023-08-13,2,6.0
Philadelphia,2023-08-14,3,5.0
Philadelphia,2023-08-15,6,6.0
Philadelphia,2023-08-16,12,6.0
Philadelphia,2023-08-17,10,7.0
Philadelphia,2023-08-18,7,6.0
Philadelphia,2023-08-19,1,6.0
Philadelphia,2023-08-20,3,6.0
Philadelphia,2023-08-21,9,7.0
Philadelphia,2023-08-22,13,8.0
Philadelphia,2023-08-23,9,7.0
Philadelphia,2023-08-24,13,8.0
Philadelphia,2023-08-25,6,8.0
Philadelphia,2023-08-26,1,8.0
Philadelphia,2023-08-27,3,8.0
Philadelphia,2023-08-28,11,8.0
Philadelphia,2023-08-29,13,8.0
Philadelphia,2023-08-30,19,9.0
Philadelphia,2023-08-31,12,9.0
Philadelphia,2023-09-01,11,10.0
Philadelphia,2023-09-02,1,10.0
Philadelphia,2023-09-03,4,10.0
Philadelphia,2023-09-05,8,10.0
Philadelphia,2023-09-06,13,10.0
Philadelphia,2023-09-07,9,8.0
Philadelphia,2023-09-08,13,8.0
Philadelphia,2023-09-09,3,7.0
Philadelphia,2023-09-10,1,7.0
Philadelphia,2023-09-11,8,8.0
Philadelphia,2023-09-12,6,8.0
Philadelphia,2023-09-13,7,7.0
Philadelphia,2023-09-14,9,7.0
Philadelphia,2023-09-15,28,9.0
Philadelphia,2023-09-17,1,9.0
Philadelphia,2023-09-18,5,9.0
Philadelphia,2023-09-19,8,9.0
Philadelphia,2023-09-20,3,9.0
Philadelphia,2023-09-21,4,8.0
Philadelphia,2023-09-22,5,8.0
Philadelphia,2023-09-24,24,7.0
Philadelphia,2023-09-25,6,8.0
Philadelphia,2023-09-26,3,8.0
Philadelphia,2023-09-27,14,8.0
Philadelphia,2023-09-28,8,9.0
Philadelphia,2023-09-29,4,9.0
Philadelphia,2023-10-01,1,9.0
Philadelphia,2023-10-02,3,6.0
Philadelphia,2023-10-03,4,5.0
Philadelphia,2023-10-04,8,6.0
Philadelphia,2023-10-05,5,5.0
Philadelphia,2023-10-06,7,5.0
Philadelphia,2023-10-08,1,4.0
Philadelphia,2023-10-09,1,4.0
Philadelphia,2023-10-10,6,5.0
Philadelphia,2023-10-11,5,5.0
Philadelphia,2023-10-12,13,5.0
Philadelphia,2023-10-13,7,6.0
Philadelphia,2023-10-16,3,5.0
Philadelphia,2023-10-17,8,6.0
Philadelphia,2023-10-18,10,7.0
Philadelphia,2023-10-19,10,8.0
Philadelphia,2023-10-20,7,8.0
Philadelphia,2023-10-23,5,7.0
Philadelphia,2023-10-24,10,8.0
Philadelphia,2023-10-25,5,8.0
Philadelphia,2023-10-26,7,8.0
Philadelphia,2023-10-27,8,7.0
Philadelphia,2023-10-30,8,7.0
Philadelphia,2023-10-31,4,7.0
Philadelphia,2023-11-01,6,7.0
Philadelphia,2023-11-02,8,7.0
Philadelphia,2023-11-03,6,7.0
Philadelphia,2023-11-06,6,7.0
Philadelphia,2023-11-07,16,8.0
Philadelphia,2023-11-08,11,8.0
Philadelphia,2023-11-09,8,9.0
Philadelphia,2023-11-10,1,8.0
Philadelphia,2023-11-13,4,7.0
Philadelphia,2023-11-14,9,8.0
Philadelphia,2023-11-15,13,9.0
Philadelphia,2023-11-16,5,7.0
Philadelphia,2023-11-17,11,7.0
Philadelphia,2023-11-20,2,6.0
Philadelphia,2023-11-21,9,8.0
Philadelphia,2023-11-22,9,8.0
Philadelphia,2023-11-24,6,8.0
Philadelphia,2023-11-27,8,7.0
Philadelphia,2023-11-28,4,7.0
Philadelphia,2023-11-29,11,7.0
Philadelphia,2023-11-30,15,9.0
Philadelphia,2023-12-01,12,9.0
Philadelphia,2023-12-04,8,9.0
Philadelphia,2023-12-05,12,10.0
Philadelphia,2023-12-06,6,10.0
Philadelphia,2023-12-07,7,10.0
Philadelphia,2023-12-08,10,10.0
Philadelphia,2023-12-11,11,9.0
Philadelphia,2023-12-12,9,9.0
Philadelphia,2023-12-13,9,9.0
Philadelphia,2023-12-14,1,8.0
Philadelphia,2023-12-15,9,8.0
Philadelphia,2023-12-18,5,8.0
Philadelphia,2023-12-19,4,7.0
Philadelphia,2023-12-20,7,6.0
Philadelphia,2023-12-21,2,5.0
Philadelphia,2023-12-22,4,5.0
Philadelphia,2023-12-26,1,5.0
Philadelphia,2023-12-27,6,4.0
Philadelphia,2023-12-28,9,5.0
Philadelphia,2023-12-29,8,5.0
Philadelphia,2024-01-02,5,5.0
Philadelphia,2024-01-03,7,6.0
Philadelphia,2024-01-04,7,6.0
Philadelphia,2024-01-05,3,6.0
Philadelphia,2024-01-08,3,6.0
Philadelphia,2024-01-09,3,5.0
Philadelphia,2024-01-10,8,5.0
Philadelphia,2024-01-11,12,6.0
Philadelphia,2024-01-12,11,7.0
Philadelphia,2024-01-16,3,6.0
Philadelphia,2024-01-17,6,7.0
Philadelphia,2024-01-18,11,8.0
Philadelphia,2024-01-19,5,8.0
Philadelphia,2024-01-22,7,8.0
Philadelphia,2024-01-23,10,8.0
Philadelphia,2024-01-24,19,9.0
Philadelphia,2024-01-25,11,10.0
Philadelphia,2024-01-26,8,10.0
Philadelphia,2024-01-28,1,9.0
Philadelphia,2024-01-29,4,9.0
Philadelphia,2024-01-30,8,9.0
Philadelphia,2024-01-31,4,8.0
Philadelphia,2024-02-01,33,10.0
Philadelphia,2024-02-02,4,9.0
Philadelphia,2024-02-05,10,9.0
Philadelphia,2024-02-06,13,11.0
Philadelphia,2024-02-07,9,12.0
Philadelphia,2024-02-08,7,11.0
Philadelphia,2024-02-09,3,11.0
Philadelphia,2024-02-12,3,7.0
Philadelphia,2024-02-13,3,7.0
Philadelphia,2024-02-14,6,6.0
Philadelphia,2024-02-15,11,6.0
Philadelphia,2024-02-16,13,7.0
Philadelphia,2024-02-20,8,7.0
Philadelphia,2024-02-21,4,7.0
Philadelphia,2024-02-22,13,8.0
Philadelphia,2024-02-23,10,9.0
Philadelphia,2024-02-26,3,9.0
Philadelphia,2024-02-27,10,9.0
Philadelphia,2024-02-28,6,8.0
Philadelphia,2024-02-29,8,8.0
Philadelphia,2024-03-01,11,9.0
Philadelphia,2024-03-04,7,8.0
Philadelphia,2024-03-05,9,8.0
Philadelphia,2024-03-06,11,9.0
Philadelphia,2024-03-07,8,9.0
Philadelphia,2024-03-08,6,9.0
Philadelphia,2024-03-11,6,8.0
Philadelphia,2024-03-12,12,8.0
Philadelphia,2024-03-13,11,9.0
Philadelphia,2024-03-14,6,9.0
Philadelphia,2024-03-15,4,8.0
Philadelphia,2024-03-18,9,8.0
Philadelphia,2024-03-19,9,8.0
Philadelphia,2024-03-20,8,8.0
Philadelphia,2024-03-21,4,7.0
Philadelphia,2024-03-22,8,7.0
Philadelphia,2024-03-25,5,7.0
Philadelphia,2024-03-26,13,8.0
Philadelphia,2024-03-27,9,8.0
Philadelphia,2024-03-28,12,8.0
Philadelphia,2024-03-29,3,8.0
Philadelphia,2024-04-01,7,8.0
Philadelphia,2024-04-02,8,8.0
Philadelphia,2024-04-03,4,8.0
Philadelphia,2024-04-04,10,8.0
Philadelphia,2024-04-05,10,8.0
Philadelphia,2024-04-07,5,7.0
Philadelphia,2024-04-08,8,7.0
Philadelphia,2024-04-09,15,9.0
Philadelphia,2024-04-10,9,9.0
Philadelphia,2024-04-11,2,8.0
Philadelphia,2024-04-12,12,9.0
Philadelphia,2024-04-15,7,8.0
Philadelphia,2024-04-16,9,9.0
Philadelphia,2024-04-17,13,10.0
Philadelphia,2024-04-18,11,9.0
Philadelphia,2024-04-19,13,10.0
Philadelphia,2024-04-21,10,11.0
Philadelphia,2024-04-22,6,10.0
Philadelphia,2024-04-23,12,11.0
Philadelphia,2024-04-24,7,10.0
Philadelphia,2024-04-25,6,9.0
Philadelphia,2024-04-26,8,9.0
Philadelphia,2024-04-29,5,8.0
Philadelphia,2024-04-30,10,8.0
Philadelphia,2024-05-01,12,9.0
Philadelphia,2024-05-02,8,8.0
Philadelphia,2024-05-03,14,9.0
Philadelphia,2024-05-05,3,9.0
Philadelphia,2024-05-06,8,9.0
Philadelphia,2024-05-07,6,9.0
Philadelphia,2024-05-08,7,8.0
Philadelphia,2024-05-09,7,8.0
Philadelphia,2024-05-10,8,8.0
Philadelphia,2024-05-11,5,6.0
Philadelphia,2024-05-12,3,6.0
Philadelphia,2024-05-13,4,6.0
Philadelphia,2024-05-14,8,6.0
Philadelphia,2024-05-15,12,7.0
Philadelphia,2024-05-16,5,6.0
Philadelphia,2024-05-17,7,6.0
Philadelphia,2024-05-19,4,6.0
Philadelphia,2024-05-20,10,7.0
Philadelphia,2024-05-21,8,8.0
Philadelphia,2024-05-22,9,8.0
Philadelphia,2024-05-23,5,7.0
Philadelphia,2024-05-24,5,7.0
Philadelphia,2024-05-27,1,6.0
Philadelphia,2024-05-28,5,6.0
Philadelphia,2024-05-29,11,6.0
Philadelphia,2024-05-30,13,7.0
Philadelphia,2024-05-31,4,6.0
Philadelphia,2024-06-02,3,6.0
Philadelphia,2024-06-03,9,7.0
Philadelphia,2024-06-04,8,8.0
Philadelphia,2024-06-05,12,9.0
Philadelphia,2024-06-06,10,8.0
Philadelphia,2024-06-07,12,8.0
Philadelphia,2024-06-09,1,8.0
Philadelphia,2024-06-10,9,9.0
Philadelphia,2024-06-11,9,9.0
Philadelphia,2024-06-12,5,8.0
Philadelphia,2024-06-13,11,8.0
Philadelphia,2024-06-14,5,7.0
Philadelphia,2024-06-16,2,6.0
Philadelphia,2024-06-17,5,7.0
Philadelphia,2024-06-18,7,6.0
Philadelphia,2024-06-19,4,6.0
Philadelphia,2024-06-20,5,6.0
Philadelphia,2024-06-21,5,5.0
Philadelphia,2024-06-23,1,4.0
Philadelphia,2024-06-24,4,4.0
Philadelphia,2024-06-25,10,5.0
Philadelphia,2024-06-26,6,5.0
Philadelphia,2024-06-27,6,5.0
Philadelphia,2024-06-28,11,6.0
Philadelphia,2024-06-29,1,6.0
Philadelphia,2024-07-01,4,6.0
Philadelphia,2024-07-02,8,7.0
Philadelphia,2024-07-03,9,6.0
Philadelphia,2024-07-05,4,6.0
Philadelphia,2024-07-07,1,5.0
Philadelphia,2024-07-08,8,5.0
Philadelphia,2024-07-09,10,6.0
Philadelphia,2024-07-10,10,7.0
Philadelphia,2024-07-11,11,8.0
Philadelphia,2024-07-12,11,8.0
Philadelphia,2024-07-15,7,8.0
Philadelphia,2024-07-16,7,9.0
Philadelphia,2024-07-17,8,9.0
Philadelphia,2024-07-18,8,9.0
Philadelphia,2024-07-19,9,9.0
Philadelphia,2024-07-22,8,8.0
Philadelphia,2024-07-23,9,8.0
Philadelphia,2024-07-24,12,9.0
Philadelphia,2024-07-25,10,9.0
Philadelphia,2024-07-26,7,9.0
Philadelphia,2024-07-29,8,9.0
Philadelphia,2024-07-30,14,10.0
Philadelphia,2024-07-31,12,10.0
Philadelphia,2024-08-01,7,10.0
Philadelphia,2024-08-02,16,11.0
Philadelphia,2024-08-05,7,10.0
Philadelphia,2024-08-06,7,10.0
Philadelphia,2024-08-07,10,10.0
Philadelphia,2024-08-08,2,9.0
Philadelphia,2024-08-09,7,8.0
Philadelphia,2024-08-12,4,8.0
Philadelphia,2024-08-13,4,6.0
Philadelphia,2024-08-14,6,6.0
Philadelphia,2024-08-15,3,5.0
Philadelphia,2024-08-16,9,5.0
Philadelphia,2024-08-17,1,5.0
Philadelphia,2024-08-19,6,5.0
Philadelphia,2024-08-20,5,5.0
Philadelphia,2024-08-21,14,6.0
Philadelphia,2024-08-22,12,7.0
Philadelphia,2024-08-23,8,8.0
Philadelphia,2024-08-24,2,7.0
Philadelphia,2024-08-26,6,8.0
Philadelphia,2024-08-27,3,7.0
Philadelphia,2024-08-28,5,7.0
Philadelphia,2024-08-29,5,6.0
Philadelphia,2024-08-30,7,5.0
Philadelphia,2024-08-31,1,4.0
Philadelphia,2024-09-03,10,5.0
Philadelphia,2024-09-04,8,6.0
Philadelphia,2024-09-05,12,7.0
Philadelphia,2024-09-06,8,7.0
Philadelphia,2024-09-07,1,7.0
Philadelphia,2024-09-09,3,6.0
Philadelphia,2024-09-10,7,7.0
Philadelphia,2024-09-11,12,7.0
Philadelphia,2024-09-12,11,8.0
Philadelphia,2024-09-13,8,7.0
Philadelphia,2024-09-16,4,7.0
Philadelphia,2024-09-17,10,8.0
Philadelphia,2024-09-18,7,8.0
Philadelphia,2024-09-19,9,9.0
Philadelphia,2024-09-20,5,8.0
Philadelphia,2024-09-23,12,8.0
Philadelphia,2024-09-24,7,8.0
Philadelphia,2024-09-25,10,9.0
Philadelphia,2024-09-26,8,8.0
Philadelphia,2024-09-27,7,8.0
Philadelphia,2024-09-28,1,7.0
Philadelphia,2024-09-30,6,7.0
Philadelphia,2024-10-01,7,7.0
Philadelphia,2024-10-02,6,6.0
Philadelphia,2024-10-03,7,6.0
Philadelphia,2024-10-04,5,6.0
Philadelphia,2024-10-07,4,5.0
Philadelphia,2024-10-08,9,6.0
Philadelphia,2024-10-09,10,7.0
Philadelphia,2024-10-10,4,6.0
Philadelphia,2024-10-11,20,8.0
Philadelphia,2024-10-14,1,8.0
Philadelphia,2024-10-15,6,8.0
Philadelphia,2024-10-16,8,8.0
Philadelphia,2024-10-17,10,8.0
Philadelphia,2024-10-18,10,8.0
Philadelphia,2024-10-21,11,9.0
Philadelphia,2024-10-22,10,8.0
Philadelphia,2024-10-23,12,10.0
Philadelphia,2024-10-24,10,10.0
Philadelphia,2024-10-25,8,10.0
Philadelphia,2024-10-28,3,9.0
Philadelphia,2024-10-29,11,9.0
Philadelphia,2024-10-30,11,9.0
Philadelphia,2024-10-31,11,9.0
Philadelphia,2024-11-01,5,8.0
Philadelphia,2024-11-03,4,8.0
Philadelphia,2024-11-04,10,8.0
Philadelphia,2024-11-05,4,8.0
Philadelphia,2024-11-06,14,8.0
Philadelphia,2024-11-07,14,9.0
Philadelphia,2024-11-08,11,9.0
Philadelphia,2024-11-12,11,10.0
Philadelphia,2024-11-13,8,10.0
Philadelphia,2024-11-14,9,10.0
Philadelphia,2024-11-15,7,11.0
Philadelphia,2024-11-18,5,9.0
Philadelphia,2024-11-19,8,8.0
Philadelphia,2024-11-20,8,8.0
Philadelphia,2024-11-21,10,8.0
Philadelphia,2024-11-22,12,8.0
Philadelphia,2024-11-23,1,7.0
Philadelphia,2024-11-24,3,7.0
Philadelphia,2024-11-25,10,7.0
Philadelphia,2024-11-26,13,8.0
Philadelphia,2024-11-27,8,8.0
Philadelphia,2024-11-29,6,8.0
Philadelphia,2024-12-02,5,7.0
Philadelphia,2024-12-03,9,8.0
Philadelphia,2024-12-04,18,10.0
Philadelphia,2024-12-05,15,11.0
Philadelphia,2024-12-06,17,11.0
Philadelphia,2024-12-07,2,10.0
Philadelphia,2024-12-09,10,11.0
Philadelphia,2024-12-10,11,12.0
Philadelphia,2024-12-11,19,13.0
Philadelphia,2024-12-12,13,12.0
Philadelphia,2024-12-13,11,12.0
Philadelphia,2024-12-14,1,10.0
Philadelphia,2024-12-16,7,10.0
Philadelphia,2024-12-17,8,10.0
Philadelphia,2024-12-18,10,10.0
Philadelphia,2024-12-19,16,9.0
Philadelphia,2024-12-20,7,9.0
Philadelphia,2024-12-21,2,7.0
Philadelphia,2024-12-22,1,7.0
Philadelphia,2024-12-23,9,8.0
Philadelphia,2024-12-24,2,7.0
Philadelphia,2024-12-26,1,5.0
Philadelphia,2024-12-27,10,5.0
Philadelphia,2024-12-30,2,4.0
Philadelphia,2024-12-31,8,5.0
Philadelphia,2025-01-02,11,6.0
Philadelphia,2025-01-03,12,7.0
Philadelphia,2025-01-06,5,7.0
Philadelphia,2025-01-07,11,8.0
Philadelphia,2025-01-08,13,9.0
Philadelphia,2025-01-09,3,9.0
Philadelphia,2025-01-10,14,10.0
Philadelphia,2025-01-12,1,8.0
Philadelphia,2025-01-13,7,8.0
Philadelphia,2025-01-14,9,8.0
Philadelphia,2025-01-15,13,9.0
Philadelphia,2025-01-16,7,8.0
Philadelphia,2025-01-17,21,10.0
Philadelphia,2025-01-21,9,10.0
Philadelphia,2025-01-22,18,12.0
Philadelphia,2025-01-23,12,13.0
Philadelphia,2025-01-24,18,14.0
Philadelphia,2025-01-25,17,15.0
Philadelphia,2025-01-26,23,17.0
Philadelphia,2025-01-27,15,16.0
Philadelphia,2025-01-28,28,19.0
Philadelphia,2025-01-29,37,21.0
Philadelphia,2025-01-30,28,24.0
Philadelphia,2025-01-31,21,24.0
Philadelphia,2025-02-01,3,22.0
Philadelphia,2025-02-02,17,21.0
Philadelphia,2025-02-03,32,24.0
Philadelphia,2025-02-04,31,24.0
Philadelphia,2025-02-05,27,23.0
Philadelphia,2025-02-06,8,20.0
Philadelphia,2025-02-07,41,23.0
Philadelphia,2025-02-08,15,24.0
Philadelphia,2025-02-10,14,24.0
Philadelphia,2025-02-11,23,23.0
Philadelphia,2025-02-12,22,21.0
Philadelphia,2025-02-13,22,21.0
Philadelphia,2025-02-14,26,23.0
Philadelphia,2025-02-15,2,18.0
Philadelphia,2025-02-16,4,16.0
Philadelphia,2025-02-17,2,14.0
Philadelphia,2025-02-18,22,14.0
Philadelphia,2025-02-19,25,15.0
Philadelphia,2025-02-20,27,15.0
Philadelphia,2025-02-21,29,16.0
Philadelphia,2025-02-22,6,16.0
Philadelphia,2025-02-23,3,16.0
Philadelphia,2025-02-24,17,18.0
Philadelphia,2025-02-25,15,17.0
Philadelphia,2025-02-26,28,18.0
Philadelphia,2025-02-27,21,17.0
Philadelphia,2025-02-28,20,16.0
Philadelphia,2025-03-01,4,15.0
Philadelphia,2025-03-02,1,15.0
Philadelphia,2025-03-03,16,15.0
Philadelphia,2025-03-04,26,17.0
Philadelphia,2025-03-05,27,16.0
Philadelphia,2025-03-06,17,16.0
Philadelphia,2025-03-07,14,15.0
Philadelphia,2025-03-08,8,16.0
Philadelphia,2025-03-09,20,18.0
Philadelphia,2025-03-10,30,20.0
Philadelphia,2025-03-11,32,21.0
Philadelphia,2025-03-12,31,22.0
Philadelphia,2025-03-13,26,23.0
Philadelphia,2025-03-14,19,24.0
Philadelphia,2025-03-15,18,25.0
Philadelphia,2025-03-16,1,22.0
Philadelphia,2025-03-17,16,20.0
Philadelphia,2025-03-18,16,18.0
Philadelphia,2025-03-19,19,16.0
Philadelphia,2025-03-20,16,15.0
Philadelphia,2025-03-21,18,15.0
Philadelphia,2025-03-22,1,12.0
Philadelphia,2025-03-23,12,14.0
Philadelphia,2025-03-24,21,15.0
Philadelphia,2025-03-25,33,17.0
Philadelphia,2025-03-26,28,18.0
Philadelphia,2025-03-27,25,20.0
Philadelphia,2025-03-28,36,22.0
Philadelphia,2025-03-29,14,24.0
Philadelphia,2025-03-30,1,23.0
Philadelphia,2025-03-31,17,22.0
Philadelphia,2025-04-01,16,20.0
Philadelphia,2025-04-02,19,18.0
Philadelphia,2025-04-03,11,16.0
Philadelphia,2025-04-04,11,13.0
Philadelphia,2025-04-05,3,11.0
Philadelphia,2025-04-06,1,11.0
Philadelphia,2025-04-07,10,10.0
Philadelphia,2025-04-08,22,11.0
Philadelphia,2025-04-09,20,11.0
Philadelphia,2025-04-10,20,12.0
Philadelphia,2025-04-11,17,13.0
Philadelphia,2025-04-13,2,13.0
Philadelphia,2025-04-14,22,16.0
Philadelphia,2025-04-15,25,18.0
Philadelphia,2025-04-16,16,17.0
Philadelphia,2025-04-17,21,18.0
Philadelphia,2025-04-18,17,17.0
Philadelphia,2025-04-21,18,17.0
Philadelphia,2025-04-22,24,20.0
Philadelphia,2025-04-23,40,23.0
Philadelphia,2025-04-24,31,24.0
Philadelphia,2025-04-25,25,25.0
Philadelphia,2025-04-26,11,24.0
Philadelphia,2025-04-27,1,21.0
Philadelphia,2025-04-28,13,21.0
Philadelphia,2025-04-29,16,20.0
Philadelphia,2025-04-30,12,16.0
Philadelphia,2025-05-01,25,15.0
Philadelphia,2025-05-02,11,13.0
Philadelphia,2025-05-03,3,12.0
Philadelphia,2025-05-04,5,12.0
Philadelphia,2025-05-05,17,13.0
Philadelphia,2025-05-06,16,13.0
Philadelphia,2025-05-07,15,13.0
Philadelphia,2025-05-08,14,12.0
Philadelphia,2025-05-09,27,14.0
Philadelphia,2025-05-10,8,15.0
Philadelphia,2025-05-11,4,14.0
Philadelphia,2025-05-12,25,16.0
Philadelphia,2025-05-13,18,16.0
Philadelphia,2025-05-14,24,17.0
Philadelphia,2025-05-15,18,18.0
Philadelphia,2025-05-16,21,17.0
Philadelphia,2025-05-17,8,17.0
Philadelphia,2025-05-18,5,17.0
Philadelphia,2025-05-19,14,15.0
Philadelphia,2025-05-20,22,16.0
Philadelphia,2025-05-21,33,17.0
Philadelphia,2025-05-22,19,17.0
Philadelphia,2025-05-23,31,19.0
Philadelphia,2025-05-24,12,19.0
Philadelphia,2025-05-25,23,22.0
Philadelphia,2025-05-26,15,22.0
Philadelphia,2025-05-27,21,22.0
Philadelphia,2025-05-28,27,21.0
Philadelphia,2025-05-29,17,21.0
Philadelphia,2025-05-30,29,21.0
Philadelphia,2025-05-31,22,22.0
Philadelphia,2025-06-01,17,21.0
Philadelphia,2025-06-02,37,24.0
Philadelphia,2025-06-03,50,28.0
Philadelphia,2025-06-04,59,33.0
Philadelphia,2025-06-05,31,35.0
Philadelphia,2025-06-06,51,38.0
Philadelphia,2025-06-07,32,40.0
Philadelphia,2025-06-08,13,39.0
Philadelphia,2025-06-09,28,38.0
Philadelphia,2025-06-10,41,36.0
Philadelphia,2025-06-11,61,37.0
Philadelphia,2025-06-12,37,38.0
Philadelphia,2025-06-13,27,34.0
Philadelphia,2025-06-14,15,32.0
Philadelphia,2025-06-15,9,31.0
Philadelphia,2025-06-16,21,30.0
Philadelphia,2025-06-17,34,29.0
Philadelphia,2025-06-18,30,25.0
Philadelphia,2025-06-19,29,24.0
Philadelphia,2025-06-20,26,23.0
Philadelphia,2025-06-21,38,27.0
Philadelphia,2025-06-22,19,28.0
Philadelphia,2025-06-23,25,29.0
Philadelphia,2025-06-24,27,28.0
Philadelphia,2025-06-25,35,28.0
Philadelphia,2025-06-26,34,29.0
Philadelphia,2025-06-27,30,30.0
Philadelphia,2025-06-28,11,26.0
Philadelphia,2025-06-29,6,24.0
Philadelphia,2025-06-30,29,25.0
Philadelphia,2025-07-01,33,25.0
Philadelphia,2025-07-02,39,26.0
Philadelphia,2025-07-03,39,27.0
Philadelphia,2025-07-04,5,23.0
Philadelphia,2025-07-05,14,24.0
Philadelphia,2025-07-06,16,25.0
Philadelphia,2025-07-07,21,24.0
Philadelphia,2025-07-08,19,22.0
Philadelphia,2025-07-09,37,22.0
Philadelphia,2025-07-10,37,21.0
Philadelphia,2025-07-11,26,24.0
Philadelphia,2025-07-12,23,26.0
Philadelphia,2025-07-13,19,26.0
Philadelphia,2025-07-14,20,26.0
Philadelphia,2025-07-15,32,28.0
Philadelphia,2025-07-16,33,27.0
Philadelphia,2025-07-17,31,26.0
Philadelphia,2025-07-18,22,26.0
Philadelphia,2025-07-19,14,24.0
Philadelphia,2025-07-20,8,23.0
Philadelphia,2025-07-21,26,24.0
Philadelphia,2025-07-22,21,22.0
Philadelphia,2025-07-23,39,23.0
Philadelphia,2025-07-24,28,23.0
Philadelphia,2025-07-25,24,23.0
Philadelphia,2025-07-26,24,24.0
Philadelphia,2025-07-27,16,25.0
Philadelphia,2025-07-28,23,25.0
Philadelphia,2025-07-29,35,27.0
Philadelphia,2025-07-30,35,26.0
Philadelphia,2025-07-31,29,27.0
Philadelphia,2025-08-01,36,28.0
Philadelphia,2025-08-02,19,28.0
Philadelphia,2025-08-03,5,26.0
Philadelphia,2025-08-04,27,27.0
Philadelphia,2025-08-05,21,25.0
Philadelphia,2025-08-06,27,23.0
Philadelphia,2025-08-07,21,22.0
Philadelphia,2025-08-08,29,21.0
Philadelphia,2025-08-09,20,21.0
Philadelphia,2025-08-10,3,21.0
Philadelphia,2025-08-11,26,21.0
Philadelphia,2025-08-12,22,21.0
Philadelphia,2025-08-13,27,21.0
Philadelphia,2025-08-14,21,21.0
Philadelphia,2025-08-15,23,20.0
Philadelphia,2025-08-16,19,20.0
Philadelphia,2025-08-17,10,21.0
Philadelphia,2025-08-18,18,20.0
Philadelphia,2025-08-19,45,23.0
Philadelphia,2025-08-20,17,22.0
Philadelphia,2025-08-21,27,23.0
Philadelphia,2025-08-22,18,22.0
Philadelphia,2025-08-23,9,21.0
Philadelphia,2025-08-24,13,21.0
Philadelphia,2025-08-25,23,22.0
Philadelphia,2025-08-26,27,19.0
Philadelphia,2025-08-27,40,22.0
Philadelphia,2025-08-28,21,22.0
Philadelphia,2025-08-29,25,23.0
Philadelphia,2025-08-30,9,23.0
Philadelphia,2025-08-31,16,23.0
Philadelphia,2025-09-01,9,21.0
Philadelphia,2025-09-02,24,21.0
Philadelphia,2025-09-03,41,21.0
Philadelphia,2025-09-04,31,22.0
Philadelphia,2025-09-05,30,23.0
Philadelphia,2025-09-06,37,27.0
Philadelphia,2025-09-07,17,27.0
Philadelphia,2025-09-08,42,32.0
Philadelphia,2025-09-09,51,36.0
Philadelphia,2025-09-10,36,35.0
Philadelphia,2025-09-11,40,36.0
Philadelphia,2025-09-12,38,37.0
Philadelphia,2025-09-13,26,36.0
Philadelphia,2025-09-14,16,36.0
Philadelphia,2025-09-15,38,35.0
Philadelphia,2025-09-16,26,31.0
Philadelphia,2025-09-17,37,32.0
Philadelphia,2025-09-18,29,30.0
Philadelphia,2025-09-19,34,29.0
Philadelphia,2025-09-20,26,29.0
Philadelphia,2025-09-21,13,29.0
Philadelphia,2025-09-22,36,29.0
Philadelphia,2025-09-23,31,29.0
Philadelphia,2025-09-24,46,31.0
Philadelphia,2025-09-25,33,31.0
Philadelphia,2025-09-26,29,31.0
Philadelphia,2025-09-27,30,31.0
Philadelphia,2025-09-28,24,33.0
Philadelphia,2025-09-29,41,33.0
Philadelphia,2025-09-30,28,33.0
Philadelphia,2025-10-01,24,30.0
Philadelphia,2025-10-02,32,30.0
Philadelphia,2025-10-03,43,32.0
Philadelphia,2025-10-04,29,32.0
Philadelphia,2025-10-05,9,29.0
Philadelphia,2025-10-06,25,27.0
Philadelphia,2025-10-07,37,28.0
Philadelphia,2025-10-08,47,32.0
Philadelphia,2025-10-09,39,33.0
Philadelphia,2025-10-10,36,32.0
Philadelphia,2025-10-11,20,30.0
Philadelphia,2025-10-12,25,33.0
Philadelphia,2025-10-13,29,33.0
Philadelphia,2025-10-14,46,35.0
Philadelphia,2025-10-15,50,35.0
Philadelphia,2025-10-16,42,35.0
Philadelphia,2025-10-17,25,34.0
Philadelphia,2025-10-18,21,34.0
Philadelphia,2025-10-19,10,32.0
Philadelphia,2025-10-20,44,34.0
Philadelphia,2025-10-21,34,32.0
Philadelphia,2025-10-22,48,32.0
Philadelphia,2025-10-23,50,33.0
Philadelphia,2025-10-24,48,36.0
Philadelphia,2025-10-25,22,37.0
Philadelphia,2025-10-26,27,39.0
Philadelphia,2025-10-27,42,39.0
Philadelphia,2025-10-28,40,40.0
Philadelphia,2025-10-29,50,40.0
Philadelphia,2025-10-30,35,38.0
Philadelphia,2025-10-31,27,35.0
Philadelphia,2025-11-01,14,34.0
Philadelphia,2025-11-02,14,32.0
Philadelphia,2025-11-03,39,31.0
Philadelphia,2025-11-04,58,34.0
Philadelphia,2025-11-05,58,35.0
Philadelphia,2025-11-06,57,38.0
Philadelphia,2025-11-07,46,41.0
Philadelphia,2025-11-08,42,45.0
Philadelphia,2025-11-09,26,47.0
Philadelphia,2025-11-10,44,47.0
Philadelphia,2025-11-11,36,44.0
Philadelphia,2025-11-12,63,45.0
Philadelphia,2025-11-13,55,45.0
Philadelphia,2025-11-14,38,43.0
Philadelphia,2025-11-15,44,44.0
Philadelphia,2025-11-16,13,42.0
Philadelphia,2025-11-17,52,43.0
Philadelphia,2025-11-18,62,47.0
Philadelphia,2025-11-19,54,45.0
Philadelphia,2025-11-20,43,44.0
Philadelphia,2025-11-21,40,44.0
Philadelphia,2025-11-22,25,41.0
Philadelphia,2025-11-23,15,42.0
Philadelphia,2025-11-24,32,39.0
Philadelphia,2025-11-25,48,37.0
Philadelphia,2025-11-26,42,35.0
Philadelphia,2025-11-27,19,32.0
Philadelphia,2025-11-28,34,31.0
Philadelphia,2025-11-29,18,30.0
Philadelphia,2025-11-30,11,29.0
Philadelphia,2025-12-01,25,28.0
Philadelphia,2025-12-02,43,27.0
Philadelphia,2025-12-03,53,29.0
Philadelphia,2025-12-04,53,34.0
Philadelphia,2025-12-05,43,35.0
Philadelphia,2025-12-06,26,36.0
Philadelphia,2025-12-07,27,39.0
Philadelphia,2025-12-08,28,39.0
Philadelphia,2025-12-09,52,40.0
Philadelphia,2025-12-10,41,39.0
Philadelphia,2025-12-11,41,37.0
Philadelphia,2025-12-12,45,37.0
Philadelphia,2025-12-13,28,37.0
Philadelphia,2025-12-14,19,36.0
Philadelphia,2025-12-15,39,38.0
Philadelphia,2025-12-16,51,38.0
Philadelphia,2025-12-17,42,38.0
Philadelphia,2025-12-18,75,43.0
Philadelphia,2025-12-19,44,43.0
Philadelphia,2025-12-20,48,45.0
Philadelphia,2025-12-21,28,47.0
Philadelphia,2025-12-22,38,47.0
Philadelphia,2025-12-23,39,45.0
Philadelphia,2025-12-24,24,42.0
Philadelphia,2025-12-25,12,33.0
Philadelphia,2025-12-26,34,32.0
Philadelphia,2025-12-27,13,27.0
Philadelphia,2025-12-28,13,25.0
Philadelphia,2025-12-29,33,24.0
Philadelphia,2025-12-30,56,26.0
Philadelphia,2025-12-31,38,28.0
Philadelphia,2026-01-01,24,30.0
Philadelphia,2026-01-02,40,31.0
Philadelphia,2026-01-03,22,32.0
Philadelphia,2026-01-04,28,34.0
Philadelphia,2026-01-05,59,38.0
Philadelphia,2026-01-06,69,40.0
Philadelphia,2026-01-07,104,49.0
Philadelphia,2026-01-08,95,60.0
Philadelphia,2026-01-09,68,64.0
Philadelphia,2026-01-10,58,69.0
Philadelphia,2026-01-11,44,71.0
Philadelphia,2026-01-12,83,74.0
Philadelphia,2026-01-13,88,77.0
Philadelphia,2026-01-14,104,77.0
Philadelphia,2026-01-15,58,72.0
Philadelphia,2026-01-16,87,75.0
Philadelphia,2026-01-17,65,76.0
Philadelphia,2026-01-18,32,74.0
Philadelphia,2026-01-19,42,68.0
Philadelphia,2026-01-20,43,62.0
Philadelphia,2026-01-21,43,53.0
Philadelphia,2026-01-22,54,52.0
Philadelphia,2026-01-23,40,46.0
Philadelphia,2026-01-24,25,40.0
Philadelphia,2026-01-27,31,40.0
Philadelphia,2026-01-28,57,42.0
Philadelphia,2026-01-29,50,43.0
Philadelphia,2026-01-30,33,41.0
Philadelphia,2026-01-31,24,37.0
Philadelphia,2026-02-01,12,33.0
Philadelphia,2026-02-02,46,36.0
Philadelphia,2026-02-03,42,38.0
Philadelphia,2026-02-04,46,36.0
Philadelphia,2026-02-05,46,36.0
Philadelphia,2026-02-06,28,35.0
Philadelphia,2026-02-07,20,34.0
Philadelphia,2026-02-08,22,36.0
Philadelphia,2026-02-09,30,33.0
Philadelphia,2026-02-10,42,33.0
Philadelphia,2026-02-11,35,32.0
Philadelphia,2026-02-12,38,31.0
Philadelphia,2026-02-13,35,32.0
Philadelphia,2026-02-14,20,32.0
Philadelphia,2026-02-15,10,30.0
Philadelphia,2026-02-16,13,28.0
Philadelphia,2026-02-17,50,29.0
Philadelphia,2026-02-18,56,32.0
Philadelphia,2026-02-19,39,32.0
Philadelphia,2026-02-20,26,31.0
Philadelphia,2026-02-21,21,31.0
Philadelphia,2026-02-22,11,31.0
Philadelphia,2026-02-23,28,33.0
Philadelphia,2026-02-24,42,32.0
Philadelphia,2026-02-25,51,31.0
Philadelphia,2026-02-26,34,30.0
Philadelphia,2026-02-27,37,32.0
Philadelphia,2026-02-28,1,29.0
Philadelphia,2026-03-01,5,28.0
Philadelphia,2026-03-02,44,31.0
Philadelphia,2026-03-03,27,28.0
Philadelphia,2026-03-04,43,27.0
Philadelphia,2026-03-05,24,26.0
Philadelphia,2026-03-06,32,25.0
Philadelphia,2026-03-07,4,26.0
Philadelphia,2026-03-08,5,26.0
Philadelphia,2026-03-09,28,23.0
Philadelphia,2026-03-10,41,25.0
Phoenix,2022-10-01,5,20.0
Phoenix,2022-10-02,8,18.0
Phoenix,2022-10-03,13,15.0
Phoenix,2022-10-04,10,16.0
Phoenix,2022-10-05,10,16.0
Phoenix,2022-10-06,5,13.0
Phoenix,2022-10-07,12,9.0
Phoenix,2022-10-08,4,9.0
Phoenix,2022-10-09,2,8.0
Phoenix,2022-10-10,5,7.0
Phoenix,2022-10-11,7,6.0
Phoenix,2022-10-12,14,7.0
Phoenix,2022-10-13,16,9.0
Phoenix,2022-10-14,6,8.0
Phoenix,2022-10-15,4,8.0
Phoenix,2022-10-16,7,8.0
Phoenix,2022-10-17,12,9.0
Phoenix,2022-10-18,9,10.0
Phoenix,2022-10-19,21,11.0
Phoenix,2022-10-20,17,11.0
Phoenix,2022-10-21,6,11.0
Phoenix,2022-10-22,11,12.0
Phoenix,2022-10-23,7,12.0
Phoenix,2022-10-24,11,12.0
Phoenix,2022-10-25,22,14.0
Phoenix,2022-10-26,39,16.0
Phoenix,2022-10-27,12,15.0
Phoenix,2022-10-28,10,16.0
Phoenix,2022-10-29,3,15.0
Phoenix,2022-10-30,6,15.0
Phoenix,2022-10-31,8,14.0
Phoenix,2022-11-01,26,15.0
Phoenix,2022-11-02,9,11.0
Phoenix,2022-11-03,14,11.0
Phoenix,2022-11-04,13,11.0
Phoenix,2022-11-05,6,12.0
Phoenix,2022-11-06,2,11.0
Phoenix,2022-11-07,3,10.0
Phoenix,2022-11-08,30,11.0
Phoenix,2022-11-09,17,12.0
Phoenix,2022-11-10,18,13.0
Phoenix,2022-11-11,9,12.0
Phoenix,2022-11-12,7,12.0
Phoenix,2022-11-13,5,13.0
Phoenix,2022-11-14,6,13.0
Phoenix,2022-11-15,11,10.0
Phoenix,2022-11-16,18,11.0
Phoenix,2022-11-17,21,11.0
Phoenix,2022-11-18,12,11.0
Phoenix,2022-11-19,10,12.0
Phoenix,2022-11-20,6,12.0
Phoenix,2022-11-21,8,12.0
Phoenix,2022-11-22,13,13.0
Phoenix,2022-11-23,15,12.0
Phoenix,2022-11-24,7,10.0
Phoenix,2022-11-25,13,10.0
Phoenix,2022-11-26,3,9.0
Phoenix,2022-11-27,4,9.0
Phoenix,2022-11-28,9,9.0
Phoenix,2022-11-29,13,9.0
Phoenix,2022-11-30,13,9.0
Phoenix,2022-12-01,11,9.0
Phoenix,2022-12-02,9,9.0
Phoenix,2022-12-03,8,10.0
Phoenix,2022-12-04,6,10.0
Phoenix,2022-12-05,13,10.0
Phoenix,2022-12-06,10,10.0
Phoenix,2022-12-07,17,11.0
Phoenix,2022-12-08,21,12.0
Phoenix,2022-12-09,5,11.0
Phoenix,2022-12-10,7,11.0
Phoenix,2022-12-11,5,11.0
Phoenix,2022-12-12,12,11.0
Phoenix,2022-12-13,10,11.0
Phoenix,2022-12-14,18,11.0
Phoenix,2022-12-15,22,11.0
Phoenix,2022-12-16,12,12.0
Phoenix,2022-12-17,4,12.0
Phoenix,2022-12-18,5,12.0
Phoenix,2022-12-19,10,12.0
Phoenix,2022-12-20,18,13.0
Phoenix,2022-12-21,15,12.0
Phoenix,2022-12-22,16,11.0
Phoenix,2022-12-23,18,12.0
Phoenix,2022-12-24,7,13.0
Phoenix,2022-12-25,9,13.0
Phoenix,2022-12-26,2,12.0
Phoenix,2022-12-27,9,11.0
Phoenix,2022-12-28,7,10.0
Phoenix,2022-12-29,16,10.0
Phoenix,2022-12-30,11,9.0
Phoenix,2022-12-31,6,9.0
Phoenix,2023-01-01,5,8.0
Phoenix,2023-01-02,9,9.0
Phoenix,2023-01-03,8,9.0
Phoenix,2023-01-04,7,9.0
Phoenix,2023-01-05,14,9.0
Phoenix,2023-01-06,21,10.0
Phoenix,2023-01-07,7,10.0
Phoenix,2023-01-08,1,10.0
Phoenix,2023-01-09,13,10.0
Phoenix,2023-01-10,10,10.0
Phoenix,2023-01-11,13,11.0
Phoenix,2023-01-12,11,11.0
Phoenix,2023-01-13,18,10.0
Phoenix,2023-01-14,9,11.0
Phoenix,2023-01-15,6,11.0
Phoenix,2023-01-16,3,10.0
Phoenix,2023-01-17,8,10.0
Phoenix,2023-01-18,10,9.0
Phoenix,2023-01-19,16,10.0
Phoenix,2023-01-20,25,11.0
Phoenix,2023-01-21,10,11.0
Phoenix,2023-01-22,5,11.0
Phoenix,2023-01-23,8,12.0
Phoenix,2023-01-24,11,12.0
Phoenix,2023-01-25,22,14.0
Phoenix,2023-01-26,22,15.0
Phoenix,2023-01-27,22,14.0
Phoenix,2023-01-28,9,14.0
Phoenix,2023-01-29,8,15.0
Phoenix,2023-01-30,24,17.0
Phoenix,2023-01-31,21,18.0
Phoenix,2023-02-01,29,19.0
Phoenix,2023-02-02,28,20.0
Phoenix,2023-02-03,15,19.0
Phoenix,2023-02-04,4,18.0
Phoenix,2023-02-05,4,18.0
Phoenix,2023-02-06,14,16.0
Phoenix,2023-02-07,12,15.0
Phoenix,2023-02-08,15,13.0
Phoenix,2023-02-09,17,12.0
Phoenix,2023-02-10,8,11.0
Phoenix,2023-02-11,11,12.0
Phoenix,2023-02-12,8,12.0
Phoenix,2023-02-13,23,13.0
Phoenix,2023-02-14,19,14.0
Phoenix,2023-02-15,8,13.0
Phoenix,2023-02-16,17,13.0
Phoenix,2023-02-17,17,15.0
Phoenix,2023-02-18,8,14.0
Phoenix,2023-02-19,7,14.0
Phoenix,2023-02-20,12,13.0
Phoenix,2023-02-21,17,12.0
Phoenix,2023-02-22,13,13.0
Phoenix,2023-02-23,20,13.0
Phoenix,2023-02-24,11,13.0
Phoenix,2023-02-25,4,12.0
Phoenix,2023-02-26,10,12.0
Phoenix,2023-02-27,13,13.0
Phoenix,2023-02-28,24,14.0
Phoenix,2023-03-01,23,15.0
Phoenix,2023-03-02,15,14.0
Phoenix,2023-03-03,54,20.0
Phoenix,2023-03-04,5,21.0
Phoenix,2023-03-05,4,20.0
Phoenix,2023-03-06,13,20.0
Phoenix,2023-03-07,12,18.0
Phoenix,2023-03-08,30,19.0
Phoenix,2023-03-09,17,19.0
Phoenix,2023-03-10,16,14.0
Phoenix,2023-03-11,4,14.0
Phoenix,2023-03-12,4,14.0
Phoenix,2023-03-13,9,13.0
Phoenix,2023-03-14,13,13.0
Phoenix,2023-03-15,12,11.0
Phoenix,2023-03-16,13,10.0
Phoenix,2023-03-17,19,11.0
Phoenix,2023-03-18,5,11.0
Phoenix,2023-03-19,11,12.0
Phoenix,2023-03-20,17,13.0
Phoenix,2023-03-21,11,13.0
Phoenix,2023-03-22,14,13.0
Phoenix,2023-03-23,9,12.0
Phoenix,2023-03-24,22,13.0
Phoenix,2023-03-25,7,13.0
Phoenix,2023-03-26,7,12.0
Phoenix,2023-03-27,13,12.0
Phoenix,2023-03-28,27,14.0
Phoenix,2023-03-29,19,15.0
Phoenix,2023-03-30,18,16.0
Phoenix,2023-03-31,12,15.0
Phoenix,2023-04-01,3,14.0
Phoenix,2023-04-02,7,14.0
Phoenix,2023-04-03,15,14.0
Phoenix,2023-04-04,15,13.0
Phoenix,2023-04-05,11,12.0
Phoenix,2023-04-06,16,11.0
Phoenix,2023-04-07,14,12.0
Phoenix,2023-04-08,9,12.0
Phoenix,2023-04-09,7,12.0
Phoenix,2023-04-10,10,12.0
Phoenix,2023-04-11,22,13.0
Phoenix,2023-04-12,20,14.0
Phoenix,2023-04-13,27,16.0
Phoenix,2023-04-14,18,16.0
Phoenix,2023-04-15,11,16.0
Phoenix,2023-04-16,8,17.0
Phoenix,2023-04-17,14,17.0
Phoenix,2023-04-18,14,16.0
Phoenix,2023-04-19,28,17.0
Phoenix,2023-04-20,8,14.0
Phoenix,2023-04-21,16,14.0
Phoenix,2023-04-22,5,13.0
Phoenix,2023-04-23,16,14.0
Phoenix,2023-04-24,27,16.0
Phoenix,2023-04-25,20,17.0
Phoenix,2023-04-26,18,16.0
Phoenix,2023-04-27,30,19.0
Phoenix,2023-04-28,23,20.0
Phoenix,2023-04-29,54,27.0
Phoenix,2023-04-30,12,26.0
Phoenix,2023-05-01,21,25.0
Phoenix,2023-05-02,28,27.0
Phoenix,2023-05-03,22,27.0
Phoenix,2023-05-04,40,29.0
Phoenix,2023-05-05,21,28.0
Phoenix,2023-05-06,7,22.0
Phoenix,2023-05-07,6,21.0
Phoenix,2023-05-08,34,23.0
Phoenix,2023-05-09,27,22.0
Phoenix,2023-05-10,30,24.0
Phoenix,2023-05-11,16,20.0
Phoenix,2023-05-12,19,20.0
Phoenix,2023-05-13,6,20.0
Phoenix,2023-05-14,15,21.0
Phoenix,2023-05-15,20,19.0
Phoenix,2023-05-16,13,17.0
Phoenix,2023-05-17,26,16.0
Phoenix,2023-05-18,19,17.0
Phoenix,2023-05-19,9,15.0
Phoenix,2023-05-20,10,16.0
Phoenix,2023-05-21,8,15.0
Phoenix,2023-05-22,18,15.0
Phoenix,2023-05-23,24,16.0
Phoenix,2023-05-24,32,17.0
Phoenix,2023-05-25,21,17.0
Phoenix,2023-05-26,15,18.0
Phoenix,2023-05-27,8,18.0
Phoenix,2023-05-28,13,19.0
Phoenix,2023-05-29,8,17.0
Phoenix,2023-05-30,16,16.0
Phoenix,2023-05-31,15,14.0
Phoenix,2023-06-01,17,13.0
Phoenix,2023-06-02,8,12.0
Phoenix,2023-06-03,13,13.0
Phoenix,2023-06-04,7,12.0
Phoenix,2023-06-05,19,14.0
Phoenix,2023-06-06,20,14.0
Phoenix,2023-06-07,22,15.0
Phoenix,2023-06-08,13,15.0
Phoenix,2023-06-09,15,16.0
Phoenix,2023-06-10,7,15.0
Phoenix,2023-06-11,7,15.0
Phoenix,2023-06-12,16,14.0
Phoenix,2023-06-13,17,14.0
Phoenix,2023-06-14,18,13.0
Phoenix,2023-06-15,33,16.0
Phoenix,2023-06-16,11,16.0
Phoenix,2023-06-17,11,16.0
Phoenix,2023-06-18,11,17.0
Phoenix,2023-06-19,14,16.0
Phoenix,2023-06-20,24,17.0
Phoenix,2023-06-21,10,16.0
Phoenix,2023-06-22,27,15.0
Phoenix,2023-06-23,13,16.0
Phoenix,2023-06-24,7,15.0
Phoenix,2023-06-25,11,15.0
Phoenix,2023-06-26,7,14.0
Phoenix,2023-06-27,16,13.0
Phoenix,2023-06-28,11,13.0
Phoenix,2023-06-29,11,11.0
Phoenix,2023-06-30,18,12.0
Phoenix,2023-07-01,7,12.0
Phoenix,2023-07-02,11,12.0
Phoenix,2023-07-03,9,12.0
Phoenix,2023-07-04,5,10.0
Phoenix,2023-07-05,11,10.0
Phoenix,2023-07-06,16,11.0
Phoenix,2023-07-07,12,10.0
Phoenix,2023-07-08,9,10.0
Phoenix,2023-07-09,9,10.0
Phoenix,2023-07-10,7,10.0
Phoenix,2023-07-11,11,11.0
Phoenix,2023-07-12,23,12.0
Phoenix,2023-07-13,12,12.0
Phoenix,2023-07-14,8,11.0
Phoenix,2023-07-15,9,11.0
Phoenix,2023-07-16,5,11.0
Phoenix,2023-07-17,14,12.0
Phoenix,2023-07-18,10,12.0
Phoenix,2023-07-19,12,10.0
Phoenix,2023-07-20,9,10.0
Phoenix,2023-07-21,10,10.0
Phoenix,2023-07-22,6,9.0
Phoenix,2023-07-23,7,10.0
Phoenix,2023-07-24,22,11.0
Phoenix,2023-07-25,15,12.0
Phoenix,2023-07-26,15,12.0
Phoenix,2023-07-27,22,14.0
Phoenix,2023-07-28,17,15.0
Phoenix,2023-07-29,9,15.0
Phoenix,2023-07-30,1,14.0
Phoenix,2023-07-31,10,13.0
Phoenix,2023-08-01,12,12.0
Phoenix,2023-08-02,9,11.0
Phoenix,2023-08-03,11,10.0
Phoenix,2023-08-04,8,9.0
Phoenix,2023-08-05,10,9.0
Phoenix,2023-08-06,2,9.0
Phoenix,2023-08-07,10,9.0
Phoenix,2023-08-08,13,9.0
Phoenix,2023-08-09,13,10.0
Phoenix,2023-08-10,14,10.0
Phoenix,2023-08-11,10,10.0
Phoenix,2023-08-12,2,9.0
Phoenix,2023-08-13,3,9.0
Phoenix,2023-08-14,9,9.0
Phoenix,2023-08-15,14,9.0
Phoenix,2023-08-16,13,9.0
Phoenix,2023-08-17,11,9.0
Phoenix,2023-08-18,13,9.0
Phoenix,2023-08-19,7,10.0
Phoenix,2023-08-20,12,11.0
Phoenix,2023-08-21,9,11.0
Phoenix,2023-08-22,16,12.0
Phoenix,2023-08-23,18,12.0
Phoenix,2023-08-24,19,13.0
Phoenix,2023-08-25,10,13.0
Phoenix,2023-08-26,14,14.0
Phoenix,2023-08-27,13,14.0
Phoenix,2023-08-28,11,14.0
Phoenix,2023-08-29,10,14.0
Phoenix,2023-08-30,17,13.0
Phoenix,2023-08-31,12,12.0
Phoenix,2023-09-01,14,13.0
Phoenix,2023-09-02,5,12.0
Phoenix,2023-09-03,6,11.0
Phoenix,2023-09-04,11,11.0
Phoenix,2023-09-05,16,12.0
Phoenix,2023-09-06,9,10.0
Phoenix,2023-09-07,15,11.0
Phoenix,2023-09-08,12,11.0
Phoenix,2023-09-09,7,11.0
Phoenix,2023-09-10,5,11.0
Phoenix,2023-09-11,8,10.0
Phoenix,2023-09-12,14,10.0
Phoenix,2023-09-13,17,11.0
Phoenix,2023-09-14,15,11.0
Phoenix,2023-09-15,15,12.0
Phoenix,2023-09-16,18,13.0
Phoenix,2023-09-17,13,14.0
Phoenix,2023-09-18,25,17.0
Phoenix,2023-09-19,19,17.0
Phoenix,2023-09-20,15,17.0
Phoenix,2023-09-21,17,17.0
Phoenix,2023-09-22,9,17.0
Phoenix,2023-09-23,10,15.0
Phoenix,2023-09-24,5,14.0
Phoenix,2023-09-25,12,12.0
Phoenix,2023-09-26,15,12.0
Phoenix,2023-09-27,16,12.0
Phoenix,2023-09-28,13,11.0
Phoenix,2023-09-29,16,12.0
Phoenix,2023-09-30,9,12.0
Phoenix,2023-10-01,8,13.0
Phoenix,2023-10-02,9,12.0
Phoenix,2023-10-03,10,12.0
Phoenix,2023-10-04,8,10.0
Phoenix,2023-10-05,7,10.0
Phoenix,2023-10-06,19,10.0
Phoenix,2023-10-07,13,11.0
Phoenix,2023-10-08,5,10.0
Phoenix,2023-10-09,14,11.0
Phoenix,2023-10-10,11,11.0
Phoenix,2023-10-11,10,11.0
Phoenix,2023-10-12,14,12.0
Phoenix,2023-10-13,10,11.0
Phoenix,2023-10-14,2,9.0
Phoenix,2023-10-15,6,10.0
Phoenix,2023-10-16,6,8.0
Phoenix,2023-10-17,19,10.0
Phoenix,2023-10-18,19,11.0
Phoenix,2023-10-19,10,10.0
Phoenix,2023-10-20,7,10.0
Phoenix,2023-10-21,9,11.0
Phoenix,2023-10-22,21,13.0
Phoenix,2023-10-23,13,14.0
Phoenix,2023-10-24,13,13.0
Phoenix,2023-10-25,17,13.0
Phoenix,2023-10-26,9,13.0
Phoenix,2023-10-27,14,14.0
Phoenix,2023-10-28,6,13.0
Phoenix,2023-10-29,1,10.0
Phoenix,2023-10-30,9,10.0
Phoenix,2023-10-31,6,9.0
Phoenix,2023-11-01,14,8.0
Phoenix,2023-11-02,14,9.0
Phoenix,2023-11-03,17,10.0
Phoenix,2023-11-04,7,10.0
Phoenix,2023-11-05,5,10.0
Phoenix,2023-11-06,11,11.0
Phoenix,2023-11-07,14,12.0
Phoenix,2023-11-08,10,11.0
Phoenix,2023-11-09,17,12.0
Phoenix,2023-11-10,4,10.0
Phoenix,2023-11-12,8,10.0
Phoenix,2023-11-13,8,10.0
Phoenix,2023-11-14,10,10.0
Phoenix,2023-11-15,15,10.0
Phoenix,2023-11-16,14,11.0
Phoenix,2023-11-17,7,9.0
Phoenix,2023-11-18,3,9.0
Phoenix,2023-11-19,6,9.0
Phoenix,2023-11-20,7,9.0
Phoenix,2023-11-21,8,9.0
Phoenix,2023-11-22,10,8.0
Phoenix,2023-11-23,13,8.0
Phoenix,2023-11-24,8,8.0
Phoenix,2023-11-25,4,8.0
Phoenix,2023-11-26,9,8.0
Phoenix,2023-11-27,9,9.0
Phoenix,2023-11-28,5,8.0
Phoenix,2023-11-29,9,8.0
Phoenix,2023-11-30,16,9.0
Phoenix,2023-12-01,10,9.0
Phoenix,2023-12-02,7,9.0
Phoenix,2023-12-03,10,9.0
Phoenix,2023-12-04,8,9.0
Phoenix,2023-12-05,9,10.0
Phoenix,2023-12-06,14,11.0
Phoenix,2023-12-07,14,10.0
Phoenix,2023-12-08,13,11.0
Phoenix,2023-12-09,11,11.0
Phoenix,2023-12-10,6,11.0
Phoenix,2023-12-11,18,12.0
Phoenix,2023-12-12,13,13.0
Phoenix,2023-12-13,13,13.0
Phoenix,2023-12-14,14,13.0
Phoenix,2023-12-15,14,13.0
Phoenix,2023-12-16,9,12.0
Phoenix,2023-12-17,14,14.0
Phoenix,2023-12-18,15,13.0
Phoenix,2023-12-19,14,13.0
Phoenix,2023-12-20,17,14.0
Phoenix,2023-12-21,7,13.0
Phoenix,2023-12-22,16,13.0
Phoenix,2023-12-23,5,13.0
Phoenix,2023-12-24,3,11.0
Phoenix,2023-12-25,8,10.0
Phoenix,2023-12-26,5,9.0
Phoenix,2023-12-27,13,8.0
Phoenix,2023-12-28,13,9.0
Phoenix,2023-12-29,18,9.0
Phoenix,2023-12-30,10,10.0
Phoenix,2023-12-31,6,10.0
Phoenix,2024-01-01,4,10.0
Phoenix,2024-01-02,6,10.0
Phoenix,2024-01-03,6,9.0
Phoenix,2024-01-04,4,8.0
Phoenix,2024-01-05,11,7.0
Phoenix,2024-01-06,1,5.0
Phoenix,2024-01-07,4,5.0
Phoenix,2024-01-08,12,6.0
Phoenix,2024-01-09,18,8.0
Phoenix,2024-01-10,15,9.0
Phoenix,2024-01-11,11,10.0
Phoenix,2024-01-12,13,11.0
Phoenix,2024-01-13,8,12.0
Phoenix,2024-01-14,3,11.0
Phoenix,2024-01-15,5,10.0
Phoenix,2024-01-16,11,9.0
Phoenix,2024-01-17,22,10.0
Phoenix,2024-01-18,19,12.0
Phoenix,2024-01-19,11,11.0
Phoenix,2024-01-20,7,11.0
Phoenix,2024-01-21,7,12.0
Phoenix,2024-01-22,10,12.0
Phoenix,2024-01-23,16,13.0
Phoenix,2024-01-24,13,12.0
Phoenix,2024-01-25,11,11.0
Phoenix,2024-01-26,16,11.0
Phoenix,2024-01-27,5,11.0
Phoenix,2024-01-28,4,11.0
Phoenix,2024-01-29,8,10.0
Phoenix,2024-01-30,11,10.0
Phoenix,2024-01-31,11,9.0
Phoenix,2024-02-01,18,10.0
Phoenix,2024-02-02,10,10.0
Phoenix,2024-02-03,10,10.0
Phoenix,2024-02-04,11,11.0
Phoenix,2024-02-05,18,13.0
Phoenix,2024-02-06,21,14.0
Phoenix,2024-02-07,19,15.0
Phoenix,2024-02-08,11,14.0
Phoenix,2024-02-09,11,14.0
Phoenix,2024-02-10,10,14.0
Phoenix,2024-02-11,5,14.0
Phoenix,2024-02-12,14,13.0
Phoenix,2024-02-13,4,11.0
Phoenix,2024-02-14,16,10.0
Phoenix,2024-02-15,16,11.0
Phoenix,2024-02-16,13,11.0
Phoenix,2024-02-17,7,11.0
Phoenix,2024-02-18,17,12.0
Phoenix,2024-02-19,9,12.0
Phoenix,2024-02-20,9,12.0
Phoenix,2024-02-21,17,13.0
Phoenix,2024-02-22,14,12.0
Phoenix,2024-02-23,7,11.0
Phoenix,2024-02-24,7,11.0
Phoenix,2024-02-25,10,10.0
Phoenix,2024-02-26,24,13.0
Phoenix,2024-02-27,12,13.0
Phoenix,2024-02-28,9,12.0
Phoenix,2024-02-29,15,12.0
Phoenix,2024-03-01,16,13.0
Phoenix,2024-03-02,13,14.0
Phoenix,2024-03-03,8,14.0
Phoenix,2024-03-04,13,12.0
Phoenix,2024-03-05,21,14.0
Phoenix,2024-03-06,20,15.0
Phoenix,2024-03-07,13,15.0
Phoenix,2024-03-08,10,14.0
Phoenix,2024-03-09,3,13.0
Phoenix,2024-03-10,13,13.0
Phoenix,2024-03-11,9,13.0
Phoenix,2024-03-12,12,11.0
Phoenix,2024-03-13,24,12.0
Phoenix,2024-03-14,14,12.0
Phoenix,2024-03-15,11,12.0
Phoenix,2024-03-16,7,13.0
Phoenix,2024-03-17,4,12.0
Phoenix,2024-03-18,10,12.0
Phoenix,2024-03-19,7,11.0
Phoenix,2024-03-20,12,9.0
Phoenix,2024-03-21,10,9.0
Phoenix,2024-03-22,11,9.0
Phoenix,2024-03-23,6,9.0
Phoenix,2024-03-24,6,9.0
Phoenix,2024-03-25,11,9.0
Phoenix,2024-03-26,9,9.0
Phoenix,2024-03-27,17,10.0
Phoenix,2024-03-28,8,10.0
Phoenix,2024-03-29,12,10.0
Phoenix,2024-03-30,6,10.0
Phoenix,2024-03-31,7,10.0
Phoenix,2024-04-01,7,9.0
Phoenix,2024-04-02,12,10.0
Phoenix,2024-04-03,10,9.0
Phoenix,2024-04-04,3,8.0
Phoenix,2024-04-05,7,7.0
Phoenix,2024-04-06,8,8.0
Phoenix,2024-04-07,4,7.0
Phoenix,2024-04-08,12,8.0
Phoenix,2024-04-09,14,8.0
Phoenix,2024-04-10,21,10.0
Phoenix,2024-04-11,13,11.0
Phoenix,2024-04-12,17,13.0
Phoenix,2024-04-13,7,13.0
Phoenix,2024-04-14,11,14.0
Phoenix,2024-04-15,11,13.0
Phoenix,2024-04-16,17,14.0
Phoenix,2024-04-17,6,12.0
Phoenix,2024-04-18,13,12.0
Phoenix,2024-04-19,13,11.0
Phoenix,2024-04-20,9,11.0
Phoenix,2024-04-21,7,11.0
Phoenix,2024-04-22,14,11.0
Phoenix,2024-04-23,18,11.0
Phoenix,2024-04-24,13,12.0
Phoenix,2024-04-25,9,12.0
Phoenix,2024-04-26,22,13.0
Phoenix,2024-04-27,4,12.0
Phoenix,2024-04-28,12,13.0
Phoenix,2024-04-29,14,13.0
Phoenix,2024-04-30,21,14.0
Phoenix,2024-05-01,16,14.0
Phoenix,2024-05-02,10,14.0
Phoenix,2024-05-03,6,12.0
Phoenix,2024-05-04,9,13.0
Phoenix,2024-05-05,11,12.0
Phoenix,2024-05-06,14,12.0
Phoenix,2024-05-07,18,12.0
Phoenix,2024-05-08,29,14.0
Phoenix,2024-05-09,17,15.0
Phoenix,2024-05-10,7,15.0
Phoenix,2024-05-11,2,14.0
Phoenix,2024-05-12,7,13.0
Phoenix,2024-05-13,12,13.0
Phoenix,2024-05-14,9,12.0
Phoenix,2024-05-15,22,11.0
Phoenix,2024-05-16,14,10.0
Phoenix,2024-05-17,10,11.0
Phoenix,2024-05-18,5,11.0
Phoenix,2024-05-19,10,12.0
Phoenix,2024-05-20,25,14.0
Phoenix,2024-05-21,11,14.0
Phoenix,2024-05-22,16,13.0
Phoenix,2024-05-23,11,13.0
Phoenix,2024-05-24,11,13.0
Phoenix,2024-05-25,8,13.0
Phoenix,2024-05-26,9,13.0
Phoenix,2024-05-27,3,10.0
Phoenix,2024-05-28,9,10.0
Phoenix,2024-05-29,15,9.0
Phoenix,2024-05-30,15,10.0
Phoenix,2024-05-31,8,10.0
Phoenix,2024-06-01,6,9.0
Phoenix,2024-06-02,7,9.0
Phoenix,2024-06-03,11,10.0
Phoenix,2024-06-04,15,11.0
Phoenix,2024-06-05,17,11.0
Phoenix,2024-06-06,13,11.0
Phoenix,2024-06-07,13,12.0
Phoenix,2024-06-08,6,12.0
Phoenix,2024-06-09,2,11.0
Phoenix,2024-06-10,12,11.0
Phoenix,2024-06-11,6,10.0
Phoenix,2024-06-12,4,8.0
Phoenix,2024-06-13,13,8.0
Phoenix,2024-06-14,12,8.0
Phoenix,2024-06-15,6,8.0
Phoenix,2024-06-16,7,9.0
Phoenix,2024-06-17,8,8.0
Phoenix,2024-06-18,16,9.0
Phoenix,2024-06-19,6,10.0
Phoenix,2024-06-20,9,9.0
Phoenix,2024-06-21,4,8.0
Phoenix,2024-06-22,5,8.0
Phoenix,2024-06-23,1,7.0
Phoenix,2024-06-24,15,8.0
Phoenix,2024-06-25,18,8.0
Phoenix,2024-06-26,10,9.0
Phoenix,2024-06-27,16,10.0
Phoenix,2024-06-28,11,11.0
Phoenix,2024-06-29,7,11.0
Phoenix,2024-06-30,2,11.0
Phoenix,2024-07-01,14,11.0
Phoenix,2024-07-02,17,11.0
Phoenix,2024-07-03,17,12.0
Phoenix,2024-07-04,10,11.0
Phoenix,2024-07-05,13,11.0
Phoenix,2024-07-06,10,12.0
Phoenix,2024-07-07,3,12.0
Phoenix,2024-07-08,13,12.0
Phoenix,2024-07-09,13,11.0
Phoenix,2024-07-10,12,11.0
Phoenix,2024-07-11,15,11.0
Phoenix,2024-07-12,21,12.0
Phoenix,2024-07-13,9,12.0
Phoenix,2024-07-14,3,12.0
Phoenix,2024-07-15,6,11.0
Phoenix,2024-07-16,7,10.0
Phoenix,2024-07-17,8,10.0
Phoenix,2024-07-18,21,11.0
Phoenix,2024-07-19,5,8.0
Phoenix,2024-07-20,5,8.0
Phoenix,2024-07-21,12,9.0
Phoenix,2024-07-22,14,10.0
Phoenix,2024-07-23,7,10.0
Phoenix,2024-07-24,8,10.0
Phoenix,2024-07-25,8,8.0
Phoenix,2024-07-26,8,9.0
Phoenix,2024-07-27,9,9.0
Phoenix,2024-07-28,13,10.0
Phoenix,2024-07-29,14,10.0
Phoenix,2024-07-30,8,10.0
Phoenix,2024-07-31,15,11.0
Phoenix,2024-08-01,9,11.0
Phoenix,2024-08-02,12,11.0
Phoenix,2024-08-03,7,11.0
Phoenix,2024-08-04,9,11.0
Phoenix,2024-08-05,15,11.0
Phoenix,2024-08-06,16,12.0
Phoenix,2024-08-07,16,12.0
Phoenix,2024-08-08,17,13.0
Phoenix,2024-08-09,8,13.0
Phoenix,2024-08-10,6,12.0
Phoenix,2024-08-11,8,12.0
Phoenix,2024-08-12,10,12.0
Phoenix,2024-08-13,13,11.0
Phoenix,2024-08-14,11,10.0
Phoenix,2024-08-15,10,9.0
Phoenix,2024-08-16,12,10.0
Phoenix,2024-08-17,6,10.0
Phoenix,2024-08-18,8,10.0
Phoenix,2024-08-19,9,10.0
Phoenix,2024-08-20,9,9.0
Phoenix,2024-08-21,15,10.0
Phoenix,2024-08-22,7,9.0
Phoenix,2024-08-23,9,9.0
Phoenix,2024-08-24,5,9.0
Phoenix,2024-08-25,4,8.0
Phoenix,2024-08-26,6,8.0
Phoenix,2024-08-27,11,8.0
Phoenix,2024-08-28,14,8.0
Phoenix,2024-08-29,7,8.0
Phoenix,2024-08-30,24,10.0
Phoenix,2024-08-31,4,10.0
Phoenix,2024-09-01,19,12.0
Phoenix,2024-09-02,11,13.0
Phoenix,2024-09-03,15,13.0
Phoenix,2024-09-04,11,13.0
Phoenix,2024-09-05,17,14.0
Phoenix,2024-09-06,6,12.0
Phoenix,2024-09-07,12,13.0
Phoenix,2024-09-08,14,12.0
Phoenix,2024-09-09,18,13.0
Phoenix,2024-09-10,10,13.0
Phoenix,2024-09-11,7,12.0
Phoenix,2024-09-12,11,11.0
Phoenix,2024-09-13,6,11.0
Phoenix,2024-09-14,7,10.0
Phoenix,2024-09-15,10,10.0
Phoenix,2024-09-16,11,9.0
Phoenix,2024-09-17,7,8.0
Phoenix,2024-09-18,6,8.0
Phoenix,2024-09-19,8,8.0
Phoenix,2024-09-20,7,8.0
Phoenix,2024-09-21,12,9.0
Phoenix,2024-09-22,8,8.0
Phoenix,2024-09-23,12,9.0
Phoenix,2024-09-24,22,11.0
Phoenix,2024-09-25,15,12.0
Phoenix,2024-09-26,13,13.0
Phoenix,2024-09-27,13,14.0
Phoenix,2024-09-28,10,13.0
Phoenix,2024-09-29,8,13.0
Phoenix,2024-09-30,13,13.0
Phoenix,2024-10-01,18,13.0
Phoenix,2024-10-02,13,13.0
Phoenix,2024-10-03,5,11.0
Phoenix,2024-10-04,9,11.0
Phoenix,2024-10-05,7,10.0
Phoenix,2024-10-06,4,10.0
Phoenix,2024-10-07,11,10.0
Phoenix,2024-10-08,13,9.0
Phoenix,2024-10-09,12,9.0
Phoenix,2024-10-10,10,9.0
Phoenix,2024-10-11,15,10.0
Phoenix,2024-10-12,7,10.0
Phoenix,2024-10-13,8,11.0
Phoenix,2024-10-14,2,10.0
Phoenix,2024-10-15,8,9.0
Phoenix,2024-10-16,15,9.0
Phoenix,2024-10-17,8,9.0
Phoenix,2024-10-18,8,8.0
Phoenix,2024-10-19,10,8.0
Phoenix,2024-10-20,8,8.0
Phoenix,2024-10-21,11,10.0
Phoenix,2024-10-22,10,10.0
Phoenix,2024-10-23,16,10.0
Phoenix,2024-10-24,13,11.0
Phoenix,2024-10-25,13,12.0
Phoenix,2024-10-26,5,11.0
Phoenix,2024-10-27,9,11.0
Phoenix,2024-10-28,8,11.0
Phoenix,2024-10-29,16,11.0
Phoenix,2024-10-30,8,10.0
Phoenix,2024-10-31,4,9.0
Phoenix,2024-11-01,4,8.0
Phoenix,2024-11-02,8,8.0
Phoenix,2024-11-03,6,8.0
Phoenix,2024-11-04,7,8.0
Phoenix,2024-11-05,9,7.0
Phoenix,2024-11-06,13,7.0
Phoenix,2024-11-07,10,8.0
Phoenix,2024-11-08,19,10.0
Phoenix,2024-11-09,8,10.0
Phoenix,2024-11-10,8,11.0
Phoenix,2024-11-11,2,10.0
Phoenix,2024-11-12,9,10.0
Phoenix,2024-11-13,10,9.0
Phoenix,2024-11-14,14,10.0
Phoenix,2024-11-15,11,9.0
Phoenix,2024-11-16,8,9.0
Phoenix,2024-11-17,10,9.0
Phoenix,2024-11-18,13,11.0
Phoenix,2024-11-19,19,12.0
Phoenix,2024-11-20,17,13.0
Phoenix,2024-11-21,11,13.0
Phoenix,2024-11-22,10,13.0
Phoenix,2024-11-23,4,12.0
Phoenix,2024-11-24,6,11.0
Phoenix,2024-11-25,8,11.0
Phoenix,2024-11-26,16,10.0
Phoenix,2024-11-27,8,9.0
Phoenix,2024-11-28,10,9.0
Phoenix,2024-11-29,14,9.0
Phoenix,2024-11-30,14,11.0
Phoenix,2024-12-01,11,12.0
Phoenix,2024-12-02,10,12.0
Phoenix,2024-12-03,8,11.0
Phoenix,2024-12-04,21,13.0
Phoenix,2024-12-05,12,13.0
Phoenix,2024-12-06,9,12.0
Phoenix,2024-12-07,4,11.0
Phoenix,2024-12-08,6,10.0
Phoenix,2024-12-09,10,10.0
Phoenix,2024-12-10,9,10.0
Phoenix,2024-12-11,17,10.0
Phoenix,2024-12-12,15,10.0
Phoenix,2024-12-13,13,11.0
Phoenix,2024-12-14,6,11.0
Phoenix,2024-12-15,3,10.0
Phoenix,2024-12-16,12,11.0
Phoenix,2024-12-17,11,11.0
Phoenix,2024-12-18,10,10.0
Phoenix,2024-12-19,14,10.0
Phoenix,2024-12-20,5,9.0
Phoenix,2024-12-21,9,9.0
Phoenix,2024-12-22,6,10.0
Phoenix,2024-12-23,19,11.0
Phoenix,2024-12-24,12,11.0
Phoenix,2024-12-25,14,11.0
Phoenix,2024-12-26,10,11.0
Phoenix,2024-12-27,4,11.0
Phoenix,2024-12-28,9,11.0
Phoenix,2024-12-29,6,11.0
Phoenix,2024-12-30,12,10.0
Phoenix,2024-12-31,18,10.0
Phoenix,2025-01-01,3,9.0
Phoenix,2025-01-02,15,10.0
Phoenix,2025-01-03,8,10.0
Phoenix,2025-01-04,8,10.0
Phoenix,2025-01-05,2,9.0
Phoenix,2025-01-06,7,9.0
Phoenix,2025-01-07,12,8.0
Phoenix,2025-01-08,13,9.0
Phoenix,2025-01-09,17,10.0
Phoenix,2025-01-10,9,10.0
Phoenix,2025-01-11,7,10.0
Phoenix,2025-01-12,11,11.0
Phoenix,2025-01-13,13,12.0
Phoenix,2025-01-14,19,13.0
Phoenix,2025-01-15,17,13.0
Phoenix,2025-01-16,16,13.0
Phoenix,2025-01-17,12,14.0
Phoenix,2025-01-18,11,14.0
Phoenix,2025-01-19,8,14.0
Phoenix,2025-01-20,13,14.0
Phoenix,2025-01-21,11,13.0
Phoenix,2025-01-22,16,12.0
Phoenix,2025-01-23,18,13.0
Phoenix,2025-01-24,18,14.0
Phoenix,2025-01-25,4,13.0
Phoenix,2025-01-26,14,13.0
Phoenix,2025-01-27,23,15.0
Phoenix,2025-01-28,33,18.0
Phoenix,2025-01-29,32,20.0
Phoenix,2025-01-30,27,22.0
Phoenix,2025-01-31,17,21.0
Phoenix,2025-02-01,10,22.0
Phoenix,2025-02-02,12,22.0
Phoenix,2025-02-03,19,21.0
Phoenix,2025-02-04,24,20.0
Phoenix,2025-02-05,26,19.0
Phoenix,2025-02-06,14,17.0
Phoenix,2025-02-07,24,18.0
Phoenix,2025-02-08,16,19.0
Phoenix,2025-02-09,12,19.0
Phoenix,2025-02-10,15,19.0
Phoenix,2025-02-11,19,18.0
Phoenix,2025-02-12,30,19.0
Phoenix,2025-02-13,25,20.0
Phoenix,2025-02-14,24,20.0
Phoenix,2025-02-15,10,19.0
Phoenix,2025-02-16,7,19.0
Phoenix,2025-02-17,13,18.0
Phoenix,2025-02-18,32,20.0
Phoenix,2025-02-19,23,19.0
Phoenix,2025-02-20,27,19.0
Phoenix,2025-02-21,16,18.0
Phoenix,2025-02-22,12,19.0
Phoenix,2025-02-23,10,19.0
Phoenix,2025-02-24,24,21.0
Phoenix,2025-02-25,24,19.0
Phoenix,2025-02-26,26,20.0
Phoenix,2025-02-27,19,19.0
Phoenix,2025-02-28,20,19.0
Phoenix,2025-03-01,22,21.0
Phoenix,2025-03-02,14,21.0
Phoenix,2025-03-03,20,21.0
Phoenix,2025-03-04,22,20.0
Phoenix,2025-03-05,11,18.0
Phoenix,2025-03-06,27,19.0
Phoenix,2025-03-07,23,20.0
Phoenix,2025-03-08,10,18.0
Phoenix,2025-03-09,10,18.0
Phoenix,2025-03-10,8,16.0
Phoenix,2025-03-11,19,15.0
Phoenix,2025-03-12,28,18.0
Phoenix,2025-03-13,20,17.0
Phoenix,2025-03-14,23,17.0
Phoenix,2025-03-15,12,17.0
Phoenix,2025-03-16,14,18.0
Phoenix,2025-03-17,14,19.0
Phoenix,2025-03-18,29,20.0
Phoenix,2025-03-19,22,19.0
Phoenix,2025-03-20,26,20.0
Phoenix,2025-03-21,28,21.0
Phoenix,2025-03-22,11,21.0
Phoenix,2025-03-23,14,21.0
Phoenix,2025-03-24,26,22.0
Phoenix,2025-03-25,22,21.0
Phoenix,2025-03-26,28,22.0
Phoenix,2025-03-27,23,22.0
Phoenix,2025-03-28,18,20.0
Phoenix,2025-03-29,12,20.0
Phoenix,2025-03-30,8,20.0
Phoenix,2025-03-31,15,18.0
Phoenix,2025-04-01,23,18.0
Phoenix,2025-04-02,20,17.0
Phoenix,2025-04-03,21,17.0
Phoenix,2025-04-04,15,16.0
Phoenix,2025-04-05,16,17.0
Phoenix,2025-04-06,10,17.0
Phoenix,2025-04-07,15,17.0
Phoenix,2025-04-08,11,15.0
Phoenix,2025-04-09,19,15.0
Phoenix,2025-04-10,23,16.0
Phoenix,2025-04-11,19,16.0
Phoenix,2025-04-12,10,15.0
Phoenix,2025-04-13,7,15.0
Phoenix,2025-04-14,15,15.0
Phoenix,2025-04-15,26,17.0
Phoenix,2025-04-16,29,18.0
Phoenix,2025-04-17,19,18.0
Phoenix,2025-04-18,28,19.0
Phoenix,2025-04-19,9,19.0
Phoenix,2025-04-20,8,19.0
Phoenix,2025-04-21,22,20.0
Phoenix,2025-04-22,22,20.0
Phoenix,2025-04-23,30,20.0
Phoenix,2025-04-24,15,19.0
Phoenix,2025-04-25,13,17.0
Phoenix,2025-04-26,14,18.0
Phoenix,2025-04-27,8,18.0
Phoenix,2025-04-28,23,18.0
Phoenix,2025-04-29,14,17.0
Phoenix,2025-04-30,15,15.0
Phoenix,2025-05-01,24,16.0
Phoenix,2025-05-02,24,17.0
Phoenix,2025-05-03,12,17.0
Phoenix,2025-05-04,19,19.0
Phoenix,2025-05-05,19,18.0
Phoenix,2025-05-06,22,19.0
Phoenix,2025-05-07,20,20.0
Phoenix,2025-05-08,28,21.0
Phoenix,2025-05-09,17,20.0
Phoenix,2025-05-10,16,20.0
Phoenix,2025-05-11,20,20.0
Phoenix,2025-05-12,13,19.0
Phoenix,2025-05-13,16,19.0
Phoenix,2025-05-14,41,22.0
Phoenix,2025-05-15,27,21.0
Phoenix,2025-05-16,20,22.0
Phoenix,2025-05-17,10,21.0
Phoenix,2025-05-18,16,20.0
Phoenix,2025-05-19,28,23.0
Phoenix,2025-05-20,59,29.0
Phoenix,2025-05-21,44,29.0
Phoenix,2025-05-22,20,28.0
Phoenix,2025-05-23,17,28.0
Phoenix,2025-05-24,15,28.0
Phoenix,2025-05-25,7,27.0
Phoenix,2025-05-26,18,26.0
Phoenix,2025-05-27,21,20.0
Phoenix,2025-05-28,24,17.0
Phoenix,2025-05-29,28,19.0
Phoenix,2025-05-30,11,18.0
Phoenix,2025-05-31,19,18.0
Phoenix,2025-06-01,16,20.0
Phoenix,2025-06-02,21,20.0
Phoenix,2025-06-03,32,22.0
Phoenix,2025-06-04,35,23.0
Phoenix,2025-06-05,58,27.0
Phoenix,2025-06-06,39,31.0
Phoenix,2025-06-07,17,31.0
Phoenix,2025-06-08,22,32.0
Phoenix,2025-06-09,37,34.0
Phoenix,2025-06-10,51,37.0
Phoenix,2025-06-11,43,38.0
Phoenix,2025-06-12,34,35.0
Phoenix,2025-06-13,34,34.0
Phoenix,2025-06-14,6,32.0
Phoenix,2025-06-15,17,32.0
Phoenix,2025-06-16,42,32.0
Phoenix,2025-06-17,46,32.0
Phoenix,2025-06-18,29,30.0
Phoenix,2025-06-19,43,31.0
Phoenix,2025-06-20,29,30.0
Phoenix,2025-06-21,16,32.0
Phoenix,2025-06-22,11,31.0
Phoenix,2025-06-23,29,29.0
Phoenix,2025-06-24,53,30.0
Phoenix,2025-06-25,49,33.0
Phoenix,2025-06-26,34,32.0
Phoenix,2025-06-27,27,31.0
Phoenix,2025-06-28,13,31.0
Phoenix,2025-06-29,11,31.0
Phoenix,2025-06-30,23,30.0
Phoenix,2025-07-01,38,28.0
Phoenix,2025-07-02,35,26.0
Phoenix,2025-07-03,35,26.0
Phoenix,2025-07-04,11,24.0
Phoenix,2025-07-05,15,24.0
Phoenix,2025-07-06,16,25.0
Phoenix,2025-07-07,39,27.0
Phoenix,2025-07-08,30,26.0
Phoenix,2025-07-09,38,26.0
Phoenix,2025-07-10,26,25.0
Phoenix,2025-07-11,22,27.0
Phoenix,2025-07-12,13,26.0
Phoenix,2025-07-13,15,26.0
Phoenix,2025-07-14,26,24.0
Phoenix,2025-07-15,26,24.0
Phoenix,2025-07-16,25,22.0
Phoenix,2025-07-17,40,24.0
Phoenix,2025-07-18,28,25.0
Phoenix,2025-07-19,5,24.0
Phoenix,2025-07-20,11,23.0
Phoenix,2025-07-21,22,22.0
Phoenix,2025-07-22,24,22.0
Phoenix,2025-07-23,35,24.0
Phoenix,2025-07-24,35,23.0
Phoenix,2025-07-25,20,22.0
Phoenix,2025-07-26,13,23.0
Phoenix,2025-07-27,18,24.0
Phoenix,2025-07-28,21,24.0
Phoenix,2025-07-29,42,26.0
Phoenix,2025-07-30,47,28.0
Phoenix,2025-07-31,38,28.0
Phoenix,2025-08-01,32,30.0
Phoenix,2025-08-02,7,29.0
Phoenix,2025-08-03,22,30.0
Phoenix,2025-08-04,25,30.0
Phoenix,2025-08-05,46,31.0
Phoenix,2025-08-06,42,30.0
Phoenix,2025-08-07,35,30.0
Phoenix,2025-08-08,39,31.0
Phoenix,2025-08-09,10,31.0
Phoenix,2025-08-10,14,30.0
Phoenix,2025-08-11,32,31.0
Phoenix,2025-08-12,32,29.0
Phoenix,2025-08-13,39,29.0
Phoenix,2025-08-14,34,29.0
Phoenix,2025-08-15,43,29.0
Phoenix,2025-08-16,29,32.0
Phoenix,2025-08-17,15,32.0
Phoenix,2025-08-18,27,31.0
Phoenix,2025-08-19,55,35.0
Phoenix,2025-08-20,29,33.0
Phoenix,2025-08-21,31,33.0
Phoenix,2025-08-22,25,30.0
Phoenix,2025-08-23,18,29.0
Phoenix,2025-08-24,13,28.0
Phoenix,2025-08-25,47,31.0
Phoenix,2025-08-26,49,30.0
Phoenix,2025-08-27,38,32.0
Phoenix,2025-08-28,47,34.0
Phoenix,2025-08-29,43,36.0
Phoenix,2025-08-30,13,36.0
Phoenix,2025-08-31,7,35.0
Phoenix,2025-09-01,17,31.0
Phoenix,2025-09-02,42,30.0
Phoenix,2025-09-03,43,30.0
Phoenix,2025-09-04,65,33.0
Phoenix,2025-09-05,46,33.0
Phoenix,2025-09-06,12,33.0
Phoenix,2025-09-07,18,35.0
Phoenix,2025-09-08,41,38.0
Phoenix,2025-09-09,52,40.0
Phoenix,2025-09-10,45,40.0
Phoenix,2025-09-11,45,37.0
Phoenix,2025-09-12,22,34.0
Phoenix,2025-09-13,14,34.0
Phoenix,2025-09-14,16,34.0
Phoenix,2025-09-15,47,34.0
Phoenix,2025-09-16,39,33.0
Phoenix,2025-09-17,32,31.0
Phoenix,2025-09-18,39,30.0
Phoenix,2025-09-19,38,32.0
Phoenix,2025-09-20,6,31.0
Phoenix,2025-09-21,8,30.0
Phoenix,2025-09-22,53,31.0
Phoenix,2025-09-23,51,32.0
Phoenix,2025-09-24,39,33.0
Phoenix,2025-09-25,47,35.0
Phoenix,2025-09-26,32,34.0
Phoenix,2025-09-27,10,34.0
Phoenix,2025-09-28,15,35.0
Phoenix,2025-09-29,39,33.0
Phoenix,2025-09-30,48,33.0
Phoenix,2025-10-01,44,34.0
Phoenix,2025-10-02,42,33.0
Phoenix,2025-10-03,29,32.0
Phoenix,2025-10-04,9,32.0
Phoenix,2025-10-05,12,32.0
Phoenix,2025-10-06,25,30.0
Phoenix,2025-10-07,33,28.0
Phoenix,2025-10-08,42,27.0
Phoenix,2025-10-09,37,27.0
Phoenix,2025-10-10,43,29.0
Phoenix,2025-10-11,11,29.0
Phoenix,2025-10-12,15,29.0
Phoenix,2025-10-13,18,28.0
Phoenix,2025-10-14,48,31.0
Phoenix,2025-10-15,43,31.0
Phoenix,2025-10-16,32,30.0
Phoenix,2025-10-17,41,30.0
Phoenix,2025-10-18,10,30.0
Phoenix,2025-10-19,19,30.0
Phoenix,2025-10-20,57,36.0
Phoenix,2025-10-21,44,35.0
Phoenix,2025-10-22,55,37.0
Phoenix,2025-10-23,42,38.0
Phoenix,2025-10-24,44,39.0
Phoenix,2025-10-25,19,40.0
Phoenix,2025-10-26,8,38.0
Phoenix,2025-10-27,39,36.0
Phoenix,2025-10-28,33,34.0
Phoenix,2025-10-29,65,36.0
Phoenix,2025-10-30,41,36.0
Phoenix,2025-10-31,45,36.0
Phoenix,2025-11-01,13,35.0
Phoenix,2025-11-02,47,40.0
Phoenix,2025-11-03,57,43.0
Phoenix,2025-11-04,68,48.0
Phoenix,2025-11-05,51,46.0
Phoenix,2025-11-06,46,47.0
Phoenix,2025-11-07,48,47.0
Phoenix,2025-11-08,23,49.0
Phoenix,2025-11-09,29,46.0
Phoenix,2025-11-10,48,45.0
Phoenix,2025-11-11,29,39.0
Phoenix,2025-11-12,48,39.0
Phoenix,2025-11-13,41,38.0
Phoenix,2025-11-14,41,37.0
Phoenix,2025-11-15,17,36.0
Phoenix,2025-11-16,26,36.0
Phoenix,2025-11-17,39,34.0
Phoenix,2025-11-18,41,36.0
Phoenix,2025-11-19,39,35.0
Phoenix,2025-11-20,43,35.0
Phoenix,2025-11-21,34,34.0
Phoenix,2025-11-22,14,34.0
Phoenix,2025-11-23,31,34.0
Phoenix,2025-11-24,31,33.0
Phoenix,2025-11-25,38,33.0
Phoenix,2025-11-26,59,36.0
Phoenix,2025-11-27,18,32.0
Phoenix,2025-11-28,22,30.0
Phoenix,2025-11-29,19,31.0
Phoenix,2025-11-30,20,30.0
Phoenix,2025-12-01,28,29.0
Phoenix,2025-12-02,32,28.0
Phoenix,2025-12-03,42,26.0
Phoenix,2025-12-04,51,31.0
Phoenix,2025-12-05,62,36.0
Phoenix,2025-12-06,14,36.0
Phoenix,2025-12-07,20,36.0
Phoenix,2025-12-08,45,38.0
Phoenix,2025-12-09,39,39.0
Phoenix,2025-12-10,53,41.0
Phoenix,2025-12-11,46,40.0
Phoenix,2025-12-12,50,38.0
Phoenix,2025-12-13,46,43.0
Phoenix,2025-12-14,39,45.0
Phoenix,2025-12-15,87,51.0
Phoenix,2025-12-16,73,56.0
Phoenix,2025-12-17,66,58.0
Phoenix,2025-12-18,70,62.0
Phoenix,2025-12-19,48,61.0
Phoenix,2025-12-20,32,59.0
Phoenix,2025-12-21,25,57.0
Phoenix,2025-12-22,32,49.0
Phoenix,2025-12-23,39,45.0
Phoenix,2025-12-24,42,41.0
Phoenix,2025-12-25,12,33.0
Phoenix,2025-12-26,16,28.0
Phoenix,2025-12-27,11,25.0
Phoenix,2025-12-28,17,24.0
Phoenix,2025-12-29,36,25.0
Phoenix,2025-12-30,32,24.0
Phoenix,2025-12-31,34,23.0
Phoenix,2026-01-01,14,23.0
Phoenix,2026-01-02,43,27.0
Phoenix,2026-01-03,22,28.0
Phoenix,2026-01-04,28,30.0
Phoenix,2026-01-05,48,32.0
Phoenix,2026-01-06,48,34.0
Phoenix,2026-01-07,45,35.0
Phoenix,2026-01-08,27,37.0
Phoenix,2026-01-09,63,40.0
Phoenix,2026-01-10,30,41.0
Phoenix,2026-01-11,18,40.0
Phoenix,2026-01-12,50,40.0
Phoenix,2026-01-13,42,39.0
Phoenix,2026-01-14,52,40.0
Phoenix,2026-01-15,40,42.0
Phoenix,2026-01-16,59,42.0
Phoenix,2026-01-17,12,39.0
Phoenix,2026-01-18,19,39.0
Phoenix,2026-01-19,25,36.0
Phoenix,2026-01-20,28,34.0
Phoenix,2026-01-21,42,32.0
Phoenix,2026-01-22,30,31.0
Phoenix,2026-01-23,53,30.0
Phoenix,2026-01-24,12,30.0
Phoenix,2026-01-25,19,30.0
Phoenix,2026-01-26,32,31.0
Phoenix,2026-01-27,64,36.0
Phoenix,2026-01-28,57,38.0
Phoenix,2026-01-29,49,41.0
Phoenix,2026-01-30,39,39.0
Phoenix,2026-01-31,30,41.0
Phoenix,2026-02-01,15,41.0
Phoenix,2026-02-02,46,43.0
Phoenix,2026-02-03,28,38.0
Phoenix,2026-02-04,36,35.0
Phoenix,2026-02-05,29,32.0
Phoenix,2026-02-06,45,33.0
Phoenix,2026-02-07,19,31.0
Phoenix,2026-02-08,8,30.0
Phoenix,2026-02-09,27,27.0
Phoenix,2026-02-10,44,30.0
Phoenix,2026-02-11,43,31.0
Phoenix,2026-02-12,40,32.0
Phoenix,2026-02-13,37,31.0
Phoenix,2026-02-14,8,30.0
Phoenix,2026-02-15,13,30.0
Phoenix,2026-02-16,24,30.0
Phoenix,2026-02-17,45,30.0
Phoenix,2026-02-18,36,29.0
Phoenix,2026-02-19,31,28.0
Phoenix,2026-02-20,44,29.0
Phoenix,2026-02-21,11,29.0
Phoenix,2026-02-22,18,30.0
Phoenix,2026-02-23,46,33.0
Phoenix,2026-02-24,27,30.0
Phoenix,2026-02-25,36,30.0
Phoenix,2026-02-26,48,33.0
Phoenix,2026-02-27,40,32.0
Phoenix,2026-02-28,23,34.0
Phoenix,2026-03-01,26,35.0
Phoenix,2026-03-02,39,34.0
Phoenix,2026-03-03,58,39.0
Phoenix,2026-03-04,34,38.0
Phoenix,2026-03-05,29,36.0
Phoenix,2026-03-06,41,36.0
Phoenix,2026-03-07,15,35.0
Phoenix,2026-03-08,17,33.0
Phoenix,2026-03-09,40,33.0
Phoenix,2026-03-10,27,29.0
Salt Lake City,2022-10-01,1,24.0
Salt Lake City,2022-10-02,2,20.0
Salt Lake City,2022-10-03,11,16.0
Salt Lake City,2022-10-04,16,16.0
Salt Lake City,2022-10-05,26,18.0
Salt Lake City,2022-10-06,20,15.0
Salt Lake City,2022-10-07,6,12.0
Salt Lake City,2022-10-08,1,12.0
Salt Lake City,2022-10-09,4,12.0
Salt Lake City,2022-10-10,4,11.0
Salt Lake City,2022-10-11,30,13.0
Salt Lake City,2022-10-12,26,13.0
Salt Lake City,2022-10-13,32,15.0
Salt Lake City,2022-10-14,14,16.0
Salt Lake City,2022-10-15,1,16.0
Salt Lake City,2022-10-17,19,18.0
Salt Lake City,2022-10-18,34,22.0
Salt Lake City,2022-10-19,14,20.0
Salt Lake City,2022-10-20,22,19.0
Salt Lake City,2022-10-21,5,16.0
Salt Lake City,2022-10-22,1,14.0
Salt Lake City,2022-10-23,72,24.0
Salt Lake City,2022-10-24,64,30.0
Salt Lake City,2022-10-25,51,33.0
Salt Lake City,2022-10-26,23,34.0
Salt Lake City,2022-10-27,51,38.0
Salt Lake City,2022-10-28,8,39.0
Salt Lake City,2022-10-29,20,41.0
Salt Lake City,2022-10-30,40,37.0
Salt Lake City,2022-10-31,37,33.0
Salt Lake City,2022-11-01,52,33.0
Salt Lake City,2022-11-02,41,36.0
Salt Lake City,2022-11-03,52,36.0
Salt Lake City,2022-11-04,29,39.0
Salt Lake City,2022-11-05,49,43.0
Salt Lake City,2022-11-06,3,38.0
Salt Lake City,2022-11-07,22,35.0
Salt Lake City,2022-11-08,22,31.0
Salt Lake City,2022-11-09,15,27.0
Salt Lake City,2022-11-10,24,23.0
Salt Lake City,2022-11-11,3,20.0
Salt Lake City,2022-11-12,1,13.0
Salt Lake City,2022-11-13,1,13.0
Salt Lake City,2022-11-14,12,11.0
Salt Lake City,2022-11-15,37,13.0
Salt Lake City,2022-11-16,17,14.0
Salt Lake City,2022-11-17,32,15.0
Salt Lake City,2022-11-18,8,15.0
Salt Lake City,2022-11-21,13,17.0
Salt Lake City,2022-11-22,11,19.0
Salt Lake City,2022-11-23,5,18.0
Salt Lake City,2022-11-24,1,12.0
Salt Lake City,2022-11-25,9,11.0
Salt Lake City,2022-11-28,9,8.0
Salt Lake City,2022-11-29,22,10.0
Salt Lake City,2022-11-30,18,11.0
Salt Lake City,2022-12-01,17,12.0
Salt Lake City,2022-12-02,4,11.0
Salt Lake City,2022-12-03,9,13.0
Salt Lake City,2022-12-04,34,16.0
Salt Lake City,2022-12-05,52,22.0
Salt Lake City,2022-12-06,71,29.0
Salt Lake City,2022-12-07,25,30.0
Salt Lake City,2022-12-08,55,36.0
Salt Lake City,2022-12-09,49,42.0
Salt Lake City,2022-12-10,48,48.0
Salt Lake City,2022-12-11,86,55.0
Salt Lake City,2022-12-12,54,55.0
Salt Lake City,2022-12-13,69,55.0
Salt Lake City,2022-12-14,44,58.0
Salt Lake City,2022-12-15,59,58.0
Salt Lake City,2022-12-16,18,54.0
Salt Lake City,2022-12-17,6,48.0
Salt Lake City,2022-12-18,3,36.0
Salt Lake City,2022-12-19,15,31.0
Salt Lake City,2022-12-20,30,25.0
Salt Lake City,2022-12-21,19,21.0
Salt Lake City,2022-12-22,12,15.0
Salt Lake City,2022-12-23,6,13.0
Salt Lake City,2022-12-24,1,12.0
Salt Lake City,2022-12-27,16,14.0
Salt Lake City,2022-12-28,20,15.0
Salt Lake City,2022-12-29,20,13.0
Salt Lake City,2022-12-30,3,11.0
Salt Lake City,2022-12-31,1,10.0
Salt Lake City,2023-01-02,2,9.0
Salt Lake City,2023-01-03,18,11.0
Salt Lake City,2023-01-04,31,14.0
Salt Lake City,2023-01-05,28,15.0
Salt Lake City,2023-01-06,7,13.0
Salt Lake City,2023-01-08,1,13.0
Salt Lake City,2023-01-09,24,16.0
Salt Lake City,2023-01-10,19,18.0
Salt Lake City,2023-01-11,25,19.0
Salt Lake City,2023-01-12,35,20.0
Salt Lake City,2023-01-13,13,18.0
Salt Lake City,2023-01-14,11,18.0
Salt Lake City,2023-01-15,80,30.0
Salt Lake City,2023-01-16,2,26.0
Salt Lake City,2023-01-17,53,31.0
Salt Lake City,2023-01-18,61,36.0
Salt Lake City,2023-01-19,88,44.0
Salt Lake City,2023-01-20,38,48.0
Salt Lake City,2023-01-21,39,52.0
Salt Lake City,2023-01-22,126,58.0
Salt Lake City,2023-01-23,47,65.0
Salt Lake City,2023-01-24,59,65.0
Salt Lake City,2023-01-25,40,62.0
Salt Lake City,2023-01-26,32,54.0
Salt Lake City,2023-01-27,25,53.0
Salt Lake City,2023-01-28,4,48.0
Salt Lake City,2023-01-29,1,30.0
Salt Lake City,2023-01-30,21,26.0
Salt Lake City,2023-01-31,24,21.0
Salt Lake City,2023-02-01,22,18.0
Salt Lake City,2023-02-02,37,19.0
Salt Lake City,2023-02-03,16,18.0
Salt Lake City,2023-02-05,2,18.0
Salt Lake City,2023-02-06,17,20.0
Salt Lake City,2023-02-07,29,21.0
Salt Lake City,2023-02-08,30,22.0
Salt Lake City,2023-02-09,25,22.0
Salt Lake City,2023-02-10,9,18.0
Salt Lake City,2023-02-11,6,17.0
Salt Lake City,2023-02-13,22,20.0
Salt Lake City,2023-02-14,19,20.0
Salt Lake City,2023-02-15,28,20.0
Salt Lake City,2023-02-16,29,20.0
Salt Lake City,2023-02-17,11,18.0
Salt Lake City,2023-02-18,1,17.0
Salt Lake City,2023-02-20,2,16.0
Salt Lake City,2023-02-21,28,17.0
Salt Lake City,2023-02-22,26,18.0
Salt Lake City,2023-02-23,23,17.0
Salt Lake City,2023-02-24,18,16.0
Salt Lake City,2023-02-25,5,15.0
Salt Lake City,2023-02-27,17,17.0
Salt Lake City,2023-02-28,25,20.0
Salt Lake City,2023-03-01,23,20.0
Salt Lake City,2023-03-02,28,20.0
Salt Lake City,2023-03-03,4,17.0
Salt Lake City,2023-03-04,1,15.0
Salt Lake City,2023-03-05,12,16.0
Salt Lake City,2023-03-06,13,15.0
Salt Lake City,2023-03-07,28,16.0
Salt Lake City,2023-03-08,21,15.0
Salt Lake City,2023-03-09,29,15.0
Salt Lake City,2023-03-10,11,16.0
Salt Lake City,2023-03-12,1,16.0
Salt Lake City,2023-03-13,12,16.0
Salt Lake City,2023-03-14,23,18.0
Salt Lake City,2023-03-15,6,15.0
Salt Lake City,2023-03-16,14,14.0
Salt Lake City,2023-03-17,8,11.0
Salt Lake City,2023-03-20,13,11.0
Salt Lake City,2023-03-21,17,13.0
Salt Lake City,2023-03-22,13,13.0
Salt Lake City,2023-03-23,21,13.0
Salt Lake City,2023-03-24,5,13.0
Salt Lake City,2023-03-26,3,11.0
Salt Lake City,2023-03-27,13,12.0
Salt Lake City,2023-03-28,9,12.0
Salt Lake City,2023-03-29,13,11.0
Salt Lake City,2023-03-30,12,11.0
Salt Lake City,2023-03-31,18,10.0
Salt Lake City,2023-04-01,1,10.0
Salt Lake City,2023-04-02,2,10.0
Salt Lake City,2023-04-03,14,10.0
Salt Lake City,2023-04-04,16,11.0
Salt Lake City,2023-04-05,10,10.0
Salt Lake City,2023-04-06,24,12.0
Salt Lake City,2023-04-07,8,11.0
Salt Lake City,2023-04-08,1,11.0
Salt Lake City,2023-04-09,2,11.0
Salt Lake City,2023-04-10,10,10.0
Salt Lake City,2023-04-11,16,10.0
Salt Lake City,2023-04-12,22,12.0
Salt Lake City,2023-04-13,29,13.0
Salt Lake City,2023-04-14,8,13.0
Salt Lake City,2023-04-16,1,13.0
Salt Lake City,2023-04-17,22,15.0
Salt Lake City,2023-04-18,22,17.0
Salt Lake City,2023-04-19,10,16.0
Salt Lake City,2023-04-20,27,17.0
Salt Lake City,2023-04-21,6,14.0
Salt Lake City,2023-04-23,1,13.0
Salt Lake City,2023-04-24,15,15.0
Salt Lake City,2023-04-25,16,14.0
Salt Lake City,2023-04-26,16,13.0
Salt Lake City,2023-04-27,13,13.0
Salt Lake City,2023-04-28,6,10.0
Salt Lake City,2023-05-01,12,11.0
Salt Lake City,2023-05-02,16,13.0
Salt Lake City,2023-05-03,18,14.0
Salt Lake City,2023-05-04,19,14.0
Salt Lake City,2023-05-05,8,13.0
Salt Lake City,2023-05-07,3,12.0
Salt Lake City,2023-05-08,14,13.0
Salt Lake City,2023-05-09,13,13.0
Salt Lake City,2023-05-10,23,14.0
Salt Lake City,2023-05-11,11,13.0
Salt Lake City,2023-05-12,11,12.0
Salt Lake City,2023-05-14,2,11.0
Salt Lake City,2023-05-15,10,12.0
Salt Lake City,2023-05-16,10,11.0
Salt Lake City,2023-05-17,12,11.0
Salt Lake City,2023-05-18,17,10.0
Salt Lake City,2023-05-19,2,9.0
Salt Lake City,2023-05-21,1,8.0
Salt Lake City,2023-05-22,11,9.0
Salt Lake City,2023-05-23,19,10.0
Salt Lake City,2023-05-24,17,11.0
Salt Lake City,2023-05-25,17,12.0
Salt Lake City,2023-05-26,10,11.0
Salt Lake City,2023-05-27,1,11.0
Salt Lake City,2023-05-29,2,11.0
Salt Lake City,2023-05-30,9,11.0
Salt Lake City,2023-05-31,12,10.0
Salt Lake City,2023-06-01,19,10.0
Salt Lake City,2023-06-02,15,10.0
Salt Lake City,2023-06-03,1,8.0
Salt Lake City,2023-06-05,6,9.0
Salt Lake City,2023-06-06,14,11.0
Salt Lake City,2023-06-07,17,12.0
Salt Lake City,2023-06-08,10,12.0
Salt Lake City,2023-06-09,9,10.0
Salt Lake City,2023-06-11,1,8.0
Salt Lake City,2023-06-12,13,10.0
Salt Lake City,2023-06-13,19,12.0
Salt Lake City,2023-06-14,25,13.0
Salt Lake City,2023-06-15,12,13.0
Salt Lake City,2023-06-16,5,12.0
Salt Lake City,2023-06-17,3,11.0
Salt Lake City,2023-06-19,6,12.0
Salt Lake City,2023-06-20,17,12.0
Salt Lake City,2023-06-21,16,12.0
Salt Lake City,2023-06-22,9,10.0
Salt Lake City,2023-06-23,14,10.0
Salt Lake City,2023-06-24,1,9.0
Salt Lake City,2023-06-25,2,9.0
Salt Lake City,2023-06-26,15,11.0
Salt Lake City,2023-06-27,19,11.0
Salt Lake City,2023-06-28,12,10.0
Salt Lake City,2023-06-29,17,11.0
Salt Lake City,2023-06-30,7,10.0
Salt Lake City,2023-07-02,5,11.0
Salt Lake City,2023-07-03,5,11.0
Salt Lake City,2023-07-05,6,10.0
Salt Lake City,2023-07-06,18,10.0
Salt Lake City,2023-07-07,13,10.0
Salt Lake City,2023-07-10,13,10.0
Salt Lake City,2023-07-11,23,12.0
Salt Lake City,2023-07-12,23,14.0
Salt Lake City,2023-07-13,6,15.0
Salt Lake City,2023-07-14,13,16.0
Salt Lake City,2023-07-16,2,13.0
Salt Lake City,2023-07-17,6,12.0
Salt Lake City,2023-07-18,17,13.0
Salt Lake City,2023-07-19,17,12.0
Salt Lake City,2023-07-20,8,10.0
Salt Lake City,2023-07-21,9,10.0
Salt Lake City,2023-07-22,1,9.0
Salt Lake City,2023-07-23,2,9.0
Salt Lake City,2023-07-24,15,10.0
Salt Lake City,2023-07-25,12,9.0
Salt Lake City,2023-07-26,11,8.0
Salt Lake City,2023-07-27,9,8.0
Salt Lake City,2023-07-28,15,9.0
Salt Lake City,2023-07-29,1,9.0
Salt Lake City,2023-07-31,7,10.0
Salt Lake City,2023-08-01,17,10.0
Salt Lake City,2023-08-02,8,10.0
Salt Lake City,2023-08-03,11,10.0
Salt Lake City,2023-08-04,16,11.0
Salt Lake City,2023-08-05,2,9.0
Salt Lake City,2023-08-06,1,9.0
Salt Lake City,2023-08-07,3,8.0
Salt Lake City,2023-08-08,14,8.0
Salt Lake City,2023-08-09,15,9.0
Salt Lake City,2023-08-10,12,9.0
Salt Lake City,2023-08-11,5,7.0
Salt Lake City,2023-08-12,1,7.0
Salt Lake City,2023-08-14,11,9.0
Salt Lake City,2023-08-15,16,11.0
Salt Lake City,2023-08-16,10,10.0
Salt Lake City,2023-08-17,8,9.0
Salt Lake City,2023-08-18,6,8.0
Salt Lake City,2023-08-20,3,8.0
Salt Lake City,2023-08-21,4,8.0
Salt Lake City,2023-08-22,9,8.0
Salt Lake City,2023-08-23,15,8.0
Salt Lake City,2023-08-24,5,7.0
Salt Lake City,2023-08-25,7,7.0
Salt Lake City,2023-08-26,3,7.0
Salt Lake City,2023-08-28,3,7.0
Salt Lake City,2023-08-29,8,7.0
Salt Lake City,2023-08-30,11,7.0
Salt Lake City,2023-08-31,6,6.0
Salt Lake City,2023-09-01,1,6.0
Salt Lake City,2023-09-04,8,6.0
Salt Lake City,2023-09-05,11,7.0
Salt Lake City,2023-09-06,12,8.0
Salt Lake City,2023-09-07,13,9.0
Salt Lake City,2023-09-08,5,8.0
Salt Lake City,2023-09-10,1,7.0
Salt Lake City,2023-09-11,12,9.0
Salt Lake City,2023-09-12,17,10.0
Salt Lake City,2023-09-13,13,10.0
Salt Lake City,2023-09-14,13,11.0
Salt Lake City,2023-09-15,6,10.0
Salt Lake City,2023-09-18,9,10.0
Salt Lake City,2023-09-19,12,12.0
Salt Lake City,2023-09-20,16,12.0
Salt Lake City,2023-09-21,15,12.0
Salt Lake City,2023-09-22,3,11.0
Salt Lake City,2023-09-23,4,9.0
Salt Lake City,2023-09-25,3,9.0
Salt Lake City,2023-09-26,13,9.0
Salt Lake City,2023-09-27,10,9.0
Salt Lake City,2023-09-28,8,8.0
Salt Lake City,2023-09-29,7,7.0
Salt Lake City,2023-10-01,6,7.0
Salt Lake City,2023-10-02,4,7.0
Salt Lake City,2023-10-03,10,8.0
Salt Lake City,2023-10-04,16,9.0
Salt Lake City,2023-10-05,7,8.0
Salt Lake City,2023-10-06,1,7.0
Salt Lake City,2023-10-07,1,6.0
Salt Lake City,2023-10-08,4,6.0
Salt Lake City,2023-10-09,2,6.0
Salt Lake City,2023-10-10,6,5.0
Salt Lake City,2023-10-11,12,5.0
Salt Lake City,2023-10-12,10,5.0
Salt Lake City,2023-10-13,5,6.0
Salt Lake City,2023-10-14,1,6.0
Salt Lake City,2023-10-16,7,6.0
Salt Lake City,2023-10-17,12,8.0
Salt Lake City,2023-10-18,15,9.0
Salt Lake City,2023-10-19,8,8.0
Salt Lake City,2023-10-20,4,7.0
Salt Lake City,2023-10-21,3,7.0
Salt Lake City,2023-10-22,1,7.0
Salt Lake City,2023-10-23,10,8.0
Salt Lake City,2023-10-24,16,8.0
Salt Lake City,2023-10-25,14,8.0
Salt Lake City,2023-10-26,11,8.0
Salt Lake City,2023-10-27,7,9.0
Salt Lake City,2023-10-29,1,9.0
Salt Lake City,2023-10-30,9,10.0
Salt Lake City,2023-10-31,12,10.0
Salt Lake City,2023-11-01,9,9.0
Salt Lake City,2023-11-02,13,9.0
Salt Lake City,2023-11-03,2,8.0
Salt Lake City,2023-11-04,2,7.0
Salt Lake City,2023-11-06,12,8.0
Salt Lake City,2023-11-07,17,10.0
Salt Lake City,2023-11-08,20,11.0
Salt Lake City,2023-11-09,15,12.0
Salt Lake City,2023-11-10,1,10.0
Salt Lake City,2023-11-11,1,10.0
Salt Lake City,2023-11-12,1,10.0
Salt Lake City,2023-11-13,10,9.0
Salt Lake City,2023-11-14,15,9.0
Salt Lake City,2023-11-15,22,9.0
Salt Lake City,2023-11-16,11,9.0
Salt Lake City,2023-11-17,7,10.0
Salt Lake City,2023-11-18,3,10.0
Salt Lake City,2023-11-19,1,10.0
Salt Lake City,2023-11-20,8,10.0
Salt Lake City,2023-11-21,13,9.0
Salt Lake City,2023-11-22,8,7.0
Salt Lake City,2023-11-24,6,7.0
Salt Lake City,2023-11-25,1,6.0
Salt Lake City,2023-11-26,2,6.0
Salt Lake City,2023-11-27,11,7.0
Salt Lake City,2023-11-28,16,8.0
Salt Lake City,2023-11-29,10,8.0
Salt Lake City,2023-11-30,11,8.0
Salt Lake City,2023-12-01,5,8.0
Salt Lake City,2023-12-02,1,8.0
Salt Lake City,2023-12-04,9,9.0
Salt Lake City,2023-12-05,12,9.0
Salt Lake City,2023-12-06,14,9.0
Salt Lake City,2023-12-07,8,9.0
Salt Lake City,2023-12-08,5,8.0
Salt Lake City,2023-12-09,1,7.0
Salt Lake City,2023-12-10,1,7.0
Salt Lake City,2023-12-11,11,7.0
Salt Lake City,2023-12-12,21,9.0
Salt Lake City,2023-12-13,8,8.0
Salt Lake City,2023-12-14,17,9.0
Salt Lake City,2023-12-15,4,9.0
Salt Lake City,2023-12-16,1,9.0
Salt Lake City,2023-12-18,10,10.0
Salt Lake City,2023-12-19,16,11.0
Salt Lake City,2023-12-20,15,10.0
Salt Lake City,2023-12-21,12,11.0
Salt Lake City,2023-12-22,9,10.0
Salt Lake City,2023-12-23,1,9.0
Salt Lake City,2023-12-24,1,9.0
Salt Lake City,2023-12-25,1,8.0
Salt Lake City,2023-12-26,7,7.0
Salt Lake City,2023-12-27,4,5.0
Salt Lake City,2023-12-28,5,4.0
Salt Lake City,2023-12-29,4,3.0
Salt Lake City,2024-01-02,12,5.0
Salt Lake City,2024-01-03,6,6.0
Salt Lake City,2024-01-04,8,7.0
Salt Lake City,2024-01-05,7,7.0
Salt Lake City,2024-01-08,7,7.0
Salt Lake City,2024-01-09,4,7.0
Salt Lake City,2024-01-10,8,7.0
Salt Lake City,2024-01-11,11,7.0
Salt Lake City,2024-01-12,5,7.0
Salt Lake City,2024-01-13,2,6.0
Salt Lake City,2024-01-14,2,6.0
Salt Lake City,2024-01-15,1,5.0
Salt Lake City,2024-01-16,12,6.0
Salt Lake City,2024-01-17,8,6.0
Salt Lake City,2024-01-18,16,7.0
Salt Lake City,2024-01-19,11,7.0
Salt Lake City,2024-01-20,1,7.0
Salt Lake City,2024-01-22,9,8.0
Salt Lake City,2024-01-23,18,11.0
Salt Lake City,2024-01-24,11,11.0
Salt Lake City,2024-01-25,12,11.0
Salt Lake City,2024-01-26,2,9.0
Salt Lake City,2024-01-27,2,8.0
Salt Lake City,2024-01-28,1,8.0
Salt Lake City,2024-01-29,7,8.0
Salt Lake City,2024-01-30,11,7.0
Salt Lake City,2024-01-31,6,6.0
Salt Lake City,2024-02-01,21,7.0
Salt Lake City,2024-02-02,3,7.0
Salt Lake City,2024-02-05,16,9.0
Salt Lake City,2024-02-06,18,12.0
Salt Lake City,2024-02-07,7,12.0
Salt Lake City,2024-02-08,15,12.0
Salt Lake City,2024-02-09,7,12.0
Salt Lake City,2024-02-12,19,12.0
Salt Lake City,2024-02-13,18,14.0
Salt Lake City,2024-02-14,11,14.0
Salt Lake City,2024-02-15,19,14.0
Salt Lake City,2024-02-20,20,16.0
Salt Lake City,2024-02-21,8,15.0
Salt Lake City,2024-02-22,15,16.0
Salt Lake City,2024-02-23,10,14.0
Salt Lake City,2024-02-24,1,12.0
Salt Lake City,2024-02-26,21,13.0
Salt Lake City,2024-02-27,14,13.0
Salt Lake City,2024-02-28,14,12.0
Salt Lake City,2024-02-29,14,13.0
Salt Lake City,2024-03-01,7,12.0
Salt Lake City,2024-03-04,10,12.0
Salt Lake City,2024-03-05,18,14.0
Salt Lake City,2024-03-06,12,13.0
Salt Lake City,2024-03-07,14,13.0
Salt Lake City,2024-03-08,3,11.0
Salt Lake City,2024-03-11,16,11.0
Salt Lake City,2024-03-12,29,15.0
Salt Lake City,2024-03-13,12,15.0
Salt Lake City,2024-03-14,13,14.0
Salt Lake City,2024-03-15,12,14.0
Salt Lake City,2024-03-16,1,12.0
Salt Lake City,2024-03-18,10,13.0
Salt Lake City,2024-03-19,24,14.0
Salt Lake City,2024-03-20,4,11.0
Salt Lake City,2024-03-21,22,12.0
Salt Lake City,2024-03-22,5,11.0
Salt Lake City,2024-03-23,2,10.0
Salt Lake City,2024-03-25,11,11.0
Salt Lake City,2024-03-26,15,12.0
Salt Lake City,2024-03-27,10,10.0
Salt Lake City,2024-03-28,11,11.0
Salt Lake City,2024-03-29,6,9.0
Salt Lake City,2024-03-31,1,8.0
Salt Lake City,2024-04-01,17,10.0
Salt Lake City,2024-04-02,16,11.0
Salt Lake City,2024-04-03,12,10.0
Salt Lake City,2024-04-04,16,11.0
Salt Lake City,2024-04-05,4,10.0
Salt Lake City,2024-04-06,4,10.0
Salt Lake City,2024-04-07,1,10.0
Salt Lake City,2024-04-08,26,11.0
Salt Lake City,2024-04-09,13,11.0
Salt Lake City,2024-04-10,15,11.0
Salt Lake City,2024-04-11,14,11.0
Salt Lake City,2024-04-12,7,11.0
Salt Lake City,2024-04-14,1,11.0
Salt Lake City,2024-04-15,16,13.0
Salt Lake City,2024-04-16,27,13.0
Salt Lake City,2024-04-17,14,13.0
Salt Lake City,2024-04-18,14,13.0
Salt Lake City,2024-04-19,4,12.0
Salt Lake City,2024-04-22,11,12.0
Salt Lake City,2024-04-23,19,15.0
Salt Lake City,2024-04-24,21,16.0
Salt Lake City,2024-04-25,17,14.0
Salt Lake City,2024-04-26,6,13.0
Salt Lake City,2024-04-29,15,13.0
Salt Lake City,2024-04-30,23,16.0
Salt Lake City,2024-05-01,8,16.0
Salt Lake City,2024-05-02,17,15.0
Salt Lake City,2024-05-03,5,13.0
Salt Lake City,2024-05-05,2,11.0
Salt Lake City,2024-05-06,16,12.0
Salt Lake City,2024-05-07,18,13.0
Salt Lake City,2024-05-08,7,10.0
Salt Lake City,2024-05-09,21,12.0
Salt Lake City,2024-05-10,5,11.0
Salt Lake City,2024-05-11,1,10.0
Salt Lake City,2024-05-12,2,10.0
Salt Lake City,2024-05-13,20,11.0
Salt Lake City,2024-05-14,17,10.0
Salt Lake City,2024-05-15,16,12.0
Salt Lake City,2024-05-16,17,11.0
Salt Lake City,2024-05-17,9,12.0
Salt Lake City,2024-05-18,2,12.0
Salt Lake City,2024-05-20,17,14.0
Salt Lake City,2024-05-21,21,14.0
Salt Lake City,2024-05-22,11,13.0
Salt Lake City,2024-05-23,15,13.0
Salt Lake City,2024-05-24,8,12.0
Salt Lake City,2024-05-25,1,11.0
Salt Lake City,2024-05-26,1,11.0
Salt Lake City,2024-05-27,8,9.0
Salt Lake City,2024-05-28,13,8.0
Salt Lake City,2024-05-29,14,9.0
Salt Lake City,2024-05-30,10,8.0
Salt Lake City,2024-05-31,17,9.0
Salt Lake City,2024-06-02,2,9.0
Salt Lake City,2024-06-03,23,12.0
Salt Lake City,2024-06-04,22,14.0
Salt Lake City,2024-06-05,11,14.0
Salt Lake City,2024-06-06,11,14.0
Salt Lake City,2024-06-07,8,13.0
Salt Lake City,2024-06-08,1,11.0
Salt Lake City,2024-06-09,1,11.0
Salt Lake City,2024-06-10,12,9.0
Salt Lake City,2024-06-11,16,9.0
Salt Lake City,2024-06-12,9,8.0
Salt Lake City,2024-06-13,14,9.0
Salt Lake City,2024-06-14,4,8.0
Salt Lake City,2024-06-16,1,8.0
Salt Lake City,2024-06-17,7,9.0
Salt Lake City,2024-06-18,10,9.0
Salt Lake City,2024-06-19,6,7.0
Salt Lake City,2024-06-20,11,8.0
Salt Lake City,2024-06-21,5,6.0
Salt Lake City,2024-06-24,11,7.0
Salt Lake City,2024-06-25,14,9.0
Salt Lake City,2024-06-26,13,10.0
Salt Lake City,2024-06-27,13,10.0
Salt Lake City,2024-06-28,3,10.0
Salt Lake City,2024-06-30,1,9.0
Salt Lake City,2024-07-01,13,10.0
Salt Lake City,2024-07-02,22,11.0
Salt Lake City,2024-07-03,15,11.0
Salt Lake City,2024-07-04,4,10.0
Salt Lake City,2024-07-05,4,9.0
Salt Lake City,2024-07-07,1,9.0
Salt Lake City,2024-07-08,10,10.0
Salt Lake City,2024-07-09,10,9.0
Salt Lake City,2024-07-10,11,8.0
Salt Lake City,2024-07-11,18,8.0
Salt Lake City,2024-07-12,3,8.0
Salt Lake City,2024-07-13,2,8.0
Salt Lake City,2024-07-15,15,10.0
Salt Lake City,2024-07-16,15,11.0
Salt Lake City,2024-07-17,12,11.0
Salt Lake City,2024-07-18,8,10.0
Salt Lake City,2024-07-19,5,9.0
Salt Lake City,2024-07-20,2,8.0
Salt Lake City,2024-07-21,1,8.0
Salt Lake City,2024-07-22,11,8.0
Salt Lake City,2024-07-23,21,9.0
Salt Lake City,2024-07-24,10,8.0
Salt Lake City,2024-07-25,8,8.0
Salt Lake City,2024-07-26,5,8.0
Salt Lake City,2024-07-27,1,8.0
Salt Lake City,2024-07-29,14,10.0
Salt Lake City,2024-07-30,5,9.0
Salt Lake City,2024-07-31,10,8.0
Salt Lake City,2024-08-01,16,8.0
Salt Lake City,2024-08-02,4,8.0
Salt Lake City,2024-08-03,1,7.0
Salt Lake City,2024-08-04,1,7.0
Salt Lake City,2024-08-05,16,8.0
Salt Lake City,2024-08-06,9,8.0
Salt Lake City,2024-08-07,15,9.0
Salt Lake City,2024-08-08,15,9.0
Salt Lake City,2024-08-09,2,8.0
Salt Lake City,2024-08-10,2,9.0
Salt Lake City,2024-08-11,2,9.0
Salt Lake City,2024-08-12,8,8.0
Salt Lake City,2024-08-13,13,8.0
Salt Lake City,2024-08-14,14,8.0
Salt Lake City,2024-08-15,14,8.0
Salt Lake City,2024-08-16,11,9.0
Salt Lake City,2024-08-17,3,9.0
Salt Lake City,2024-08-19,12,11.0
Salt Lake City,2024-08-20,17,12.0
Salt Lake City,2024-08-21,9,11.0
Salt Lake City,2024-08-22,11,11.0
Salt Lake City,2024-08-23,5,10.0
Salt Lake City,2024-08-24,1,8.0
Salt Lake City,2024-08-25,1,8.0
Salt Lake City,2024-08-26,11,8.0
Salt Lake City,2024-08-27,19,8.0
Salt Lake City,2024-08-28,6,8.0
Salt Lake City,2024-08-29,20,9.0
Salt Lake City,2024-08-30,6,9.0
Salt Lake City,2024-08-31,5,10.0
Salt Lake City,2024-09-01,1,10.0
Salt Lake City,2024-09-02,6,9.0
Salt Lake City,2024-09-03,8,7.0
Salt Lake City,2024-09-04,15,9.0
Salt Lake City,2024-09-05,15,8.0
Salt Lake City,2024-09-06,9,8.0
Salt Lake City,2024-09-07,1,8.0
Salt Lake City,2024-09-09,6,9.0
Salt Lake City,2024-09-10,16,10.0
Salt Lake City,2024-09-11,12,11.0
Salt Lake City,2024-09-12,9,10.0
Salt Lake City,2024-09-13,4,8.0
Salt Lake City,2024-09-15,1,7.0
Salt Lake City,2024-09-16,14,9.0
Salt Lake City,2024-09-17,18,11.0
Salt Lake City,2024-09-18,11,10.0
Salt Lake City,2024-09-19,7,9.0
Salt Lake City,2024-09-20,7,9.0
Salt Lake City,2024-09-21,3,9.0
Salt Lake City,2024-09-22,1,9.0
Salt Lake City,2024-09-23,11,8.0
Salt Lake City,2024-09-24,11,7.0
Salt Lake City,2024-09-25,9,7.0
Salt Lake City,2024-09-26,14,8.0
Salt Lake City,2024-09-27,6,8.0
Salt Lake City,2024-09-29,1,8.0
Salt Lake City,2024-09-30,11,9.0
Salt Lake City,2024-10-01,9,9.0
Salt Lake City,2024-10-02,16,9.0
Salt Lake City,2024-10-03,13,10.0
Salt Lake City,2024-10-04,3,8.0
Salt Lake City,2024-10-05,1,8.0
Salt Lake City,2024-10-07,7,9.0
Salt Lake City,2024-10-08,12,9.0
Salt Lake City,2024-10-09,10,9.0
Salt Lake City,2024-10-10,21,10.0
Salt Lake City,2024-10-11,2,8.0
Salt Lake City,2024-10-13,1,8.0
Salt Lake City,2024-10-14,6,8.0
Salt Lake City,2024-10-15,16,10.0
Salt Lake City,2024-10-16,14,10.0
Salt Lake City,2024-10-17,9,10.0
Salt Lake City,2024-10-18,6,8.0
Salt Lake City,2024-10-21,14,9.0
Salt Lake City,2024-10-22,11,11.0
Salt Lake City,2024-10-23,15,12.0
Salt Lake City,2024-10-24,15,12.0
Salt Lake City,2024-10-25,6,11.0
Salt Lake City,2024-10-28,15,12.0
Salt Lake City,2024-10-29,14,13.0
Salt Lake City,2024-10-30,17,13.0
Salt Lake City,2024-10-31,20,15.0
Salt Lake City,2024-11-01,6,13.0
Salt Lake City,2024-11-02,5,12.0
Salt Lake City,2024-11-04,14,13.0
Salt Lake City,2024-11-05,15,13.0
Salt Lake City,2024-11-06,16,13.0
Salt Lake City,2024-11-07,10,12.0
Salt Lake City,2024-11-08,7,10.0
Salt Lake City,2024-11-10,1,10.0
Salt Lake City,2024-11-11,10,10.0
Salt Lake City,2024-11-12,8,10.0
Salt Lake City,2024-11-13,6,8.0
Salt Lake City,2024-11-14,10,7.0
Salt Lake City,2024-11-15,9,7.0
Salt Lake City,2024-11-16,1,6.0
Salt Lake City,2024-11-18,7,7.0
Salt Lake City,2024-11-19,8,7.0
Salt Lake City,2024-11-20,12,8.0
Salt Lake City,2024-11-21,14,9.0
Salt Lake City,2024-11-22,6,8.0
Salt Lake City,2024-11-24,1,7.0
Salt Lake City,2024-11-25,26,11.0
Salt Lake City,2024-11-26,12,11.0
Salt Lake City,2024-11-27,9,11.0
Salt Lake City,2024-11-29,4,10.0
Salt Lake City,2024-12-02,10,10.0
Salt Lake City,2024-12-03,12,11.0
Salt Lake City,2024-12-04,13,12.0
Salt Lake City,2024-12-05,12,10.0
Salt Lake City,2024-12-06,4,9.0
Salt Lake City,2024-12-07,1,8.0
Salt Lake City,2024-12-09,16,10.0
Salt Lake City,2024-12-10,11,10.0
Salt Lake City,2024-12-11,15,10.0
Salt Lake City,2024-12-12,13,10.0
Salt Lake City,2024-12-13,2,9.0
Salt Lake City,2024-12-14,1,8.0
Salt Lake City,2024-12-16,15,10.0
Salt Lake City,2024-12-17,19,11.0
Salt Lake City,2024-12-18,12,11.0
Salt Lake City,2024-12-19,15,11.0
Salt Lake City,2024-12-20,10,11.0
Salt Lake City,2024-12-22,8,11.0
Salt Lake City,2024-12-23,16,14.0
Salt Lake City,2024-12-26,15,14.0
Salt Lake City,2024-12-27,6,12.0
Salt Lake City,2024-12-28,1,10.0
Salt Lake City,2024-12-30,5,9.0
Salt Lake City,2024-12-31,11,9.0
Salt Lake City,2025-01-02,12,9.0
Salt Lake City,2025-01-03,3,8.0
Salt Lake City,2025-01-04,1,6.0
Salt Lake City,2025-01-05,1,5.0
Salt Lake City,2025-01-06,17,7.0
Salt Lake City,2025-01-07,17,9.0
Salt Lake City,2025-01-08,15,9.0
Salt Lake City,2025-01-09,4,8.0
Salt Lake City,2025-01-10,13,10.0
Salt Lake City,2025-01-12,1,10.0
Salt Lake City,2025-01-13,14,12.0
Salt Lake City,2025-01-14,16,11.0
Salt Lake City,2025-01-15,15,11.0
Salt Lake City,2025-01-16,8,10.0
Salt Lake City,2025-01-17,6,10.0
Salt Lake City,2025-01-19,1,9.0
Salt Lake City,2025-01-20,11,10.0
Salt Lake City,2025-01-21,16,10.0
Salt Lake City,2025-01-22,15,10.0
Salt Lake City,2025-01-23,18,11.0
Salt Lake City,2025-01-24,15,12.0
Salt Lake City,2025-01-25,10,12.0
Salt Lake City,2025-01-26,50,19.0
Salt Lake City,2025-01-27,27,22.0
Salt Lake City,2025-01-28,30,24.0
Salt Lake City,2025-01-29,22,25.0
Salt Lake City,2025-01-30,22,25.0
Salt Lake City,2025-01-31,22,26.0
Salt Lake City,2025-02-01,12,26.0
Salt Lake City,2025-02-02,13,21.0
Salt Lake City,2025-02-03,14,19.0
Salt Lake City,2025-02-04,42,21.0
Salt Lake City,2025-02-05,20,21.0
Salt Lake City,2025-02-06,29,22.0
Salt Lake City,2025-02-07,22,22.0
Salt Lake City,2025-02-08,13,22.0
Salt Lake City,2025-02-09,6,21.0
Salt Lake City,2025-02-10,24,22.0
Salt Lake City,2025-02-11,28,20.0
Salt Lake City,2025-02-12,25,21.0
Salt Lake City,2025-02-13,18,19.0
Salt Lake City,2025-02-14,10,18.0
Salt Lake City,2025-02-15,2,16.0
Salt Lake City,2025-02-16,31,20.0
Salt Lake City,2025-02-17,12,18.0
Salt Lake City,2025-02-18,45,20.0
Salt Lake City,2025-02-19,34,22.0
Salt Lake City,2025-02-20,32,24.0
Salt Lake City,2025-02-21,20,25.0
Salt Lake City,2025-02-22,10,26.0
Salt Lake City,2025-02-23,6,23.0
Salt Lake City,2025-02-24,14,23.0
Salt Lake City,2025-02-25,29,21.0
Salt Lake City,2025-02-26,16,18.0
Salt Lake City,2025-02-27,19,16.0
Salt Lake City,2025-02-28,15,16.0
Salt Lake City,2025-03-01,5,15.0
Salt Lake City,2025-03-02,17,16.0
Salt Lake City,2025-03-03,10,16.0
Salt Lake City,2025-03-04,33,16.0
Salt Lake City,2025-03-05,29,18.0
Salt Lake City,2025-03-06,21,19.0
Salt Lake City,2025-03-07,22,20.0
Salt Lake City,2025-03-08,11,20.0
Salt Lake City,2025-03-09,2,18.0
Salt Lake City,2025-03-10,9,18.0
Salt Lake City,2025-03-11,12,15.0
Salt Lake City,2025-03-12,20,14.0
Salt Lake City,2025-03-13,18,13.0
Salt Lake City,2025-03-14,16,13.0
Salt Lake City,2025-03-15,6,12.0
Salt Lake City,2025-03-16,8,13.0
Salt Lake City,2025-03-17,23,15.0
Salt Lake City,2025-03-18,31,17.0
Salt Lake City,2025-03-19,13,16.0
Salt Lake City,2025-03-20,21,17.0
Salt Lake City,2025-03-21,25,18.0
Salt Lake City,2025-03-22,8,18.0
Salt Lake City,2025-03-23,7,18.0
Salt Lake City,2025-03-24,18,18.0
Salt Lake City,2025-03-25,24,17.0
Salt Lake City,2025-03-26,29,19.0
Salt Lake City,2025-03-27,41,22.0
Salt Lake City,2025-03-28,23,21.0
Salt Lake City,2025-03-29,4,21.0
Salt Lake City,2025-03-30,6,21.0
Salt Lake City,2025-03-31,21,21.0
Salt Lake City,2025-04-01,32,22.0
Salt Lake City,2025-04-02,19,21.0
Salt Lake City,2025-04-03,26,19.0
Salt Lake City,2025-04-04,29,20.0
Salt Lake City,2025-04-05,6,20.0
Salt Lake City,2025-04-06,9,20.0
Salt Lake City,2025-04-07,17,20.0
Salt Lake City,2025-04-08,27,19.0
Salt Lake City,2025-04-09,22,19.0
Salt Lake City,2025-04-10,25,19.0
Salt Lake City,2025-04-11,14,17.0
Salt Lake City,2025-04-12,3,17.0
Salt Lake City,2025-04-13,17,18.0
Salt Lake City,2025-04-14,19,18.0
Salt Lake City,2025-04-15,37,20.0
Salt Lake City,2025-04-16,34,21.0
Salt Lake City,2025-04-17,38,23.0
Salt Lake City,2025-04-18,14,23.0
Salt Lake City,2025-04-19,3,23.0
Salt Lake City,2025-04-20,1,21.0
Salt Lake City,2025-04-21,18,21.0
Salt Lake City,2025-04-22,30,20.0
Salt Lake City,2025-04-23,19,18.0
Salt Lake City,2025-04-24,35,17.0
Salt Lake City,2025-04-25,23,18.0
Salt Lake City,2025-04-26,2,18.0
Salt Lake City,2025-04-27,11,20.0
Salt Lake City,2025-04-28,21,20.0
Salt Lake City,2025-04-29,20,19.0
Salt Lake City,2025-04-30,22,19.0
Salt Lake City,2025-05-01,19,17.0
Salt Lake City,2025-05-02,23,17.0
Salt Lake City,2025-05-03,2,17.0
Salt Lake City,2025-05-04,10,17.0
Salt Lake City,2025-05-05,42,20.0
Salt Lake City,2025-05-06,38,22.0
Salt Lake City,2025-05-07,31,24.0
Salt Lake City,2025-05-08,29,25.0
Salt Lake City,2025-05-09,19,24.0
Salt Lake City,2025-05-10,5,25.0
Salt Lake City,2025-05-11,11,25.0
Salt Lake City,2025-05-12,15,21.0
Salt Lake City,2025-05-13,26,19.0
Salt Lake City,2025-05-14,40,21.0
Salt Lake City,2025-05-15,32,21.0
Salt Lake City,2025-05-16,17,21.0
Salt Lake City,2025-05-17,8,21.0
Salt Lake City,2025-05-18,11,21.0
Salt Lake City,2025-05-19,21,22.0
Salt Lake City,2025-05-20,34,23.0
Salt Lake City,2025-05-21,25,21.0
Salt Lake City,2025-05-22,27,20.0
Salt Lake City,2025-05-23,16,20.0
Salt Lake City,2025-05-24,30,23.0
Salt Lake City,2025-05-25,34,27.0
Salt Lake City,2025-05-26,33,28.0
Salt Lake City,2025-05-27,17,26.0
Salt Lake City,2025-05-28,32,27.0
Salt Lake City,2025-05-29,39,29.0
Salt Lake City,2025-05-30,20,29.0
Salt Lake City,2025-05-31,22,28.0
Salt Lake City,2025-06-01,24,27.0
Salt Lake City,2025-06-02,25,26.0
Salt Lake City,2025-06-03,31,28.0
Salt Lake City,2025-06-04,43,29.0
Salt Lake City,2025-06-05,14,26.0
Salt Lake City,2025-06-06,23,26.0
Salt Lake City,2025-06-07,23,26.0
Salt Lake City,2025-06-08,20,26.0
Salt Lake City,2025-06-09,31,26.0
Salt Lake City,2025-06-10,37,27.0
Salt Lake City,2025-06-11,34,26.0
Salt Lake City,2025-06-12,33,29.0
Salt Lake City,2025-06-13,23,29.0
Salt Lake City,2025-06-14,23,29.0
Salt Lake City,2025-06-15,14,28.0
Salt Lake City,2025-06-16,21,26.0
Salt Lake City,2025-06-17,30,25.0
Salt Lake City,2025-06-18,28,25.0
Salt Lake City,2025-06-19,39,25.0
Salt Lake City,2025-06-20,20,25.0
Salt Lake City,2025-06-21,13,24.0
Salt Lake City,2025-06-22,9,23.0
Salt Lake City,2025-06-23,23,23.0
Salt Lake City,2025-06-24,51,26.0
Salt Lake City,2025-06-25,30,26.0
Salt Lake City,2025-06-26,39,26.0
Salt Lake City,2025-06-27,29,28.0
Salt Lake City,2025-06-28,12,28.0
Salt Lake City,2025-06-29,13,28.0
Salt Lake City,2025-06-30,22,28.0
Salt Lake City,2025-07-01,38,26.0
Salt Lake City,2025-07-02,35,27.0
Salt Lake City,2025-07-03,25,25.0
Salt Lake City,2025-07-04,13,23.0
Salt Lake City,2025-07-05,9,22.0
Salt Lake City,2025-07-06,6,21.0
Salt Lake City,2025-07-07,35,23.0
Salt Lake City,2025-07-08,41,23.0
Salt Lake City,2025-07-09,31,23.0
Salt Lake City,2025-07-10,29,23.0
Salt Lake City,2025-07-11,20,24.0
Salt Lake City,2025-07-12,11,25.0
Salt Lake City,2025-07-13,8,25.0
Salt Lake City,2025-07-14,27,24.0
Salt Lake City,2025-07-15,38,23.0
Salt Lake City,2025-07-16,32,24.0
Salt Lake City,2025-07-17,27,23.0
Salt Lake City,2025-07-18,32,25.0
Salt Lake City,2025-07-19,14,25.0
Salt Lake City,2025-07-20,9,26.0
Salt Lake City,2025-07-21,25,25.0
Salt Lake City,2025-07-22,27,24.0
Salt Lake City,2025-07-23,36,24.0
Salt Lake City,2025-07-24,28,24.0
Salt Lake City,2025-07-25,18,22.0
Salt Lake City,2025-07-26,10,22.0
Salt Lake City,2025-07-27,20,23.0
Salt Lake City,2025-07-28,26,24.0
Salt Lake City,2025-07-29,28,24.0
Salt Lake City,2025-07-30,24,22.0
Salt Lake City,2025-07-31,35,23.0
Salt Lake City,2025-08-01,31,25.0
Salt Lake City,2025-08-02,11,25.0
Salt Lake City,2025-08-03,7,23.0
Salt Lake City,2025-08-04,20,22.0
Salt Lake City,2025-08-05,39,24.0
Salt Lake City,2025-08-06,26,24.0
Salt Lake City,2025-08-07,32,24.0
Salt Lake City,2025-08-08,20,22.0
Salt Lake City,2025-08-09,14,23.0
Salt Lake City,2025-08-10,14,24.0
Salt Lake City,2025-08-11,23,24.0
Salt Lake City,2025-08-12,46,25.0
Salt Lake City,2025-08-13,27,25.0
Salt Lake City,2025-08-14,44,27.0
Salt Lake City,2025-08-15,14,26.0
Salt Lake City,2025-08-16,16,26.0
Salt Lake City,2025-08-17,18,27.0
Salt Lake City,2025-08-18,26,27.0
Salt Lake City,2025-08-19,41,27.0
Salt Lake City,2025-08-20,37,28.0
Salt Lake City,2025-08-21,36,27.0
Salt Lake City,2025-08-22,38,30.0
Salt Lake City,2025-08-23,17,30.0
Salt Lake City,2025-08-24,14,30.0
Salt Lake City,2025-08-25,21,29.0
Salt Lake City,2025-08-26,32,28.0
Salt Lake City,2025-08-27,19,25.0
Salt Lake City,2025-08-28,24,24.0
Salt Lake City,2025-08-29,25,22.0
Salt Lake City,2025-08-30,8,20.0
Salt Lake City,2025-08-31,15,21.0
Salt Lake City,2025-09-01,22,21.0
Salt Lake City,2025-09-02,20,19.0
Salt Lake City,2025-09-03,36,21.0
Salt Lake City,2025-09-04,35,23.0
Salt Lake City,2025-09-05,20,22.0
Salt Lake City,2025-09-06,16,23.0
Salt Lake City,2025-09-07,12,23.0
Salt Lake City,2025-09-08,16,22.0
Salt Lake City,2025-09-09,32,24.0
Salt Lake City,2025-09-10,37,24.0
Salt Lake City,2025-09-11,19,22.0
Salt Lake City,2025-09-12,37,24.0
Salt Lake City,2025-09-13,11,23.0
Salt Lake City,2025-09-14,8,23.0
Salt Lake City,2025-09-15,30,25.0
Salt Lake City,2025-09-16,23,24.0
Salt Lake City,2025-09-17,28,22.0
Salt Lake City,2025-09-18,34,24.0
Salt Lake City,2025-09-19,23,22.0
Salt Lake City,2025-09-20,13,23.0
Salt Lake City,2025-09-21,14,24.0
Salt Lake City,2025-09-22,23,23.0
Salt Lake City,2025-09-23,28,23.0
Salt Lake City,2025-09-24,43,25.0
Salt Lake City,2025-09-25,23,24.0
Salt Lake City,2025-09-26,27,24.0
Salt Lake City,2025-09-27,14,25.0
Salt Lake City,2025-09-28,5,23.0
Salt Lake City,2025-09-29,41,26.0
Salt Lake City,2025-09-30,33,27.0
Salt Lake City,2025-10-01,30,25.0
Salt Lake City,2025-10-02,46,28.0
Salt Lake City,2025-10-03,27,28.0
Salt Lake City,2025-10-04,18,29.0
Salt Lake City,2025-10-05,7,29.0
Salt Lake City,2025-10-06,35,28.0
Salt Lake City,2025-10-07,27,27.0
Salt Lake City,2025-10-08,28,27.0
Salt Lake City,2025-10-09,30,25.0
Salt Lake City,2025-10-10,21,24.0
Salt Lake City,2025-10-11,23,24.0
Salt Lake City,2025-10-12,5,24.0
Salt Lake City,2025-10-13,13,21.0
Salt Lake City,2025-10-14,24,21.0
Salt Lake City,2025-10-15,28,21.0
Salt Lake City,2025-10-16,30,21.0
Salt Lake City,2025-10-17,29,22.0
Salt Lake City,2025-10-18,14,20.0
Salt Lake City,2025-10-19,19,22.0
Salt Lake City,2025-10-20,76,31.0
Salt Lake City,2025-10-21,35,33.0
Salt Lake City,2025-10-22,33,34.0
Salt Lake City,2025-10-23,32,34.0
Salt Lake City,2025-10-24,34,35.0
Salt Lake City,2025-10-25,19,35.0
Salt Lake City,2025-10-26,18,35.0
Salt Lake City,2025-10-27,20,27.0
Salt Lake City,2025-10-28,34,27.0
Salt Lake City,2025-10-29,30,27.0
Salt Lake City,2025-10-30,27,26.0
Salt Lake City,2025-10-31,37,26.0
Salt Lake City,2025-11-01,10,25.0
Salt Lake City,2025-11-02,6,23.0
Salt Lake City,2025-11-03,17,23.0
Salt Lake City,2025-11-04,35,23.0
Salt Lake City,2025-11-05,34,24.0
Salt Lake City,2025-11-06,32,24.0
Salt Lake City,2025-11-07,25,23.0
Salt Lake City,2025-11-08,8,22.0
Salt Lake City,2025-11-09,10,23.0
Salt Lake City,2025-11-10,15,23.0
Salt Lake City,2025-11-11,17,20.0
Salt Lake City,2025-11-12,30,20.0
Salt Lake City,2025-11-13,31,19.0
Salt Lake City,2025-11-14,35,21.0
Salt Lake City,2025-11-15,15,22.0
Salt Lake City,2025-11-16,6,21.0
Salt Lake City,2025-11-17,36,24.0
Salt Lake City,2025-11-18,37,27.0
Salt Lake City,2025-11-19,37,28.0
Salt Lake City,2025-11-20,34,29.0
Salt Lake City,2025-11-21,37,29.0
Salt Lake City,2025-11-22,15,29.0
Salt Lake City,2025-11-23,7,29.0
Salt Lake City,2025-11-24,27,28.0
Salt Lake City,2025-11-25,38,28.0
Salt Lake City,2025-11-26,34,27.0
Salt Lake City,2025-11-27,12,24.0
Salt Lake City,2025-11-28,14,21.0
Salt Lake City,2025-11-29,11,20.0
Salt Lake City,2025-11-30,11,21.0
Salt Lake City,2025-12-01,47,24.0
Salt Lake City,2025-12-02,36,24.0
Salt Lake City,2025-12-03,75,29.0
Salt Lake City,2025-12-04,52,35.0
Salt Lake City,2025-12-05,33,38.0
Salt Lake City,2025-12-06,36,41.0
Salt Lake City,2025-12-07,7,41.0
Salt Lake City,2025-12-08,23,37.0
Salt Lake City,2025-12-09,51,40.0
Salt Lake City,2025-12-10,50,36.0
Salt Lake City,2025-12-11,54,36.0
Salt Lake City,2025-12-12,33,36.0
Salt Lake City,2025-12-13,13,33.0
Salt Lake City,2025-12-14,13,34.0
Salt Lake City,2025-12-15,24,34.0
Salt Lake City,2025-12-16,30,31.0
Salt Lake City,2025-12-17,46,30.0
Salt Lake City,2025-12-18,37,28.0
Salt Lake City,2025-12-19,33,28.0
Salt Lake City,2025-12-20,12,28.0
Salt Lake City,2025-12-21,10,27.0
Salt Lake City,2025-12-22,21,27.0
Salt Lake City,2025-12-23,50,30.0
Salt Lake City,2025-12-24,33,28.0
Salt Lake City,2025-12-25,3,23.0
Salt Lake City,2025-12-26,23,22.0
Salt Lake City,2025-12-27,19,23.0
Salt Lake City,2025-12-28,10,23.0
Salt Lake City,2025-12-29,22,23.0
Salt Lake City,2025-12-30,33,20.0
Salt Lake City,2025-12-31,21,19.0
Salt Lake City,2026-01-01,19,21.0
Salt Lake City,2026-01-02,23,21.0
Salt Lake City,2026-01-03,14,20.0
Salt Lake City,2026-01-04,15,21.0
Salt Lake City,2026-01-05,20,21.0
Salt Lake City,2026-01-06,32,21.0
Salt Lake City,2026-01-07,35,23.0
Salt Lake City,2026-01-08,29,24.0
Salt Lake City,2026-01-09,14,23.0
Salt Lake City,2026-01-10,24,24.0
Salt Lake City,2026-01-11,14,24.0
Salt Lake City,2026-01-12,22,24.0
Salt Lake City,2026-01-13,37,25.0
Salt Lake City,2026-01-14,24,23.0
Salt Lake City,2026-01-15,28,23.0
Salt Lake City,2026-01-16,28,25.0
Salt Lake City,2026-01-17,10,23.0
Salt Lake City,2026-01-18,9,23.0
Salt Lake City,2026-01-19,17,22.0
Salt Lake City,2026-01-20,25,20.0
Salt Lake City,2026-01-21,41,23.0
Salt Lake City,2026-01-22,40,24.0
Salt Lake City,2026-01-23,25,24.0
Salt Lake City,2026-01-24,23,26.0
Salt Lake City,2026-01-25,13,26.0
Salt Lake City,2026-01-26,18,26.0
Salt Lake City,2026-01-27,37,28.0
Salt Lake City,2026-01-28,26,26.0
Salt Lake City,2026-01-29,31,25.0
Salt Lake City,2026-01-30,19,24.0
Salt Lake City,2026-01-31,10,22.0
Salt Lake City,2026-02-01,20,23.0
Salt Lake City,2026-02-02,16,23.0
Salt Lake City,2026-02-03,37,23.0
Salt Lake City,2026-02-04,31,23.0
Salt Lake City,2026-02-05,33,24.0
Salt Lake City,2026-02-06,19,24.0
Salt Lake City,2026-02-07,11,24.0
Salt Lake City,2026-02-08,7,22.0
Salt Lake City,2026-02-09,21,23.0
Salt Lake City,2026-02-10,46,24.0
Salt Lake City,2026-02-11,37,25.0
Salt Lake City,2026-02-12,39,26.0
Salt Lake City,2026-02-13,28,27.0
Salt Lake City,2026-02-14,11,27.0
Salt Lake City,2026-02-15,14,28.0
Salt Lake City,2026-02-16,29,29.0
Salt Lake City,2026-02-17,30,27.0
Salt Lake City,2026-02-18,42,28.0
Salt Lake City,2026-02-19,30,26.0
Salt Lake City,2026-02-20,27,26.0
Salt Lake City,2026-02-21,18,27.0
Salt Lake City,2026-02-22,20,28.0
Salt Lake City,2026-02-23,31,28.0
Salt Lake City,2026-02-24,44,30.0
Salt Lake City,2026-02-25,37,30.0
Salt Lake City,2026-02-26,39,31.0
Salt Lake City,2026-02-27,22,30.0
Salt Lake City,2026-02-28,17,30.0
Salt Lake City,2026-03-01,13,29.0
Salt Lake City,2026-03-02,32,29.0
Salt Lake City,2026-03-03,38,28.0
Salt Lake City,2026-03-04,51,30.0
Salt Lake City,2026-03-05,36,30.0
Salt Lake City,2026-03-06,37,32.0
Salt Lake City,2026-03-07,11,31.0
Salt Lake City,2026-03-08,7,30.0
Salt Lake City,2026-03-09,33,30.0
Salt Lake City,2026-03-10,37,30.0
San Antonio,2022-10-01,13,25.0
San Antonio,2022-10-02,13,22.0
San Antonio,2022-10-03,24,20.0
San Antonio,2022-10-04,30,22.0
San Antonio,2022-10-05,34,26.0
San Antonio,2022-10-06,27,25.0
San Antonio,2022-10-07,14,22.0
San Antonio,2022-10-08,6,21.0
San Antonio,2022-10-09,4,20.0
San Antonio,2022-10-10,12,18.0
San Antonio,2022-10-11,30,18.0
San Antonio,2022-10-12,24,17.0
San Antonio,2022-10-13,27,17.0
San Antonio,2022-10-14,44,21.0
San Antonio,2022-10-15,7,21.0
San Antonio,2022-10-16,3,21.0
San Antonio,2022-10-17,29,23.0
San Antonio,2022-10-18,22,22.0
San Antonio,2022-10-19,22,22.0
San Antonio,2022-10-20,26,22.0
San Antonio,2022-10-21,24,19.0
San Antonio,2022-10-22,4,19.0
San Antonio,2022-10-23,1,18.0
San Antonio,2022-10-24,33,19.0
San Antonio,2022-10-25,27,20.0
San Antonio,2022-10-26,22,20.0
San Antonio,2022-10-27,17,18.0
San Antonio,2022-10-28,25,18.0
San Antonio,2022-10-29,1,18.0
San Antonio,2022-10-30,1,18.0
San Antonio,2022-10-31,18,16.0
San Antonio,2022-11-01,28,16.0
San Antonio,2022-11-02,30,17.0
San Antonio,2022-11-03,27,19.0
San Antonio,2022-11-04,36,20.0
San Antonio,2022-11-05,3,20.0
San Antonio,2022-11-06,2,21.0
San Antonio,2022-11-07,20,21.0
San Antonio,2022-11-08,28,21.0
San Antonio,2022-11-09,22,20.0
San Antonio,2022-11-10,21,19.0
San Antonio,2022-11-11,17,16.0
San Antonio,2022-11-12,1,16.0
San Antonio,2022-11-13,1,16.0
San Antonio,2022-11-14,18,15.0
San Antonio,2022-11-15,21,14.0
San Antonio,2022-11-16,38,17.0
San Antonio,2022-11-17,23,17.0
San Antonio,2022-11-18,16,17.0
San Antonio,2022-11-19,3,17.0
San Antonio,2022-11-20,7,18.0
San Antonio,2022-11-21,24,19.0
San Antonio,2022-11-22,16,18.0
San Antonio,2022-11-23,21,16.0
San Antonio,2022-11-24,13,14.0
San Antonio,2022-11-25,8,13.0
San Antonio,2022-11-26,4,13.0
San Antonio,2022-11-27,3,13.0
San Antonio,2022-11-28,18,12.0
San Antonio,2022-11-29,30,14.0
San Antonio,2022-11-30,30,15.0
San Antonio,2022-12-01,21,16.0
San Antonio,2022-12-02,25,19.0
San Antonio,2022-12-03,6,19.0
San Antonio,2022-12-04,7,20.0
San Antonio,2022-12-05,24,20.0
San Antonio,2022-12-06,17,19.0
San Antonio,2022-12-07,22,17.0
San Antonio,2022-12-08,18,17.0
San Antonio,2022-12-09,25,17.0
San Antonio,2022-12-10,2,16.0
San Antonio,2022-12-11,2,16.0
San Antonio,2022-12-12,24,16.0
San Antonio,2022-12-13,13,15.0
San Antonio,2022-12-14,26,16.0
San Antonio,2022-12-15,20,16.0
San Antonio,2022-12-16,19,15.0
San Antonio,2022-12-17,4,15.0
San Antonio,2022-12-18,6,16.0
San Antonio,2022-12-19,24,16.0
San Antonio,2022-12-20,26,18.0
San Antonio,2022-12-21,29,18.0
San Antonio,2022-12-22,20,18.0
San Antonio,2022-12-23,11,17.0
San Antonio,2022-12-24,3,17.0
San Antonio,2022-12-26,6,17.0
San Antonio,2022-12-27,14,16.0
San Antonio,2022-12-28,14,14.0
San Antonio,2022-12-29,10,11.0
San Antonio,2022-12-30,3,9.0
San Antonio,2022-12-31,1,7.0
San Antonio,2023-01-01,5,8.0
San Antonio,2023-01-02,5,7.0
San Antonio,2023-01-03,12,7.0
San Antonio,2023-01-04,17,8.0
San Antonio,2023-01-05,7,7.0
San Antonio,2023-01-06,9,8.0
San Antonio,2023-01-07,1,8.0
San Antonio,2023-01-08,1,7.0
San Antonio,2023-01-09,18,9.0
San Antonio,2023-01-10,22,11.0
San Antonio,2023-01-11,20,11.0
San Antonio,2023-01-12,35,15.0
San Antonio,2023-01-13,23,17.0
San Antonio,2023-01-14,1,17.0
San Antonio,2023-01-16,14,19.0
San Antonio,2023-01-17,43,23.0
San Antonio,2023-01-18,23,23.0
San Antonio,2023-01-19,12,22.0
San Antonio,2023-01-20,25,20.0
San Antonio,2023-01-21,1,17.0
San Antonio,2023-01-23,22,20.0
San Antonio,2023-01-24,26,22.0
San Antonio,2023-01-25,14,18.0
San Antonio,2023-01-26,18,17.0
San Antonio,2023-01-27,16,17.0
San Antonio,2023-01-30,28,18.0
San Antonio,2023-01-31,21,21.0
San Antonio,2023-02-01,6,18.0
San Antonio,2023-02-02,16,17.0
San Antonio,2023-02-03,14,17.0
San Antonio,2023-02-06,21,17.0
San Antonio,2023-02-07,27,19.0
San Antonio,2023-02-08,28,19.0
San Antonio,2023-02-09,4,17.0
San Antonio,2023-02-10,25,19.0
San Antonio,2023-02-11,1,17.0
San Antonio,2023-02-13,30,19.0
San Antonio,2023-02-14,33,21.0
San Antonio,2023-02-15,19,20.0
San Antonio,2023-02-16,18,19.0
San Antonio,2023-02-17,23,21.0
San Antonio,2023-02-18,2,18.0
San Antonio,2023-02-20,8,19.0
San Antonio,2023-02-21,14,17.0
San Antonio,2023-02-22,34,17.0
San Antonio,2023-02-23,27,18.0
San Antonio,2023-02-24,15,18.0
San Antonio,2023-02-27,22,17.0
San Antonio,2023-02-28,30,21.0
San Antonio,2023-03-01,30,25.0
San Antonio,2023-03-02,27,26.0
San Antonio,2023-03-03,25,25.0
San Antonio,2023-03-06,27,25.0
San Antonio,2023-03-07,37,28.0
San Antonio,2023-03-08,39,31.0
San Antonio,2023-03-09,32,31.0
San Antonio,2023-03-10,17,29.0
San Antonio,2023-03-13,28,29.0
San Antonio,2023-03-14,13,28.0
San Antonio,2023-03-15,23,27.0
San Antonio,2023-03-16,22,25.0
San Antonio,2023-03-17,14,21.0
San Antonio,2023-03-19,1,17.0
San Antonio,2023-03-20,27,18.0
San Antonio,2023-03-21,26,18.0
San Antonio,2023-03-22,32,21.0
San Antonio,2023-03-23,30,22.0
San Antonio,2023-03-24,24,22.0
San Antonio,2023-03-25,1,20.0
San Antonio,2023-03-26,2,20.0
San Antonio,2023-03-27,25,20.0
San Antonio,2023-03-28,20,19.0
San Antonio,2023-03-29,18,17.0
San Antonio,2023-03-30,27,17.0
San Antonio,2023-03-31,27,17.0
San Antonio,2023-04-02,4,18.0
San Antonio,2023-04-03,30,22.0
San Antonio,2023-04-04,36,23.0
San Antonio,2023-04-05,32,25.0
San Antonio,2023-04-06,11,24.0
San Antonio,2023-04-07,20,23.0
San Antonio,2023-04-09,1,19.0
San Antonio,2023-04-10,22,22.0
San Antonio,2023-04-11,31,22.0
San Antonio,2023-04-12,30,21.0
San Antonio,2023-04-13,35,21.0
San Antonio,2023-04-14,34,25.0
San Antonio,2023-04-15,1,22.0
San Antonio,2023-04-16,1,22.0
San Antonio,2023-04-17,26,23.0
San Antonio,2023-04-18,15,20.0
San Antonio,2023-04-19,42,22.0
San Antonio,2023-04-20,25,21.0
San Antonio,2023-04-21,33,20.0
San Antonio,2023-04-23,1,20.0
San Antonio,2023-04-24,23,24.0
San Antonio,2023-04-25,23,23.0
San Antonio,2023-04-26,18,24.0
San Antonio,2023-04-27,19,20.0
San Antonio,2023-04-28,25,20.0
San Antonio,2023-04-29,1,16.0
San Antonio,2023-05-01,40,21.0
San Antonio,2023-05-02,15,20.0
San Antonio,2023-05-03,20,20.0
San Antonio,2023-05-04,26,21.0
San Antonio,2023-05-05,32,23.0
San Antonio,2023-05-07,1,19.0
San Antonio,2023-05-08,13,21.0
San Antonio,2023-05-09,41,21.0
San Antonio,2023-05-10,34,24.0
San Antonio,2023-05-11,22,24.0
San Antonio,2023-05-12,24,24.0
San Antonio,2023-05-13,1,19.0
San Antonio,2023-05-15,21,22.0
San Antonio,2023-05-16,20,23.0
San Antonio,2023-05-17,21,20.0
San Antonio,2023-05-18,18,18.0
San Antonio,2023-05-19,23,18.0
San Antonio,2023-05-21,2,15.0
San Antonio,2023-05-22,28,19.0
San Antonio,2023-05-23,25,20.0
San Antonio,2023-05-24,14,19.0
San Antonio,2023-05-25,22,19.0
San Antonio,2023-05-26,18,19.0
San Antonio,2023-05-28,1,16.0
San Antonio,2023-05-29,5,16.0
San Antonio,2023-05-30,22,15.0
San Antonio,2023-05-31,20,15.0
San Antonio,2023-06-01,31,17.0
San Antonio,2023-06-02,26,18.0
San Antonio,2023-06-05,31,19.0
San Antonio,2023-06-06,21,22.0
San Antonio,2023-06-07,28,26.0
San Antonio,2023-06-08,30,27.0
San Antonio,2023-06-09,14,26.0
San Antonio,2023-06-10,1,22.0
San Antonio,2023-06-11,2,18.0
San Antonio,2023-06-12,22,17.0
San Antonio,2023-06-13,29,18.0
San Antonio,2023-06-14,20,17.0
San Antonio,2023-06-15,26,16.0
San Antonio,2023-06-16,18,17.0
San Antonio,2023-06-19,9,18.0
San Antonio,2023-06-20,27,22.0
San Antonio,2023-06-21,31,23.0
San Antonio,2023-06-22,24,22.0
San Antonio,2023-06-23,25,23.0
San Antonio,2023-06-25,2,19.0
San Antonio,2023-06-26,23,20.0
San Antonio,2023-06-27,27,23.0
San Antonio,2023-06-28,18,21.0
San Antonio,2023-06-29,26,21.0
San Antonio,2023-06-30,12,19.0
San Antonio,2023-07-02,3,16.0
San Antonio,2023-07-03,28,20.0
San Antonio,2023-07-04,4,17.0
San Antonio,2023-07-05,28,17.0
San Antonio,2023-07-06,22,18.0
San Antonio,2023-07-07,24,17.0
San Antonio,2023-07-10,24,19.0
San Antonio,2023-07-11,26,22.0
San Antonio,2023-07-12,41,24.0
San Antonio,2023-07-13,18,26.0
San Antonio,2023-07-14,34,27.0
San Antonio,2023-07-15,1,24.0
San Antonio,2023-07-17,16,23.0
San Antonio,2023-07-18,32,24.0
San Antonio,2023-07-19,33,25.0
San Antonio,2023-07-20,28,23.0
San Antonio,2023-07-21,18,23.0
San Antonio,2023-07-24,31,23.0
San Antonio,2023-07-25,28,27.0
San Antonio,2023-07-26,30,29.0
San Antonio,2023-07-27,24,27.0
San Antonio,2023-07-28,25,26.0
San Antonio,2023-07-30,1,22.0
San Antonio,2023-07-31,20,23.0
San Antonio,2023-08-01,16,21.0
San Antonio,2023-08-02,25,20.0
San Antonio,2023-08-03,27,20.0
San Antonio,2023-08-04,28,20.0
San Antonio,2023-08-06,1,17.0
San Antonio,2023-08-07,26,20.0
San Antonio,2023-08-08,22,21.0
San Antonio,2023-08-09,24,22.0
San Antonio,2023-08-10,27,22.0
San Antonio,2023-08-11,21,21.0
San Antonio,2023-08-12,1,17.0
San Antonio,2023-08-13,3,18.0
San Antonio,2023-08-14,30,18.0
San Antonio,2023-08-15,27,19.0
San Antonio,2023-08-16,27,19.0
San Antonio,2023-08-17,20,18.0
San Antonio,2023-08-18,26,19.0
San Antonio,2023-08-19,3,19.0
San Antonio,2023-08-21,41,25.0
San Antonio,2023-08-22,29,25.0
San Antonio,2023-08-23,31,25.0
San Antonio,2023-08-24,32,26.0
San Antonio,2023-08-25,30,27.0
San Antonio,2023-08-26,3,24.0
San Antonio,2023-08-27,6,25.0
San Antonio,2023-08-28,24,22.0
San Antonio,2023-08-29,30,22.0
San Antonio,2023-08-30,27,22.0
San Antonio,2023-08-31,45,24.0
San Antonio,2023-09-01,32,24.0
San Antonio,2023-09-02,1,24.0
San Antonio,2023-09-03,7,24.0
San Antonio,2023-09-04,12,22.0
San Antonio,2023-09-05,33,22.0
San Antonio,2023-09-06,25,22.0
San Antonio,2023-09-07,35,21.0
San Antonio,2023-09-08,26,20.0
San Antonio,2023-09-10,1,20.0
San Antonio,2023-09-11,55,27.0
San Antonio,2023-09-12,31,29.0
San Antonio,2023-09-13,22,28.0
San Antonio,2023-09-14,31,29.0
San Antonio,2023-09-15,23,27.0
San Antonio,2023-09-18,38,29.0
San Antonio,2023-09-19,22,32.0
San Antonio,2023-09-20,15,26.0
San Antonio,2023-09-21,35,27.0
San Antonio,2023-09-22,96,37.0
San Antonio,2023-09-24,8,34.0
San Antonio,2023-09-25,73,41.0
San Antonio,2023-09-26,49,43.0
San Antonio,2023-09-27,42,45.0
San Antonio,2023-09-28,16,46.0
San Antonio,2023-09-29,22,44.0
San Antonio,2023-09-30,1,30.0
San Antonio,2023-10-01,1,29.0
San Antonio,2023-10-02,18,21.0
San Antonio,2023-10-03,19,17.0
San Antonio,2023-10-04,23,14.0
San Antonio,2023-10-05,14,14.0
San Antonio,2023-10-06,22,14.0
San Antonio,2023-10-07,1,14.0
San Antonio,2023-10-09,2,14.0
San Antonio,2023-10-10,21,15.0
San Antonio,2023-10-11,14,14.0
San Antonio,2023-10-12,23,14.0
San Antonio,2023-10-13,29,16.0
San Antonio,2023-10-15,1,13.0
San Antonio,2023-10-16,11,14.0
San Antonio,2023-10-17,18,17.0
San Antonio,2023-10-18,19,16.0
San Antonio,2023-10-19,19,17.0
San Antonio,2023-10-20,21,17.0
San Antonio,2023-10-21,2,13.0
San Antonio,2023-10-22,1,13.0
San Antonio,2023-10-23,21,14.0
San Antonio,2023-10-24,22,15.0
San Antonio,2023-10-25,29,16.0
San Antonio,2023-10-26,33,18.0
San Antonio,2023-10-27,21,18.0
San Antonio,2023-10-30,23,21.0
San Antonio,2023-10-31,17,24.0
San Antonio,2023-11-01,22,24.0
San Antonio,2023-11-02,18,23.0
San Antonio,2023-11-03,24,23.0
San Antonio,2023-11-04,3,18.0
San Antonio,2023-11-05,2,16.0
San Antonio,2023-11-06,25,16.0
San Antonio,2023-11-07,31,18.0
San Antonio,2023-11-08,27,19.0
San Antonio,2023-11-09,22,19.0
San Antonio,2023-11-10,8,17.0
San Antonio,2023-11-13,28,20.0
San Antonio,2023-11-14,33,25.0
San Antonio,2023-11-15,29,25.0
San Antonio,2023-11-16,20,24.0
San Antonio,2023-11-17,24,23.0
San Antonio,2023-11-18,1,20.0
San Antonio,2023-11-19,1,19.0
San Antonio,2023-11-20,24,19.0
San Antonio,2023-11-21,21,17.0
San Antonio,2023-11-22,19,16.0
San Antonio,2023-11-23,4,13.0
San Antonio,2023-11-24,7,11.0
San Antonio,2023-11-26,1,11.0
San Antonio,2023-11-27,18,13.0
San Antonio,2023-11-28,27,14.0
San Antonio,2023-11-29,31,15.0
San Antonio,2023-11-30,18,15.0
San Antonio,2023-12-01,18,17.0
San Antonio,2023-12-03,1,16.0
San Antonio,2023-12-04,20,19.0
San Antonio,2023-12-05,51,24.0
San Antonio,2023-12-06,18,22.0
San Antonio,2023-12-07,14,20.0
San Antonio,2023-12-08,60,26.0
San Antonio,2023-12-09,37,29.0
San Antonio,2023-12-11,26,32.0
San Antonio,2023-12-12,18,32.0
San Antonio,2023-12-13,26,28.0
San Antonio,2023-12-14,29,30.0
San Antonio,2023-12-15,22,31.0
San Antonio,2023-12-16,19,25.0
San Antonio,2023-12-17,38,25.0
San Antonio,2023-12-18,63,31.0
San Antonio,2023-12-19,66,38.0
San Antonio,2023-12-20,119,51.0
San Antonio,2023-12-21,106,62.0
San Antonio,2023-12-22,54,66.0
San Antonio,2023-12-23,50,71.0
San Antonio,2023-12-24,3,66.0
San Antonio,2023-12-25,38,62.0
San Antonio,2023-12-26,62,62.0
San Antonio,2023-12-27,45,51.0
San Antonio,2023-12-28,28,40.0
San Antonio,2023-12-29,9,34.0
San Antonio,2023-12-30,1,27.0
San Antonio,2023-12-31,1,26.0
San Antonio,2024-01-01,1,21.0
San Antonio,2024-01-02,25,16.0
San Antonio,2024-01-03,19,12.0
San Antonio,2024-01-04,22,11.0
San Antonio,2024-01-05,25,13.0
San Antonio,2024-01-06,2,14.0
San Antonio,2024-01-07,2,14.0
San Antonio,2024-01-08,27,17.0
San Antonio,2024-01-09,31,18.0
San Antonio,2024-01-10,32,20.0
San Antonio,2024-01-11,25,21.0
San Antonio,2024-01-12,30,21.0
San Antonio,2024-01-13,8,22.0
San Antonio,2024-01-14,6,23.0
San Antonio,2024-01-15,10,20.0
San Antonio,2024-01-16,16,18.0
San Antonio,2024-01-17,19,16.0
San Antonio,2024-01-18,27,17.0
San Antonio,2024-01-19,22,15.0
San Antonio,2024-01-21,1,14.0
San Antonio,2024-01-22,16,16.0
San Antonio,2024-01-23,20,17.0
San Antonio,2024-01-24,28,19.0
San Antonio,2024-01-25,25,20.0
San Antonio,2024-01-26,21,19.0
San Antonio,2024-01-29,35,21.0
San Antonio,2024-01-30,25,24.0
San Antonio,2024-01-31,37,27.0
San Antonio,2024-02-01,32,29.0
San Antonio,2024-02-02,24,28.0
San Antonio,2024-02-05,44,31.0
San Antonio,2024-02-06,30,32.0
San Antonio,2024-02-07,24,31.0
San Antonio,2024-02-08,29,31.0
San Antonio,2024-02-09,29,30.0
San Antonio,2024-02-10,2,26.0
San Antonio,2024-02-12,31,27.0
San Antonio,2024-02-13,31,25.0
San Antonio,2024-02-14,22,24.0
San Antonio,2024-02-15,18,23.0
San Antonio,2024-02-16,35,24.0
San Antonio,2024-02-18,1,20.0
San Antonio,2024-02-19,7,21.0
San Antonio,2024-02-20,24,20.0
San Antonio,2024-02-21,24,19.0
San Antonio,2024-02-22,33,20.0
San Antonio,2024-02-23,50,25.0
San Antonio,2024-02-26,28,24.0
San Antonio,2024-02-27,32,28.0
San Antonio,2024-02-28,35,32.0
San Antonio,2024-02-29,29,33.0
San Antonio,2024-03-01,8,31.0
San Antonio,2024-03-04,24,29.0
San Antonio,2024-03-05,26,26.0
San Antonio,2024-03-06,46,29.0
San Antonio,2024-03-07,36,29.0
San Antonio,2024-03-08,32,29.0
San Antonio,2024-03-09,1,25.0
San Antonio,2024-03-11,34,28.0
San Antonio,2024-03-12,19,28.0
San Antonio,2024-03-13,26,28.0
San Antonio,2024-03-14,20,24.0
San Antonio,2024-03-15,34,24.0
San Antonio,2024-03-18,20,22.0
San Antonio,2024-03-19,22,25.0
San Antonio,2024-03-20,24,24.0
San Antonio,2024-03-21,35,26.0
San Antonio,2024-03-22,35,27.0
San Antonio,2024-03-23,1,24.0
San Antonio,2024-03-25,31,24.0
San Antonio,2024-03-26,39,27.0
San Antonio,2024-03-27,27,27.0
San Antonio,2024-03-28,31,28.0
San Antonio,2024-03-29,21,26.0
San Antonio,2024-04-01,24,25.0
San Antonio,2024-04-02,18,27.0
San Antonio,2024-04-03,23,26.0
San Antonio,2024-04-04,25,24.0
San Antonio,2024-04-05,35,25.0
San Antonio,2024-04-08,25,24.0
San Antonio,2024-04-09,21,24.0
San Antonio,2024-04-10,29,25.0
San Antonio,2024-04-11,28,27.0
San Antonio,2024-04-12,28,27.0
San Antonio,2024-04-14,1,24.0
San Antonio,2024-04-15,29,23.0
San Antonio,2024-04-16,25,23.0
San Antonio,2024-04-17,37,25.0
San Antonio,2024-04-18,30,25.0
San Antonio,2024-04-19,23,25.0
San Antonio,2024-04-22,29,25.0
San Antonio,2024-04-23,26,28.0
San Antonio,2024-04-24,33,29.0
San Antonio,2024-04-25,36,31.0
San Antonio,2024-04-26,45,32.0
San Antonio,2024-04-29,37,33.0
San Antonio,2024-04-30,25,33.0
San Antonio,2024-05-01,26,33.0
San Antonio,2024-05-02,28,33.0
San Antonio,2024-05-03,22,31.0
San Antonio,2024-05-05,1,26.0
San Antonio,2024-05-06,16,22.0
San Antonio,2024-05-07,30,21.0
San Antonio,2024-05-08,38,23.0
San Antonio,2024-05-09,14,21.0
San Antonio,2024-05-10,26,21.0
San Antonio,2024-05-11,1,18.0
San Antonio,2024-05-12,2,18.0
San Antonio,2024-05-13,29,20.0
San Antonio,2024-05-14,12,17.0
San Antonio,2024-05-15,24,15.0
San Antonio,2024-05-16,26,17.0
San Antonio,2024-05-17,35,18.0
San Antonio,2024-05-18,2,19.0
San Antonio,2024-05-20,23,22.0
San Antonio,2024-05-21,26,21.0
San Antonio,2024-05-22,32,24.0
San Antonio,2024-05-23,15,23.0
San Antonio,2024-05-24,27,23.0
San Antonio,2024-05-25,3,18.0
San Antonio,2024-05-26,2,18.0
San Antonio,2024-05-27,7,16.0
San Antonio,2024-05-28,33,17.0
San Antonio,2024-05-29,32,17.0
San Antonio,2024-05-30,34,20.0
San Antonio,2024-05-31,24,19.0
San Antonio,2024-06-01,3,19.0
San Antonio,2024-06-02,2,19.0
San Antonio,2024-06-03,25,22.0
San Antonio,2024-06-04,20,20.0
San Antonio,2024-06-05,21,18.0
San Antonio,2024-06-06,32,18.0
San Antonio,2024-06-07,31,19.0
San Antonio,2024-06-08,2,19.0
San Antonio,2024-06-09,1,19.0
San Antonio,2024-06-10,22,18.0
San Antonio,2024-06-11,16,18.0
San Antonio,2024-06-12,28,19.0
San Antonio,2024-06-13,23,18.0
San Antonio,2024-06-14,17,16.0
San Antonio,2024-06-16,1,15.0
San Antonio,2024-06-17,19,18.0
San Antonio,2024-06-18,16,17.0
San Antonio,2024-06-19,5,16.0
San Antonio,2024-06-20,12,13.0
San Antonio,2024-06-21,24,13.0
San Antonio,2024-06-23,1,11.0
San Antonio,2024-06-24,26,15.0
San Antonio,2024-06-25,18,15.0
San Antonio,2024-06-26,19,15.0
San Antonio,2024-06-27,22,17.0
San Antonio,2024-06-28,20,19.0
San Antonio,2024-07-01,25,19.0
San Antonio,2024-07-02,28,23.0
San Antonio,2024-07-03,21,22.0
San Antonio,2024-07-04,19,22.0
San Antonio,2024-07-05,21,22.0
San Antonio,2024-07-06,1,19.0
San Antonio,2024-07-08,21,19.0
San Antonio,2024-07-09,24,19.0
San Antonio,2024-07-10,24,19.0
San Antonio,2024-07-11,20,19.0
San Antonio,2024-07-12,27,20.0
San Antonio,2024-07-13,1,17.0
San Antonio,2024-07-15,14,19.0
San Antonio,2024-07-16,14,18.0
San Antonio,2024-07-17,28,18.0
San Antonio,2024-07-18,21,18.0
San Antonio,2024-07-19,23,18.0
San Antonio,2024-07-20,2,15.0
San Antonio,2024-07-21,1,15.0
San Antonio,2024-07-22,17,15.0
San Antonio,2024-07-23,26,17.0
San Antonio,2024-07-24,17,15.0
San Antonio,2024-07-25,25,16.0
San Antonio,2024-07-26,26,16.0
San Antonio,2024-07-27,1,16.0
San Antonio,2024-07-29,33,21.0
San Antonio,2024-07-30,35,23.0
San Antonio,2024-07-31,22,23.0
San Antonio,2024-08-01,17,23.0
San Antonio,2024-08-02,17,22.0
San Antonio,2024-08-05,32,22.0
San Antonio,2024-08-06,24,26.0
San Antonio,2024-08-07,26,25.0
San Antonio,2024-08-08,23,23.0
San Antonio,2024-08-09,16,22.0
San Antonio,2024-08-12,34,25.0
San Antonio,2024-08-13,24,26.0
San Antonio,2024-08-14,15,23.0
San Antonio,2024-08-15,21,23.0
San Antonio,2024-08-16,17,21.0
San Antonio,2024-08-18,4,19.0
San Antonio,2024-08-19,28,20.0
San Antonio,2024-08-20,18,18.0
San Antonio,2024-08-21,21,18.0
San Antonio,2024-08-22,24,19.0
San Antonio,2024-08-23,20,19.0
San Antonio,2024-08-26,23,20.0
San Antonio,2024-08-27,17,22.0
San Antonio,2024-08-28,26,21.0
San Antonio,2024-08-29,24,22.0
San Antonio,2024-08-30,24,23.0
San Antonio,2024-09-02,9,20.0
San Antonio,2024-09-03,24,21.0
San Antonio,2024-09-04,31,22.0
San Antonio,2024-09-05,23,23.0
San Antonio,2024-09-06,24,23.0
San Antonio,2024-09-08,3,20.0
San Antonio,2024-09-09,21,19.0
San Antonio,2024-09-10,24,21.0
San Antonio,2024-09-11,20,21.0
San Antonio,2024-09-12,23,20.0
San Antonio,2024-09-13,20,19.0
San Antonio,2024-09-16,14,18.0
San Antonio,2024-09-17,21,20.0
San Antonio,2024-09-18,19,20.0
San Antonio,2024-09-19,22,20.0
San Antonio,2024-09-20,27,21.0
San Antonio,2024-09-23,25,21.0
San Antonio,2024-09-24,26,22.0
San Antonio,2024-09-25,27,24.0
San Antonio,2024-09-26,21,24.0
San Antonio,2024-09-27,18,24.0
San Antonio,2024-09-30,19,23.0
San Antonio,2024-10-01,33,24.0
San Antonio,2024-10-02,16,23.0
San Antonio,2024-10-03,34,24.0
San Antonio,2024-10-04,18,23.0
San Antonio,2024-10-05,1,20.0
San Antonio,2024-10-06,4,18.0
San Antonio,2024-10-07,29,19.0
San Antonio,2024-10-08,20,17.0
San Antonio,2024-10-09,25,19.0
San Antonio,2024-10-10,27,18.0
San Antonio,2024-10-11,19,18.0
San Antonio,2024-10-14,10,19.0
San Antonio,2024-10-15,23,22.0
San Antonio,2024-10-16,23,21.0
San Antonio,2024-10-17,26,22.0
San Antonio,2024-10-18,26,22.0
San Antonio,2024-10-21,26,22.0
San Antonio,2024-10-22,22,22.0
San Antonio,2024-10-23,28,25.0
San Antonio,2024-10-24,14,24.0
San Antonio,2024-10-25,30,25.0
San Antonio,2024-10-28,15,23.0
San Antonio,2024-10-29,20,22.0
San Antonio,2024-10-30,21,21.0
San Antonio,2024-10-31,24,22.0
San Antonio,2024-11-01,24,21.0
San Antonio,2024-11-04,11,21.0
San Antonio,2024-11-05,24,20.0
San Antonio,2024-11-06,19,20.0
San Antonio,2024-11-07,15,20.0
San Antonio,2024-11-08,25,20.0
San Antonio,2024-11-11,14,19.0
San Antonio,2024-11-12,26,19.0
San Antonio,2024-11-13,22,21.0
San Antonio,2024-11-14,25,21.0
San Antonio,2024-11-15,42,24.0
San Antonio,2024-11-18,25,26.0
San Antonio,2024-11-19,21,25.0
San Antonio,2024-11-20,21,26.0
San Antonio,2024-11-21,18,25.0
San Antonio,2024-11-22,19,24.0
San Antonio,2024-11-25,16,23.0
San Antonio,2024-11-26,26,21.0
San Antonio,2024-11-27,23,21.0
San Antonio,2024-11-28,4,18.0
San Antonio,2024-11-29,9,16.0
San Antonio,2024-12-02,15,16.0
San Antonio,2024-12-03,21,16.0
San Antonio,2024-12-04,23,17.0
San Antonio,2024-12-05,17,16.0
San Antonio,2024-12-06,23,16.0
San Antonio,2024-12-07,3,16.0
San Antonio,2024-12-09,31,19.0
San Antonio,2024-12-10,23,20.0
San Antonio,2024-12-11,11,19.0
San Antonio,2024-12-12,18,18.0
San Antonio,2024-12-13,30,20.0
San Antonio,2024-12-16,19,19.0
San Antonio,2024-12-17,25,22.0
San Antonio,2024-12-18,25,22.0
San Antonio,2024-12-19,34,23.0
San Antonio,2024-12-20,32,26.0
San Antonio,2024-12-22,1,24.0
San Antonio,2024-12-23,27,23.0
San Antonio,2024-12-24,7,22.0
San Antonio,2024-12-25,4,19.0
San Antonio,2024-12-26,18,18.0
San Antonio,2024-12-27,14,15.0
San Antonio,2024-12-30,21,13.0
San Antonio,2024-12-31,23,16.0
San Antonio,2025-01-01,5,13.0
San Antonio,2025-01-02,17,15.0
San Antonio,2025-01-03,22,17.0
San Antonio,2025-01-06,15,17.0
San Antonio,2025-01-07,25,18.0
San Antonio,2025-01-08,21,18.0
San Antonio,2025-01-09,10,16.0
San Antonio,2025-01-10,25,19.0
San Antonio,2025-01-11,2,17.0
San Antonio,2025-01-13,22,17.0
San Antonio,2025-01-14,32,20.0
San Antonio,2025-01-15,35,21.0
San Antonio,2025-01-16,36,23.0
San Antonio,2025-01-17,31,26.0
San Antonio,2025-01-18,5,23.0
San Antonio,2025-01-20,14,25.0
San Antonio,2025-01-21,13,24.0
San Antonio,2025-01-22,13,21.0
San Antonio,2025-01-23,19,19.0
San Antonio,2025-01-24,22,17.0
San Antonio,2025-01-26,57,20.0
San Antonio,2025-01-27,37,25.0
San Antonio,2025-01-28,40,29.0
San Antonio,2025-01-29,41,33.0
San Antonio,2025-01-30,30,35.0
San Antonio,2025-01-31,34,37.0
San Antonio,2025-02-01,16,36.0
San Antonio,2025-02-02,16,31.0
San Antonio,2025-02-03,30,30.0
San Antonio,2025-02-04,57,32.0
San Antonio,2025-02-05,31,31.0
San Antonio,2025-02-06,30,31.0
San Antonio,2025-02-07,41,32.0
San Antonio,2025-02-08,11,31.0
San Antonio,2025-02-09,10,30.0
San Antonio,2025-02-10,20,29.0
San Antonio,2025-02-11,27,24.0
San Antonio,2025-02-12,34,25.0
San Antonio,2025-02-13,37,26.0
San Antonio,2025-02-14,34,25.0
San Antonio,2025-02-15,14,25.0
San Antonio,2025-02-16,10,25.0
San Antonio,2025-02-17,11,24.0
San Antonio,2025-02-18,29,24.0
San Antonio,2025-02-19,42,25.0
San Antonio,2025-02-20,41,26.0
San Antonio,2025-02-21,31,25.0
San Antonio,2025-02-22,13,25.0
San Antonio,2025-02-23,9,25.0
San Antonio,2025-02-24,30,28.0
San Antonio,2025-02-25,34,29.0
San Antonio,2025-02-26,42,29.0
San Antonio,2025-02-27,34,28.0
San Antonio,2025-02-28,37,28.0
San Antonio,2025-03-01,27,30.0
San Antonio,2025-03-02,17,32.0
San Antonio,2025-03-03,23,31.0
San Antonio,2025-03-04,46,32.0
San Antonio,2025-03-05,35,31.0
San Antonio,2025-03-06,34,31.0
San Antonio,2025-03-07,15,28.0
San Antonio,2025-03-08,12,26.0
San Antonio,2025-03-09,11,25.0
San Antonio,2025-03-10,23,25.0
San Antonio,2025-03-11,49,26.0
San Antonio,2025-03-12,33,25.0
San Antonio,2025-03-13,21,23.0
San Antonio,2025-03-14,27,25.0
San Antonio,2025-03-15,11,25.0
San Antonio,2025-03-16,10,25.0
San Antonio,2025-03-17,25,25.0
San Antonio,2025-03-18,31,23.0
San Antonio,2025-03-19,38,23.0
San Antonio,2025-03-20,47,27.0
San Antonio,2025-03-21,44,29.0
San Antonio,2025-03-22,16,30.0
San Antonio,2025-03-23,7,30.0
San Antonio,2025-03-24,27,30.0
San Antonio,2025-03-25,46,32.0
San Antonio,2025-03-26,45,33.0
San Antonio,2025-03-27,34,31.0
San Antonio,2025-03-28,31,29.0
San Antonio,2025-03-29,15,29.0
San Antonio,2025-03-30,8,29.0
San Antonio,2025-03-31,24,29.0
San Antonio,2025-04-01,46,29.0
San Antonio,2025-04-02,52,30.0
San Antonio,2025-04-03,20,28.0
San Antonio,2025-04-04,23,27.0
San Antonio,2025-04-05,19,27.0
San Antonio,2025-04-06,3,27.0
San Antonio,2025-04-07,33,28.0
San Antonio,2025-04-08,25,25.0
San Antonio,2025-04-09,41,23.0
San Antonio,2025-04-10,29,25.0
San Antonio,2025-04-11,28,25.0
San Antonio,2025-04-12,9,24.0
San Antonio,2025-04-13,11,25.0
San Antonio,2025-04-14,36,26.0
San Antonio,2025-04-15,34,27.0
San Antonio,2025-04-16,22,24.0
San Antonio,2025-04-17,57,28.0
San Antonio,2025-04-18,34,29.0
San Antonio,2025-04-19,4,28.0
San Antonio,2025-04-20,8,28.0
San Antonio,2025-04-21,30,27.0
San Antonio,2025-04-22,23,25.0
San Antonio,2025-04-23,36,27.0
San Antonio,2025-04-24,40,25.0
San Antonio,2025-04-25,30,24.0
San Antonio,2025-04-26,6,25.0
San Antonio,2025-04-27,8,25.0
San Antonio,2025-04-28,26,24.0
San Antonio,2025-04-29,33,26.0
San Antonio,2025-04-30,32,25.0
San Antonio,2025-05-01,42,25.0
San Antonio,2025-05-02,24,24.0
San Antonio,2025-05-03,9,25.0
San Antonio,2025-05-04,12,25.0
San Antonio,2025-05-05,24,25.0
San Antonio,2025-05-06,31,25.0
San Antonio,2025-05-07,35,25.0
San Antonio,2025-05-08,43,25.0
San Antonio,2025-05-09,35,27.0
San Antonio,2025-05-10,12,27.0
San Antonio,2025-05-11,7,27.0
San Antonio,2025-05-12,30,28.0
San Antonio,2025-05-13,42,29.0
San Antonio,2025-05-14,42,30.0
San Antonio,2025-05-15,69,34.0
San Antonio,2025-05-16,59,37.0
San Antonio,2025-05-17,20,38.0
San Antonio,2025-05-18,16,40.0
San Antonio,2025-05-19,41,41.0
San Antonio,2025-05-20,49,42.0
San Antonio,2025-05-21,104,51.0
San Antonio,2025-05-22,78,52.0
San Antonio,2025-05-23,77,55.0
San Antonio,2025-05-24,30,56.0
San Antonio,2025-05-25,16,56.0
San Antonio,2025-05-26,22,54.0
San Antonio,2025-05-27,71,57.0
San Antonio,2025-05-28,109,58.0
San Antonio,2025-05-29,127,65.0
San Antonio,2025-05-30,62,62.0
San Antonio,2025-05-31,26,62.0
San Antonio,2025-06-01,32,64.0
San Antonio,2025-06-02,50,68.0
San Antonio,2025-06-03,114,74.0
San Antonio,2025-06-04,107,74.0
San Antonio,2025-06-05,96,70.0
San Antonio,2025-06-06,70,71.0
San Antonio,2025-06-07,51,74.0
San Antonio,2025-06-08,29,74.0
San Antonio,2025-06-09,53,74.0
San Antonio,2025-06-10,95,72.0
San Antonio,2025-06-11,91,69.0
San Antonio,2025-06-12,96,69.0
San Antonio,2025-06-13,61,68.0
San Antonio,2025-06-14,23,64.0
San Antonio,2025-06-15,42,66.0
San Antonio,2025-06-16,76,69.0
San Antonio,2025-06-17,107,71.0
San Antonio,2025-06-18,92,71.0
San Antonio,2025-06-19,66,67.0
San Antonio,2025-06-20,49,65.0
San Antonio,2025-06-21,42,68.0
San Antonio,2025-06-22,23,65.0
San Antonio,2025-06-23,42,60.0
San Antonio,2025-06-24,72,55.0
San Antonio,2025-06-25,91,55.0
San Antonio,2025-06-26,89,58.0
San Antonio,2025-06-27,56,59.0
San Antonio,2025-06-28,27,57.0
San Antonio,2025-06-29,21,57.0
San Antonio,2025-06-30,32,55.0
San Antonio,2025-07-01,68,55.0
San Antonio,2025-07-02,60,50.0
San Antonio,2025-07-03,62,47.0
San Antonio,2025-07-04,7,40.0
San Antonio,2025-07-05,35,41.0
San Antonio,2025-07-06,22,41.0
San Antonio,2025-07-07,40,42.0
San Antonio,2025-07-08,50,39.0
San Antonio,2025-07-09,52,38.0
San Antonio,2025-07-10,76,40.0
San Antonio,2025-07-11,45,46.0
San Antonio,2025-07-12,28,45.0
San Antonio,2025-07-13,8,43.0
San Antonio,2025-07-14,41,43.0
San Antonio,2025-07-15,47,42.0
San Antonio,2025-07-16,63,44.0
San Antonio,2025-07-17,55,41.0
San Antonio,2025-07-18,48,41.0
San Antonio,2025-07-19,32,42.0
San Antonio,2025-07-20,24,44.0
San Antonio,2025-07-21,51,46.0
San Antonio,2025-07-22,66,48.0
San Antonio,2025-07-23,70,49.0
San Antonio,2025-07-24,76,52.0
San Antonio,2025-07-25,46,52.0
San Antonio,2025-07-26,33,52.0
San Antonio,2025-07-27,16,51.0
San Antonio,2025-07-28,44,50.0
San Antonio,2025-07-29,64,50.0
San Antonio,2025-07-30,86,52.0
San Antonio,2025-07-31,73,52.0
San Antonio,2025-08-01,61,54.0
San Antonio,2025-08-02,43,55.0
San Antonio,2025-08-03,32,58.0
San Antonio,2025-08-04,49,58.0
San Antonio,2025-08-05,86,61.0
San Antonio,2025-08-06,84,61.0
San Antonio,2025-08-07,56,59.0
San Antonio,2025-08-08,38,55.0
San Antonio,2025-08-09,34,54.0
San Antonio,2025-08-10,19,52.0
San Antonio,2025-08-11,49,52.0
San Antonio,2025-08-12,61,49.0
San Antonio,2025-08-13,66,46.0
San Antonio,2025-08-14,59,47.0
San Antonio,2025-08-15,35,46.0
San Antonio,2025-08-16,39,47.0
San Antonio,2025-08-17,26,48.0
San Antonio,2025-08-18,37,46.0
San Antonio,2025-08-19,64,47.0
San Antonio,2025-08-20,60,46.0
San Antonio,2025-08-21,75,48.0
San Antonio,2025-08-22,36,48.0
San Antonio,2025-08-23,26,46.0
San Antonio,2025-08-24,16,45.0
San Antonio,2025-08-25,33,44.0
San Antonio,2025-08-26,58,43.0
San Antonio,2025-08-27,59,43.0
San Antonio,2025-08-28,56,41.0
San Antonio,2025-08-29,39,41.0
San Antonio,2025-08-30,40,43.0
San Antonio,2025-08-31,22,44.0
San Antonio,2025-09-01,20,42.0
San Antonio,2025-09-02,51,41.0
San Antonio,2025-09-03,62,41.0
San Antonio,2025-09-04,72,44.0
San Antonio,2025-09-05,60,47.0
San Antonio,2025-09-06,35,46.0
San Antonio,2025-09-07,20,46.0
San Antonio,2025-09-08,51,50.0
San Antonio,2025-09-09,88,55.0
San Antonio,2025-09-10,69,56.0
San Antonio,2025-09-11,67,56.0
San Antonio,2025-09-12,69,57.0
San Antonio,2025-09-13,52,59.0
San Antonio,2025-09-14,38,62.0
San Antonio,2025-09-15,52,62.0
San Antonio,2025-09-16,90,62.0
San Antonio,2025-09-17,95,66.0
San Antonio,2025-09-18,77,68.0
San Antonio,2025-09-19,55,66.0
San Antonio,2025-09-20,54,66.0
San Antonio,2025-09-21,23,64.0
San Antonio,2025-09-22,51,64.0
San Antonio,2025-09-23,103,65.0
San Antonio,2025-09-24,57,60.0
San Antonio,2025-09-25,83,61.0
San Antonio,2025-09-26,69,63.0
San Antonio,2025-09-27,77,66.0
San Antonio,2025-09-28,75,74.0
San Antonio,2025-09-29,52,74.0
San Antonio,2025-09-30,95,73.0
San Antonio,2025-10-01,92,78.0
San Antonio,2025-10-02,64,75.0
San Antonio,2025-10-03,83,77.0
San Antonio,2025-10-04,60,74.0
San Antonio,2025-10-05,46,70.0
San Antonio,2025-10-06,34,68.0
San Antonio,2025-10-07,62,63.0
San Antonio,2025-10-08,67,59.0
San Antonio,2025-10-09,69,60.0
San Antonio,2025-10-10,56,56.0
San Antonio,2025-10-11,36,53.0
San Antonio,2025-10-12,30,51.0
San Antonio,2025-10-13,31,50.0
San Antonio,2025-10-14,53,49.0
San Antonio,2025-10-15,58,48.0
San Antonio,2025-10-16,62,47.0
San Antonio,2025-10-17,83,50.0
San Antonio,2025-10-18,36,50.0
San Antonio,2025-10-19,26,50.0
San Antonio,2025-10-20,49,52.0
San Antonio,2025-10-21,91,58.0
San Antonio,2025-10-22,88,62.0
San Antonio,2025-10-23,77,64.0
San Antonio,2025-10-24,62,61.0
San Antonio,2025-10-25,46,63.0
San Antonio,2025-10-26,24,62.0
San Antonio,2025-10-27,67,65.0
San Antonio,2025-10-28,86,64.0
San Antonio,2025-10-29,112,68.0
San Antonio,2025-10-30,75,67.0
San Antonio,2025-10-31,54,66.0
San Antonio,2025-11-01,67,69.0
San Antonio,2025-11-02,76,77.0
San Antonio,2025-11-03,46,74.0
San Antonio,2025-11-04,58,70.0
San Antonio,2025-11-05,90,67.0
San Antonio,2025-11-06,55,64.0
San Antonio,2025-11-07,71,66.0
San Antonio,2025-11-08,27,60.0
San Antonio,2025-11-09,37,55.0
San Antonio,2025-11-10,56,56.0
San Antonio,2025-11-11,65,57.0
San Antonio,2025-11-12,77,55.0
San Antonio,2025-11-13,91,61.0
San Antonio,2025-11-14,94,64.0
San Antonio,2025-11-15,46,67.0
San Antonio,2025-11-16,96,75.0
San Antonio,2025-11-17,92,80.0
San Antonio,2025-11-18,62,80.0
San Antonio,2025-11-19,49,76.0
San Antonio,2025-11-20,79,74.0
San Antonio,2025-11-21,58,69.0
San Antonio,2025-11-22,44,69.0
San Antonio,2025-11-23,31,59.0
San Antonio,2025-11-24,53,54.0
San Antonio,2025-11-25,91,58.0
San Antonio,2025-11-26,109,66.0
San Antonio,2025-11-27,24,59.0
San Antonio,2025-11-28,30,55.0
San Antonio,2025-11-29,14,50.0
San Antonio,2025-11-30,16,48.0
San Antonio,2025-12-01,45,47.0
San Antonio,2025-12-02,90,47.0
San Antonio,2025-12-03,107,47.0
San Antonio,2025-12-04,87,56.0
San Antonio,2025-12-05,74,62.0
San Antonio,2025-12-06,46,66.0
San Antonio,2025-12-07,26,68.0
San Antonio,2025-12-08,44,68.0
San Antonio,2025-12-09,56,63.0
San Antonio,2025-12-10,69,57.0
San Antonio,2025-12-11,113,61.0
San Antonio,2025-12-12,133,70.0
San Antonio,2025-12-13,94,76.0
San Antonio,2025-12-14,20,76.0
San Antonio,2025-12-15,55,77.0
San Antonio,2025-12-16,52,77.0
San Antonio,2025-12-17,57,75.0
San Antonio,2025-12-18,133,78.0
San Antonio,2025-12-19,97,73.0
San Antonio,2025-12-20,59,68.0
San Antonio,2025-12-21,49,72.0
San Antonio,2025-12-22,40,70.0
San Antonio,2025-12-23,71,72.0
San Antonio,2025-12-24,69,74.0
San Antonio,2025-12-25,28,59.0
San Antonio,2025-12-26,50,52.0
San Antonio,2025-12-27,48,51.0
San Antonio,2025-12-28,29,48.0
San Antonio,2025-12-29,58,50.0
San Antonio,2025-12-30,90,53.0
San Antonio,2025-12-31,102,58.0
San Antonio,2026-01-01,58,62.0
San Antonio,2026-01-02,64,64.0
San Antonio,2026-01-03,42,63.0
San Antonio,2026-01-04,31,64.0
San Antonio,2026-01-05,78,66.0
San Antonio,2026-01-06,93,67.0
San Antonio,2026-01-07,89,65.0
San Antonio,2026-01-08,111,73.0
San Antonio,2026-01-09,86,76.0
San Antonio,2026-01-10,52,77.0
San Antonio,2026-01-11,48,80.0
San Antonio,2026-01-12,72,79.0
San Antonio,2026-01-13,116,82.0
San Antonio,2026-01-14,110,85.0
San Antonio,2026-01-15,121,86.0
San Antonio,2026-01-16,107,89.0
San Antonio,2026-01-17,93,95.0
San Antonio,2026-01-18,34,93.0
San Antonio,2026-01-19,52,90.0
San Antonio,2026-01-20,78,85.0
San Antonio,2026-01-21,80,81.0
San Antonio,2026-01-22,100,78.0
San Antonio,2026-01-23,85,75.0
San Antonio,2026-01-24,101,76.0
San Antonio,2026-01-25,26,75.0
San Antonio,2026-01-26,31,72.0
San Antonio,2026-01-27,91,73.0
San Antonio,2026-01-28,93,75.0
San Antonio,2026-01-29,125,79.0
San Antonio,2026-01-30,79,78.0
San Antonio,2026-01-31,75,74.0
San Antonio,2026-02-01,47,77.0
San Antonio,2026-02-02,61,82.0
San Antonio,2026-02-03,61,77.0
San Antonio,2026-02-04,65,73.0
San Antonio,2026-02-05,89,68.0
San Antonio,2026-02-06,69,67.0
San Antonio,2026-02-07,38,61.0
San Antonio,2026-02-08,30,59.0
San Antonio,2026-02-09,49,57.0
San Antonio,2026-02-10,57,57.0
San Antonio,2026-02-11,76,58.0
San Antonio,2026-02-12,77,57.0
San Antonio,2026-02-13,50,54.0
San Antonio,2026-02-14,48,55.0
San Antonio,2026-02-15,24,54.0
San Antonio,2026-02-16,40,53.0
San Antonio,2026-02-17,50,52.0
San Antonio,2026-02-18,74,52.0
San Antonio,2026-02-19,64,50.0
San Antonio,2026-02-20,73,53.0
San Antonio,2026-02-21,62,55.0
San Antonio,2026-02-22,32,56.0
San Antonio,2026-02-23,42,57.0
San Antonio,2026-02-24,60,58.0
San Antonio,2026-02-25,60,56.0
San Antonio,2026-02-26,46,54.0
San Antonio,2026-02-27,51,50.0
San Antonio,2026-02-28,54,49.0
San Antonio,2026-03-01,31,49.0
San Antonio,2026-03-02,58,51.0
San Antonio,2026-03-03,64,52.0
San Antonio,2026-03-04,55,51.0
San Antonio,2026-03-05,61,53.0
San Antonio,2026-03-06,52,54.0
San Antonio,2026-03-07,53,53.0
San Antonio,2026-03-08,20,52.0
San Antonio,2026-03-09,35,49.0
San Antonio,2026-03-10,62,48.0
San Diego,2022-10-02,1,41.0
San Diego,2022-10-03,3,32.0
San Diego,2022-10-05,4,25.0
San Diego,2022-10-06,3,18.0
San Diego,2022-10-11,2,16.0
San Diego,2022-10-12,1,11.0
San Diego,2022-10-13,4,3.0
San Diego,2022-10-14,4,3.0
San Diego,2022-10-15,1,3.0
San Diego,2022-10-17,9,3.0
San Diego,2022-10-18,6,4.0
San Diego,2022-10-19,8,5.0
San Diego,2022-10-20,5,5.0
San Diego,2022-10-21,9,6.0
San Diego,2022-10-22,1,6.0
San Diego,2022-10-24,4,6.0
San Diego,2022-10-25,9,6.0
San Diego,2022-10-26,4,6.0
San Diego,2022-10-27,7,6.0
San Diego,2022-10-28,5,6.0
San Diego,2022-10-31,6,5.0
San Diego,2022-11-01,4,6.0
San Diego,2022-11-02,8,6.0
San Diego,2022-11-03,6,6.0
San Diego,2022-11-04,1,5.0
San Diego,2022-11-05,1,4.0
San Diego,2022-11-06,1,4.0
San Diego,2022-11-07,4,4.0
San Diego,2022-11-08,5,4.0
San Diego,2022-11-09,13,4.0
San Diego,2022-11-10,5,4.0
San Diego,2022-11-12,1,4.0
San Diego,2022-11-14,3,5.0
San Diego,2022-11-15,5,5.0
San Diego,2022-11-16,6,5.0
San Diego,2022-11-17,8,6.0
San Diego,2022-11-18,3,4.0
San Diego,2022-11-19,1,4.0
San Diego,2022-11-20,1,4.0
San Diego,2022-11-21,15,6.0
San Diego,2022-11-22,1,5.0
San Diego,2022-11-23,1,4.0
San Diego,2022-11-27,1,3.0
San Diego,2022-11-28,5,4.0
San Diego,2022-11-29,12,5.0
San Diego,2022-11-30,12,7.0
San Diego,2022-12-01,9,6.0
San Diego,2022-12-02,5,6.0
San Diego,2022-12-05,7,7.0
San Diego,2022-12-06,11,9.0
San Diego,2022-12-07,9,9.0
San Diego,2022-12-08,10,9.0
San Diego,2022-12-09,5,8.0
San Diego,2022-12-12,6,8.0
San Diego,2022-12-13,9,8.0
San Diego,2022-12-14,4,8.0
San Diego,2022-12-15,4,7.0
San Diego,2022-12-16,7,6.0
San Diego,2022-12-19,11,7.0
San Diego,2022-12-20,4,6.0
San Diego,2022-12-21,7,7.0
San Diego,2022-12-22,7,6.0
San Diego,2022-12-23,1,6.0
San Diego,2022-12-25,1,5.0
San Diego,2022-12-26,1,5.0
San Diego,2022-12-27,6,4.0
San Diego,2022-12-28,2,4.0
San Diego,2022-12-29,2,3.0
San Diego,2023-01-02,1,2.0
San Diego,2023-01-03,2,2.0
San Diego,2023-01-04,12,4.0
San Diego,2023-01-05,7,5.0
San Diego,2023-01-06,9,5.0
San Diego,2023-01-09,7,6.0
San Diego,2023-01-10,15,8.0
San Diego,2023-01-11,6,8.0
San Diego,2023-01-12,7,9.0
San Diego,2023-01-13,5,8.0
San Diego,2023-01-17,11,9.0
San Diego,2023-01-18,8,8.0
San Diego,2023-01-19,8,9.0
San Diego,2023-01-20,10,8.0
San Diego,2023-01-21,1,7.0
San Diego,2023-01-23,7,7.0
San Diego,2023-01-24,10,8.0
San Diego,2023-01-25,13,8.0
San Diego,2023-01-26,15,9.0
San Diego,2023-01-27,11,10.0
San Diego,2023-01-30,7,9.0
San Diego,2023-01-31,10,10.0
San Diego,2023-02-01,8,11.0
San Diego,2023-02-02,4,10.0
San Diego,2023-02-03,6,9.0
San Diego,2023-02-04,1,7.0
San Diego,2023-02-06,17,8.0
San Diego,2023-02-07,16,9.0
San Diego,2023-02-08,9,9.0
San Diego,2023-02-09,7,9.0
San Diego,2023-02-10,8,9.0
San Diego,2023-02-13,9,10.0
San Diego,2023-02-14,7,10.0
San Diego,2023-02-15,4,9.0
San Diego,2023-02-16,8,7.0
San Diego,2023-02-17,2,6.0
San Diego,2023-02-21,10,7.0
San Diego,2023-02-22,11,7.0
San Diego,2023-02-23,18,9.0
San Diego,2023-02-24,6,8.0
San Diego,2023-02-27,5,9.0
San Diego,2023-02-28,10,9.0
San Diego,2023-03-01,10,10.0
San Diego,2023-03-02,10,10.0
San Diego,2023-03-03,2,9.0
San Diego,2023-03-06,5,7.0
San Diego,2023-03-07,10,7.0
San Diego,2023-03-08,14,9.0
San Diego,2023-03-09,12,9.0
San Diego,2023-03-10,9,9.0
San Diego,2023-03-12,4,8.0
San Diego,2023-03-13,3,8.0
San Diego,2023-03-14,11,9.0
San Diego,2023-03-15,4,8.0
San Diego,2023-03-16,3,7.0
San Diego,2023-03-17,8,6.0
San Diego,2023-03-19,1,5.0
San Diego,2023-03-20,4,5.0
San Diego,2023-03-21,14,6.0
San Diego,2023-03-22,4,5.0
San Diego,2023-03-23,8,6.0
San Diego,2023-03-24,4,6.0
San Diego,2023-03-27,9,6.0
San Diego,2023-03-28,10,8.0
San Diego,2023-03-29,9,8.0
San Diego,2023-03-30,7,7.0
San Diego,2023-03-31,2,7.0
San Diego,2023-04-03,15,8.0
San Diego,2023-04-04,12,9.0
San Diego,2023-04-05,13,10.0
San Diego,2023-04-06,8,9.0
San Diego,2023-04-07,1,8.0
San Diego,2023-04-08,1,7.0
San Diego,2023-04-10,2,7.0
San Diego,2023-04-11,5,6.0
San Diego,2023-04-12,7,5.0
San Diego,2023-04-13,8,5.0
San Diego,2023-04-14,5,4.0
San Diego,2023-04-17,3,4.0
San Diego,2023-04-18,8,5.0
San Diego,2023-04-19,10,7.0
San Diego,2023-04-20,1,6.0
San Diego,2023-04-21,3,5.0
San Diego,2023-04-22,1,4.0
San Diego,2023-04-24,4,4.0
San Diego,2023-04-25,6,5.0
San Diego,2023-04-26,3,4.0
San Diego,2023-04-27,3,3.0
San Diego,2023-04-28,3,3.0
San Diego,2023-05-01,2,3.0
San Diego,2023-05-02,3,3.0
San Diego,2023-05-03,5,4.0
San Diego,2023-05-04,6,4.0
San Diego,2023-05-05,3,4.0
San Diego,2023-05-08,6,4.0
San Diego,2023-05-09,10,5.0
San Diego,2023-05-10,6,6.0
San Diego,2023-05-11,4,6.0
San Diego,2023-05-12,1,5.0
San Diego,2023-05-14,2,5.0
San Diego,2023-05-15,8,5.0
San Diego,2023-05-16,1,5.0
San Diego,2023-05-17,5,4.0
San Diego,2023-05-18,3,3.0
San Diego,2023-05-20,1,3.0
San Diego,2023-05-22,4,3.0
San Diego,2023-05-23,4,4.0
San Diego,2023-05-24,6,3.0
San Diego,2023-05-25,3,4.0
San Diego,2023-05-26,2,3.0
San Diego,2023-05-28,1,3.0
San Diego,2023-05-30,4,3.0
San Diego,2023-05-31,3,3.0
San Diego,2023-06-01,1,3.0
San Diego,2023-06-02,1,2.0
San Diego,2023-06-03,1,2.0
San Diego,2023-06-05,1,2.0
San Diego,2023-06-06,2,2.0
San Diego,2023-06-07,8,2.0
San Diego,2023-06-08,2,2.0
San Diego,2023-06-09,7,3.0
San Diego,2023-06-11,2,3.0
San Diego,2023-06-12,1,3.0
San Diego,2023-06-13,3,4.0
San Diego,2023-06-14,1,3.0
San Diego,2023-06-15,2,3.0
San Diego,2023-06-20,3,3.0
San Diego,2023-06-21,8,3.0
San Diego,2023-06-22,9,4.0
San Diego,2023-06-23,2,4.0
San Diego,2023-06-24,1,4.0
San Diego,2023-06-25,2,4.0
San Diego,2023-06-26,10,5.0
San Diego,2023-06-27,6,5.0
San Diego,2023-06-28,4,5.0
San Diego,2023-06-29,2,4.0
San Diego,2023-06-30,1,4.0
San Diego,2023-07-05,1,4.0
San Diego,2023-07-06,5,4.0
San Diego,2023-07-07,6,4.0
San Diego,2023-07-10,1,3.0
San Diego,2023-07-11,2,3.0
San Diego,2023-07-12,6,3.0
San Diego,2023-07-13,3,3.0
San Diego,2023-07-15,1,3.0
San Diego,2023-07-17,2,3.0
San Diego,2023-07-18,2,2.0
San Diego,2023-07-19,4,3.0
San Diego,2023-07-20,3,3.0
San Diego,2023-07-21,2,2.0
San Diego,2023-07-24,3,2.0
San Diego,2023-07-25,3,3.0
San Diego,2023-07-26,2,3.0
San Diego,2023-07-27,4,3.0
San Diego,2023-07-28,1,3.0
San Diego,2023-07-31,3,3.0
San Diego,2023-08-01,2,3.0
San Diego,2023-08-02,3,3.0
San Diego,2023-08-03,1,2.0
San Diego,2023-08-04,2,2.0
San Diego,2023-08-07,3,2.0
San Diego,2023-08-08,3,2.0
San Diego,2023-08-09,1,2.0
San Diego,2023-08-10,3,2.0
San Diego,2023-08-13,1,2.0
San Diego,2023-08-14,3,2.0
San Diego,2023-08-15,2,2.0
San Diego,2023-08-16,3,2.0
San Diego,2023-08-17,2,2.0
San Diego,2023-08-18,3,2.0
San Diego,2023-08-21,8,3.0
San Diego,2023-08-22,5,4.0
San Diego,2023-08-23,4,4.0
San Diego,2023-08-24,2,4.0
San Diego,2023-08-25,2,4.0
San Diego,2023-08-28,2,4.0
San Diego,2023-08-29,4,4.0
San Diego,2023-08-31,3,3.0
San Diego,2023-09-01,1,3.0
San Diego,2023-09-02,1,2.0
San Diego,2023-09-04,1,2.0
San Diego,2023-09-05,1,2.0
San Diego,2023-09-06,4,2.0
San Diego,2023-09-07,2,2.0
San Diego,2023-09-08,2,2.0
San Diego,2023-09-10,3,2.0
San Diego,2023-09-11,3,2.0
San Diego,2023-09-12,1,2.0
San Diego,2023-09-13,1,2.0
San Diego,2023-09-14,8,3.0
San Diego,2023-09-15,2,3.0
San Diego,2023-09-18,3,3.0
San Diego,2023-09-19,1,3.0
San Diego,2023-09-20,2,3.0
San Diego,2023-09-21,4,3.0
San Diego,2023-09-22,1,3.0
San Diego,2023-09-25,2,2.0
San Diego,2023-09-26,6,3.0
San Diego,2023-09-27,4,3.0
San Diego,2023-09-28,9,4.0
San Diego,2023-09-29,2,4.0
San Diego,2023-09-30,1,4.0
San Diego,2023-10-02,1,4.0
San Diego,2023-10-03,5,4.0
San Diego,2023-10-04,1,3.0
San Diego,2023-10-05,7,4.0
San Diego,2023-10-06,2,3.0
San Diego,2023-10-13,1,3.0
San Diego,2023-10-17,1,3.0
San Diego,2023-10-18,1,3.0
San Diego,2023-10-20,2,2.0
San Diego,2023-10-23,2,2.0
San Diego,2023-10-24,3,2.0
San Diego,2023-10-26,2,2.0
San Diego,2023-10-27,1,2.0
San Diego,2023-10-30,3,2.0
San Diego,2023-10-31,2,2.0
San Diego,2023-11-01,4,2.0
San Diego,2023-11-02,3,3.0
San Diego,2023-11-03,1,2.0
San Diego,2023-11-06,3,2.0
San Diego,2023-11-07,5,3.0
San Diego,2023-11-08,2,3.0
San Diego,2023-11-09,2,3.0
San Diego,2023-11-13,3,3.0
San Diego,2023-11-14,4,3.0
San Diego,2023-11-15,6,4.0
San Diego,2023-11-16,3,4.0
San Diego,2023-11-17,1,3.0
San Diego,2023-11-18,2,3.0
San Diego,2023-11-19,1,3.0
San Diego,2023-11-20,4,3.0
San Diego,2023-11-22,1,3.0
San Diego,2023-11-23,1,2.0
San Diego,2023-11-27,3,2.0
San Diego,2023-11-28,1,2.0
San Diego,2023-11-30,4,2.0
San Diego,2023-12-01,1,2.0
San Diego,2023-12-04,4,2.0
San Diego,2023-12-05,1,2.0
San Diego,2023-12-07,3,2.0
San Diego,2023-12-08,2,2.0
San Diego,2023-12-09,1,2.0
San Diego,2023-12-11,1,2.0
San Diego,2023-12-12,4,2.0
San Diego,2023-12-13,2,2.0
San Diego,2023-12-14,4,2.0
San Diego,2023-12-15,3,2.0
San Diego,2023-12-16,1,2.0
San Diego,2023-12-18,1,2.0
San Diego,2023-12-19,5,3.0
San Diego,2023-12-20,5,3.0
San Diego,2023-12-21,1,3.0
San Diego,2023-12-24,1,2.0
San Diego,2023-12-27,1,2.0
San Diego,2023-12-28,2,2.0
San Diego,2023-12-29,2,2.0
San Diego,2023-12-30,1,2.0
San Diego,2023-12-31,1,1.0
San Diego,2024-01-02,2,1.0
San Diego,2024-01-03,4,2.0
San Diego,2024-01-04,1,2.0
San Diego,2024-01-05,4,2.0
San Diego,2024-01-09,1,2.0
San Diego,2024-01-10,1,2.0
San Diego,2024-01-11,6,3.0
San Diego,2024-01-12,1,3.0
San Diego,2024-01-16,2,2.0
San Diego,2024-01-17,2,2.0
San Diego,2024-01-18,3,2.0
San Diego,2024-01-19,1,2.0
San Diego,2024-01-21,3,3.0
San Diego,2024-01-22,1,2.0
San Diego,2024-01-23,3,2.0
San Diego,2024-01-24,3,2.0
San Diego,2024-01-25,1,2.0
San Diego,2024-01-26,8,3.0
San Diego,2024-01-27,1,3.0
San Diego,2024-01-30,4,3.0
San Diego,2024-01-31,3,3.0
San Diego,2024-02-01,4,3.0
San Diego,2024-02-02,2,3.0
San Diego,2024-02-05,1,3.0
San Diego,2024-02-06,2,2.0
San Diego,2024-02-07,4,3.0
San Diego,2024-02-08,3,3.0
San Diego,2024-02-09,1,2.0
San Diego,2024-02-10,1,2.0
San Diego,2024-02-11,1,2.0
San Diego,2024-02-12,2,2.0
San Diego,2024-02-13,2,2.0
San Diego,2024-02-14,2,2.0
San Diego,2024-02-15,2,2.0
San Diego,2024-02-16,2,2.0
San Diego,2024-02-20,1,2.0
San Diego,2024-02-21,7,3.0
San Diego,2024-02-22,3,3.0
San Diego,2024-02-23,3,3.0
San Diego,2024-02-24,1,3.0
San Diego,2024-02-26,1,3.0
San Diego,2024-02-27,5,3.0
San Diego,2024-02-28,3,3.0
San Diego,2024-02-29,5,3.0
San Diego,2024-03-04,4,3.0
San Diego,2024-03-05,4,3.0
San Diego,2024-03-06,2,3.0
San Diego,2024-03-07,2,4.0
San Diego,2024-03-08,2,3.0
San Diego,2024-03-11,1,3.0
San Diego,2024-03-12,2,2.0
San Diego,2024-03-13,4,2.0
San Diego,2024-03-14,2,2.0
San Diego,2024-03-15,4,2.0
San Diego,2024-03-18,2,2.0
San Diego,2024-03-19,2,2.0
San Diego,2024-03-20,1,2.0
San Diego,2024-03-21,2,2.0
San Diego,2024-03-22,4,2.0
San Diego,2024-03-25,1,2.0
San Diego,2024-03-26,3,2.0
San Diego,2024-03-27,5,3.0
San Diego,2024-03-28,1,2.0
San Diego,2024-03-29,2,3.0
San Diego,2024-04-01,1,2.0
San Diego,2024-04-02,3,2.0
San Diego,2024-04-03,3,3.0
San Diego,2024-04-04,5,3.0
San Diego,2024-04-05,2,2.0
San Diego,2024-04-09,4,3.0
San Diego,2024-04-10,2,3.0
San Diego,2024-04-11,1,3.0
San Diego,2024-04-12,2,3.0
San Diego,2024-04-13,1,2.0
San Diego,2024-04-15,3,2.0
San Diego,2024-04-16,8,3.0
San Diego,2024-04-17,2,3.0
San Diego,2024-04-18,5,3.0
San Diego,2024-04-19,1,3.0
San Diego,2024-04-23,4,3.0
San Diego,2024-04-24,6,4.0
San Diego,2024-04-25,3,4.0
San Diego,2024-04-26,3,3.0
San Diego,2024-04-29,2,3.0
San Diego,2024-04-30,4,3.0
San Diego,2024-05-01,1,3.0
San Diego,2024-05-02,3,3.0
San Diego,2024-05-06,3,3.0
San Diego,2024-05-07,5,3.0
San Diego,2024-05-08,2,3.0
San Diego,2024-05-09,5,3.0
San Diego,2024-05-13,4,3.0
San Diego,2024-05-14,2,3.0
San Diego,2024-05-15,6,4.0
San Diego,2024-05-17,2,4.0
San Diego,2024-05-20,4,4.0
San Diego,2024-05-21,1,3.0
San Diego,2024-05-22,10,4.0
San Diego,2024-05-23,1,4.0
San Diego,2024-05-24,1,4.0
San Diego,2024-05-28,2,3.0
San Diego,2024-05-30,3,3.0
San Diego,2024-06-03,4,3.0
San Diego,2024-06-04,4,4.0
San Diego,2024-06-05,3,3.0
San Diego,2024-06-06,1,3.0
San Diego,2024-06-07,1,3.0
San Diego,2024-06-09,1,2.0
San Diego,2024-06-10,2,2.0
San Diego,2024-06-11,5,2.0
San Diego,2024-06-12,2,2.0
San Diego,2024-06-13,1,2.0
San Diego,2024-06-17,1,2.0
San Diego,2024-06-18,4,2.0
San Diego,2024-06-19,1,2.0
San Diego,2024-06-20,4,3.0
San Diego,2024-06-21,3,2.0
San Diego,2024-06-24,1,2.0
San Diego,2024-06-25,3,2.0
San Diego,2024-06-26,3,3.0
San Diego,2024-06-27,2,2.0
San Diego,2024-06-29,1,2.0
San Diego,2024-07-01,3,2.0
San Diego,2024-07-02,2,2.0
San Diego,2024-07-03,7,3.0
San Diego,2024-07-08,2,3.0
San Diego,2024-07-09,1,3.0
San Diego,2024-07-10,6,3.0
San Diego,2024-07-11,3,3.0
San Diego,2024-07-12,2,3.0
San Diego,2024-07-16,4,4.0
San Diego,2024-07-17,2,3.0
San Diego,2024-07-19,2,3.0
San Diego,2024-07-22,2,3.0
San Diego,2024-07-23,2,2.0
San Diego,2024-07-24,8,3.0
San Diego,2024-07-25,3,3.0
San Diego,2024-07-28,1,3.0
San Diego,2024-07-30,2,3.0
San Diego,2024-07-31,3,3.0
San Diego,2024-08-01,3,3.0
San Diego,2024-08-02,3,3.0
San Diego,2024-08-05,1,2.0
San Diego,2024-08-06,3,2.0
San Diego,2024-08-07,1,2.0
San Diego,2024-08-08,4,3.0
San Diego,2024-08-10,1,2.0
San Diego,2024-08-14,3,2.0
San Diego,2024-08-15,2,2.0
San Diego,2024-08-16,3,2.0
San Diego,2024-08-19,1,2.0
San Diego,2024-08-20,3,2.0
San Diego,2024-08-21,2,2.0
San Diego,2024-08-22,1,2.0
San Diego,2024-08-26,2,2.0
San Diego,2024-08-27,1,2.0
San Diego,2024-08-28,2,2.0
San Diego,2024-08-29,4,2.0
San Diego,2024-08-30,1,2.0
San Diego,2024-09-03,1,2.0
San Diego,2024-09-04,4,2.0
San Diego,2024-09-06,5,3.0
San Diego,2024-09-11,2,3.0
San Diego,2024-09-12,7,3.0
San Diego,2024-09-13,1,3.0
San Diego,2024-09-16,3,3.0
San Diego,2024-09-17,1,3.0
San Diego,2024-09-18,2,3.0
San Diego,2024-09-24,1,2.0
San Diego,2024-09-25,1,2.0
San Diego,2024-09-26,3,2.0
San Diego,2024-09-27,3,2.0
San Diego,2024-09-28,1,2.0
San Diego,2024-09-30,1,2.0
San Diego,2024-10-01,2,2.0
San Diego,2024-10-02,1,2.0
San Diego,2024-10-03,2,2.0
San Diego,2024-10-04,2,2.0
San Diego,2024-10-07,4,2.0
San Diego,2024-10-08,1,2.0
San Diego,2024-10-09,2,2.0
San Diego,2024-10-10,5,2.0
San Diego,2024-10-11,1,2.0
San Diego,2024-10-14,1,2.0
San Diego,2024-10-15,6,3.0
San Diego,2024-10-16,3,3.0
San Diego,2024-10-17,4,3.0
San Diego,2024-10-19,1,3.0
San Diego,2024-10-21,1,2.0
San Diego,2024-10-22,1,2.0
San Diego,2024-10-23,4,3.0
San Diego,2024-10-24,6,3.0
San Diego,2024-10-25,2,3.0
San Diego,2024-10-26,1,2.0
San Diego,2024-10-29,1,2.0
San Diego,2024-10-30,3,3.0
San Diego,2024-10-31,2,3.0
San Diego,2024-11-01,2,2.0
San Diego,2024-11-04,3,2.0
San Diego,2024-11-05,4,2.0
San Diego,2024-11-06,11,4.0
San Diego,2024-11-07,2,4.0
San Diego,2024-11-08,2,4.0
San Diego,2024-11-11,1,4.0
San Diego,2024-11-13,3,4.0
San Diego,2024-11-14,5,4.0
San Diego,2024-11-15,1,4.0
San Diego,2024-11-18,4,3.0
San Diego,2024-11-19,4,3.0
San Diego,2024-11-20,1,3.0
San Diego,2024-11-21,3,3.0
San Diego,2024-11-22,2,3.0
San Diego,2024-11-25,3,3.0
San Diego,2024-11-26,1,3.0
San Diego,2024-11-27,1,2.0
San Diego,2024-11-28,1,2.0
San Diego,2024-12-02,2,2.0
San Diego,2024-12-06,1,2.0
San Diego,2024-12-08,1,1.0
San Diego,2024-12-09,1,1.0
San Diego,2024-12-10,3,1.0
San Diego,2024-12-11,4,2.0
San Diego,2024-12-12,3,2.0
San Diego,2024-12-14,1,2.0
San Diego,2024-12-16,2,2.0
San Diego,2024-12-17,2,2.0
San Diego,2024-12-18,3,3.0
San Diego,2024-12-19,1,2.0
San Diego,2024-12-20,2,2.0
San Diego,2024-12-23,1,2.0
San Diego,2024-12-27,1,2.0
San Diego,2025-01-01,1,2.0
San Diego,2025-01-02,1,1.0
San Diego,2025-01-03,1,1.0
San Diego,2025-01-05,1,1.0
San Diego,2025-01-06,4,1.0
San Diego,2025-01-07,4,2.0
San Diego,2025-01-08,5,2.0
San Diego,2025-01-09,2,3.0
San Diego,2025-01-10,2,3.0
San Diego,2025-01-11,2,3.0
San Diego,2025-01-13,3,3.0
San Diego,2025-01-14,4,3.0
San Diego,2025-01-15,2,3.0
San Diego,2025-01-16,4,3.0
San Diego,2025-01-17,2,3.0
San Diego,2025-01-20,2,3.0
San Diego,2025-01-21,2,3.0
San Diego,2025-01-22,2,3.0
San Diego,2025-01-23,3,2.0
San Diego,2025-01-24,7,3.0
San Diego,2025-01-25,2,3.0
San Diego,2025-01-26,25,6.0
San Diego,2025-01-27,29,10.0
San Diego,2025-01-28,14,12.0
San Diego,2025-01-29,10,13.0
San Diego,2025-01-30,12,14.0
San Diego,2025-01-31,7,14.0
San Diego,2025-02-01,1,14.0
San Diego,2025-02-02,1,11.0
San Diego,2025-02-03,5,7.0
San Diego,2025-02-04,2,5.0
San Diego,2025-02-05,6,5.0
San Diego,2025-02-06,6,4.0
San Diego,2025-02-07,4,4.0
San Diego,2025-02-08,4,4.0
San Diego,2025-02-10,7,5.0
San Diego,2025-02-11,3,5.0
San Diego,2025-02-12,4,5.0
San Diego,2025-02-15,1,4.0
San Diego,2025-02-16,1,3.0
San Diego,2025-02-17,2,3.0
San Diego,2025-02-18,2,3.0
San Diego,2025-02-19,4,2.0
San Diego,2025-02-20,10,3.0
San Diego,2025-02-21,2,3.0
San Diego,2025-02-24,2,3.0
San Diego,2025-02-25,2,3.0
San Diego,2025-02-26,7,4.0
San Diego,2025-02-27,4,4.0
San Diego,2025-02-28,7,5.0
San Diego,2025-03-03,4,4.0
San Diego,2025-03-04,6,5.0
San Diego,2025-03-05,8,5.0
San Diego,2025-03-06,7,6.0
San Diego,2025-03-07,2,5.0
San Diego,2025-03-08,1,5.0
San Diego,2025-03-09,3,4.0
San Diego,2025-03-10,4,4.0
San Diego,2025-03-11,4,4.0
San Diego,2025-03-12,7,4.0
San Diego,2025-03-13,1,3.0
San Diego,2025-03-14,3,3.0
San Diego,2025-03-16,1,3.0
San Diego,2025-03-17,1,3.0
San Diego,2025-03-18,4,3.0
San Diego,2025-03-19,11,4.0
San Diego,2025-03-20,7,4.0
San Diego,2025-03-21,1,4.0
San Diego,2025-03-22,1,4.0
San Diego,2025-03-24,5,4.0
San Diego,2025-03-25,4,5.0
San Diego,2025-03-26,4,5.0
San Diego,2025-03-27,2,3.0
San Diego,2025-03-28,3,3.0
San Diego,2025-03-29,1,3.0
San Diego,2025-03-31,3,3.0
San Diego,2025-04-01,3,3.0
San Diego,2025-04-02,1,2.0
San Diego,2025-04-03,6,3.0
San Diego,2025-04-04,2,3.0
San Diego,2025-04-07,1,2.0
San Diego,2025-04-08,8,3.0
San Diego,2025-04-09,5,4.0
San Diego,2025-04-10,2,4.0
San Diego,2025-04-11,4,4.0
San Diego,2025-04-12,1,3.0
San Diego,2025-04-14,3,3.0
San Diego,2025-04-15,3,4.0
San Diego,2025-04-16,8,4.0
San Diego,2025-04-17,5,4.0
San Diego,2025-04-18,5,4.0
San Diego,2025-04-21,2,4.0
San Diego,2025-04-22,10,5.0
San Diego,2025-04-23,3,5.0
San Diego,2025-04-24,3,5.0
San Diego,2025-04-25,8,5.0
San Diego,2025-04-28,6,5.0
San Diego,2025-04-29,6,5.0
San Diego,2025-04-30,1,5.0
San Diego,2025-05-01,1,4.0
San Diego,2025-05-02,3,4.0
San Diego,2025-05-03,1,4.0
San Diego,2025-05-05,1,3.0
San Diego,2025-05-06,6,3.0
San Diego,2025-05-07,1,2.0
San Diego,2025-05-08,5,3.0
San Diego,2025-05-09,3,3.0
San Diego,2025-05-11,1,3.0
San Diego,2025-05-12,5,3.0
San Diego,2025-05-13,7,4.0
San Diego,2025-05-14,6,4.0
San Diego,2025-05-15,8,5.0
San Diego,2025-05-16,8,5.0
San Diego,2025-05-17,1,5.0
San Diego,2025-05-18,3,5.0
San Diego,2025-05-19,5,5.0
San Diego,2025-05-20,21,7.0
San Diego,2025-05-21,21,10.0
San Diego,2025-05-22,15,11.0
San Diego,2025-05-23,37,15.0
San Diego,2025-05-24,5,15.0
San Diego,2025-05-25,10,16.0
San Diego,2025-05-26,10,17.0
San Diego,2025-05-27,13,16.0
San Diego,2025-05-28,23,16.0
San Diego,2025-05-29,21,17.0
San Diego,2025-05-30,23,15.0
San Diego,2025-05-31,20,17.0
San Diego,2025-06-01,4,16.0
San Diego,2025-06-02,60,23.0
San Diego,2025-06-03,16,24.0
San Diego,2025-06-04,46,27.0
San Diego,2025-06-05,36,29.0
San Diego,2025-06-06,23,29.0
San Diego,2025-06-07,19,29.0
San Diego,2025-06-08,12,30.0
San Diego,2025-06-09,46,28.0
San Diego,2025-06-10,32,31.0
San Diego,2025-06-11,17,26.0
San Diego,2025-06-12,22,24.0
San Diego,2025-06-13,17,24.0
San Diego,2025-06-14,25,24.0
San Diego,2025-06-15,2,23.0
San Diego,2025-06-16,11,18.0
San Diego,2025-06-17,32,18.0
San Diego,2025-06-18,25,19.0
San Diego,2025-06-19,12,18.0
San Diego,2025-06-20,15,17.0
San Diego,2025-06-21,7,15.0
San Diego,2025-06-22,15,17.0
San Diego,2025-06-23,18,18.0
San Diego,2025-06-24,24,17.0
San Diego,2025-06-25,34,18.0
San Diego,2025-06-26,18,19.0
San Diego,2025-06-27,16,19.0
San Diego,2025-06-28,13,20.0
San Diego,2025-06-29,12,19.0
San Diego,2025-06-30,16,19.0
San Diego,2025-07-01,29,20.0
San Diego,2025-07-02,25,18.0
San Diego,2025-07-03,15,18.0
San Diego,2025-07-04,4,16.0
San Diego,2025-07-05,17,17.0
San Diego,2025-07-06,11,17.0
San Diego,2025-07-07,18,17.0
San Diego,2025-07-08,32,17.0
San Diego,2025-07-09,30,18.0
San Diego,2025-07-10,31,20.0
San Diego,2025-07-11,23,23.0
San Diego,2025-07-12,17,23.0
San Diego,2025-07-13,18,24.0
San Diego,2025-07-14,15,24.0
San Diego,2025-07-15,36,24.0
San Diego,2025-07-16,36,25.0
San Diego,2025-07-17,19,23.0
San Diego,2025-07-18,24,24.0
San Diego,2025-07-19,15,23.0
San Diego,2025-07-20,7,22.0
San Diego,2025-07-21,9,21.0
San Diego,2025-07-22,28,20.0
San Diego,2025-07-23,29,19.0
San Diego,2025-07-24,21,19.0
San Diego,2025-07-25,13,17.0
San Diego,2025-07-26,12,17.0
San Diego,2025-07-27,13,18.0
San Diego,2025-07-28,32,21.0
San Diego,2025-07-29,26,21.0
San Diego,2025-07-30,31,21.0
San Diego,2025-07-31,16,20.0
San Diego,2025-08-01,17,21.0
San Diego,2025-08-02,23,23.0
San Diego,2025-08-03,27,25.0
San Diego,2025-08-04,24,23.0
San Diego,2025-08-05,19,22.0
San Diego,2025-08-06,33,23.0
San Diego,2025-08-07,29,25.0
San Diego,2025-08-08,17,25.0
San Diego,2025-08-09,12,23.0
San Diego,2025-08-10,7,20.0
San Diego,2025-08-11,9,18.0
San Diego,2025-08-12,25,19.0
San Diego,2025-08-13,18,17.0
San Diego,2025-08-14,24,16.0
San Diego,2025-08-15,18,16.0
San Diego,2025-08-16,26,18.0
San Diego,2025-08-17,13,19.0
San Diego,2025-08-18,26,21.0
San Diego,2025-08-19,36,23.0
San Diego,2025-08-20,55,28.0
San Diego,2025-08-21,43,31.0
San Diego,2025-08-22,31,33.0
San Diego,2025-08-23,44,35.0
San Diego,2025-08-24,22,37.0
San Diego,2025-08-25,38,38.0
San Diego,2025-08-26,42,39.0
San Diego,2025-08-27,53,39.0
San Diego,2025-08-28,50,40.0
San Diego,2025-08-29,42,42.0
San Diego,2025-08-30,8,36.0
San Diego,2025-08-31,25,37.0
San Diego,2025-09-01,35,36.0
San Diego,2025-09-02,59,39.0
San Diego,2025-09-03,57,39.0
San Diego,2025-09-04,73,43.0
San Diego,2025-09-05,47,43.0
San Diego,2025-09-06,23,46.0
San Diego,2025-09-07,27,46.0
San Diego,2025-09-08,56,49.0
San Diego,2025-09-09,51,48.0
San Diego,2025-09-10,59,48.0
San Diego,2025-09-11,58,46.0
San Diego,2025-09-12,36,44.0
San Diego,2025-09-13,27,45.0
San Diego,2025-09-14,34,46.0
San Diego,2025-09-15,49,45.0
San Diego,2025-09-16,58,46.0
San Diego,2025-09-17,53,45.0
San Diego,2025-09-18,63,46.0
San Diego,2025-09-19,50,48.0
San Diego,2025-09-20,30,48.0
San Diego,2025-09-21,45,50.0
San Diego,2025-09-22,67,52.0
San Diego,2025-09-23,54,52.0
San Diego,2025-09-24,55,52.0
San Diego,2025-09-25,51,50.0
San Diego,2025-09-26,36,48.0
San Diego,2025-09-27,31,48.0
San Diego,2025-09-28,25,46.0
San Diego,2025-09-29,61,45.0
San Diego,2025-09-30,53,45.0
San Diego,2025-10-01,56,45.0
San Diego,2025-10-02,37,43.0
San Diego,2025-10-03,36,43.0
San Diego,2025-10-04,33,43.0
San Diego,2025-10-05,20,42.0
San Diego,2025-10-06,32,38.0
San Diego,2025-10-07,66,40.0
San Diego,2025-10-08,72,42.0
San Diego,2025-10-09,44,43.0
San Diego,2025-10-10,32,43.0
San Diego,2025-10-11,37,43.0
San Diego,2025-10-12,18,43.0
San Diego,2025-10-13,36,44.0
San Diego,2025-10-14,23,37.0
San Diego,2025-10-15,50,34.0
San Diego,2025-10-16,49,35.0
San Diego,2025-10-17,49,37.0
San Diego,2025-10-18,17,35.0
San Diego,2025-10-19,29,36.0
San Diego,2025-10-20,43,37.0
San Diego,2025-10-21,66,43.0
San Diego,2025-10-22,57,44.0
San Diego,2025-10-23,43,43.0
San Diego,2025-10-24,46,43.0
San Diego,2025-10-25,28,45.0
San Diego,2025-10-26,27,44.0
San Diego,2025-10-27,30,42.0
San Diego,2025-10-28,48,40.0
San Diego,2025-10-29,69,42.0
San Diego,2025-10-30,51,43.0
San Diego,2025-10-31,35,41.0
San Diego,2025-11-01,42,43.0
San Diego,2025-11-02,17,42.0
San Diego,2025-11-03,38,43.0
San Diego,2025-11-04,68,46.0
San Diego,2025-11-05,43,42.0
San Diego,2025-11-06,40,40.0
San Diego,2025-11-07,50,43.0
San Diego,2025-11-08,32,41.0
San Diego,2025-11-09,31,43.0
San Diego,2025-11-10,41,44.0
San Diego,2025-11-11,23,37.0
San Diego,2025-11-12,43,37.0
San Diego,2025-11-13,48,38.0
San Diego,2025-11-14,49,38.0
San Diego,2025-11-15,19,36.0
San Diego,2025-11-16,20,35.0
San Diego,2025-11-17,25,32.0
San Diego,2025-11-18,57,37.0
San Diego,2025-11-19,61,40.0
San Diego,2025-11-20,29,37.0
San Diego,2025-11-21,40,36.0
San Diego,2025-11-22,44,39.0
San Diego,2025-11-23,14,39.0
San Diego,2025-11-24,51,42.0
San Diego,2025-11-25,61,43.0
San Diego,2025-11-26,66,44.0
San Diego,2025-11-27,36,45.0
San Diego,2025-11-28,36,44.0
San Diego,2025-11-29,45,44.0
San Diego,2025-11-30,18,45.0
San Diego,2025-12-01,50,45.0
San Diego,2025-12-02,85,48.0
San Diego,2025-12-03,53,46.0
San Diego,2025-12-04,47,48.0
San Diego,2025-12-05,57,51.0
San Diego,2025-12-06,46,51.0
San Diego,2025-12-07,27,52.0
San Diego,2025-12-08,32,50.0
San Diego,2025-12-09,55,45.0
San Diego,2025-12-10,70,48.0
San Diego,2025-12-11,48,48.0
San Diego,2025-12-12,65,49.0
San Diego,2025-12-13,29,47.0
San Diego,2025-12-14,14,45.0
San Diego,2025-12-15,42,46.0
San Diego,2025-12-16,41,44.0
San Diego,2025-12-17,47,41.0
San Diego,2025-12-18,47,41.0
San Diego,2025-12-19,67,41.0
San Diego,2025-12-20,42,43.0
San Diego,2025-12-21,32,45.0
San Diego,2025-12-22,26,43.0
San Diego,2025-12-23,32,42.0
San Diego,2025-12-24,46,42.0
San Diego,2025-12-25,5,36.0
San Diego,2025-12-26,20,29.0
San Diego,2025-12-27,20,26.0
San Diego,2025-12-28,13,23.0
San Diego,2025-12-29,31,24.0
San Diego,2025-12-30,54,27.0
San Diego,2025-12-31,82,32.0
San Diego,2026-01-01,22,35.0
San Diego,2026-01-02,16,34.0
San Diego,2026-01-03,21,34.0
San Diego,2026-01-04,6,33.0
San Diego,2026-01-05,26,32.0
San Diego,2026-01-06,47,31.0
San Diego,2026-01-07,30,24.0
San Diego,2026-01-08,32,25.0
San Diego,2026-01-09,51,30.0
San Diego,2026-01-10,35,32.0
San Diego,2026-01-11,5,32.0
San Diego,2026-01-12,14,31.0
San Diego,2026-01-13,32,28.0
San Diego,2026-01-14,60,33.0
San Diego,2026-01-15,68,38.0
San Diego,2026-01-16,53,38.0
San Diego,2026-01-17,30,37.0
San Diego,2026-01-18,25,40.0
San Diego,2026-01-19,12,40.0
San Diego,2026-01-20,27,39.0
San Diego,2026-01-21,46,37.0
San Diego,2026-01-22,48,34.0
San Diego,2026-01-23,51,34.0
San Diego,2026-01-24,32,34.0
San Diego,2026-01-25,18,33.0
San Diego,2026-01-26,24,35.0
San Diego,2026-01-27,29,35.0
San Diego,2026-01-28,27,33.0
San Diego,2026-01-29,47,33.0
San Diego,2026-01-30,56,33.0
San Diego,2026-01-31,20,32.0
San Diego,2026-02-01,5,30.0
San Diego,2026-02-02,41,32.0
San Diego,2026-02-03,34,33.0
San Diego,2026-02-04,75,40.0
San Diego,2026-02-05,36,38.0
San Diego,2026-02-06,51,37.0
San Diego,2026-02-07,23,38.0
San Diego,2026-02-08,8,38.0
San Diego,2026-02-09,29,37.0
San Diego,2026-02-10,27,36.0
San Diego,2026-02-11,27,29.0
San Diego,2026-02-12,29,28.0
San Diego,2026-02-13,54,28.0
San Diego,2026-02-14,26,29.0
San Diego,2026-02-15,27,31.0
San Diego,2026-02-16,38,33.0
San Diego,2026-02-17,27,33.0
San Diego,2026-02-18,41,35.0
San Diego,2026-02-19,27,34.0
San Diego,2026-02-20,77,38.0
San Diego,2026-02-21,35,39.0
San Diego,2026-02-22,48,42.0
San Diego,2026-02-23,24,40.0
San Diego,2026-02-24,79,47.0
San Diego,2026-02-25,51,49.0
San Diego,2026-02-26,37,50.0
San Diego,2026-02-27,68,49.0
San Diego,2026-02-28,34,49.0
San Diego,2026-03-01,13,44.0
San Diego,2026-03-02,24,44.0
San Diego,2026-03-03,47,39.0
San Diego,2026-03-04,80,43.0
San Diego,2026-03-05,58,46.0
San Diego,2026-03-06,51,44.0
San Diego,2026-03-07,10,40.0
San Diego,2026-03-08,22,42.0
San Diego,2026-03-09,19,41.0
San Diego,2026-03-10,21,37.0
San Francisco,2022-10-02,1,26.0
San Francisco,2022-10-03,5,18.0
San Francisco,2022-10-04,6,12.0
San Francisco,2022-10-05,19,13.0
San Francisco,2022-10-06,16,12.0
San Francisco,2022-10-07,7,11.0
San Francisco,2022-10-08,1,8.0
San Francisco,2022-10-11,11,9.0
San Francisco,2022-10-12,16,11.0
San Francisco,2022-10-13,7,11.0
San Francisco,2022-10-14,2,9.0
San Francisco,2022-10-17,7,7.0
San Francisco,2022-10-18,16,9.0
San Francisco,2022-10-19,7,9.0
San Francisco,2022-10-20,16,10.0
San Francisco,2022-10-21,6,9.0
San Francisco,2022-10-24,22,11.0
San Francisco,2022-10-25,17,13.0
San Francisco,2022-10-26,29,16.0
San Francisco,2022-10-27,22,17.0
San Francisco,2022-10-28,10,17.0
San Francisco,2022-10-30,1,15.0
San Francisco,2022-10-31,18,17.0
San Francisco,2022-11-01,27,18.0
San Francisco,2022-11-02,24,19.0
San Francisco,2022-11-03,25,18.0
San Francisco,2022-11-04,21,18.0
San Francisco,2022-11-07,20,19.0
San Francisco,2022-11-08,28,23.0
San Francisco,2022-11-09,8,22.0
San Francisco,2022-11-10,20,21.0
San Francisco,2022-11-14,25,21.0
San Francisco,2022-11-15,22,21.0
San Francisco,2022-11-16,26,21.0
San Francisco,2022-11-17,31,23.0
San Francisco,2022-11-18,18,21.0
San Francisco,2022-11-21,25,24.0
San Francisco,2022-11-22,17,23.0
San Francisco,2022-11-23,10,21.0
San Francisco,2022-11-25,3,19.0
San Francisco,2022-11-28,17,17.0
San Francisco,2022-11-29,19,16.0
San Francisco,2022-11-30,27,17.0
San Francisco,2022-12-01,32,18.0
San Francisco,2022-12-02,7,16.0
San Francisco,2022-12-05,11,17.0
San Francisco,2022-12-06,20,19.0
San Francisco,2022-12-07,26,20.0
San Francisco,2022-12-08,20,20.0
San Francisco,2022-12-09,25,20.0
San Francisco,2022-12-12,14,18.0
San Francisco,2022-12-13,17,19.0
San Francisco,2022-12-14,31,22.0
San Francisco,2022-12-15,22,22.0
San Francisco,2022-12-16,13,20.0
San Francisco,2022-12-19,27,21.0
San Francisco,2022-12-20,13,20.0
San Francisco,2022-12-21,16,20.0
San Francisco,2022-12-22,10,19.0
San Francisco,2022-12-23,4,15.0
San Francisco,2022-12-26,1,12.0
San Francisco,2022-12-27,12,12.0
San Francisco,2022-12-28,24,11.0
San Francisco,2022-12-29,18,12.0
San Francisco,2022-12-30,4,10.0
San Francisco,2023-01-03,18,12.0
San Francisco,2023-01-04,10,12.0
San Francisco,2023-01-05,9,14.0
San Francisco,2023-01-06,20,15.0
San Francisco,2023-01-08,1,11.0
San Francisco,2023-01-09,13,11.0
San Francisco,2023-01-10,6,11.0
San Francisco,2023-01-11,20,11.0
San Francisco,2023-01-12,24,13.0
San Francisco,2023-01-13,18,15.0
San Francisco,2023-01-17,16,14.0
San Francisco,2023-01-18,12,16.0
San Francisco,2023-01-19,13,16.0
San Francisco,2023-01-20,19,17.0
San Francisco,2023-01-23,15,17.0
San Francisco,2023-01-24,18,16.0
San Francisco,2023-01-25,20,16.0
San Francisco,2023-01-26,18,16.0
San Francisco,2023-01-27,14,17.0
San Francisco,2023-01-29,2,15.0
San Francisco,2023-01-30,11,14.0
San Francisco,2023-01-31,16,14.0
San Francisco,2023-02-01,16,14.0
San Francisco,2023-02-02,18,14.0
San Francisco,2023-02-03,11,13.0
San Francisco,2023-02-06,14,13.0
San Francisco,2023-02-07,10,14.0
San Francisco,2023-02-08,24,16.0
San Francisco,2023-02-09,13,15.0
San Francisco,2023-02-10,11,14.0
San Francisco,2023-02-13,23,15.0
San Francisco,2023-02-14,15,16.0
San Francisco,2023-02-15,18,16.0
San Francisco,2023-02-16,16,17.0
San Francisco,2023-02-17,8,15.0
San Francisco,2023-02-21,17,15.0
San Francisco,2023-02-22,12,16.0
San Francisco,2023-02-23,19,15.0
San Francisco,2023-02-24,8,14.0
San Francisco,2023-02-26,1,12.0
San Francisco,2023-02-27,11,11.0
San Francisco,2023-02-28,10,11.0
San Francisco,2023-03-01,24,12.0
San Francisco,2023-03-02,9,12.0
San Francisco,2023-03-03,2,9.0
San Francisco,2023-03-06,16,10.0
San Francisco,2023-03-07,18,13.0
San Francisco,2023-03-08,22,14.0
San Francisco,2023-03-09,19,16.0
San Francisco,2023-03-10,8,13.0
San Francisco,2023-03-12,1,12.0
San Francisco,2023-03-13,16,14.0
San Francisco,2023-03-14,10,13.0
San Francisco,2023-03-15,19,14.0
San Francisco,2023-03-16,12,12.0
San Francisco,2023-03-17,5,10.0
San Francisco,2023-03-20,17,11.0
San Francisco,2023-03-21,17,14.0
San Francisco,2023-03-22,16,14.0
San Francisco,2023-03-23,13,14.0
San Francisco,2023-03-24,6,12.0
San Francisco,2023-03-27,11,12.0
San Francisco,2023-03-28,15,14.0
San Francisco,2023-03-29,15,13.0
San Francisco,2023-03-30,19,14.0
San Francisco,2023-03-31,14,13.0
San Francisco,2023-04-02,1,12.0
San Francisco,2023-04-03,10,12.0
San Francisco,2023-04-04,13,12.0
San Francisco,2023-04-05,14,12.0
San Francisco,2023-04-06,14,12.0
San Francisco,2023-04-07,6,10.0
San Francisco,2023-04-10,15,10.0
San Francisco,2023-04-11,8,11.0
San Francisco,2023-04-12,9,11.0
San Francisco,2023-04-13,13,11.0
San Francisco,2023-04-14,17,12.0
San Francisco,2023-04-17,5,10.0
San Francisco,2023-04-18,18,12.0
San Francisco,2023-04-19,11,12.0
San Francisco,2023-04-20,14,12.0
San Francisco,2023-04-21,4,12.0
San Francisco,2023-04-22,1,10.0
San Francisco,2023-04-24,7,9.0
San Francisco,2023-04-25,12,10.0
San Francisco,2023-04-26,6,8.0
San Francisco,2023-04-27,7,7.0
San Francisco,2023-04-28,4,6.0
San Francisco,2023-05-01,6,6.0
San Francisco,2023-05-02,9,7.0
San Francisco,2023-05-03,12,8.0
San Francisco,2023-05-04,16,9.0
San Francisco,2023-05-05,5,8.0
San Francisco,2023-05-08,16,10.0
San Francisco,2023-05-09,17,12.0
San Francisco,2023-05-10,12,12.0
San Francisco,2023-05-11,14,13.0
San Francisco,2023-05-12,4,12.0
San Francisco,2023-05-15,6,11.0
San Francisco,2023-05-16,13,12.0
San Francisco,2023-05-17,9,11.0
San Francisco,2023-05-18,10,10.0
San Francisco,2023-05-19,8,9.0
San Francisco,2023-05-20,1,7.0
San Francisco,2023-05-22,21,10.0
San Francisco,2023-05-23,12,11.0
San Francisco,2023-05-24,15,11.0
San Francisco,2023-05-25,9,11.0
San Francisco,2023-05-26,8,11.0
San Francisco,2023-05-30,12,11.0
San Francisco,2023-05-31,19,14.0
San Francisco,2023-06-01,8,12.0
San Francisco,2023-06-02,11,12.0
San Francisco,2023-06-04,2,10.0
San Francisco,2023-06-05,10,10.0
San Francisco,2023-06-06,18,11.0
San Francisco,2023-06-07,12,11.0
San Francisco,2023-06-08,15,11.0
San Francisco,2023-06-09,8,11.0
San Francisco,2023-06-11,1,9.0
San Francisco,2023-06-12,9,10.0
San Francisco,2023-06-13,14,11.0
San Francisco,2023-06-14,11,10.0
San Francisco,2023-06-15,13,10.0
San Francisco,2023-06-16,10,9.0
San Francisco,2023-06-18,2,9.0
San Francisco,2023-06-20,7,9.0
San Francisco,2023-06-21,13,10.0
San Francisco,2023-06-22,10,9.0
San Francisco,2023-06-23,11,9.0
San Francisco,2023-06-24,1,8.0
San Francisco,2023-06-26,10,8.0
San Francisco,2023-06-27,10,9.0
San Francisco,2023-06-28,17,10.0
San Francisco,2023-06-29,8,10.0
San Francisco,2023-06-30,7,9.0
San Francisco,2023-07-01,1,8.0
San Francisco,2023-07-03,9,9.0
San Francisco,2023-07-05,9,9.0
San Francisco,2023-07-06,10,9.0
San Francisco,2023-07-07,12,8.0
San Francisco,2023-07-10,14,9.0
San Francisco,2023-07-11,14,10.0
San Francisco,2023-07-12,8,11.0
San Francisco,2023-07-13,21,13.0
San Francisco,2023-07-14,6,12.0
San Francisco,2023-07-15,1,11.0
San Francisco,2023-07-17,12,11.0
San Francisco,2023-07-18,10,10.0
San Francisco,2023-07-19,14,10.0
San Francisco,2023-07-20,13,11.0
San Francisco,2023-07-21,4,9.0
San Francisco,2023-07-24,4,8.0
San Francisco,2023-07-25,14,10.0
San Francisco,2023-07-26,17,11.0
San Francisco,2023-07-27,10,11.0
San Francisco,2023-07-28,6,10.0
San Francisco,2023-07-31,6,9.0
San Francisco,2023-08-01,11,10.0
San Francisco,2023-08-02,8,10.0
San Francisco,2023-08-03,9,10.0
San Francisco,2023-08-04,5,8.0
San Francisco,2023-08-07,4,7.0
San Francisco,2023-08-08,11,8.0
San Francisco,2023-08-09,12,9.0
San Francisco,2023-08-10,10,8.0
San Francisco,2023-08-11,7,8.0
San Francisco,2023-08-14,3,7.0
San Francisco,2023-08-15,14,9.0
San Francisco,2023-08-16,9,9.0
San Francisco,2023-08-17,11,9.0
San Francisco,2023-08-18,10,9.0
San Francisco,2023-08-20,1,8.0
San Francisco,2023-08-21,5,8.0
San Francisco,2023-08-22,10,9.0
San Francisco,2023-08-23,15,9.0
San Francisco,2023-08-24,13,9.0
San Francisco,2023-08-25,13,10.0
San Francisco,2023-08-28,7,9.0
San Francisco,2023-08-29,12,11.0
San Francisco,2023-08-30,12,12.0
San Francisco,2023-08-31,8,11.0
San Francisco,2023-09-01,5,10.0
San Francisco,2023-09-04,1,8.0
San Francisco,2023-09-05,6,7.0
San Francisco,2023-09-06,5,7.0
San Francisco,2023-09-07,21,8.0
San Francisco,2023-09-08,7,8.0
San Francisco,2023-09-11,10,8.0
San Francisco,2023-09-12,12,9.0
San Francisco,2023-09-13,12,10.0
San Francisco,2023-09-14,10,11.0
San Francisco,2023-09-15,10,12.0
San Francisco,2023-09-18,12,10.0
San Francisco,2023-09-19,8,11.0
San Francisco,2023-09-20,7,10.0
San Francisco,2023-09-21,7,9.0
San Francisco,2023-09-22,10,9.0
San Francisco,2023-09-23,3,8.0
San Francisco,2023-09-25,7,8.0
San Francisco,2023-09-26,11,8.0
San Francisco,2023-09-27,10,8.0
San Francisco,2023-09-28,9,8.0
San Francisco,2023-09-29,13,9.0
San Francisco,2023-09-30,1,8.0
San Francisco,2023-10-02,7,8.0
San Francisco,2023-10-03,7,8.0
San Francisco,2023-10-04,12,8.0
San Francisco,2023-10-05,7,8.0
San Francisco,2023-10-06,11,8.0
San Francisco,2023-10-10,6,7.0
San Francisco,2023-10-11,10,9.0
San Francisco,2023-10-12,8,9.0
San Francisco,2023-10-13,9,9.0
San Francisco,2023-10-14,1,7.0
San Francisco,2023-10-16,5,7.0
San Francisco,2023-10-17,7,7.0
San Francisco,2023-10-18,5,6.0
San Francisco,2023-10-19,12,7.0
San Francisco,2023-10-20,5,6.0
San Francisco,2023-10-23,12,7.0
San Francisco,2023-10-24,13,8.0
San Francisco,2023-10-25,12,9.0
San Francisco,2023-10-26,10,10.0
San Francisco,2023-10-27,9,10.0
San Francisco,2023-10-30,9,10.0
San Francisco,2023-10-31,8,10.0
San Francisco,2023-11-01,4,9.0
San Francisco,2023-11-02,15,10.0
San Francisco,2023-11-03,7,9.0
San Francisco,2023-11-06,4,8.0
San Francisco,2023-11-07,14,9.0
San Francisco,2023-11-08,10,9.0
San Francisco,2023-11-09,14,10.0
San Francisco,2023-11-12,1,9.0
San Francisco,2023-11-13,5,8.0
San Francisco,2023-11-14,3,7.0
San Francisco,2023-11-15,16,9.0
San Francisco,2023-11-16,7,8.0
San Francisco,2023-11-17,18,9.0
San Francisco,2023-11-18,1,7.0
San Francisco,2023-11-20,3,8.0
San Francisco,2023-11-21,17,9.0
San Francisco,2023-11-22,6,10.0
San Francisco,2023-11-24,2,8.0
San Francisco,2023-11-27,10,8.0
San Francisco,2023-11-28,14,8.0
San Francisco,2023-11-29,3,8.0
San Francisco,2023-11-30,7,8.0
San Francisco,2023-12-01,7,7.0
San Francisco,2023-12-02,2,6.0
San Francisco,2023-12-03,1,6.0
San Francisco,2023-12-04,12,7.0
San Francisco,2023-12-05,8,6.0
San Francisco,2023-12-06,4,6.0
San Francisco,2023-12-07,11,6.0
San Francisco,2023-12-08,5,6.0
San Francisco,2023-12-11,8,7.0
San Francisco,2023-12-12,12,9.0
San Francisco,2023-12-13,6,8.0
San Francisco,2023-12-14,15,9.0
San Francisco,2023-12-15,9,9.0
San Francisco,2023-12-18,8,9.0
San Francisco,2023-12-19,5,9.0
San Francisco,2023-12-20,6,9.0
San Francisco,2023-12-21,14,9.0
San Francisco,2023-12-22,6,9.0
San Francisco,2023-12-26,8,8.0
San Francisco,2023-12-27,10,8.0
San Francisco,2023-12-28,7,8.0
San Francisco,2023-12-29,4,8.0
San Francisco,2024-01-02,5,8.0
San Francisco,2024-01-03,7,7.0
San Francisco,2024-01-04,4,6.0
San Francisco,2024-01-05,8,6.0
San Francisco,2024-01-08,6,6.0
San Francisco,2024-01-09,11,6.0
San Francisco,2024-01-10,7,7.0
San Francisco,2024-01-11,10,8.0
San Francisco,2024-01-12,4,7.0
San Francisco,2024-01-16,16,9.0
San Francisco,2024-01-17,9,9.0
San Francisco,2024-01-18,20,11.0
San Francisco,2024-01-19,7,10.0
San Francisco,2024-01-20,1,10.0
San Francisco,2024-01-22,3,9.0
San Francisco,2024-01-23,16,10.0
San Francisco,2024-01-24,11,10.0
San Francisco,2024-01-25,10,10.0
San Francisco,2024-01-26,8,8.0
San Francisco,2024-01-29,6,8.0
San Francisco,2024-01-30,17,10.0
San Francisco,2024-01-31,8,11.0
San Francisco,2024-02-01,16,11.0
San Francisco,2024-02-02,8,10.0
San Francisco,2024-02-04,1,9.0
San Francisco,2024-02-05,10,9.0
San Francisco,2024-02-06,12,10.0
San Francisco,2024-02-07,14,10.0
San Francisco,2024-02-08,7,10.0
San Francisco,2024-02-09,12,9.0
San Francisco,2024-02-12,8,9.0
San Francisco,2024-02-13,17,11.0
San Francisco,2024-02-14,12,12.0
San Francisco,2024-02-15,19,13.0
San Francisco,2024-02-16,10,12.0
San Francisco,2024-02-18,1,11.0
San Francisco,2024-02-20,8,11.0
San Francisco,2024-02-21,8,11.0
San Francisco,2024-02-22,9,10.0
San Francisco,2024-02-23,5,9.0
San Francisco,2024-02-26,8,7.0
San Francisco,2024-02-27,6,6.0
San Francisco,2024-02-28,12,8.0
San Francisco,2024-02-29,8,8.0
San Francisco,2024-03-01,7,8.0
San Francisco,2024-03-04,7,8.0
San Francisco,2024-03-05,16,9.0
San Francisco,2024-03-06,13,10.0
San Francisco,2024-03-07,10,10.0
San Francisco,2024-03-08,4,9.0
San Francisco,2024-03-09,1,8.0
San Francisco,2024-03-10,1,7.0
San Francisco,2024-03-11,10,8.0
San Francisco,2024-03-12,13,7.0
San Francisco,2024-03-13,12,7.0
San Francisco,2024-03-14,10,7.0
San Francisco,2024-03-15,7,8.0
San Francisco,2024-03-18,4,8.0
San Francisco,2024-03-19,16,10.0
San Francisco,2024-03-20,20,12.0
San Francisco,2024-03-21,13,12.0
San Francisco,2024-03-22,7,11.0
San Francisco,2024-03-25,8,11.0
San Francisco,2024-03-26,14,12.0
San Francisco,2024-03-27,7,12.0
San Francisco,2024-03-28,12,12.0
San Francisco,2024-03-29,6,10.0
San Francisco,2024-04-01,1,8.0
San Francisco,2024-04-02,5,8.0
San Francisco,2024-04-03,12,8.0
San Francisco,2024-04-04,7,7.0
San Francisco,2024-04-05,9,7.0
San Francisco,2024-04-08,2,6.0
San Francisco,2024-04-09,11,7.0
San Francisco,2024-04-10,10,8.0
San Francisco,2024-04-11,8,8.0
San Francisco,2024-04-12,5,7.0
San Francisco,2024-04-15,12,8.0
San Francisco,2024-04-16,16,9.0
San Francisco,2024-04-17,4,9.0
San Francisco,2024-04-18,24,11.0
San Francisco,2024-04-19,4,10.0
San Francisco,2024-04-22,7,10.0
San Francisco,2024-04-23,10,11.0
San Francisco,2024-04-24,13,11.0
San Francisco,2024-04-25,16,11.0
San Francisco,2024-04-26,6,11.0
San Francisco,2024-04-28,1,8.0
San Francisco,2024-04-29,6,8.0
San Francisco,2024-04-30,11,9.0
San Francisco,2024-05-01,8,9.0
San Francisco,2024-05-02,10,8.0
San Francisco,2024-05-03,5,7.0
San Francisco,2024-05-06,3,6.0
San Francisco,2024-05-07,6,7.0
San Francisco,2024-05-08,12,8.0
San Francisco,2024-05-09,14,8.0
San Francisco,2024-05-10,8,8.0
San Francisco,2024-05-13,8,8.0
San Francisco,2024-05-14,16,10.0
San Francisco,2024-05-15,8,10.0
San Francisco,2024-05-16,14,11.0
San Francisco,2024-05-17,5,10.0
San Francisco,2024-05-20,8,10.0
San Francisco,2024-05-21,10,10.0
San Francisco,2024-05-22,8,10.0
San Francisco,2024-05-23,10,9.0
San Francisco,2024-05-24,11,9.0
San Francisco,2024-05-28,15,10.0
San Francisco,2024-05-29,12,11.0
San Francisco,2024-05-30,15,12.0
San Francisco,2024-05-31,7,11.0
San Francisco,2024-06-02,1,10.0
San Francisco,2024-06-03,8,10.0
San Francisco,2024-06-04,11,10.0
San Francisco,2024-06-05,11,9.0
San Francisco,2024-06-06,12,9.0
San Francisco,2024-06-07,6,8.0
San Francisco,2024-06-09,1,7.0
San Francisco,2024-06-10,10,8.0
San Francisco,2024-06-11,7,8.0
San Francisco,2024-06-12,8,8.0
San Francisco,2024-06-13,11,8.0
San Francisco,2024-06-14,2,6.0
San Francisco,2024-06-15,1,6.0
San Francisco,2024-06-17,9,7.0
San Francisco,2024-06-18,14,7.0
San Francisco,2024-06-20,13,8.0
San Francisco,2024-06-21,15,9.0
San Francisco,2024-06-23,1,8.0
San Francisco,2024-06-24,4,8.0
San Francisco,2024-06-25,8,9.0
San Francisco,2024-06-26,9,9.0
San Francisco,2024-06-27,14,9.0
San Francisco,2024-06-28,3,8.0
San Francisco,2024-07-01,9,7.0
San Francisco,2024-07-02,12,8.0
San Francisco,2024-07-03,3,8.0
San Francisco,2024-07-05,2,7.0
San Francisco,2024-07-08,10,8.0
San Francisco,2024-07-09,8,7.0
San Francisco,2024-07-10,10,8.0
San Francisco,2024-07-11,13,8.0
San Francisco,2024-07-12,5,7.0
San Francisco,2024-07-15,6,8.0
San Francisco,2024-07-16,9,9.0
San Francisco,2024-07-17,8,8.0
San Francisco,2024-07-18,15,9.0
San Francisco,2024-07-19,5,9.0
San Francisco,2024-07-22,9,8.0
San Francisco,2024-07-23,11,9.0
San Francisco,2024-07-24,12,10.0
San Francisco,2024-07-25,9,10.0
San Francisco,2024-07-26,8,10.0
San Francisco,2024-07-29,9,9.0
San Francisco,2024-07-30,9,10.0
San Francisco,2024-07-31,8,9.0
San Francisco,2024-08-01,16,10.0
San Francisco,2024-08-02,4,9.0
San Francisco,2024-08-03,1,8.0
San Francisco,2024-08-05,1,7.0
San Francisco,2024-08-06,13,7.0
San Francisco,2024-08-07,8,7.0
San Francisco,2024-08-08,16,8.0
San Francisco,2024-08-09,5,7.0
San Francisco,2024-08-10,3,7.0
San Francisco,2024-08-12,3,7.0
San Francisco,2024-08-13,13,9.0
San Francisco,2024-08-14,8,8.0
San Francisco,2024-08-15,10,8.0
San Francisco,2024-08-16,6,7.0
San Francisco,2024-08-19,5,7.0
San Francisco,2024-08-20,9,8.0
San Francisco,2024-08-21,5,8.0
San Francisco,2024-08-22,12,8.0
San Francisco,2024-08-23,7,8.0
San Francisco,2024-08-24,3,7.0
San Francisco,2024-08-25,1,6.0
San Francisco,2024-08-26,5,6.0
San Francisco,2024-08-27,10,6.0
San Francisco,2024-08-28,7,6.0
San Francisco,2024-08-29,6,6.0
San Francisco,2024-08-30,8,6.0
San Francisco,2024-09-02,4,6.0
San Francisco,2024-09-03,8,7.0
San Francisco,2024-09-04,8,7.0
San Francisco,2024-09-05,9,7.0
San Francisco,2024-09-06,3,7.0
San Francisco,2024-09-09,7,7.0
San Francisco,2024-09-10,4,6.0
San Francisco,2024-09-11,10,7.0
San Francisco,2024-09-12,14,8.0
San Francisco,2024-09-13,9,8.0
San Francisco,2024-09-16,6,8.0
San Francisco,2024-09-17,7,8.0
San Francisco,2024-09-18,9,8.0
San Francisco,2024-09-19,14,10.0
San Francisco,2024-09-20,8,10.0
San Francisco,2024-09-22,1,8.0
San Francisco,2024-09-23,5,7.0
San Francisco,2024-09-24,5,7.0
San Francisco,2024-09-25,7,7.0
San Francisco,2024-09-26,8,7.0
San Francisco,2024-09-27,8,6.0
San Francisco,2024-09-30,5,6.0
San Francisco,2024-10-01,7,6.0
San Francisco,2024-10-02,8,7.0
San Francisco,2024-10-03,6,7.0
San Francisco,2024-10-04,6,7.0
San Francisco,2024-10-05,1,6.0
San Francisco,2024-10-06,1,5.0
San Francisco,2024-10-07,2,4.0
San Francisco,2024-10-08,9,5.0
San Francisco,2024-10-09,8,5.0
San Francisco,2024-10-10,12,6.0
San Francisco,2024-10-11,10,6.0
San Francisco,2024-10-15,5,7.0
San Francisco,2024-10-16,11,8.0
San Francisco,2024-10-17,12,10.0
San Francisco,2024-10-18,8,9.0
San Francisco,2024-10-19,1,8.0
San Francisco,2024-10-20,1,7.0
San Francisco,2024-10-21,13,7.0
San Francisco,2024-10-22,14,9.0
San Francisco,2024-10-23,10,8.0
San Francisco,2024-10-24,9,8.0
San Francisco,2024-10-25,5,8.0
San Francisco,2024-10-27,1,8.0
San Francisco,2024-10-28,18,10.0
San Francisco,2024-10-29,12,10.0
San Francisco,2024-10-30,11,9.0
San Francisco,2024-10-31,11,10.0
San Francisco,2024-11-01,6,9.0
San Francisco,2024-11-04,6,9.0
San Francisco,2024-11-05,9,10.0
San Francisco,2024-11-06,5,9.0
San Francisco,2024-11-07,7,8.0
San Francisco,2024-11-08,5,7.0
San Francisco,2024-11-12,9,7.0
San Francisco,2024-11-13,7,7.0
San Francisco,2024-11-14,13,8.0
San Francisco,2024-11-15,7,8.0
San Francisco,2024-11-16,1,7.0
San Francisco,2024-11-18,5,7.0
San Francisco,2024-11-19,9,7.0
San Francisco,2024-11-20,7,7.0
San Francisco,2024-11-21,12,8.0
San Francisco,2024-11-22,2,6.0
San Francisco,2024-11-23,1,5.0
San Francisco,2024-11-24,1,5.0
San Francisco,2024-11-25,5,5.0
San Francisco,2024-11-26,9,5.0
San Francisco,2024-11-27,8,5.0
San Francisco,2024-11-28,1,4.0
San Francisco,2024-11-29,3,4.0
San Francisco,2024-12-02,3,4.0
San Francisco,2024-12-03,8,5.0
San Francisco,2024-12-04,9,6.0
San Francisco,2024-12-05,13,6.0
San Francisco,2024-12-06,4,6.0
San Francisco,2024-12-08,2,6.0
San Francisco,2024-12-09,5,6.0
San Francisco,2024-12-10,14,8.0
San Francisco,2024-12-11,5,7.0
San Francisco,2024-12-12,10,8.0
San Francisco,2024-12-13,4,6.0
San Francisco,2024-12-16,6,7.0
San Francisco,2024-12-17,12,8.0
San Francisco,2024-12-18,10,9.0
San Francisco,2024-12-19,17,9.0
San Francisco,2024-12-20,5,9.0
San Francisco,2024-12-21,1,8.0
San Francisco,2024-12-23,12,9.0
San Francisco,2024-12-24,3,9.0
San Francisco,2024-12-26,14,9.0
San Francisco,2024-12-27,5,8.0
San Francisco,2024-12-28,1,6.0
San Francisco,2024-12-30,11,7.0
San Francisco,2024-12-31,4,7.0
San Francisco,2025-01-01,1,6.0
San Francisco,2025-01-02,9,6.0
San Francisco,2025-01-03,2,5.0
San Francisco,2025-01-06,7,5.0
San Francisco,2025-01-07,8,6.0
San Francisco,2025-01-08,7,5.0
San Francisco,2025-01-09,1,5.0
San Francisco,2025-01-10,7,6.0
San Francisco,2025-01-12,1,5.0
San Francisco,2025-01-13,3,5.0
San Francisco,2025-01-14,10,5.0
San Francisco,2025-01-15,7,5.0
San Francisco,2025-01-16,11,6.0
San Francisco,2025-01-17,8,7.0
San Francisco,2025-01-19,1,6.0
San Francisco,2025-01-21,8,7.0
San Francisco,2025-01-22,10,8.0
San Francisco,2025-01-23,17,9.0
San Francisco,2025-01-24,11,9.0
San Francisco,2025-01-25,5,9.0
San Francisco,2025-01-26,39,13.0
San Francisco,2025-01-27,25,16.0
San Francisco,2025-01-28,27,19.0
San Francisco,2025-01-29,14,20.0
San Francisco,2025-01-30,15,19.0
San Francisco,2025-01-31,10,19.0
San Francisco,2025-02-01,14,21.0
San Francisco,2025-02-02,3,15.0
San Francisco,2025-02-03,13,14.0
San Francisco,2025-02-04,18,12.0
San Francisco,2025-02-05,15,13.0
San Francisco,2025-02-06,13,12.0
San Francisco,2025-02-07,6,12.0
San Francisco,2025-02-08,4,10.0
San Francisco,2025-02-09,3,10.0
San Francisco,2025-02-10,16,11.0
San Francisco,2025-02-11,13,10.0
San Francisco,2025-02-12,18,10.0
San Francisco,2025-02-13,15,11.0
San Francisco,2025-02-14,12,12.0
San Francisco,2025-02-15,3,11.0
San Francisco,2025-02-17,6,12.0
San Francisco,2025-02-18,20,12.0
San Francisco,2025-02-19,10,12.0
San Francisco,2025-02-20,18,12.0
San Francisco,2025-02-21,11,11.0
San Francisco,2025-02-22,7,11.0
San Francisco,2025-02-23,3,11.0
San Francisco,2025-02-24,16,12.0
San Francisco,2025-02-25,9,11.0
San Francisco,2025-02-26,20,12.0
San Francisco,2025-02-27,23,13.0
San Francisco,2025-02-28,12,13.0
San Francisco,2025-03-01,2,12.0
San Francisco,2025-03-02,2,12.0
San Francisco,2025-03-03,15,12.0
San Francisco,2025-03-04,23,14.0
San Francisco,2025-03-05,18,14.0
San Francisco,2025-03-06,27,14.0
San Francisco,2025-03-07,8,14.0
San Francisco,2025-03-09,2,14.0
San Francisco,2025-03-10,15,15.0
San Francisco,2025-03-11,24,17.0
San Francisco,2025-03-12,20,16.0
San Francisco,2025-03-13,18,16.0
San Francisco,2025-03-14,13,14.0
San Francisco,2025-03-16,1,13.0
San Francisco,2025-03-17,17,15.0
San Francisco,2025-03-18,13,15.0
San Francisco,2025-03-19,10,13.0
San Francisco,2025-03-20,24,14.0
San Francisco,2025-03-21,6,12.0
San Francisco,2025-03-22,3,11.0
San Francisco,2025-03-23,1,11.0
San Francisco,2025-03-24,9,9.0
San Francisco,2025-03-25,15,10.0
San Francisco,2025-03-26,22,11.0
San Francisco,2025-03-27,27,12.0
San Francisco,2025-03-28,16,13.0
San Francisco,2025-03-30,1,13.0
San Francisco,2025-03-31,9,14.0
San Francisco,2025-04-01,17,15.0
San Francisco,2025-04-02,12,15.0
San Francisco,2025-04-03,20,15.0
San Francisco,2025-04-04,13,13.0
San Francisco,2025-04-06,1,10.0
San Francisco,2025-04-07,9,12.0
San Francisco,2025-04-08,17,13.0
San Francisco,2025-04-09,18,13.0
San Francisco,2025-04-10,19,14.0
San Francisco,2025-04-11,14,13.0
San Francisco,2025-04-14,8,12.0
San Francisco,2025-04-15,18,15.0
San Francisco,2025-04-16,6,14.0
San Francisco,2025-04-17,13,14.0
San Francisco,2025-04-18,5,12.0
San Francisco,2025-04-20,1,9.0
San Francisco,2025-04-21,2,8.0
San Francisco,2025-04-22,6,7.0
San Francisco,2025-04-23,17,7.0
San Francisco,2025-04-24,17,9.0
San Francisco,2025-04-25,8,8.0
San Francisco,2025-04-26,1,7.0
San Francisco,2025-04-28,12,9.0
San Francisco,2025-04-29,16,11.0
San Francisco,2025-04-30,16,12.0
San Francisco,2025-05-01,17,12.0
San Francisco,2025-05-02,13,12.0
San Francisco,2025-05-03,1,11.0
San Francisco,2025-05-04,2,11.0
San Francisco,2025-05-05,14,11.0
San Francisco,2025-05-06,21,12.0
San Francisco,2025-05-07,19,12.0
San Francisco,2025-05-08,24,13.0
San Francisco,2025-05-09,12,13.0
San Francisco,2025-05-12,19,16.0
San Francisco,2025-05-13,20,18.0
San Francisco,2025-05-14,17,19.0
San Francisco,2025-05-15,16,18.0
San Francisco,2025-05-16,2,16.0
San Francisco,2025-05-18,1,12.0
San Francisco,2025-05-19,15,13.0
San Francisco,2025-05-20,14,12.0
San Francisco,2025-05-21,25,13.0
San Francisco,2025-05-22,21,13.0
San Francisco,2025-05-23,11,13.0
San Francisco,2025-05-24,7,13.0
San Francisco,2025-05-25,6,14.0
San Francisco,2025-05-26,10,13.0
San Francisco,2025-05-27,28,15.0
San Francisco,2025-05-28,13,14.0
San Francisco,2025-05-29,19,13.0
San Francisco,2025-05-30,14,14.0
San Francisco,2025-05-31,5,14.0
San Francisco,2025-06-01,6,14.0
San Francisco,2025-06-02,30,16.0
San Francisco,2025-06-03,65,22.0
San Francisco,2025-06-04,56,28.0
San Francisco,2025-06-05,20,28.0
San Francisco,2025-06-06,19,29.0
San Francisco,2025-06-07,11,30.0
San Francisco,2025-06-08,5,29.0
San Francisco,2025-06-09,18,28.0
San Francisco,2025-06-10,32,23.0
San Francisco,2025-06-11,26,19.0
San Francisco,2025-06-12,32,20.0
San Francisco,2025-06-13,13,20.0
San Francisco,2025-06-14,6,19.0
San Francisco,2025-06-15,6,19.0
San Francisco,2025-06-16,24,20.0
San Francisco,2025-06-17,26,19.0
San Francisco,2025-06-18,29,19.0
San Francisco,2025-06-19,10,16.0
San Francisco,2025-06-20,13,16.0
San Francisco,2025-06-21,5,16.0
San Francisco,2025-06-22,4,16.0
San Francisco,2025-06-23,28,16.0
San Francisco,2025-06-24,35,18.0
San Francisco,2025-06-25,32,18.0
San Francisco,2025-06-26,23,20.0
San Francisco,2025-06-27,20,21.0
San Francisco,2025-06-28,3,21.0
San Francisco,2025-06-29,3,21.0
San Francisco,2025-06-30,25,20.0
San Francisco,2025-07-01,27,19.0
San Francisco,2025-07-02,27,18.0
San Francisco,2025-07-03,22,18.0
San Francisco,2025-07-05,2,16.0
San Francisco,2025-07-06,4,16.0
San Francisco,2025-07-07,20,18.0
San Francisco,2025-07-08,20,17.0
San Francisco,2025-07-09,20,16.0
San Francisco,2025-07-10,30,17.0
San Francisco,2025-07-11,18,16.0
San Francisco,2025-07-12,1,16.0
San Francisco,2025-07-13,3,16.0
San Francisco,2025-07-14,13,15.0
San Francisco,2025-07-15,28,16.0
San Francisco,2025-07-16,21,16.0
San Francisco,2025-07-17,29,16.0
San Francisco,2025-07-18,21,17.0
San Francisco,2025-07-19,5,17.0
San Francisco,2025-07-20,7,18.0
San Francisco,2025-07-21,29,20.0
San Francisco,2025-07-22,24,19.0
San Francisco,2025-07-23,26,20.0
San Francisco,2025-07-24,23,19.0
San Francisco,2025-07-25,24,20.0
San Francisco,2025-07-26,34,24.0
San Francisco,2025-07-27,30,27.0
San Francisco,2025-07-28,29,27.0
San Francisco,2025-07-29,21,27.0
San Francisco,2025-07-30,26,27.0
San Francisco,2025-07-31,28,27.0
San Francisco,2025-08-01,25,28.0
San Francisco,2025-08-02,15,25.0
San Francisco,2025-08-03,10,22.0
San Francisco,2025-08-04,21,21.0
San Francisco,2025-08-05,25,21.0
San Francisco,2025-08-06,13,20.0
San Francisco,2025-08-07,17,18.0
San Francisco,2025-08-08,20,17.0
San Francisco,2025-08-09,4,16.0
San Francisco,2025-08-10,1,14.0
San Francisco,2025-08-11,16,14.0
San Francisco,2025-08-12,24,14.0
San Francisco,2025-08-13,23,15.0
San Francisco,2025-08-14,24,16.0
San Francisco,2025-08-15,21,16.0
San Francisco,2025-08-16,10,17.0
San Francisco,2025-08-17,7,18.0
San Francisco,2025-08-18,23,19.0
San Francisco,2025-08-19,13,17.0
San Francisco,2025-08-20,21,17.0
San Francisco,2025-08-21,12,15.0
San Francisco,2025-08-22,14,14.0
San Francisco,2025-08-23,6,14.0
San Francisco,2025-08-24,6,14.0
San Francisco,2025-08-25,18,13.0
San Francisco,2025-08-26,38,16.0
San Francisco,2025-08-27,22,17.0
San Francisco,2025-08-28,35,20.0
San Francisco,2025-08-29,30,22.0
San Francisco,2025-08-30,5,22.0
San Francisco,2025-08-31,1,21.0
San Francisco,2025-09-01,6,20.0
San Francisco,2025-09-02,28,18.0
San Francisco,2025-09-03,40,21.0
San Francisco,2025-09-04,58,24.0
San Francisco,2025-09-05,28,24.0
San Francisco,2025-09-06,9,24.0
San Francisco,2025-09-07,4,25.0
San Francisco,2025-09-08,26,28.0
San Francisco,2025-09-09,26,27.0
San Francisco,2025-09-10,29,26.0
San Francisco,2025-09-11,30,22.0
San Francisco,2025-09-12,41,24.0
San Francisco,2025-09-13,8,23.0
San Francisco,2025-09-14,4,23.0
San Francisco,2025-09-15,23,23.0
San Francisco,2025-09-16,31,24.0
San Francisco,2025-09-17,38,25.0
San Francisco,2025-09-18,36,26.0
San Francisco,2025-09-19,38,25.0
San Francisco,2025-09-20,10,26.0
San Francisco,2025-09-21,5,26.0
San Francisco,2025-09-22,28,27.0
San Francisco,2025-09-23,43,28.0
San Francisco,2025-09-24,33,28.0
San Francisco,2025-09-25,40,28.0
San Francisco,2025-09-26,30,27.0
San Francisco,2025-09-27,3,26.0
San Francisco,2025-09-28,14,27.0
San Francisco,2025-09-29,25,27.0
San Francisco,2025-09-30,43,27.0
San Francisco,2025-10-01,29,26.0
San Francisco,2025-10-02,53,28.0
San Francisco,2025-10-03,24,27.0
San Francisco,2025-10-04,12,29.0
San Francisco,2025-10-05,1,27.0
San Francisco,2025-10-06,26,27.0
San Francisco,2025-10-07,36,26.0
San Francisco,2025-10-08,41,28.0
San Francisco,2025-10-09,39,26.0
San Francisco,2025-10-10,14,24.0
San Francisco,2025-10-11,1,23.0
San Francisco,2025-10-12,1,23.0
San Francisco,2025-10-13,2,19.0
San Francisco,2025-10-14,32,19.0
San Francisco,2025-10-15,47,19.0
San Francisco,2025-10-16,37,19.0
San Francisco,2025-10-17,20,20.0
San Francisco,2025-10-18,2,20.0
San Francisco,2025-10-20,24,23.0
San Francisco,2025-10-21,22,26.0
San Francisco,2025-10-22,30,26.0
San Francisco,2025-10-23,25,23.0
San Francisco,2025-10-24,17,20.0
San Francisco,2025-10-25,25,21.0
San Francisco,2025-10-26,11,22.0
San Francisco,2025-10-27,18,21.0
San Francisco,2025-10-28,38,23.0
San Francisco,2025-10-29,40,25.0
San Francisco,2025-10-30,46,28.0
San Francisco,2025-10-31,21,28.0
San Francisco,2025-11-01,12,27.0
San Francisco,2025-11-02,6,26.0
San Francisco,2025-11-03,30,28.0
San Francisco,2025-11-04,32,27.0
San Francisco,2025-11-05,60,30.0
San Francisco,2025-11-06,41,29.0
San Francisco,2025-11-07,28,30.0
San Francisco,2025-11-08,19,31.0
San Francisco,2025-11-09,8,31.0
San Francisco,2025-11-10,12,29.0
San Francisco,2025-11-11,11,26.0
San Francisco,2025-11-12,24,20.0
San Francisco,2025-11-13,32,19.0
San Francisco,2025-11-14,32,20.0
San Francisco,2025-11-15,18,20.0
San Francisco,2025-11-16,14,20.0
San Francisco,2025-11-17,27,23.0
San Francisco,2025-11-18,34,26.0
San Francisco,2025-11-19,36,28.0
San Francisco,2025-11-20,32,28.0
San Francisco,2025-11-21,18,26.0
San Francisco,2025-11-22,14,25.0
San Francisco,2025-11-23,10,24.0
San Francisco,2025-11-24,21,24.0
San Francisco,2025-11-25,25,22.0
San Francisco,2025-11-26,15,19.0
San Francisco,2025-11-27,9,16.0
San Francisco,2025-11-28,5,14.0
San Francisco,2025-11-29,7,13.0
San Francisco,2025-11-30,5,12.0
San Francisco,2025-12-01,39,15.0
San Francisco,2025-12-02,49,18.0
San Francisco,2025-12-03,38,22.0
San Francisco,2025-12-04,36,26.0
San Francisco,2025-12-05,27,29.0
San Francisco,2025-12-06,8,29.0
San Francisco,2025-12-07,4,29.0
San Francisco,2025-12-08,41,29.0
San Francisco,2025-12-09,38,27.0
San Francisco,2025-12-10,39,28.0
San Francisco,2025-12-11,33,27.0
San Francisco,2025-12-12,16,26.0
San Francisco,2025-12-13,9,26.0
San Francisco,2025-12-14,8,26.0
San Francisco,2025-12-15,22,24.0
San Francisco,2025-12-16,20,21.0
San Francisco,2025-12-17,21,18.0
San Francisco,2025-12-18,32,18.0
San Francisco,2025-12-19,24,19.0
San Francisco,2025-12-20,7,19.0
San Francisco,2025-12-21,5,19.0
San Francisco,2025-12-22,34,20.0
San Francisco,2025-12-23,25,21.0
San Francisco,2025-12-24,9,19.0
San Francisco,2025-12-25,1,15.0
San Francisco,2025-12-26,14,14.0
San Francisco,2025-12-27,13,14.0
San Francisco,2025-12-28,8,15.0
San Francisco,2025-12-29,22,13.0
San Francisco,2025-12-30,26,13.0
San Francisco,2025-12-31,20,15.0
San Francisco,2026-01-01,7,16.0
San Francisco,2026-01-02,26,17.0
San Francisco,2026-01-03,5,16.0
San Francisco,2026-01-04,4,16.0
San Francisco,2026-01-05,17,15.0
San Francisco,2026-01-06,30,16.0
San Francisco,2026-01-07,22,16.0
San Francisco,2026-01-08,29,19.0
San Francisco,2026-01-09,19,18.0
San Francisco,2026-01-10,9,19.0
San Francisco,2026-01-11,8,19.0
San Francisco,2026-01-12,20,20.0
San Francisco,2026-01-13,21,18.0
San Francisco,2026-01-14,23,18.0
San Francisco,2026-01-15,38,20.0
San Francisco,2026-01-16,21,20.0
San Francisco,2026-01-17,11,20.0
San Francisco,2026-01-18,8,20.0
San Francisco,2026-01-19,17,20.0
San Francisco,2026-01-20,39,22.0
San Francisco,2026-01-21,43,25.0
San Francisco,2026-01-22,24,23.0
San Francisco,2026-01-23,15,22.0
San Francisco,2026-01-24,10,22.0
San Francisco,2026-01-25,13,23.0
San Francisco,2026-01-26,23,24.0
San Francisco,2026-01-27,30,23.0
San Francisco,2026-01-28,26,20.0
San Francisco,2026-01-29,26,20.0
San Francisco,2026-01-30,24,22.0
San Francisco,2026-01-31,8,21.0
San Francisco,2026-02-01,16,22.0
San Francisco,2026-02-02,20,21.0
San Francisco,2026-02-03,27,21.0
San Francisco,2026-02-04,39,23.0
San Francisco,2026-02-05,20,22.0
San Francisco,2026-02-06,18,21.0
San Francisco,2026-02-07,10,21.0
San Francisco,2026-02-08,13,21.0
San Francisco,2026-02-09,25,22.0
San Francisco,2026-02-10,27,22.0
San Francisco,2026-02-11,25,20.0
San Francisco,2026-02-12,28,21.0
San Francisco,2026-02-13,18,21.0
San Francisco,2026-02-14,6,20.0
San Francisco,2026-02-15,8,20.0
San Francisco,2026-02-16,10,17.0
San Francisco,2026-02-17,26,17.0
San Francisco,2026-02-18,24,17.0
San Francisco,2026-02-19,32,18.0
San Francisco,2026-02-20,28,19.0
San Francisco,2026-02-21,4,19.0
San Francisco,2026-02-22,7,19.0
San Francisco,2026-02-23,20,20.0
San Francisco,2026-02-24,24,20.0
San Francisco,2026-02-25,31,21.0
San Francisco,2026-02-26,38,22.0
San Francisco,2026-02-27,18,20.0
San Francisco,2026-02-28,6,21.0
San Francisco,2026-03-01,4,20.0
San Francisco,2026-03-02,30,22.0
San Francisco,2026-03-03,29,22.0
San Francisco,2026-03-04,30,22.0
San Francisco,2026-03-05,31,21.0
San Francisco,2026-03-06,21,22.0
San Francisco,2026-03-07,4,21.0
San Francisco,2026-03-08,3,21.0
San Francisco,2026-03-09,33,22.0
San Francisco,2026-03-10,33,22.0
Seattle,2022-10-01,1,18.0
Seattle,2022-10-02,1,14.0
Seattle,2022-10-03,9,12.0
Seattle,2022-10-04,11,13.0
Seattle,2022-10-05,13,14.0
Seattle,2022-10-06,6,11.0
Seattle,2022-10-07,9,7.0
Seattle,2022-10-08,1,7.0
Seattle,2022-10-09,1,7.0
Seattle,2022-10-10,1,6.0
Seattle,2022-10-11,11,6.0
Seattle,2022-10-12,10,6.0
Seattle,2022-10-13,16,7.0
Seattle,2022-10-14,10,7.0
Seattle,2022-10-16,1,7.0
Seattle,2022-10-17,16,9.0
Seattle,2022-10-18,22,12.0
Seattle,2022-10-19,15,13.0
Seattle,2022-10-20,10,13.0
Seattle,2022-10-21,11,12.0
Seattle,2022-10-22,3,11.0
Seattle,2022-10-23,1,11.0
Seattle,2022-10-24,9,10.0
Seattle,2022-10-25,14,9.0
Seattle,2022-10-26,19,10.0
Seattle,2022-10-27,14,10.0
Seattle,2022-10-28,15,11.0
Seattle,2022-10-30,1,10.0
Seattle,2022-10-31,19,13.0
Seattle,2022-11-01,13,14.0
Seattle,2022-11-02,15,14.0
Seattle,2022-11-03,18,14.0
Seattle,2022-11-04,12,13.0
Seattle,2022-11-07,15,13.0
Seattle,2022-11-08,17,16.0
Seattle,2022-11-09,16,15.0
Seattle,2022-11-10,14,15.0
Seattle,2022-11-14,11,15.0
Seattle,2022-11-15,20,15.0
Seattle,2022-11-16,16,16.0
Seattle,2022-11-17,11,15.0
Seattle,2022-11-18,11,14.0
Seattle,2022-11-19,1,12.0
Seattle,2022-11-21,10,11.0
Seattle,2022-11-22,18,12.0
Seattle,2022-11-23,14,12.0
Seattle,2022-11-25,2,10.0
Seattle,2022-11-28,12,10.0
Seattle,2022-11-29,18,11.0
Seattle,2022-11-30,14,13.0
Seattle,2022-12-01,13,13.0
Seattle,2022-12-02,13,12.0
Seattle,2022-12-05,14,12.0
Seattle,2022-12-06,10,13.0
Seattle,2022-12-07,13,14.0
Seattle,2022-12-08,21,14.0
Seattle,2022-12-09,17,14.0
Seattle,2022-12-12,17,15.0
Seattle,2022-12-13,11,15.0
Seattle,2022-12-14,19,15.0
Seattle,2022-12-15,12,16.0
Seattle,2022-12-16,8,15.0
Seattle,2022-12-17,1,12.0
Seattle,2022-12-19,4,10.0
Seattle,2022-12-20,9,9.0
Seattle,2022-12-21,9,9.0
Seattle,2022-12-22,2,6.0
Seattle,2022-12-25,1,5.0
Seattle,2022-12-27,8,5.0
Seattle,2022-12-28,9,6.0
Seattle,2022-12-29,9,7.0
Seattle,2022-12-30,1,6.0
Seattle,2022-12-31,2,5.0
Seattle,2023-01-03,14,6.0
Seattle,2023-01-04,17,9.0
Seattle,2023-01-05,16,10.0
Seattle,2023-01-06,12,10.0
Seattle,2023-01-07,51,16.0
Seattle,2023-01-09,14,18.0
Seattle,2023-01-10,20,21.0
Seattle,2023-01-11,18,21.0
Seattle,2023-01-12,16,21.0
Seattle,2023-01-13,11,20.0
Seattle,2023-01-14,47,25.0
Seattle,2023-01-17,24,21.0
Seattle,2023-01-18,22,23.0
Seattle,2023-01-19,11,21.0
Seattle,2023-01-20,6,20.0
Seattle,2023-01-22,1,17.0
Seattle,2023-01-23,17,18.0
Seattle,2023-01-24,10,13.0
Seattle,2023-01-25,16,12.0
Seattle,2023-01-26,12,10.0
Seattle,2023-01-27,9,10.0
Seattle,2023-01-30,12,11.0
Seattle,2023-01-31,12,13.0
Seattle,2023-02-01,25,14.0
Seattle,2023-02-02,18,15.0
Seattle,2023-02-03,11,14.0
Seattle,2023-02-04,29,17.0
Seattle,2023-02-06,26,19.0
Seattle,2023-02-07,21,20.0
Seattle,2023-02-08,15,21.0
Seattle,2023-02-09,11,19.0
Seattle,2023-02-10,12,18.0
Seattle,2023-02-13,25,20.0
Seattle,2023-02-14,21,19.0
Seattle,2023-02-15,10,16.0
Seattle,2023-02-16,13,15.0
Seattle,2023-02-17,11,15.0
Seattle,2023-02-18,31,18.0
Seattle,2023-02-21,19,19.0
Seattle,2023-02-22,26,19.0
Seattle,2023-02-23,13,18.0
Seattle,2023-02-24,3,17.0
Seattle,2023-02-27,5,15.0
Seattle,2023-02-28,11,15.0
Seattle,2023-03-01,5,12.0
Seattle,2023-03-02,18,12.0
Seattle,2023-03-03,6,9.0
Seattle,2023-03-05,1,7.0
Seattle,2023-03-06,12,8.0
Seattle,2023-03-07,13,9.0
Seattle,2023-03-08,11,9.0
Seattle,2023-03-09,19,11.0
Seattle,2023-03-10,15,11.0
Seattle,2023-03-13,11,12.0
Seattle,2023-03-14,20,14.0
Seattle,2023-03-15,17,15.0
Seattle,2023-03-16,13,15.0
Seattle,2023-03-17,10,15.0
Seattle,2023-03-18,16,15.0
Seattle,2023-03-20,10,14.0
Seattle,2023-03-21,19,15.0
Seattle,2023-03-22,9,13.0
Seattle,2023-03-23,12,13.0
Seattle,2023-03-24,9,12.0
Seattle,2023-03-25,69,21.0
Seattle,2023-03-27,15,20.0
Seattle,2023-03-28,20,22.0
Seattle,2023-03-29,21,22.0
Seattle,2023-03-30,13,23.0
Seattle,2023-03-31,13,23.0
Seattle,2023-04-03,8,23.0
Seattle,2023-04-04,14,15.0
Seattle,2023-04-05,12,14.0
Seattle,2023-04-06,14,14.0
Seattle,2023-04-07,8,12.0
Seattle,2023-04-08,58,18.0
Seattle,2023-04-10,7,17.0
Seattle,2023-04-11,14,18.0
Seattle,2023-04-12,9,17.0
Seattle,2023-04-13,11,17.0
Seattle,2023-04-14,11,17.0
Seattle,2023-04-17,13,18.0
Seattle,2023-04-18,11,11.0
Seattle,2023-04-19,9,11.0
Seattle,2023-04-20,12,11.0
Seattle,2023-04-21,7,11.0
Seattle,2023-04-22,53,17.0
Seattle,2023-04-24,12,17.0
Seattle,2023-04-25,7,16.0
Seattle,2023-04-26,15,16.0
Seattle,2023-04-27,12,17.0
Seattle,2023-04-28,8,16.0
Seattle,2023-04-29,39,21.0
Seattle,2023-04-30,1,13.0
Seattle,2023-05-01,17,14.0
Seattle,2023-05-02,12,15.0
Seattle,2023-05-03,10,14.0
Seattle,2023-05-04,11,14.0
Seattle,2023-05-05,13,15.0
Seattle,2023-05-07,1,9.0
Seattle,2023-05-08,18,12.0
Seattle,2023-05-09,14,11.0
Seattle,2023-05-10,17,12.0
Seattle,2023-05-11,15,13.0
Seattle,2023-05-12,4,12.0
Seattle,2023-05-13,10,11.0
Seattle,2023-05-14,2,11.0
Seattle,2023-05-15,14,11.0
Seattle,2023-05-16,7,10.0
Seattle,2023-05-17,13,9.0
Seattle,2023-05-18,13,9.0
Seattle,2023-05-19,14,10.0
Seattle,2023-05-22,12,11.0
Seattle,2023-05-23,11,12.0
Seattle,2023-05-24,12,12.0
Seattle,2023-05-25,10,12.0
Seattle,2023-05-26,10,12.0
Seattle,2023-05-30,14,12.0
Seattle,2023-05-31,9,11.0
Seattle,2023-06-01,7,10.0
Seattle,2023-06-02,11,10.0
Seattle,2023-06-05,16,11.0
Seattle,2023-06-06,11,11.0
Seattle,2023-06-07,15,12.0
Seattle,2023-06-08,18,12.0
Seattle,2023-06-09,20,14.0
Seattle,2023-06-10,23,16.0
Seattle,2023-06-12,6,16.0
Seattle,2023-06-13,6,14.0
Seattle,2023-06-14,11,14.0
Seattle,2023-06-15,22,15.0
Seattle,2023-06-16,11,14.0
Seattle,2023-06-17,29,15.0
Seattle,2023-06-20,9,13.0
Seattle,2023-06-21,10,14.0
Seattle,2023-06-22,11,15.0
Seattle,2023-06-23,12,15.0
Seattle,2023-06-26,7,13.0
Seattle,2023-06-27,8,12.0
Seattle,2023-06-28,12,10.0
Seattle,2023-06-29,9,10.0
Seattle,2023-06-30,8,10.0
Seattle,2023-07-02,1,8.0
Seattle,2023-07-03,19,9.0
Seattle,2023-07-05,8,9.0
Seattle,2023-07-06,17,11.0
Seattle,2023-07-07,10,10.0
Seattle,2023-07-08,8,10.0
Seattle,2023-07-10,4,10.0
Seattle,2023-07-11,8,11.0
Seattle,2023-07-12,24,11.0
Seattle,2023-07-13,16,12.0
Seattle,2023-07-14,10,11.0
Seattle,2023-07-15,10,11.0
Seattle,2023-07-17,4,11.0
Seattle,2023-07-18,15,12.0
Seattle,2023-07-19,19,14.0
Seattle,2023-07-20,11,12.0
Seattle,2023-07-21,7,11.0
Seattle,2023-07-24,7,10.0
Seattle,2023-07-25,15,11.0
Seattle,2023-07-26,7,12.0
Seattle,2023-07-27,4,10.0
Seattle,2023-07-28,11,9.0
Seattle,2023-07-31,19,10.0
Seattle,2023-08-01,9,10.0
Seattle,2023-08-02,10,11.0
Seattle,2023-08-03,6,9.0
Seattle,2023-08-04,7,9.0
Seattle,2023-08-05,8,10.0
Seattle,2023-08-07,9,10.0
Seattle,2023-08-08,14,9.0
Seattle,2023-08-09,20,11.0
Seattle,2023-08-10,16,11.0
Seattle,2023-08-11,17,13.0
Seattle,2023-08-14,19,15.0
Seattle,2023-08-15,7,15.0
Seattle,2023-08-16,5,14.0
Seattle,2023-08-17,16,14.0
Seattle,2023-08-18,6,12.0
Seattle,2023-08-21,2,10.0
Seattle,2023-08-22,8,9.0
Seattle,2023-08-23,12,8.0
Seattle,2023-08-24,7,8.0
Seattle,2023-08-25,15,9.0
Seattle,2023-08-27,1,7.0
Seattle,2023-08-28,6,7.0
Seattle,2023-08-29,4,8.0
Seattle,2023-08-30,21,9.0
Seattle,2023-08-31,9,9.0
Seattle,2023-09-01,9,9.0
Seattle,2023-09-04,1,7.0
Seattle,2023-09-05,13,9.0
Seattle,2023-09-06,12,10.0
Seattle,2023-09-07,8,10.0
Seattle,2023-09-08,13,9.0
Seattle,2023-09-09,1,8.0
Seattle,2023-09-11,6,8.0
Seattle,2023-09-12,6,8.0
Seattle,2023-09-13,26,10.0
Seattle,2023-09-14,13,10.0
Seattle,2023-09-15,15,11.0
Seattle,2023-09-16,16,12.0
Seattle,2023-09-17,1,12.0
Seattle,2023-09-18,14,13.0
Seattle,2023-09-19,9,13.0
Seattle,2023-09-20,14,12.0
Seattle,2023-09-21,8,11.0
Seattle,2023-09-22,18,11.0
Seattle,2023-09-23,1,9.0
Seattle,2023-09-24,1,9.0
Seattle,2023-09-25,4,8.0
Seattle,2023-09-26,5,7.0
Seattle,2023-09-27,14,7.0
Seattle,2023-09-28,6,7.0
Seattle,2023-09-29,1,5.0
Seattle,2023-09-30,13,6.0
Seattle,2023-10-02,3,7.0
Seattle,2023-10-03,8,7.0
Seattle,2023-10-04,12,8.0
Seattle,2023-10-05,5,7.0
Seattle,2023-10-06,11,8.0
Seattle,2023-10-07,1,8.0
Seattle,2023-10-10,7,7.0
Seattle,2023-10-11,12,8.0
Seattle,2023-10-12,10,8.0
Seattle,2023-10-13,5,7.0
Seattle,2023-10-14,18,9.0
Seattle,2023-10-15,6,8.0
Seattle,2023-10-16,9,10.0
Seattle,2023-10-17,5,9.0
Seattle,2023-10-18,4,8.0
Seattle,2023-10-19,2,7.0
Seattle,2023-10-20,8,7.0
Seattle,2023-10-21,2,5.0
Seattle,2023-10-23,10,6.0
Seattle,2023-10-24,6,5.0
Seattle,2023-10-25,4,5.0
Seattle,2023-10-26,10,6.0
Seattle,2023-10-27,6,7.0
Seattle,2023-10-29,1,6.0
Seattle,2023-10-30,6,6.0
Seattle,2023-10-31,6,6.0
Seattle,2023-11-01,11,6.0
Seattle,2023-11-02,26,9.0
Seattle,2023-11-03,6,9.0
Seattle,2023-11-06,7,9.0
Seattle,2023-11-07,4,9.0
Seattle,2023-11-08,7,10.0
Seattle,2023-11-09,5,9.0
Seattle,2023-11-10,3,8.0
Seattle,2023-11-11,1,5.0
Seattle,2023-11-13,5,5.0
Seattle,2023-11-14,4,4.0
Seattle,2023-11-15,8,5.0
Seattle,2023-11-16,14,6.0
Seattle,2023-11-17,7,6.0
Seattle,2023-11-20,8,7.0
Seattle,2023-11-21,5,7.0
Seattle,2023-11-22,8,8.0
Seattle,2023-11-24,4,8.0
Seattle,2023-11-25,1,7.0
Seattle,2023-11-27,10,6.0
Seattle,2023-11-28,9,6.0
Seattle,2023-11-29,8,6.0
Seattle,2023-11-30,15,8.0
Seattle,2023-12-01,18,9.0
Seattle,2023-12-02,12,10.0
Seattle,2023-12-03,1,10.0
Seattle,2023-12-04,10,10.0
Seattle,2023-12-05,9,10.0
Seattle,2023-12-06,17,12.0
Seattle,2023-12-07,12,11.0
Seattle,2023-12-08,7,10.0
Seattle,2023-12-09,13,10.0
Seattle,2023-12-10,1,10.0
Seattle,2023-12-11,9,10.0
Seattle,2023-12-12,8,10.0
Seattle,2023-12-13,8,8.0
Seattle,2023-12-14,5,7.0
Seattle,2023-12-15,8,7.0
Seattle,2023-12-16,2,6.0
Seattle,2023-12-17,3,6.0
Seattle,2023-12-18,7,6.0
Seattle,2023-12-19,4,5.0
Seattle,2023-12-20,6,5.0
Seattle,2023-12-21,8,5.0
Seattle,2023-12-22,3,5.0
Seattle,2023-12-24,1,5.0
Seattle,2023-12-25,3,5.0
Seattle,2023-12-26,2,4.0
Seattle,2023-12-27,2,4.0
Seattle,2023-12-28,1,3.0
Seattle,2023-12-29,3,2.0
Seattle,2024-01-02,4,2.0
Seattle,2024-01-03,14,4.0
Seattle,2024-01-04,6,5.0
Seattle,2024-01-05,9,6.0
Seattle,2024-01-06,3,6.0
Seattle,2024-01-07,3,6.0
Seattle,2024-01-08,12,7.0
Seattle,2024-01-09,2,7.0
Seattle,2024-01-10,11,7.0
Seattle,2024-01-11,3,6.0
Seattle,2024-01-12,7,6.0
Seattle,2024-01-14,1,6.0
Seattle,2024-01-15,6,6.0
Seattle,2024-01-16,12,6.0
Seattle,2024-01-17,3,6.0
Seattle,2024-01-18,8,6.0
Seattle,2024-01-19,3,6.0
Seattle,2024-01-20,2,5.0
Seattle,2024-01-21,2,5.0
Seattle,2024-01-22,7,5.0
Seattle,2024-01-23,10,5.0
Seattle,2024-01-24,9,6.0
Seattle,2024-01-25,5,5.0
Seattle,2024-01-26,11,7.0
Seattle,2024-01-27,4,7.0
Seattle,2024-01-29,7,8.0
Seattle,2024-01-30,12,8.0
Seattle,2024-01-31,9,8.0
Seattle,2024-02-01,14,9.0
Seattle,2024-02-02,11,10.0
Seattle,2024-02-03,3,9.0
Seattle,2024-02-04,3,8.0
Seattle,2024-02-05,16,10.0
Seattle,2024-02-06,9,9.0
Seattle,2024-02-07,11,10.0
Seattle,2024-02-08,15,10.0
Seattle,2024-02-09,7,9.0
Seattle,2024-02-10,3,9.0
Seattle,2024-02-12,4,9.0
Seattle,2024-02-13,22,10.0
Seattle,2024-02-14,7,10.0
Seattle,2024-02-15,2,9.0
Seattle,2024-02-16,4,7.0
Seattle,2024-02-17,5,7.0
Seattle,2024-02-18,2,7.0
Seattle,2024-02-19,1,6.0
Seattle,2024-02-20,10,4.0
Seattle,2024-02-21,10,5.0
Seattle,2024-02-22,11,6.0
Seattle,2024-02-23,9,7.0
Seattle,2024-02-24,3,7.0
Seattle,2024-02-25,1,6.0
Seattle,2024-02-26,7,7.0
Seattle,2024-02-27,11,7.0
Seattle,2024-02-28,6,7.0
Seattle,2024-02-29,9,7.0
Seattle,2024-03-01,4,6.0
Seattle,2024-03-02,15,8.0
Seattle,2024-03-04,6,8.0
Seattle,2024-03-05,5,8.0
Seattle,2024-03-06,13,8.0
Seattle,2024-03-07,7,8.0
Seattle,2024-03-08,5,8.0
Seattle,2024-03-09,1,7.0
Seattle,2024-03-11,16,8.0
Seattle,2024-03-12,11,8.0
Seattle,2024-03-13,11,9.0
Seattle,2024-03-14,12,9.0
Seattle,2024-03-15,12,10.0
Seattle,2024-03-18,6,10.0
Seattle,2024-03-19,24,13.0
Seattle,2024-03-20,4,11.0
Seattle,2024-03-21,7,11.0
Seattle,2024-03-22,5,10.0
Seattle,2024-03-23,3,9.0
Seattle,2024-03-25,6,8.0
Seattle,2024-03-26,12,9.0
Seattle,2024-03-27,3,6.0
Seattle,2024-03-28,4,6.0
Seattle,2024-03-29,1,5.0
Seattle,2024-03-30,3,5.0
Seattle,2024-03-31,3,5.0
Seattle,2024-04-01,7,5.0
Seattle,2024-04-02,6,4.0
Seattle,2024-04-03,8,5.0
Seattle,2024-04-04,10,5.0
Seattle,2024-04-05,7,6.0
Seattle,2024-04-06,9,7.0
Seattle,2024-04-08,5,7.0
Seattle,2024-04-09,6,7.0
Seattle,2024-04-10,3,7.0
Seattle,2024-04-11,11,7.0
Seattle,2024-04-12,12,8.0
Seattle,2024-04-13,3,7.0
Seattle,2024-04-15,5,6.0
Seattle,2024-04-16,14,8.0
Seattle,2024-04-17,10,8.0
Seattle,2024-04-18,8,9.0
Seattle,2024-04-19,2,8.0
Seattle,2024-04-20,1,6.0
Seattle,2024-04-21,2,6.0
Seattle,2024-04-22,11,7.0
Seattle,2024-04-23,16,7.0
Seattle,2024-04-24,12,7.0
Seattle,2024-04-25,19,9.0
Seattle,2024-04-26,3,9.0
Seattle,2024-04-27,6,10.0
Seattle,2024-04-28,1,10.0
Seattle,2024-04-29,9,9.0
Seattle,2024-04-30,6,8.0
Seattle,2024-05-01,11,8.0
Seattle,2024-05-02,8,6.0
Seattle,2024-05-03,5,7.0
Seattle,2024-05-06,20,9.0
Seattle,2024-05-07,6,9.0
Seattle,2024-05-08,5,9.0
Seattle,2024-05-09,4,8.0
Seattle,2024-05-10,6,8.0
Seattle,2024-05-13,6,7.0
Seattle,2024-05-14,16,9.0
Seattle,2024-05-15,5,7.0
Seattle,2024-05-16,4,7.0
Seattle,2024-05-17,5,7.0
Seattle,2024-05-20,4,7.0
Seattle,2024-05-21,5,6.0
Seattle,2024-05-22,11,7.0
Seattle,2024-05-23,4,5.0
Seattle,2024-05-24,2,5.0
Seattle,2024-05-28,6,5.0
Seattle,2024-05-29,12,6.0
Seattle,2024-05-30,6,7.0
Seattle,2024-06-01,1,6.0
Seattle,2024-06-02,1,5.0
Seattle,2024-06-03,3,4.0
Seattle,2024-06-04,4,5.0
Seattle,2024-06-05,5,5.0
Seattle,2024-06-06,2,3.0
Seattle,2024-06-07,9,4.0
Seattle,2024-06-10,7,4.0
Seattle,2024-06-11,10,6.0
Seattle,2024-06-12,3,6.0
Seattle,2024-06-13,3,6.0
Seattle,2024-06-14,3,5.0
Seattle,2024-06-16,1,5.0
Seattle,2024-06-17,6,5.0
Seattle,2024-06-18,7,5.0
Seattle,2024-06-20,4,4.0
Seattle,2024-06-21,3,4.0
Seattle,2024-06-24,5,4.0
Seattle,2024-06-25,2,4.0
Seattle,2024-06-26,12,6.0
Seattle,2024-06-27,2,5.0
Seattle,2024-06-28,3,4.0
Seattle,2024-07-01,7,5.0
Seattle,2024-07-02,9,6.0
Seattle,2024-07-03,5,6.0
Seattle,2024-07-05,4,6.0
Seattle,2024-07-08,5,5.0
Seattle,2024-07-09,2,5.0
Seattle,2024-07-10,7,6.0
Seattle,2024-07-11,6,5.0
Seattle,2024-07-12,6,5.0
Seattle,2024-07-15,6,5.0
Seattle,2024-07-16,6,5.0
Seattle,2024-07-17,4,5.0
Seattle,2024-07-18,3,5.0
Seattle,2024-07-19,9,6.0
Seattle,2024-07-21,1,5.0
Seattle,2024-07-22,10,6.0
Seattle,2024-07-23,8,6.0
Seattle,2024-07-24,9,6.0
Seattle,2024-07-25,7,7.0
Seattle,2024-07-26,7,7.0
Seattle,2024-07-29,7,7.0
Seattle,2024-07-30,2,7.0
Seattle,2024-07-31,4,6.0
Seattle,2024-08-01,2,5.0
Seattle,2024-08-02,1,4.0
Seattle,2024-08-04,2,4.0
Seattle,2024-08-05,5,3.0
Seattle,2024-08-06,3,3.0
Seattle,2024-08-07,7,3.0
Seattle,2024-08-08,2,3.0
Seattle,2024-08-09,5,4.0
Seattle,2024-08-12,2,4.0
Seattle,2024-08-13,2,4.0
Seattle,2024-08-14,5,4.0
Seattle,2024-08-15,3,4.0
Seattle,2024-08-16,5,3.0
Seattle,2024-08-19,7,4.0
Seattle,2024-08-20,5,4.0
Seattle,2024-08-21,3,4.0
Seattle,2024-08-22,4,5.0
Seattle,2024-08-26,6,5.0
Seattle,2024-08-27,3,5.0
Seattle,2024-08-28,24,7.0
Seattle,2024-08-29,4,7.0
Seattle,2024-08-30,2,7.0
Seattle,2024-09-01,1,6.0
Seattle,2024-09-03,25,9.0
Seattle,2024-09-04,5,9.0
Seattle,2024-09-05,4,9.0
Seattle,2024-09-06,5,7.0
Seattle,2024-09-09,13,8.0
Seattle,2024-09-10,1,8.0
Seattle,2024-09-11,6,8.0
Seattle,2024-09-12,2,5.0
Seattle,2024-09-13,4,5.0
Seattle,2024-09-16,1,5.0
Seattle,2024-09-17,12,6.0
Seattle,2024-09-18,3,4.0
Seattle,2024-09-19,6,5.0
Seattle,2024-09-20,6,5.0
Seattle,2024-09-21,1,5.0
Seattle,2024-09-23,3,5.0
Seattle,2024-09-24,1,5.0
Seattle,2024-09-25,3,3.0
Seattle,2024-09-26,1,3.0
Seattle,2024-09-27,3,3.0
Seattle,2024-09-30,6,3.0
Seattle,2024-10-01,2,3.0
Seattle,2024-10-02,2,3.0
Seattle,2024-10-03,2,3.0
Seattle,2024-10-04,3,3.0
Seattle,2024-10-07,3,3.0
Seattle,2024-10-08,3,3.0
Seattle,2024-10-09,2,2.0
Seattle,2024-10-10,6,3.0
Seattle,2024-10-11,5,3.0
Seattle,2024-10-15,4,4.0
Seattle,2024-10-16,6,4.0
Seattle,2024-10-17,2,4.0
Seattle,2024-10-18,1,4.0
Seattle,2024-10-20,2,4.0
Seattle,2024-10-21,4,3.0
Seattle,2024-10-22,2,3.0
Seattle,2024-10-23,5,3.0
Seattle,2024-10-24,2,3.0
Seattle,2024-10-25,4,3.0
Seattle,2024-10-26,1,3.0
Seattle,2024-10-28,5,3.0
Seattle,2024-10-29,8,4.0
Seattle,2024-10-30,2,4.0
Seattle,2024-10-31,5,4.0
Seattle,2024-11-01,3,4.0
Seattle,2024-11-04,6,4.0
Seattle,2024-11-05,5,5.0
Seattle,2024-11-06,3,5.0
Seattle,2024-11-07,2,4.0
Seattle,2024-11-08,2,4.0
Seattle,2024-11-09,1,3.0
Seattle,2024-11-12,6,4.0
Seattle,2024-11-13,6,4.0
Seattle,2024-11-14,6,4.0
Seattle,2024-11-15,4,4.0
Seattle,2024-11-18,1,4.0
Seattle,2024-11-19,2,4.0
Seattle,2024-11-21,1,4.0
Seattle,2024-11-22,2,3.0
Seattle,2024-11-25,7,3.0
Seattle,2024-11-26,3,3.0
Seattle,2024-11-29,4,3.0
Seattle,2024-12-02,5,3.0
Seattle,2024-12-03,5,4.0
Seattle,2024-12-04,7,5.0
Seattle,2024-12-05,4,5.0
Seattle,2024-12-06,3,4.0
Seattle,2024-12-08,1,4.0
Seattle,2024-12-09,4,4.0
Seattle,2024-12-10,2,4.0
Seattle,2024-12-11,3,3.0
Seattle,2024-12-12,1,3.0
Seattle,2024-12-13,5,3.0
Seattle,2024-12-16,2,3.0
Seattle,2024-12-17,7,3.0
Seattle,2024-12-18,6,4.0
Seattle,2024-12-20,5,4.0
Seattle,2024-12-23,2,4.0
Seattle,2024-12-25,1,4.0
Seattle,2024-12-26,1,3.0
Seattle,2024-12-27,2,3.0
Seattle,2024-12-30,1,3.0
Seattle,2024-12-31,1,2.0
Seattle,2025-01-02,1,1.0
Seattle,2025-01-03,4,2.0
Seattle,2025-01-06,6,2.0
Seattle,2025-01-07,1,2.0
Seattle,2025-01-08,6,3.0
Seattle,2025-01-10,3,3.0
Seattle,2025-01-13,6,4.0
Seattle,2025-01-14,6,5.0
Seattle,2025-01-15,4,5.0
Seattle,2025-01-16,4,4.0
Seattle,2025-01-17,2,4.0
Seattle,2025-01-19,1,4.0
Seattle,2025-01-21,5,4.0
Seattle,2025-01-22,1,3.0
Seattle,2025-01-23,4,3.0
Seattle,2025-01-24,4,3.0
Seattle,2025-01-25,1,3.0
Seattle,2025-01-26,40,8.0
Seattle,2025-01-27,15,10.0
Seattle,2025-01-28,15,11.0
Seattle,2025-01-29,16,14.0
Seattle,2025-01-30,10,14.0
Seattle,2025-01-31,13,16.0
Seattle,2025-02-01,12,17.0
Seattle,2025-02-02,8,13.0
Seattle,2025-02-03,12,12.0
Seattle,2025-02-04,11,12.0
Seattle,2025-02-05,8,11.0
Seattle,2025-02-06,9,10.0
Seattle,2025-02-07,5,9.0
Seattle,2025-02-08,3,8.0
Seattle,2025-02-10,7,8.0
Seattle,2025-02-11,9,7.0
Seattle,2025-02-12,3,6.0
Seattle,2025-02-13,5,6.0
Seattle,2025-02-14,6,5.0
Seattle,2025-02-15,2,5.0
Seattle,2025-02-16,2,5.0
Seattle,2025-02-17,2,4.0
Seattle,2025-02-18,8,4.0
Seattle,2025-02-19,9,5.0
Seattle,2025-02-20,5,5.0
Seattle,2025-02-21,13,6.0
Seattle,2025-02-22,3,6.0
Seattle,2025-02-24,10,7.0
Seattle,2025-02-25,12,9.0
Seattle,2025-02-26,7,8.0
Seattle,2025-02-27,18,10.0
Seattle,2025-02-28,6,10.0
Seattle,2025-03-01,4,9.0
Seattle,2025-03-02,3,9.0
Seattle,2025-03-03,7,8.0
Seattle,2025-03-04,8,8.0
Seattle,2025-03-05,5,7.0
Seattle,2025-03-06,8,6.0
Seattle,2025-03-07,3,5.0
Seattle,2025-03-08,3,5.0
Seattle,2025-03-10,9,6.0
Seattle,2025-03-11,8,6.0
Seattle,2025-03-12,5,6.0
Seattle,2025-03-13,3,6.0
Seattle,2025-03-14,8,6.0
Seattle,2025-03-15,1,5.0
Seattle,2025-03-17,4,5.0
Seattle,2025-03-18,5,5.0
Seattle,2025-03-19,11,5.0
Seattle,2025-03-20,3,5.0
Seattle,2025-03-21,6,5.0
Seattle,2025-03-22,1,4.0
Seattle,2025-03-23,3,5.0
Seattle,2025-03-24,8,5.0
Seattle,2025-03-25,11,6.0
Seattle,2025-03-26,7,6.0
Seattle,2025-03-27,3,6.0
Seattle,2025-03-28,9,6.0
Seattle,2025-03-29,3,6.0
Seattle,2025-03-30,1,6.0
Seattle,2025-03-31,6,6.0
Seattle,2025-04-01,5,5.0
Seattle,2025-04-02,19,7.0
Seattle,2025-04-03,4,7.0
Seattle,2025-04-04,6,6.0
Seattle,2025-04-05,2,6.0
Seattle,2025-04-06,2,6.0
Seattle,2025-04-07,3,6.0
Seattle,2025-04-08,6,6.0
Seattle,2025-04-09,1,3.0
Seattle,2025-04-10,9,4.0
Seattle,2025-04-11,2,4.0
Seattle,2025-04-13,1,3.0
Seattle,2025-04-14,5,4.0
Seattle,2025-04-15,3,4.0
Seattle,2025-04-16,6,4.0
Seattle,2025-04-17,8,5.0
Seattle,2025-04-18,11,5.0
Seattle,2025-04-19,2,5.0
Seattle,2025-04-21,7,6.0
Seattle,2025-04-22,4,6.0
Seattle,2025-04-23,10,7.0
Seattle,2025-04-24,5,7.0
Seattle,2025-04-25,5,6.0
Seattle,2025-04-26,1,5.0
Seattle,2025-04-27,2,5.0
Seattle,2025-04-28,9,5.0
Seattle,2025-04-29,3,5.0
Seattle,2025-04-30,8,5.0
Seattle,2025-05-01,5,5.0
Seattle,2025-05-02,10,5.0
Seattle,2025-05-05,1,5.0
Seattle,2025-05-06,8,6.0
Seattle,2025-05-07,4,6.0
Seattle,2025-05-08,7,6.0
Seattle,2025-05-09,4,6.0
Seattle,2025-05-10,6,6.0
Seattle,2025-05-11,1,4.0
Seattle,2025-05-12,5,5.0
Seattle,2025-05-13,4,4.0
Seattle,2025-05-14,5,5.0
Seattle,2025-05-15,9,5.0
Seattle,2025-05-16,5,5.0
Seattle,2025-05-17,2,4.0
Seattle,2025-05-18,8,5.0
Seattle,2025-05-19,12,6.0
Seattle,2025-05-20,39,11.0
Seattle,2025-05-21,10,12.0
Seattle,2025-05-22,12,13.0
Seattle,2025-05-23,10,13.0
Seattle,2025-05-24,3,13.0
Seattle,2025-05-25,3,13.0
Seattle,2025-05-26,1,11.0
Seattle,2025-05-27,10,7.0
Seattle,2025-05-28,12,7.0
Seattle,2025-05-29,16,8.0
Seattle,2025-05-30,13,8.0
Seattle,2025-05-31,4,8.0
Seattle,2025-06-01,4,9.0
Seattle,2025-06-02,15,11.0
Seattle,2025-06-03,48,16.0
Seattle,2025-06-04,56,22.0
Seattle,2025-06-05,33,25.0
Seattle,2025-06-06,3,23.0
Seattle,2025-06-07,5,23.0
Seattle,2025-06-08,5,24.0
Seattle,2025-06-09,15,24.0
Seattle,2025-06-10,35,22.0
Seattle,2025-06-11,43,20.0
Seattle,2025-06-12,26,19.0
Seattle,2025-06-13,8,20.0
Seattle,2025-06-14,4,19.0
Seattle,2025-06-15,2,19.0
Seattle,2025-06-16,13,19.0
Seattle,2025-06-17,16,16.0
Seattle,2025-06-18,15,12.0
Seattle,2025-06-19,6,9.0
Seattle,2025-06-20,12,10.0
Seattle,2025-06-21,1,9.0
Seattle,2025-06-22,3,9.0
Seattle,2025-06-23,4,8.0
Seattle,2025-06-24,28,10.0
Seattle,2025-06-25,8,9.0
Seattle,2025-06-26,12,10.0
Seattle,2025-06-27,10,9.0
Seattle,2025-06-28,2,10.0
Seattle,2025-06-29,1,9.0
Seattle,2025-06-30,9,10.0
Seattle,2025-07-01,18,9.0
Seattle,2025-07-02,12,9.0
Seattle,2025-07-03,4,8.0
Seattle,2025-07-05,4,7.0
Seattle,2025-07-06,2,7.0
Seattle,2025-07-07,4,8.0
Seattle,2025-07-08,19,9.0
Seattle,2025-07-09,11,8.0
Seattle,2025-07-10,17,9.0
Seattle,2025-07-11,12,10.0
Seattle,2025-07-12,4,10.0
Seattle,2025-07-14,11,11.0
Seattle,2025-07-15,13,12.0
Seattle,2025-07-16,16,12.0
Seattle,2025-07-17,18,13.0
Seattle,2025-07-18,12,12.0
Seattle,2025-07-19,1,11.0
Seattle,2025-07-20,3,11.0
Seattle,2025-07-21,14,11.0
Seattle,2025-07-22,5,10.0
Seattle,2025-07-23,21,11.0
Seattle,2025-07-24,17,10.0
Seattle,2025-07-25,13,11.0
Seattle,2025-07-26,5,11.0
Seattle,2025-07-27,10,12.0
Seattle,2025-07-28,18,13.0
Seattle,2025-07-29,22,15.0
Seattle,2025-07-30,45,19.0
Seattle,2025-07-31,29,20.0
Seattle,2025-08-01,10,20.0
Seattle,2025-08-02,4,20.0
Seattle,2025-08-03,3,19.0
Seattle,2025-08-04,9,17.0
Seattle,2025-08-05,16,17.0
Seattle,2025-08-06,19,13.0
Seattle,2025-08-07,26,12.0
Seattle,2025-08-08,12,13.0
Seattle,2025-08-09,3,13.0
Seattle,2025-08-10,1,12.0
Seattle,2025-08-11,26,15.0
Seattle,2025-08-12,20,15.0
Seattle,2025-08-13,20,15.0
Seattle,2025-08-14,14,14.0
Seattle,2025-08-15,16,14.0
Seattle,2025-08-16,11,15.0
Seattle,2025-08-17,4,16.0
Seattle,2025-08-18,11,14.0
Seattle,2025-08-19,9,12.0
Seattle,2025-08-20,25,13.0
Seattle,2025-08-21,26,15.0
Seattle,2025-08-22,14,14.0
Seattle,2025-08-23,9,14.0
Seattle,2025-08-24,4,14.0
Seattle,2025-08-25,13,14.0
Seattle,2025-08-26,25,17.0
Seattle,2025-08-27,7,14.0
Seattle,2025-08-28,10,12.0
Seattle,2025-08-29,9,11.0
Seattle,2025-08-31,1,10.0
Seattle,2025-09-01,12,11.0
Seattle,2025-09-02,25,13.0
Seattle,2025-09-03,22,12.0
Seattle,2025-09-04,30,16.0
Seattle,2025-09-05,14,16.0
Seattle,2025-09-06,7,16.0
Seattle,2025-09-08,17,18.0
Seattle,2025-09-09,23,20.0
Seattle,2025-09-10,26,20.0
Seattle,2025-09-11,12,18.0
Seattle,2025-09-12,15,16.0
Seattle,2025-09-13,7,15.0
Seattle,2025-09-14,2,15.0
Seattle,2025-09-15,13,14.0
Seattle,2025-09-16,21,14.0
Seattle,2025-09-17,23,13.0
Seattle,2025-09-18,28,16.0
Seattle,2025-09-19,23,17.0
Seattle,2025-09-20,7,17.0
Seattle,2025-09-21,4,17.0
Seattle,2025-09-22,9,16.0
Seattle,2025-09-23,26,17.0
Seattle,2025-09-24,14,16.0
Seattle,2025-09-25,17,14.0
Seattle,2025-09-26,9,12.0
Seattle,2025-09-27,4,12.0
Seattle,2025-09-28,7,12.0
Seattle,2025-09-29,27,15.0
Seattle,2025-09-30,28,15.0
Seattle,2025-10-01,19,16.0
Seattle,2025-10-02,15,16.0
Seattle,2025-10-03,18,17.0
Seattle,2025-10-04,4,17.0
Seattle,2025-10-05,3,16.0
Seattle,2025-10-06,21,15.0
Seattle,2025-10-07,21,14.0
Seattle,2025-10-08,28,16.0
Seattle,2025-10-09,19,16.0
Seattle,2025-10-10,32,18.0
Seattle,2025-10-11,4,18.0
Seattle,2025-10-12,5,19.0
Seattle,2025-10-13,19,18.0
Seattle,2025-10-14,25,19.0
Seattle,2025-10-15,42,21.0
Seattle,2025-10-16,26,22.0
Seattle,2025-10-17,40,23.0
Seattle,2025-10-18,6,23.0
Seattle,2025-10-19,14,25.0
Seattle,2025-10-20,35,27.0
Seattle,2025-10-21,37,29.0
Seattle,2025-10-22,38,28.0
Seattle,2025-10-23,32,29.0
Seattle,2025-10-24,47,30.0
Seattle,2025-10-25,22,32.0
Seattle,2025-10-26,27,34.0
Seattle,2025-10-27,44,35.0
Seattle,2025-10-28,66,39.0
Seattle,2025-10-29,54,42.0
Seattle,2025-10-30,71,47.0
Seattle,2025-10-31,40,46.0
Seattle,2025-11-01,27,47.0
Seattle,2025-11-02,22,46.0
Seattle,2025-11-03,44,46.0
Seattle,2025-11-04,45,43.0
Seattle,2025-11-05,36,41.0
Seattle,2025-11-06,26,34.0
Seattle,2025-11-07,38,34.0
Seattle,2025-11-08,23,33.0
Seattle,2025-11-09,11,32.0
Seattle,2025-11-10,39,31.0
Seattle,2025-11-11,48,32.0
Seattle,2025-11-12,27,30.0
Seattle,2025-11-13,19,29.0
Seattle,2025-11-14,18,26.0
Seattle,2025-11-15,16,25.0
Seattle,2025-11-16,28,28.0
Seattle,2025-11-17,47,29.0
Seattle,2025-11-18,42,28.0
Seattle,2025-11-19,26,28.0
Seattle,2025-11-20,37,31.0
Seattle,2025-11-21,31,32.0
Seattle,2025-11-22,21,33.0
Seattle,2025-11-23,16,31.0
Seattle,2025-11-24,40,30.0
Seattle,2025-11-25,31,29.0
Seattle,2025-11-26,19,28.0
Seattle,2025-11-27,18,25.0
Seattle,2025-11-28,19,23.0
Seattle,2025-11-29,23,24.0
Seattle,2025-11-30,18,24.0
Seattle,2025-12-01,49,25.0
Seattle,2025-12-02,47,28.0
Seattle,2025-12-03,55,33.0
Seattle,2025-12-04,39,36.0
Seattle,2025-12-05,25,37.0
Seattle,2025-12-06,27,37.0
Seattle,2025-12-07,15,37.0
Seattle,2025-12-08,32,34.0
Seattle,2025-12-09,40,33.0
Seattle,2025-12-10,49,32.0
Seattle,2025-12-11,41,33.0
Seattle,2025-12-12,30,33.0
Seattle,2025-12-13,9,31.0
Seattle,2025-12-14,2,29.0
Seattle,2025-12-15,28,28.0
Seattle,2025-12-16,42,29.0
Seattle,2025-12-17,23,25.0
Seattle,2025-12-18,43,25.0
Seattle,2025-12-19,36,26.0
Seattle,2025-12-20,11,26.0
Seattle,2025-12-21,16,28.0
Seattle,2025-12-22,25,28.0
Seattle,2025-12-23,43,28.0
Seattle,2025-12-24,13,27.0
Seattle,2025-12-25,11,22.0
Seattle,2025-12-26,15,19.0
Seattle,2025-12-27,14,20.0
Seattle,2025-12-28,8,18.0
Seattle,2025-12-29,42,21.0
Seattle,2025-12-30,22,18.0
Seattle,2025-12-31,13,18.0
Seattle,2026-01-01,7,17.0
Seattle,2026-01-02,24,19.0
Seattle,2026-01-03,7,18.0
Seattle,2026-01-04,16,19.0
Seattle,2026-01-05,38,18.0
Seattle,2026-01-06,25,19.0
Seattle,2026-01-07,27,21.0
Seattle,2026-01-08,28,24.0
Seattle,2026-01-09,12,22.0
Seattle,2026-01-10,9,22.0
Seattle,2026-01-11,7,21.0
Seattle,2026-01-12,35,20.0
Seattle,2026-01-13,22,20.0
Seattle,2026-01-14,32,21.0
Seattle,2026-01-15,28,21.0
Seattle,2026-01-16,23,22.0
Seattle,2026-01-17,6,22.0
Seattle,2026-01-18,10,22.0
Seattle,2026-01-19,9,19.0
Seattle,2026-01-20,35,20.0
Seattle,2026-01-21,21,19.0
Seattle,2026-01-22,12,17.0
Seattle,2026-01-23,15,15.0
Seattle,2026-01-24,11,16.0
Seattle,2026-01-25,1,15.0
Seattle,2026-01-26,9,15.0
Seattle,2026-01-27,24,13.0
Seattle,2026-01-28,13,12.0
Seattle,2026-01-29,14,12.0
Seattle,2026-01-30,24,14.0
Seattle,2026-01-31,8,13.0
Seattle,2026-02-01,3,14.0
Seattle,2026-02-02,17,15.0
Seattle,2026-02-03,9,13.0
Seattle,2026-02-04,4,11.0
Seattle,2026-02-05,23,13.0
Seattle,2026-02-06,12,11.0
Seattle,2026-02-07,1,10.0
Seattle,2026-02-08,3,10.0
Seattle,2026-02-09,9,9.0
Seattle,2026-02-10,13,9.0
Seattle,2026-02-11,15,11.0
Seattle,2026-02-12,13,9.0
Seattle,2026-02-13,9,9.0
Seattle,2026-02-14,2,9.0
Seattle,2026-02-15,2,9.0
Seattle,2026-02-16,16,10.0
Seattle,2026-02-17,16,10.0
Seattle,2026-02-18,10,10.0
Seattle,2026-02-19,9,9.0
Seattle,2026-02-20,15,10.0
Seattle,2026-02-21,1,10.0
Seattle,2026-02-22,1,10.0
Seattle,2026-02-23,12,9.0
Seattle,2026-02-24,16,9.0
Seattle,2026-02-25,19,10.0
Seattle,2026-02-26,10,11.0
Seattle,2026-02-27,11,10.0
Seattle,2026-02-28,2,10.0
Seattle,2026-03-02,9,11.0
Seattle,2026-03-03,16,12.0
Seattle,2026-03-04,15,12.0
Seattle,2026-03-05,17,11.0
Seattle,2026-03-06,11,12.0
Seattle,2026-03-09,12,12.0
Seattle,2026-03-10,18,14.0
St. Paul,2022-10-02,1,13.0
St. Paul,2022-10-03,22,14.0
St. Paul,2022-10-04,15,14.0
St. Paul,2022-10-05,33,16.0
St. Paul,2022-10-06,23,18.0
St. Paul,2022-10-07,3,16.0
St. Paul,2022-10-08,1,14.0
St. Paul,2022-10-09,1,14.0
St. Paul,2022-10-10,3,11.0
St. Paul,2022-10-11,25,13.0
St. Paul,2022-10-12,38,13.0
St. Paul,2022-10-13,26,14.0
St. Paul,2022-10-14,17,16.0
St. Paul,2022-10-17,27,20.0
St. Paul,2022-10-18,33,24.0
St. Paul,2022-10-19,27,28.0
St. Paul,2022-10-20,29,28.0
St. Paul,2022-10-21,17,25.0
St. Paul,2022-10-22,2,22.0
St. Paul,2022-10-24,22,22.0
St. Paul,2022-10-25,21,22.0
St. Paul,2022-10-26,31,21.0
St. Paul,2022-10-27,35,22.0
St. Paul,2022-10-28,17,21.0
St. Paul,2022-10-29,1,18.0
St. Paul,2022-10-31,34,23.0
St. Paul,2022-11-01,25,23.0
St. Paul,2022-11-02,26,24.0
St. Paul,2022-11-03,21,23.0
St. Paul,2022-11-04,12,19.0
St. Paul,2022-11-05,2,17.0
St. Paul,2022-11-07,25,21.0
St. Paul,2022-11-08,36,21.0
St. Paul,2022-11-09,47,24.0
St. Paul,2022-11-10,19,23.0
St. Paul,2022-11-12,1,20.0
St. Paul,2022-11-13,2,19.0
St. Paul,2022-11-14,25,22.0
St. Paul,2022-11-15,32,23.0
St. Paul,2022-11-16,39,24.0
St. Paul,2022-11-17,27,21.0
St. Paul,2022-11-18,9,19.0
St. Paul,2022-11-21,18,22.0
St. Paul,2022-11-22,26,25.0
St. Paul,2022-11-23,20,24.0
St. Paul,2022-11-25,6,21.0
St. Paul,2022-11-28,21,18.0
St. Paul,2022-11-29,21,17.0
St. Paul,2022-11-30,32,21.0
St. Paul,2022-12-01,28,22.0
St. Paul,2022-12-02,6,19.0
St. Paul,2022-12-05,20,19.0
St. Paul,2022-12-06,12,20.0
St. Paul,2022-12-07,26,21.0
St. Paul,2022-12-08,31,22.0
St. Paul,2022-12-09,6,18.0
St. Paul,2022-12-10,1,15.0
St. Paul,2022-12-11,1,14.0
St. Paul,2022-12-12,25,15.0
St. Paul,2022-12-13,24,16.0
St. Paul,2022-12-14,31,17.0
St. Paul,2022-12-15,21,16.0
St. Paul,2022-12-16,6,16.0
St. Paul,2022-12-19,21,18.0
St. Paul,2022-12-20,29,22.0
St. Paul,2022-12-21,28,23.0
St. Paul,2022-12-22,9,21.0
St. Paul,2022-12-23,5,17.0
St. Paul,2022-12-24,1,14.0
St. Paul,2022-12-27,18,16.0
St. Paul,2022-12-28,22,16.0
St. Paul,2022-12-29,13,14.0
St. Paul,2022-12-30,14,12.0
St. Paul,2023-01-01,1,11.0
St. Paul,2023-01-02,3,10.0
St. Paul,2023-01-03,23,13.0
St. Paul,2023-01-04,29,15.0
St. Paul,2023-01-05,23,15.0
St. Paul,2023-01-06,16,16.0
St. Paul,2023-01-09,28,18.0
St. Paul,2023-01-10,25,21.0
St. Paul,2023-01-11,21,24.0
St. Paul,2023-01-12,22,23.0
St. Paul,2023-01-13,9,21.0
St. Paul,2023-01-14,1,17.0
St. Paul,2023-01-15,1,15.0
St. Paul,2023-01-16,1,11.0
St. Paul,2023-01-17,16,10.0
St. Paul,2023-01-18,22,10.0
St. Paul,2023-01-19,23,10.0
St. Paul,2023-01-20,24,13.0
St. Paul,2023-01-21,1,13.0
St. Paul,2023-01-22,1,13.0
St. Paul,2023-01-23,30,17.0
St. Paul,2023-01-24,45,21.0
St. Paul,2023-01-25,55,26.0
St. Paul,2023-01-26,35,27.0
St. Paul,2023-01-27,13,26.0
St. Paul,2023-01-30,24,29.0
St. Paul,2023-01-31,28,33.0
St. Paul,2023-02-01,28,33.0
St. Paul,2023-02-02,32,31.0
St. Paul,2023-02-03,16,25.0
St. Paul,2023-02-05,1,20.0
St. Paul,2023-02-06,12,20.0
St. Paul,2023-02-07,24,20.0
St. Paul,2023-02-08,35,21.0
St. Paul,2023-02-09,28,21.0
St. Paul,2023-02-10,26,20.0
St. Paul,2023-02-13,24,21.0
St. Paul,2023-02-14,20,24.0
St. Paul,2023-02-15,30,27.0
St. Paul,2023-02-16,32,28.0
St. Paul,2023-02-17,36,28.0
St. Paul,2023-02-18,2,24.0
St. Paul,2023-02-19,1,21.0
St. Paul,2023-02-21,20,20.0
St. Paul,2023-02-22,25,21.0
St. Paul,2023-02-23,24,20.0
St. Paul,2023-02-24,16,18.0
St. Paul,2023-02-27,35,18.0
St. Paul,2023-02-28,18,20.0
St. Paul,2023-03-01,29,24.0
St. Paul,2023-03-02,25,25.0
St. Paul,2023-03-03,17,23.0
St. Paul,2023-03-04,1,20.0
St. Paul,2023-03-05,1,18.0
St. Paul,2023-03-06,13,15.0
St. Paul,2023-03-07,21,15.0
St. Paul,2023-03-08,36,16.0
St. Paul,2023-03-09,20,16.0
St. Paul,2023-03-10,8,14.0
St. Paul,2023-03-12,1,14.0
St. Paul,2023-03-13,14,16.0
St. Paul,2023-03-14,17,17.0
St. Paul,2023-03-15,21,17.0
St. Paul,2023-03-16,18,14.0
St. Paul,2023-03-17,16,14.0
St. Paul,2023-03-20,20,15.0
St. Paul,2023-03-21,15,17.0
St. Paul,2023-03-22,22,18.0
St. Paul,2023-03-23,18,19.0
St. Paul,2023-03-24,13,17.0
St. Paul,2023-03-26,1,15.0
St. Paul,2023-03-27,18,15.0
St. Paul,2023-03-28,15,15.0
St. Paul,2023-03-29,32,17.0
St. Paul,2023-03-30,22,17.0
St. Paul,2023-03-31,6,15.0
St. Paul,2023-04-01,1,14.0
St. Paul,2023-04-03,17,16.0
St. Paul,2023-04-04,20,16.0
St. Paul,2023-04-05,13,16.0
St. Paul,2023-04-06,23,15.0
St. Paul,2023-04-07,7,12.0
St. Paul,2023-04-08,1,12.0
St. Paul,2023-04-10,11,13.0
St. Paul,2023-04-11,14,13.0
St. Paul,2023-04-12,40,16.0
St. Paul,2023-04-13,24,17.0
St. Paul,2023-04-14,11,15.0
St. Paul,2023-04-16,1,15.0
St. Paul,2023-04-17,21,17.0
St. Paul,2023-04-18,20,19.0
St. Paul,2023-04-19,19,19.0
St. Paul,2023-04-20,16,16.0
St. Paul,2023-04-21,16,15.0
St. Paul,2023-04-23,1,13.0
St. Paul,2023-04-24,26,17.0
St. Paul,2023-04-25,22,17.0
St. Paul,2023-04-26,37,20.0
St. Paul,2023-04-27,13,19.0
St. Paul,2023-04-28,9,18.0
St. Paul,2023-04-29,1,16.0
St. Paul,2023-05-01,25,19.0
St. Paul,2023-05-02,18,18.0
St. Paul,2023-05-03,10,16.0
St. Paul,2023-05-04,15,13.0
St. Paul,2023-05-05,8,12.0
St. Paul,2023-05-08,17,13.0
St. Paul,2023-05-09,27,17.0
St. Paul,2023-05-10,42,20.0
St. Paul,2023-05-11,14,19.0
St. Paul,2023-05-12,12,19.0
St. Paul,2023-05-14,1,17.0
St. Paul,2023-05-15,19,19.0
St. Paul,2023-05-16,19,19.0
St. Paul,2023-05-17,31,20.0
St. Paul,2023-05-18,15,16.0
St. Paul,2023-05-19,13,16.0
St. Paul,2023-05-22,12,16.0
St. Paul,2023-05-23,16,18.0
St. Paul,2023-05-24,23,18.0
St. Paul,2023-05-25,13,18.0
St. Paul,2023-05-26,9,14.0
St. Paul,2023-05-28,2,13.0
St. Paul,2023-05-30,21,14.0
St. Paul,2023-05-31,22,15.0
St. Paul,2023-06-01,15,15.0
St. Paul,2023-06-02,7,13.0
St. Paul,2023-06-03,1,11.0
St. Paul,2023-06-05,17,12.0
St. Paul,2023-06-06,14,14.0
St. Paul,2023-06-07,15,13.0
St. Paul,2023-06-08,20,13.0
St. Paul,2023-06-09,9,12.0
St. Paul,2023-06-12,10,12.0
St. Paul,2023-06-13,18,15.0
St. Paul,2023-06-14,17,15.0
St. Paul,2023-06-15,6,14.0
St. Paul,2023-06-16,13,13.0
St. Paul,2023-06-17,1,11.0
St. Paul,2023-06-20,24,13.0
St. Paul,2023-06-21,18,14.0
St. Paul,2023-06-22,12,13.0
St. Paul,2023-06-23,3,11.0
St. Paul,2023-06-24,1,10.0
St. Paul,2023-06-26,20,11.0
St. Paul,2023-06-27,7,12.0
St. Paul,2023-06-28,25,12.0
St. Paul,2023-06-29,20,13.0
St. Paul,2023-06-30,4,11.0
St. Paul,2023-07-03,12,13.0
St. Paul,2023-07-05,16,15.0
St. Paul,2023-07-06,10,13.0
St. Paul,2023-07-07,5,13.0
St. Paul,2023-07-10,11,11.0
St. Paul,2023-07-11,13,10.0
St. Paul,2023-07-12,27,13.0
St. Paul,2023-07-13,19,14.0
St. Paul,2023-07-14,5,13.0
St. Paul,2023-07-15,1,12.0
St. Paul,2023-07-17,14,13.0
St. Paul,2023-07-18,8,12.0
St. Paul,2023-07-19,21,14.0
St. Paul,2023-07-20,15,12.0
St. Paul,2023-07-21,12,11.0
St. Paul,2023-07-22,1,10.0
St. Paul,2023-07-23,1,10.0
St. Paul,2023-07-24,18,11.0
St. Paul,2023-07-25,20,13.0
St. Paul,2023-07-26,29,14.0
St. Paul,2023-07-27,21,15.0
St. Paul,2023-07-28,6,14.0
St. Paul,2023-07-31,11,15.0
St. Paul,2023-08-01,10,16.0
St. Paul,2023-08-02,14,16.0
St. Paul,2023-08-03,23,16.0
St. Paul,2023-08-04,7,13.0
St. Paul,2023-08-05,4,11.0
St. Paul,2023-08-06,1,10.0
St. Paul,2023-08-07,13,10.0
St. Paul,2023-08-08,10,10.0
St. Paul,2023-08-09,24,12.0
St. Paul,2023-08-10,9,10.0
St. Paul,2023-08-11,7,10.0
St. Paul,2023-08-14,13,11.0
St. Paul,2023-08-15,23,14.0
St. Paul,2023-08-16,32,17.0
St. Paul,2023-08-17,12,17.0
St. Paul,2023-08-18,5,14.0
St. Paul,2023-08-21,13,15.0
St. Paul,2023-08-22,13,16.0
St. Paul,2023-08-23,20,17.0
St. Paul,2023-08-24,22,17.0
St. Paul,2023-08-25,4,13.0
St. Paul,2023-08-28,8,12.0
St. Paul,2023-08-29,15,14.0
St. Paul,2023-08-30,11,13.0
St. Paul,2023-08-31,11,13.0
St. Paul,2023-09-01,4,11.0
St. Paul,2023-09-04,1,8.0
St. Paul,2023-09-05,13,9.0
St. Paul,2023-09-06,23,11.0
St. Paul,2023-09-07,15,11.0
St. Paul,2023-09-08,3,10.0
St. Paul,2023-09-11,6,9.0
St. Paul,2023-09-12,7,10.0
St. Paul,2023-09-13,15,12.0
St. Paul,2023-09-14,15,12.0
St. Paul,2023-09-15,7,10.0
St. Paul,2023-09-18,10,9.0
St. Paul,2023-09-19,11,10.0
St. Paul,2023-09-20,30,14.0
St. Paul,2023-09-21,8,14.0
St. Paul,2023-09-22,8,13.0
St. Paul,2023-09-24,2,11.0
St. Paul,2023-09-25,5,11.0
St. Paul,2023-09-26,11,11.0
St. Paul,2023-09-27,26,13.0
St. Paul,2023-09-28,4,9.0
St. Paul,2023-09-29,6,9.0
St. Paul,2023-10-02,4,8.0
St. Paul,2023-10-03,11,10.0
St. Paul,2023-10-04,17,11.0
St. Paul,2023-10-05,8,11.0
St. Paul,2023-10-06,10,9.0
St. Paul,2023-10-07,1,8.0
St. Paul,2023-10-08,1,7.0
St. Paul,2023-10-09,3,7.0
St. Paul,2023-10-10,18,8.0
St. Paul,2023-10-11,19,9.0
St. Paul,2023-10-12,11,9.0
St. Paul,2023-10-13,5,8.0
St. Paul,2023-10-16,15,10.0
St. Paul,2023-10-17,8,11.0
St. Paul,2023-10-18,24,14.0
St. Paul,2023-10-19,11,13.0
St. Paul,2023-10-20,12,12.0
St. Paul,2023-10-21,1,11.0
St. Paul,2023-10-23,3,11.0
St. Paul,2023-10-24,11,10.0
St. Paul,2023-10-25,23,12.0
St. Paul,2023-10-26,13,11.0
St. Paul,2023-10-27,2,9.0
St. Paul,2023-10-29,1,8.0
St. Paul,2023-10-30,7,9.0
St. Paul,2023-10-31,4,9.0
St. Paul,2023-11-01,8,8.0
St. Paul,2023-11-02,9,6.0
St. Paul,2023-11-03,5,5.0
St. Paul,2023-11-04,2,5.0
St. Paul,2023-11-06,11,7.0
St. Paul,2023-11-07,7,7.0
St. Paul,2023-11-08,21,9.0
St. Paul,2023-11-09,8,9.0
St. Paul,2023-11-13,6,9.0
St. Paul,2023-11-14,8,9.0
St. Paul,2023-11-15,21,12.0
St. Paul,2023-11-16,15,12.0
St. Paul,2023-11-17,8,12.0
St. Paul,2023-11-18,1,10.0
St. Paul,2023-11-20,13,10.0
St. Paul,2023-11-21,4,10.0
St. Paul,2023-11-22,19,12.0
St. Paul,2023-11-24,2,9.0
St. Paul,2023-11-25,1,7.0
St. Paul,2023-11-27,9,7.0
St. Paul,2023-11-28,22,10.0
St. Paul,2023-11-29,19,11.0
St. Paul,2023-11-30,11,12.0
St. Paul,2023-12-01,3,10.0
St. Paul,2023-12-04,20,12.0
St. Paul,2023-12-05,10,13.0
St. Paul,2023-12-06,11,14.0
St. Paul,2023-12-07,10,12.0
St. Paul,2023-12-08,9,11.0
St. Paul,2023-12-10,3,9.0
St. Paul,2023-12-11,16,11.0
St. Paul,2023-12-12,9,10.0
St. Paul,2023-12-13,18,11.0
St. Paul,2023-12-14,8,10.0
St. Paul,2023-12-15,8,10.0
St. Paul,2023-12-16,1,9.0
St. Paul,2023-12-18,7,10.0
St. Paul,2023-12-19,11,9.0
St. Paul,2023-12-20,25,11.0
St. Paul,2023-12-21,9,10.0
St. Paul,2023-12-22,7,10.0
St. Paul,2023-12-23,1,9.0
St. Paul,2023-12-26,5,9.0
St. Paul,2023-12-27,12,10.0
St. Paul,2023-12-28,11,10.0
St. Paul,2023-12-29,4,7.0
St. Paul,2024-01-02,7,7.0
St. Paul,2024-01-03,15,8.0
St. Paul,2024-01-04,13,10.0
St. Paul,2024-01-05,12,11.0
St. Paul,2024-01-07,1,9.0
St. Paul,2024-01-08,6,8.0
St. Paul,2024-01-09,9,9.0
St. Paul,2024-01-10,17,10.0
St. Paul,2024-01-11,2,9.0
St. Paul,2024-01-12,4,7.0
St. Paul,2024-01-16,10,7.0
St. Paul,2024-01-17,12,9.0
St. Paul,2024-01-18,12,9.0
St. Paul,2024-01-19,5,9.0
St. Paul,2024-01-20,2,7.0
St. Paul,2024-01-22,6,7.0
St. Paul,2024-01-23,8,8.0
St. Paul,2024-01-24,10,8.0
St. Paul,2024-01-25,8,7.0
St. Paul,2024-01-26,7,7.0
St. Paul,2024-01-27,1,6.0
St. Paul,2024-01-29,11,7.0
St. Paul,2024-01-30,24,10.0
St. Paul,2024-01-31,9,10.0
St. Paul,2024-02-01,16,11.0
St. Paul,2024-02-02,6,11.0
St. Paul,2024-02-03,2,10.0
St. Paul,2024-02-05,8,11.0
St. Paul,2024-02-06,15,11.0
St. Paul,2024-02-07,17,10.0
St. Paul,2024-02-08,18,12.0
St. Paul,2024-02-09,5,10.0
St. Paul,2024-02-10,1,9.0
St. Paul,2024-02-12,7,10.0
St. Paul,2024-02-13,15,11.0
St. Paul,2024-02-14,13,11.0
St. Paul,2024-02-15,9,10.0
St. Paul,2024-02-16,9,8.0
St. Paul,2024-02-17,1,8.0
St. Paul,2024-02-20,11,9.0
St. Paul,2024-02-21,26,12.0
St. Paul,2024-02-22,10,11.0
St. Paul,2024-02-23,6,10.0
St. Paul,2024-02-26,13,11.0
St. Paul,2024-02-27,8,11.0
St. Paul,2024-02-28,8,12.0
St. Paul,2024-02-29,7,11.0
St. Paul,2024-03-01,2,8.0
St. Paul,2024-03-04,9,8.0
St. Paul,2024-03-05,4,7.0
St. Paul,2024-03-06,10,7.0
St. Paul,2024-03-07,12,7.0
St. Paul,2024-03-08,13,8.0
St. Paul,2024-03-10,2,7.0
St. Paul,2024-03-11,12,9.0
St. Paul,2024-03-12,7,9.0
St. Paul,2024-03-13,11,10.0
St. Paul,2024-03-14,13,10.0
St. Paul,2024-03-15,10,10.0
St. Paul,2024-03-17,2,8.0
St. Paul,2024-03-18,16,10.0
St. Paul,2024-03-19,6,9.0
St. Paul,2024-03-20,7,9.0
St. Paul,2024-03-21,16,10.0
St. Paul,2024-03-22,3,9.0
St. Paul,2024-03-25,8,8.0
St. Paul,2024-03-26,6,9.0
St. Paul,2024-03-27,8,8.0
St. Paul,2024-03-28,11,8.0
St. Paul,2024-03-29,4,8.0
St. Paul,2024-04-01,9,7.0
St. Paul,2024-04-02,11,8.0
St. Paul,2024-04-03,19,10.0
St. Paul,2024-04-04,9,10.0
St. Paul,2024-04-05,3,9.0
St. Paul,2024-04-06,2,8.0
St. Paul,2024-04-08,14,10.0
St. Paul,2024-04-09,19,11.0
St. Paul,2024-04-10,2,10.0
St. Paul,2024-04-11,18,10.0
St. Paul,2024-04-12,7,9.0
St. Paul,2024-04-13,3,9.0
St. Paul,2024-04-15,14,11.0
St. Paul,2024-04-16,20,12.0
St. Paul,2024-04-17,9,10.0
St. Paul,2024-04-18,13,12.0
St. Paul,2024-04-19,8,11.0
St. Paul,2024-04-22,12,11.0
St. Paul,2024-04-23,17,13.0
St. Paul,2024-04-24,14,13.0
St. Paul,2024-04-25,11,12.0
St. Paul,2024-04-26,2,11.0
St. Paul,2024-04-29,4,10.0
St. Paul,2024-04-30,10,10.0
St. Paul,2024-05-01,12,10.0
St. Paul,2024-05-02,15,10.0
St. Paul,2024-05-03,1,8.0
St. Paul,2024-05-04,1,6.0
St. Paul,2024-05-06,16,8.0
St. Paul,2024-05-07,13,10.0
St. Paul,2024-05-08,16,11.0
St. Paul,2024-05-09,10,10.0
St. Paul,2024-05-10,11,10.0
St. Paul,2024-05-13,17,12.0
St. Paul,2024-05-14,7,13.0
St. Paul,2024-05-15,15,13.0
St. Paul,2024-05-16,18,13.0
St. Paul,2024-05-17,4,12.0
St. Paul,2024-05-19,1,10.0
St. Paul,2024-05-20,12,11.0
St. Paul,2024-05-21,7,9.0
St. Paul,2024-05-22,6,9.0
St. Paul,2024-05-23,9,8.0
St. Paul,2024-05-24,9,7.0
St. Paul,2024-05-28,18,9.0
St. Paul,2024-05-29,13,11.0
St. Paul,2024-05-30,9,10.0
St. Paul,2024-05-31,4,10.0
St. Paul,2024-06-01,1,9.0
St. Paul,2024-06-02,1,8.0
St. Paul,2024-06-03,6,7.0
St. Paul,2024-06-04,12,7.0
St. Paul,2024-06-05,8,6.0
St. Paul,2024-06-06,11,6.0
St. Paul,2024-06-07,3,6.0
St. Paul,2024-06-09,1,6.0
St. Paul,2024-06-10,12,8.0
St. Paul,2024-06-11,9,8.0
St. Paul,2024-06-12,6,7.0
St. Paul,2024-06-13,8,7.0
St. Paul,2024-06-14,8,7.0
St. Paul,2024-06-17,15,8.0
St. Paul,2024-06-18,12,10.0
St. Paul,2024-06-20,12,10.0
St. Paul,2024-06-21,2,9.0
St. Paul,2024-06-23,1,8.0
St. Paul,2024-06-24,6,8.0
St. Paul,2024-06-25,7,8.0
St. Paul,2024-06-26,5,6.0
St. Paul,2024-06-27,9,6.0
St. Paul,2024-06-28,7,5.0
St. Paul,2024-06-30,1,5.0
St. Paul,2024-07-01,11,7.0
St. Paul,2024-07-02,5,6.0
St. Paul,2024-07-03,12,7.0
St. Paul,2024-07-05,3,7.0
St. Paul,2024-07-06,1,6.0
St. Paul,2024-07-08,12,6.0
St. Paul,2024-07-09,9,8.0
St. Paul,2024-07-10,14,8.0
St. Paul,2024-07-11,11,9.0
St. Paul,2024-07-12,12,9.0
St. Paul,2024-07-14,1,9.0
St. Paul,2024-07-15,7,9.0
St. Paul,2024-07-16,10,9.0
St. Paul,2024-07-17,12,10.0
St. Paul,2024-07-18,14,10.0
St. Paul,2024-07-19,7,9.0
St. Paul,2024-07-22,6,8.0
St. Paul,2024-07-23,13,10.0
St. Paul,2024-07-24,15,11.0
St. Paul,2024-07-25,7,11.0
St. Paul,2024-07-26,5,10.0
St. Paul,2024-07-29,9,9.0
St. Paul,2024-07-30,7,9.0
St. Paul,2024-07-31,11,10.0
St. Paul,2024-08-01,13,10.0
St. Paul,2024-08-02,7,8.0
St. Paul,2024-08-05,6,8.0
St. Paul,2024-08-06,6,8.0
St. Paul,2024-08-07,10,9.0
St. Paul,2024-08-08,9,9.0
St. Paul,2024-08-09,8,8.0
St. Paul,2024-08-12,8,8.0
St. Paul,2024-08-13,9,8.0
St. Paul,2024-08-14,8,8.0
St. Paul,2024-08-15,1,8.0
St. Paul,2024-08-16,10,8.0
St. Paul,2024-08-19,7,7.0
St. Paul,2024-08-20,5,7.0
St. Paul,2024-08-21,11,7.0
St. Paul,2024-08-22,5,7.0
St. Paul,2024-08-23,9,7.0
St. Paul,2024-08-24,3,7.0
St. Paul,2024-08-25,1,6.0
St. Paul,2024-08-26,10,6.0
St. Paul,2024-08-27,15,8.0
St. Paul,2024-08-28,11,8.0
St. Paul,2024-08-29,3,7.0
St. Paul,2024-08-30,7,7.0
St. Paul,2024-09-03,7,8.0
St. Paul,2024-09-04,6,8.0
St. Paul,2024-09-05,12,9.0
St. Paul,2024-09-06,6,7.0
St. Paul,2024-09-07,1,6.0
St. Paul,2024-09-09,10,7.0
St. Paul,2024-09-10,7,7.0
St. Paul,2024-09-11,8,7.0
St. Paul,2024-09-12,4,7.0
St. Paul,2024-09-13,7,6.0
St. Paul,2024-09-16,14,7.0
St. Paul,2024-09-17,3,8.0
St. Paul,2024-09-18,18,9.0
St. Paul,2024-09-19,4,8.0
St. Paul,2024-09-20,6,8.0
St. Paul,2024-09-23,5,8.0
St. Paul,2024-09-24,14,9.0
St. Paul,2024-09-25,13,9.0
St. Paul,2024-09-26,11,10.0
St. Paul,2024-09-27,4,8.0
St. Paul,2024-09-30,10,9.0
St. Paul,2024-10-01,12,10.0
St. Paul,2024-10-02,8,10.0
St. Paul,2024-10-03,14,10.0
St. Paul,2024-10-04,8,10.0
St. Paul,2024-10-06,1,8.0
St. Paul,2024-10-07,11,9.0
St. Paul,2024-10-08,8,9.0
St. Paul,2024-10-09,13,9.0
St. Paul,2024-10-10,8,9.0
St. Paul,2024-10-11,6,8.0
St. Paul,2024-10-13,2,7.0
St. Paul,2024-10-14,1,7.0
St. Paul,2024-10-15,6,6.0
St. Paul,2024-10-16,11,7.0
St. Paul,2024-10-17,8,6.0
St. Paul,2024-10-18,7,6.0
St. Paul,2024-10-19,2,5.0
St. Paul,2024-10-20,1,5.0
St. Paul,2024-10-21,11,7.0
St. Paul,2024-10-22,10,7.0
St. Paul,2024-10-23,15,8.0
St. Paul,2024-10-24,14,9.0
St. Paul,2024-10-25,3,8.0
St. Paul,2024-10-26,1,8.0
St. Paul,2024-10-27,2,8.0
St. Paul,2024-10-28,3,7.0
St. Paul,2024-10-29,14,7.0
St. Paul,2024-10-30,7,6.0
St. Paul,2024-10-31,7,5.0
St. Paul,2024-11-01,6,6.0
St. Paul,2024-11-03,1,6.0
St. Paul,2024-11-04,16,8.0
St. Paul,2024-11-05,5,8.0
St. Paul,2024-11-06,9,7.0
St. Paul,2024-11-07,12,8.0
St. Paul,2024-11-08,6,8.0
St. Paul,2024-11-09,1,7.0
St. Paul,2024-11-12,8,8.0
St. Paul,2024-11-13,8,7.0
St. Paul,2024-11-14,8,7.0
St. Paul,2024-11-15,3,7.0
St. Paul,2024-11-18,9,6.0
St. Paul,2024-11-19,5,6.0
St. Paul,2024-11-20,4,6.0
St. Paul,2024-11-21,11,7.0
St. Paul,2024-11-22,12,7.0
St. Paul,2024-11-24,1,6.0
St. Paul,2024-11-25,16,8.0
St. Paul,2024-11-26,19,10.0
St. Paul,2024-11-27,5,10.0
St. Paul,2024-11-29,3,10.0
St. Paul,2024-12-02,1,8.0
St. Paul,2024-12-03,5,7.0
St. Paul,2024-12-04,5,8.0
St. Paul,2024-12-05,12,7.0
St. Paul,2024-12-06,6,5.0
St. Paul,2024-12-07,1,5.0
St. Paul,2024-12-09,7,5.0
St. Paul,2024-12-10,6,6.0
St. Paul,2024-12-11,10,7.0
St. Paul,2024-12-12,8,7.0
St. Paul,2024-12-13,12,7.0
St. Paul,2024-12-16,6,7.0
St. Paul,2024-12-17,9,8.0
St. Paul,2024-12-18,5,8.0
St. Paul,2024-12-19,12,9.0
St. Paul,2024-12-20,5,8.0
St. Paul,2024-12-22,1,7.0
St. Paul,2024-12-23,11,7.0
St. Paul,2024-12-24,1,6.0
St. Paul,2024-12-25,1,5.0
St. Paul,2024-12-26,6,5.0
St. Paul,2024-12-27,6,4.0
St. Paul,2024-12-28,1,4.0
St. Paul,2024-12-29,2,4.0
St. Paul,2024-12-30,12,4.0
St. Paul,2024-12-31,4,5.0
St. Paul,2025-01-02,5,5.0
St. Paul,2025-01-03,8,5.0
St. Paul,2025-01-05,1,5.0
St. Paul,2025-01-06,9,6.0
St. Paul,2025-01-07,8,7.0
St. Paul,2025-01-08,7,6.0
St. Paul,2025-01-09,1,6.0
St. Paul,2025-01-10,4,5.0
St. Paul,2025-01-13,12,6.0
St. Paul,2025-01-14,13,8.0
St. Paul,2025-01-15,10,8.0
St. Paul,2025-01-16,13,9.0
St. Paul,2025-01-17,13,9.0
St. Paul,2025-01-19,1,9.0
St. Paul,2025-01-21,10,10.0
St. Paul,2025-01-22,18,11.0
St. Paul,2025-01-23,14,11.0
St. Paul,2025-01-24,16,12.0
St. Paul,2025-01-25,5,11.0
St. Paul,2025-01-26,41,15.0
St. Paul,2025-01-27,41,21.0
St. Paul,2025-01-28,24,23.0
St. Paul,2025-01-29,18,23.0
St. Paul,2025-01-30,23,24.0
St. Paul,2025-01-31,9,23.0
St. Paul,2025-02-01,8,23.0
St. Paul,2025-02-02,5,18.0
St. Paul,2025-02-03,21,15.0
St. Paul,2025-02-04,19,15.0
St. Paul,2025-02-05,34,17.0
St. Paul,2025-02-06,14,16.0
St. Paul,2025-02-07,17,17.0
St. Paul,2025-02-08,2,16.0
St. Paul,2025-02-09,3,16.0
St. Paul,2025-02-10,15,15.0
St. Paul,2025-02-11,15,14.0
St. Paul,2025-02-12,18,12.0
St. Paul,2025-02-13,17,12.0
St. Paul,2025-02-14,18,13.0
St. Paul,2025-02-15,8,13.0
St. Paul,2025-02-16,1,13.0
St. Paul,2025-02-17,12,13.0
St. Paul,2025-02-18,17,13.0
St. Paul,2025-02-19,28,14.0
St. Paul,2025-02-20,9,13.0
St. Paul,2025-02-21,11,12.0
St. Paul,2025-02-22,7,12.0
St. Paul,2025-02-23,5,13.0
St. Paul,2025-02-24,27,15.0
St. Paul,2025-02-25,22,16.0
St. Paul,2025-02-26,18,14.0
St. Paul,2025-02-27,18,15.0
St. Paul,2025-02-28,20,17.0
St. Paul,2025-03-01,5,16.0
St. Paul,2025-03-02,13,18.0
St. Paul,2025-03-03,19,16.0
St. Paul,2025-03-04,21,16.0
St. Paul,2025-03-05,7,15.0
St. Paul,2025-03-06,12,14.0
St. Paul,2025-03-07,17,13.0
St. Paul,2025-03-08,4,13.0
St. Paul,2025-03-09,7,12.0
St. Paul,2025-03-10,18,12.0
St. Paul,2025-03-11,12,11.0
St. Paul,2025-03-12,15,12.0
St. Paul,2025-03-13,20,13.0
St. Paul,2025-03-14,8,12.0
St. Paul,2025-03-15,8,13.0
St. Paul,2025-03-16,7,13.0
St. Paul,2025-03-17,15,12.0
St. Paul,2025-03-18,14,12.0
St. Paul,2025-03-19,9,12.0
St. Paul,2025-03-20,13,11.0
St. Paul,2025-03-21,19,12.0
St. Paul,2025-03-22,1,11.0
St. Paul,2025-03-23,1,10.0
St. Paul,2025-03-24,17,11.0
St. Paul,2025-03-25,15,11.0
St. Paul,2025-03-26,13,11.0
St. Paul,2025-03-27,14,11.0
St. Paul,2025-03-28,11,10.0
St. Paul,2025-03-29,5,11.0
St. Paul,2025-03-30,8,12.0
St. Paul,2025-03-31,13,11.0
St. Paul,2025-04-01,19,12.0
St. Paul,2025-04-02,15,12.0
St. Paul,2025-04-03,21,13.0
St. Paul,2025-04-04,17,14.0
St. Paul,2025-04-05,3,14.0
St. Paul,2025-04-06,5,13.0
St. Paul,2025-04-07,21,14.0
St. Paul,2025-04-08,12,13.0
St. Paul,2025-04-09,21,14.0
St. Paul,2025-04-10,18,14.0
St. Paul,2025-04-11,8,13.0
St. Paul,2025-04-12,2,12.0
St. Paul,2025-04-13,1,12.0
St. Paul,2025-04-14,20,12.0
St. Paul,2025-04-15,17,12.0
St. Paul,2025-04-16,23,13.0
St. Paul,2025-04-17,15,12.0
St. Paul,2025-04-18,9,12.0
St. Paul,2025-04-19,6,13.0
St. Paul,2025-04-20,4,13.0
St. Paul,2025-04-21,18,13.0
St. Paul,2025-04-22,12,12.0
St. Paul,2025-04-23,26,13.0
St. Paul,2025-04-24,17,13.0
St. Paul,2025-04-25,15,14.0
St. Paul,2025-04-26,4,14.0
St. Paul,2025-04-27,4,14.0
St. Paul,2025-04-28,21,14.0
St. Paul,2025-04-29,29,17.0
St. Paul,2025-04-30,17,15.0
St. Paul,2025-05-01,12,15.0
St. Paul,2025-05-02,25,16.0
St. Paul,2025-05-03,3,16.0
St. Paul,2025-05-04,4,16.0
St. Paul,2025-05-05,18,15.0
St. Paul,2025-05-06,21,14.0
St. Paul,2025-05-07,19,15.0
St. Paul,2025-05-08,13,15.0
St. Paul,2025-05-09,15,13.0
St. Paul,2025-05-10,4,13.0
St. Paul,2025-05-11,5,14.0
St. Paul,2025-05-12,16,13.0
St. Paul,2025-05-13,25,14.0
St. Paul,2025-05-14,28,15.0
St. Paul,2025-05-15,19,16.0
St. Paul,2025-05-16,21,17.0
St. Paul,2025-05-17,5,17.0
St. Paul,2025-05-18,8,17.0
St. Paul,2025-05-19,21,18.0
St. Paul,2025-05-20,27,18.0
St. Paul,2025-05-21,35,19.0
St. Paul,2025-05-22,28,21.0
St. Paul,2025-05-23,12,19.0
St. Paul,2025-05-24,7,20.0
St. Paul,2025-05-25,8,20.0
St. Paul,2025-05-26,15,19.0
St. Paul,2025-05-27,35,20.0
St. Paul,2025-05-28,63,24.0
St. Paul,2025-05-29,47,27.0
St. Paul,2025-05-30,32,30.0
St. Paul,2025-05-31,4,29.0
St. Paul,2025-06-01,2,28.0
St. Paul,2025-06-02,27,30.0
St. Paul,2025-06-03,48,32.0
St. Paul,2025-06-04,44,29.0
St. Paul,2025-06-05,28,26.0
St. Paul,2025-06-06,39,27.0
St. Paul,2025-06-07,6,28.0
St. Paul,2025-06-08,11,29.0
St. Paul,2025-06-09,30,29.0
St. Paul,2025-06-10,68,32.0
St. Paul,2025-06-11,33,31.0
St. Paul,2025-06-12,27,31.0
St. Paul,2025-06-13,23,28.0
St. Paul,2025-06-14,5,28.0
St. Paul,2025-06-15,2,27.0
St. Paul,2025-06-16,34,27.0
St. Paul,2025-06-17,27,22.0
St. Paul,2025-06-18,33,22.0
St. Paul,2025-06-19,14,20.0
St. Paul,2025-06-20,16,19.0
St. Paul,2025-06-21,5,19.0
St. Paul,2025-06-22,10,20.0
St. Paul,2025-06-23,24,18.0
St. Paul,2025-06-24,23,18.0
St. Paul,2025-06-25,30,17.0
St. Paul,2025-06-26,25,19.0
St. Paul,2025-06-27,22,20.0
St. Paul,2025-06-28,4,20.0
St. Paul,2025-06-29,6,19.0
St. Paul,2025-06-30,18,18.0
St. Paul,2025-07-01,23,18.0
St. Paul,2025-07-02,12,16.0
St. Paul,2025-07-03,25,16.0
St. Paul,2025-07-04,11,14.0
St. Paul,2025-07-05,2,14.0
St. Paul,2025-07-06,5,14.0
St. Paul,2025-07-07,12,13.0
St. Paul,2025-07-08,20,12.0
St. Paul,2025-07-09,24,14.0
St. Paul,2025-07-10,41,16.0
St. Paul,2025-07-11,19,18.0
St. Paul,2025-07-12,3,18.0
St. Paul,2025-07-13,7,18.0
St. Paul,2025-07-14,25,20.0
St. Paul,2025-07-15,25,21.0
St. Paul,2025-07-16,25,21.0
St. Paul,2025-07-17,32,19.0
St. Paul,2025-07-18,20,20.0
St. Paul,2025-07-19,2,19.0
St. Paul,2025-07-20,2,19.0
St. Paul,2025-07-21,16,17.0
St. Paul,2025-07-22,28,18.0
St. Paul,2025-07-23,17,17.0
St. Paul,2025-07-24,34,17.0
St. Paul,2025-07-25,19,17.0
St. Paul,2025-07-26,9,18.0
St. Paul,2025-07-27,9,19.0
St. Paul,2025-07-28,18,19.0
St. Paul,2025-07-29,20,18.0
St. Paul,2025-07-30,23,19.0
St. Paul,2025-07-31,28,18.0
St. Paul,2025-08-01,24,19.0
St. Paul,2025-08-02,7,18.0
St. Paul,2025-08-03,8,18.0
St. Paul,2025-08-04,27,20.0
St. Paul,2025-08-05,35,22.0
St. Paul,2025-08-06,45,25.0
St. Paul,2025-08-07,36,26.0
St. Paul,2025-08-08,26,26.0
St. Paul,2025-08-09,9,27.0
St. Paul,2025-08-10,3,26.0
St. Paul,2025-08-11,25,26.0
St. Paul,2025-08-12,20,23.0
St. Paul,2025-08-13,22,20.0
St. Paul,2025-08-14,23,18.0
St. Paul,2025-08-15,16,17.0
St. Paul,2025-08-16,10,17.0
St. Paul,2025-08-17,5,17.0
St. Paul,2025-08-18,19,16.0
St. Paul,2025-08-19,26,17.0
St. Paul,2025-08-20,16,16.0
St. Paul,2025-08-21,19,16.0
St. Paul,2025-08-22,25,17.0
St. Paul,2025-08-23,3,16.0
St. Paul,2025-08-24,7,16.0
St. Paul,2025-08-25,30,18.0
St. Paul,2025-08-26,31,19.0
St. Paul,2025-08-27,31,21.0
St. Paul,2025-08-28,20,21.0
St. Paul,2025-08-29,26,21.0
St. Paul,2025-08-30,10,22.0
St. Paul,2025-08-31,2,21.0
St. Paul,2025-09-01,12,19.0
St. Paul,2025-09-02,31,19.0
St. Paul,2025-09-03,34,19.0
St. Paul,2025-09-04,49,23.0
St. Paul,2025-09-05,20,23.0
St. Paul,2025-09-06,10,23.0
St. Paul,2025-09-07,9,24.0
St. Paul,2025-09-08,35,27.0
St. Paul,2025-09-09,35,27.0
St. Paul,2025-09-10,28,27.0
St. Paul,2025-09-11,30,24.0
St. Paul,2025-09-12,15,23.0
St. Paul,2025-09-13,7,23.0
St. Paul,2025-09-14,9,23.0
St. Paul,2025-09-15,23,21.0
St. Paul,2025-09-16,16,18.0
St. Paul,2025-09-17,31,19.0
St. Paul,2025-09-18,29,19.0
St. Paul,2025-09-19,21,19.0
St. Paul,2025-09-20,6,19.0
St. Paul,2025-09-21,5,19.0
St. Paul,2025-09-22,26,19.0
St. Paul,2025-09-23,38,22.0
St. Paul,2025-09-24,20,21.0
St. Paul,2025-09-25,24,20.0
St. Paul,2025-09-26,20,20.0
St. Paul,2025-09-27,8,20.0
St. Paul,2025-09-28,5,20.0
St. Paul,2025-09-29,39,22.0
St. Paul,2025-09-30,20,19.0
St. Paul,2025-10-01,37,22.0
St. Paul,2025-10-02,32,23.0
St. Paul,2025-10-03,21,23.0
St. Paul,2025-10-04,5,23.0
St. Paul,2025-10-05,7,23.0
St. Paul,2025-10-06,19,20.0
St. Paul,2025-10-07,37,23.0
St. Paul,2025-10-08,31,22.0
St. Paul,2025-10-09,30,21.0
St. Paul,2025-10-10,13,20.0
St. Paul,2025-10-11,1,20.0
St. Paul,2025-10-12,3,19.0
St. Paul,2025-10-13,20,19.0
St. Paul,2025-10-14,15,16.0
St. Paul,2025-10-15,35,17.0
St. Paul,2025-10-16,22,16.0
St. Paul,2025-10-17,20,17.0
St. Paul,2025-10-18,15,19.0
St. Paul,2025-10-19,15,20.0
St. Paul,2025-10-20,33,22.0
St. Paul,2025-10-21,30,24.0
St. Paul,2025-10-22,18,22.0
St. Paul,2025-10-23,18,21.0
St. Paul,2025-10-24,17,21.0
St. Paul,2025-10-25,13,21.0
St. Paul,2025-10-26,4,19.0
St. Paul,2025-10-27,29,18.0
St. Paul,2025-10-28,15,16.0
St. Paul,2025-10-29,28,18.0
St. Paul,2025-10-30,28,19.0
St. Paul,2025-10-31,22,20.0
St. Paul,2025-11-01,7,19.0
St. Paul,2025-11-02,7,19.0
St. Paul,2025-11-03,34,20.0
St. Paul,2025-11-04,34,23.0
St. Paul,2025-11-05,28,23.0
St. Paul,2025-11-06,31,23.0
St. Paul,2025-11-07,19,23.0
St. Paul,2025-11-08,4,22.0
St. Paul,2025-11-09,4,22.0
St. Paul,2025-11-10,21,20.0
St. Paul,2025-11-11,20,18.0
St. Paul,2025-11-12,22,17.0
St. Paul,2025-11-13,20,16.0
St. Paul,2025-11-14,26,17.0
St. Paul,2025-11-15,12,18.0
St. Paul,2025-11-16,8,18.0
St. Paul,2025-11-17,32,20.0
St. Paul,2025-11-18,38,23.0
St. Paul,2025-11-19,42,25.0
St. Paul,2025-11-20,30,27.0
St. Paul,2025-11-21,20,26.0
St. Paul,2025-11-22,9,26.0
St. Paul,2025-11-23,6,25.0
St. Paul,2025-11-24,29,25.0
St. Paul,2025-11-25,30,24.0
St. Paul,2025-11-26,15,20.0
St. Paul,2025-11-27,8,17.0
St. Paul,2025-11-28,12,16.0
St. Paul,2025-11-29,2,15.0
St. Paul,2025-11-30,5,14.0
St. Paul,2025-12-01,32,15.0
St. Paul,2025-12-02,49,18.0
St. Paul,2025-12-03,64,25.0
St. Paul,2025-12-04,80,35.0
St. Paul,2025-12-05,78,44.0
St. Paul,2025-12-06,45,50.0
St. Paul,2025-12-07,38,55.0
St. Paul,2025-12-08,29,55.0
St. Paul,2025-12-09,29,52.0
St. Paul,2025-12-10,45,49.0
St. Paul,2025-12-11,64,47.0
St. Paul,2025-12-12,73,46.0
St. Paul,2025-12-13,45,46.0
St. Paul,2025-12-14,43,47.0
St. Paul,2025-12-15,55,51.0
St. Paul,2025-12-16,29,51.0
St. Paul,2025-12-17,19,47.0
St. Paul,2025-12-18,24,41.0
St. Paul,2025-12-19,36,36.0
St. Paul,2025-12-20,21,32.0
St. Paul,2025-12-21,16,29.0
St. Paul,2025-12-22,40,26.0
St. Paul,2025-12-23,73,33.0
St. Paul,2025-12-24,30,34.0
St. Paul,2025-12-25,3,31.0
St. Paul,2025-12-26,38,32.0
St. Paul,2025-12-27,33,33.0
St. Paul,2025-12-28,13,33.0
St. Paul,2025-12-29,22,30.0
St. Paul,2025-12-30,44,26.0
St. Paul,2025-12-31,41,28.0
St. Paul,2026-01-01,39,33.0
St. Paul,2026-01-02,45,34.0
St. Paul,2026-01-03,37,34.0
St. Paul,2026-01-04,20,35.0
St. Paul,2026-01-05,94,46.0
St. Paul,2026-01-06,105,54.0
St. Paul,2026-01-07,121,66.0
St. Paul,2026-01-08,140,80.0
St. Paul,2026-01-09,143,94.0
St. Paul,2026-01-10,116,106.0
St. Paul,2026-01-11,113,119.0
St. Paul,2026-01-12,100,120.0
St. Paul,2026-01-13,139,125.0
St. Paul,2026-01-14,118,124.0
St. Paul,2026-01-15,105,119.0
St. Paul,2026-01-16,81,110.0
St. Paul,2026-01-17,47,100.0
St. Paul,2026-01-18,23,88.0
St. Paul,2026-01-19,48,80.0
St. Paul,2026-01-20,66,70.0
St. Paul,2026-01-21,65,62.0
St. Paul,2026-01-22,84,59.0
St. Paul,2026-01-23,74,58.0
St. Paul,2026-01-24,34,56.0
St. Paul,2026-01-25,32,58.0
St. Paul,2026-01-26,77,62.0
St. Paul,2026-01-27,67,62.0
St. Paul,2026-01-28,45,59.0
St. Paul,2026-01-29,55,55.0
St. Paul,2026-01-30,43,50.0
St. Paul,2026-01-31,33,50.0
St. Paul,2026-02-01,25,49.0
St. Paul,2026-02-02,66,48.0
St. Paul,2026-02-03,58,46.0
St. Paul,2026-02-04,54,48.0
St. Paul,2026-02-05,61,49.0
St. Paul,2026-02-06,43,49.0
St. Paul,2026-02-07,36,49.0
St. Paul,2026-02-08,48,52.0
St. Paul,2026-02-09,57,51.0
St. Paul,2026-02-10,64,52.0
St. Paul,2026-02-11,42,50.0
St. Paul,2026-02-12,49,48.0
St. Paul,2026-02-13,28,46.0
St. Paul,2026-02-14,11,43.0
St. Paul,2026-02-15,13,38.0
St. Paul,2026-02-16,20,32.0
St. Paul,2026-02-17,31,28.0
St. Paul,2026-02-18,28,26.0
St. Paul,2026-02-19,31,23.0
St. Paul,2026-02-20,17,22.0
St. Paul,2026-02-21,7,21.0
St. Paul,2026-02-22,7,20.0
St. Paul,2026-02-23,16,20.0
St. Paul,2026-02-24,29,19.0
St. Paul,2026-02-25,26,19.0
St. Paul,2026-02-26,26,18.0
St. Paul,2026-02-27,25,19.0
St. Paul,2026-02-28,11,20.0
St. Paul,2026-03-01,4,20.0
St. Paul,2026-03-02,19,20.0
St. Paul,2026-03-03,29,20.0
St. Paul,2026-03-04,30,21.0
St. Paul,2026-03-05,27,21.0
St. Paul,2026-03-06,23,20.0
St. Paul,2026-03-07,11,20.0
St. Paul,2026-03-08,10,21.0
St. Paul,2026-03-09,20,21.0
St. Paul,2026-03-10,18,20.0
Washington,2022-10-02,5,16.0
Washington,2022-10-03,13,14.0
Washington,2022-10-04,17,13.0
Washington,2022-10-05,2,12.0
Washington,2022-10-06,8,12.0
Washington,2022-10-07,7,10.0
Washington,2022-10-09,1,8.0
Washington,2022-10-10,5,8.0
Washington,2022-10-11,13,8.0
Washington,2022-10-12,10,7.0
Washington,2022-10-13,16,9.0
Washington,2022-10-14,12,9.0
Washington,2022-10-15,1,8.0
Washington,2022-10-17,10,10.0
Washington,2022-10-18,17,11.0
Washington,2022-10-19,9,11.0
Washington,2022-10-20,9,11.0
Washington,2022-10-21,5,9.0
Washington,2022-10-24,14,9.0
Washington,2022-10-25,19,12.0
Washington,2022-10-26,8,12.0
Washington,2022-10-27,14,11.0
Washington,2022-10-28,3,10.0
Washington,2022-10-31,11,11.0
Washington,2022-11-01,9,11.0
Washington,2022-11-02,16,11.0
Washington,2022-11-03,16,11.0
Washington,2022-11-04,6,11.0
Washington,2022-11-05,1,9.0
Washington,2022-11-07,17,11.0
Washington,2022-11-08,14,11.0
Washington,2022-11-09,13,12.0
Washington,2022-11-10,8,11.0
Washington,2022-11-14,10,10.0
Washington,2022-11-15,17,11.0
Washington,2022-11-16,13,13.0
Washington,2022-11-17,16,13.0
Washington,2022-11-18,5,12.0
Washington,2022-11-20,1,10.0
Washington,2022-11-21,8,10.0
Washington,2022-11-22,15,11.0
Washington,2022-11-23,6,9.0
Washington,2022-11-25,3,8.0
Washington,2022-11-28,24,9.0
Washington,2022-11-29,16,10.0
Washington,2022-11-30,10,12.0
Washington,2022-12-01,22,14.0
Washington,2022-12-02,9,13.0
Washington,2022-12-04,1,12.0
Washington,2022-12-05,12,13.0
Washington,2022-12-06,9,11.0
Washington,2022-12-07,4,10.0
Washington,2022-12-08,1,8.0
Washington,2022-12-09,12,7.0
Washington,2022-12-12,24,9.0
Washington,2022-12-13,14,11.0
Washington,2022-12-14,11,11.0
Washington,2022-12-15,12,11.0
Washington,2022-12-16,2,11.0
Washington,2022-12-18,1,11.0
Washington,2022-12-19,13,11.0
Washington,2022-12-20,14,10.0
Washington,2022-12-21,9,9.0
Washington,2022-12-22,10,9.0
Washington,2022-12-23,3,7.0
Washington,2022-12-24,1,7.0
Washington,2022-12-27,15,9.0
Washington,2022-12-28,10,9.0
Washington,2022-12-29,11,8.0
Washington,2022-12-30,1,7.0
Washington,2023-01-02,1,6.0
Washington,2023-01-03,11,7.0
Washington,2023-01-04,12,9.0
Washington,2023-01-05,9,8.0
Washington,2023-01-06,8,8.0
Washington,2023-01-07,3,6.0
Washington,2023-01-09,6,7.0
Washington,2023-01-10,11,9.0
Washington,2023-01-11,15,9.0
Washington,2023-01-12,17,10.0
Washington,2023-01-13,9,10.0
Washington,2023-01-15,3,9.0
Washington,2023-01-16,1,9.0
Washington,2023-01-17,3,8.0
Washington,2023-01-18,17,9.0
Washington,2023-01-19,18,10.0
Washington,2023-01-20,5,8.0
Washington,2023-01-23,20,10.0
Washington,2023-01-24,6,10.0
Washington,2023-01-25,12,12.0
Washington,2023-01-26,13,13.0
Washington,2023-01-27,4,11.0
Washington,2023-01-30,7,10.0
Washington,2023-01-31,11,10.0
Washington,2023-02-01,10,9.0
Washington,2023-02-02,13,10.0
Washington,2023-02-03,4,9.0
Washington,2023-02-04,1,7.0
Washington,2023-02-06,7,8.0
Washington,2023-02-07,9,8.0
Washington,2023-02-08,15,8.0
Washington,2023-02-09,14,9.0
Washington,2023-02-10,4,8.0
Washington,2023-02-12,1,7.0
Washington,2023-02-13,6,8.0
Washington,2023-02-14,10,8.0
Washington,2023-02-15,8,8.0
Washington,2023-02-16,16,8.0
Washington,2023-02-17,4,7.0
Washington,2023-02-21,12,8.0
Washington,2023-02-22,9,9.0
Washington,2023-02-23,12,10.0
Washington,2023-02-24,5,9.0
Washington,2023-02-27,9,10.0
Washington,2023-02-28,13,9.0
Washington,2023-03-01,8,10.0
Washington,2023-03-02,8,9.0
Washington,2023-03-03,13,10.0
Washington,2023-03-06,12,10.0
Washington,2023-03-07,6,10.0
Washington,2023-03-08,19,11.0
Washington,2023-03-09,10,11.0
Washington,2023-03-10,3,10.0
Washington,2023-03-12,1,9.0
Washington,2023-03-13,7,8.0
Washington,2023-03-14,12,8.0
Washington,2023-03-15,17,10.0
Washington,2023-03-16,9,8.0
Washington,2023-03-17,11,9.0
Washington,2023-03-20,8,9.0
Washington,2023-03-21,11,11.0
Washington,2023-03-22,11,11.0
Washington,2023-03-23,7,11.0
Washington,2023-03-24,7,9.0
Washington,2023-03-26,2,8.0
Washington,2023-03-27,8,8.0
Washington,2023-03-28,7,8.0
Washington,2023-03-29,9,7.0
Washington,2023-03-30,16,8.0
Washington,2023-03-31,9,8.0
Washington,2023-04-01,1,7.0
Washington,2023-04-03,9,8.0
Washington,2023-04-04,6,8.0
Washington,2023-04-05,8,8.0
Washington,2023-04-06,5,8.0
Washington,2023-04-07,16,8.0
Washington,2023-04-08,1,7.0
Washington,2023-04-09,2,7.0
Washington,2023-04-10,11,7.0
Washington,2023-04-11,10,8.0
Washington,2023-04-12,13,8.0
Washington,2023-04-13,12,9.0
Washington,2023-04-14,5,8.0
Washington,2023-04-16,1,8.0
Washington,2023-04-17,10,9.0
Washington,2023-04-18,17,10.0
Washington,2023-04-19,15,10.0
Washington,2023-04-20,12,10.0
Washington,2023-04-21,7,10.0
Washington,2023-04-22,1,9.0
Washington,2023-04-24,12,11.0
Washington,2023-04-25,6,10.0
Washington,2023-04-26,8,9.0
Washington,2023-04-27,7,8.0
Washington,2023-04-28,4,6.0
Washington,2023-05-01,17,8.0
Washington,2023-05-02,6,9.0
Washington,2023-05-03,12,9.0
Washington,2023-05-04,13,10.0
Washington,2023-05-05,9,10.0
Washington,2023-05-08,10,10.0
Washington,2023-05-09,14,12.0
Washington,2023-05-10,13,11.0
Washington,2023-05-11,9,11.0
Washington,2023-05-12,10,11.0
Washington,2023-05-13,2,10.0
Washington,2023-05-15,4,9.0
Washington,2023-05-16,10,9.0
Washington,2023-05-17,8,8.0
Washington,2023-05-18,14,8.0
Washington,2023-05-19,5,8.0
Washington,2023-05-20,1,6.0
Washington,2023-05-22,10,7.0
Washington,2023-05-23,15,9.0
Washington,2023-05-24,9,9.0
Washington,2023-05-25,9,9.0
Washington,2023-05-26,6,8.0
Washington,2023-05-30,7,8.0
Washington,2023-05-31,6,9.0
Washington,2023-06-01,13,9.0
Washington,2023-06-02,4,8.0
Washington,2023-06-05,10,8.0
Washington,2023-06-06,3,7.0
Washington,2023-06-07,12,8.0
Washington,2023-06-08,9,8.0
Washington,2023-06-09,6,8.0
Washington,2023-06-12,11,8.0
Washington,2023-06-13,17,10.0
Washington,2023-06-14,12,10.0
Washington,2023-06-15,15,12.0
Washington,2023-06-16,10,11.0
Washington,2023-06-17,1,10.0
Washington,2023-06-18,1,10.0
Washington,2023-06-20,14,10.0
Washington,2023-06-21,11,9.0
Washington,2023-06-22,17,10.0
Washington,2023-06-23,8,9.0
Washington,2023-06-26,7,8.0
Washington,2023-06-27,15,10.0
Washington,2023-06-28,12,12.0
Washington,2023-06-29,9,11.0
Washington,2023-06-30,12,11.0
Washington,2023-07-03,8,10.0
Washington,2023-07-04,1,9.0
Washington,2023-07-05,5,9.0
Washington,2023-07-06,13,9.0
Washington,2023-07-07,9,8.0
Washington,2023-07-08,2,7.0
Washington,2023-07-09,1,6.0
Washington,2023-07-10,17,7.0
Washington,2023-07-11,14,9.0
Washington,2023-07-12,9,9.0
Washington,2023-07-13,7,8.0
Washington,2023-07-14,8,8.0
Washington,2023-07-17,10,9.0
Washington,2023-07-18,12,11.0
Washington,2023-07-19,11,10.0
Washington,2023-07-20,9,9.0
Washington,2023-07-21,8,9.0
Washington,2023-07-24,12,10.0
Washington,2023-07-25,11,10.0
Washington,2023-07-26,10,10.0
Washington,2023-07-27,8,10.0
Washington,2023-07-28,5,9.0
Washington,2023-07-29,1,8.0
Washington,2023-07-31,7,8.0
Washington,2023-08-01,13,8.0
Washington,2023-08-02,3,7.0
Washington,2023-08-03,7,6.0
Washington,2023-08-04,2,5.0
Washington,2023-08-07,1,5.0
Washington,2023-08-08,8,6.0
Washington,2023-08-09,14,7.0
Washington,2023-08-10,6,6.0
Washington,2023-08-11,5,6.0
Washington,2023-08-12,1,5.0
Washington,2023-08-13,1,5.0
Washington,2023-08-14,6,6.0
Washington,2023-08-15,9,6.0
Washington,2023-08-16,3,4.0
Washington,2023-08-17,10,5.0
Washington,2023-08-18,8,5.0
Washington,2023-08-21,13,7.0
Washington,2023-08-22,13,9.0
Washington,2023-08-23,11,10.0
Washington,2023-08-24,5,9.0
Washington,2023-08-25,3,9.0
Washington,2023-08-27,1,8.0
Washington,2023-08-28,8,8.0
Washington,2023-08-29,7,7.0
Washington,2023-08-30,8,6.0
Washington,2023-08-31,11,6.0
Washington,2023-09-01,4,6.0
Washington,2023-09-03,1,6.0
Washington,2023-09-05,8,7.0
Washington,2023-09-06,10,7.0
Washington,2023-09-07,11,8.0
Washington,2023-09-08,7,7.0
Washington,2023-09-10,1,6.0
Washington,2023-09-11,6,6.0
Washington,2023-09-12,12,8.0
Washington,2023-09-13,5,7.0
Washington,2023-09-14,7,7.0
Washington,2023-09-15,2,6.0
Washington,2023-09-16,1,5.0
Washington,2023-09-18,10,6.0
Washington,2023-09-19,5,6.0
Washington,2023-09-20,4,5.0
Washington,2023-09-21,3,5.0
Washington,2023-09-22,7,5.0
Washington,2023-09-25,7,5.0
Washington,2023-09-26,9,6.0
Washington,2023-09-27,11,7.0
Washington,2023-09-28,6,7.0
Washington,2023-09-29,6,7.0
Washington,2023-10-02,8,8.0
Washington,2023-10-03,8,8.0
Washington,2023-10-04,5,8.0
Washington,2023-10-05,6,7.0
Washington,2023-10-06,7,7.0
Washington,2023-10-09,1,6.0
Washington,2023-10-10,7,6.0
Washington,2023-10-11,12,7.0
Washington,2023-10-12,8,7.0
Washington,2023-10-13,4,6.0
Washington,2023-10-14,1,6.0
Washington,2023-10-16,4,5.0
Washington,2023-10-17,2,5.0
Washington,2023-10-18,22,8.0
Washington,2023-10-19,9,7.0
Washington,2023-10-20,5,7.0
Washington,2023-10-23,6,7.0
Washington,2023-10-24,3,7.0
Washington,2023-10-25,3,7.0
Washington,2023-10-26,14,9.0
Washington,2023-10-27,8,7.0
Washington,2023-10-30,4,6.0
Washington,2023-10-31,7,6.0
Washington,2023-11-01,4,6.0
Washington,2023-11-02,2,6.0
Washington,2023-11-03,4,6.0
Washington,2023-11-06,12,6.0
Washington,2023-11-07,9,6.0
Washington,2023-11-08,8,7.0
Washington,2023-11-09,5,6.0
Washington,2023-11-10,4,6.0
Washington,2023-11-12,2,6.0
Washington,2023-11-13,12,7.0
Washington,2023-11-14,11,7.0
Washington,2023-11-15,8,7.0
Washington,2023-11-16,6,7.0
Washington,2023-11-17,2,6.0
Washington,2023-11-19,2,6.0
Washington,2023-11-20,3,6.0
Washington,2023-11-21,10,6.0
Washington,2023-11-22,2,5.0
Washington,2023-11-24,1,4.0
Washington,2023-11-27,3,3.0
Washington,2023-11-28,7,4.0
Washington,2023-11-29,11,5.0
Washington,2023-11-30,4,5.0
Washington,2023-12-01,7,5.0
Washington,2023-12-02,1,5.0
Washington,2023-12-03,1,5.0
Washington,2023-12-04,5,5.0
Washington,2023-12-05,9,5.0
Washington,2023-12-06,6,5.0
Washington,2023-12-07,6,5.0
Washington,2023-12-08,12,6.0
Washington,2023-12-11,6,6.0
Washington,2023-12-12,24,10.0
Washington,2023-12-13,7,10.0
Washington,2023-12-14,8,10.0
Washington,2023-12-15,7,10.0
Washington,2023-12-17,1,9.0
Washington,2023-12-18,7,9.0
Washington,2023-12-19,11,9.0
Washington,2023-12-20,4,6.0
Washington,2023-12-21,5,6.0
Washington,2023-12-22,8,6.0
Washington,2023-12-24,1,5.0
Washington,2023-12-25,1,5.0
Washington,2023-12-26,5,5.0
Washington,2023-12-27,6,4.0
Washington,2023-12-28,4,4.0
Washington,2023-12-29,3,4.0
Washington,2023-12-30,1,3.0
Washington,2023-12-31,1,3.0
Washington,2024-01-01,2,3.0
Washington,2024-01-02,5,3.0
Washington,2024-01-03,4,3.0
Washington,2024-01-04,5,3.0
Washington,2024-01-05,5,3.0
Washington,2024-01-06,1,3.0
Washington,2024-01-08,8,4.0
Washington,2024-01-09,4,5.0
Washington,2024-01-10,9,5.0
Washington,2024-01-11,9,6.0
Washington,2024-01-12,5,6.0
Washington,2024-01-16,6,6.0
Washington,2024-01-17,10,7.0
Washington,2024-01-18,9,7.0
Washington,2024-01-19,4,7.0
Washington,2024-01-22,4,7.0
Washington,2024-01-23,12,7.0
Washington,2024-01-24,9,8.0
Washington,2024-01-25,7,8.0
Washington,2024-01-26,5,7.0
Washington,2024-01-29,13,8.0
Washington,2024-01-30,8,8.0
Washington,2024-01-31,7,9.0
Washington,2024-02-01,11,9.0
Washington,2024-02-02,4,8.0
Washington,2024-02-05,8,8.0
Washington,2024-02-06,7,8.0
Washington,2024-02-07,13,8.0
Washington,2024-02-08,8,8.0
Washington,2024-02-09,8,8.0
Washington,2024-02-12,12,9.0
Washington,2024-02-13,10,9.0
Washington,2024-02-14,13,10.0
Washington,2024-02-15,7,10.0
Washington,2024-02-16,5,9.0
Washington,2024-02-18,1,8.0
Washington,2024-02-20,11,8.0
Washington,2024-02-21,4,7.0
Washington,2024-02-22,10,7.0
Washington,2024-02-23,8,7.0
Washington,2024-02-24,2,6.0
Washington,2024-02-25,1,5.0
Washington,2024-02-26,5,6.0
Washington,2024-02-27,8,5.0
Washington,2024-02-28,8,6.0
Washington,2024-02-29,7,6.0
Washington,2024-03-01,5,5.0
Washington,2024-03-02,2,5.0
Washington,2024-03-04,2,5.0
Washington,2024-03-05,6,5.0
Washington,2024-03-06,11,6.0
Washington,2024-03-07,6,6.0
Washington,2024-03-08,3,5.0
Washington,2024-03-09,1,4.0
Washington,2024-03-11,11,6.0
Washington,2024-03-12,11,7.0
Washington,2024-03-13,10,8.0
Washington,2024-03-14,6,7.0
Washington,2024-03-15,7,7.0
Washington,2024-03-16,1,7.0
Washington,2024-03-18,12,8.0
Washington,2024-03-19,5,7.0
Washington,2024-03-20,6,7.0
Washington,2024-03-21,7,6.0
Washington,2024-03-22,5,6.0
Washington,2024-03-25,11,7.0
Washington,2024-03-26,7,8.0
Washington,2024-03-27,10,7.0
Washington,2024-03-28,6,7.0
Washington,2024-03-29,3,7.0
Washington,2024-03-31,1,6.0
Washington,2024-04-01,5,6.0
Washington,2024-04-02,3,5.0
Washington,2024-04-03,12,6.0
Washington,2024-04-04,13,6.0
Washington,2024-04-05,4,6.0
Washington,2024-04-08,10,7.0
Washington,2024-04-09,8,8.0
Washington,2024-04-10,12,9.0
Washington,2024-04-11,10,10.0
Washington,2024-04-12,7,9.0
Washington,2024-04-14,1,7.0
Washington,2024-04-15,13,9.0
Washington,2024-04-16,6,8.0
Washington,2024-04-17,3,7.0
Washington,2024-04-18,8,7.0
Washington,2024-04-19,11,7.0
Washington,2024-04-20,1,6.0
Washington,2024-04-22,9,7.0
Washington,2024-04-23,10,7.0
Washington,2024-04-24,11,8.0
Washington,2024-04-25,2,7.0
Washington,2024-04-26,7,7.0
Washington,2024-04-27,1,6.0
Washington,2024-04-29,7,7.0
Washington,2024-04-30,8,7.0
Washington,2024-05-01,6,6.0
Washington,2024-05-02,6,5.0
Washington,2024-05-03,3,5.0
Washington,2024-05-05,1,5.0
Washington,2024-05-06,5,5.0
Washington,2024-05-07,7,5.0
Washington,2024-05-08,4,5.0
Washington,2024-05-09,10,5.0
Washington,2024-05-10,4,5.0
Washington,2024-05-11,1,5.0
Washington,2024-05-13,6,5.0
Washington,2024-05-14,4,5.0
Washington,2024-05-15,2,4.0
Washington,2024-05-16,6,5.0
Washington,2024-05-17,10,5.0
Washington,2024-05-20,12,6.0
Washington,2024-05-21,11,7.0
Washington,2024-05-22,10,8.0
Washington,2024-05-23,5,8.0
Washington,2024-05-24,9,9.0
Washington,2024-05-28,14,10.0
Washington,2024-05-29,4,9.0
Washington,2024-05-30,6,8.0
Washington,2024-05-31,6,8.0
Washington,2024-06-03,7,7.0
Washington,2024-06-04,9,8.0
Washington,2024-06-05,7,8.0
Washington,2024-06-06,12,7.0
Washington,2024-06-07,9,8.0
Washington,2024-06-10,8,8.0
Washington,2024-06-11,9,9.0
Washington,2024-06-12,8,9.0
Washington,2024-06-13,7,9.0
Washington,2024-06-14,5,8.0
Washington,2024-06-17,7,8.0
Washington,2024-06-18,8,7.0
Washington,2024-06-20,3,7.0
Washington,2024-06-21,5,6.0
Washington,2024-06-22,1,5.0
Washington,2024-06-24,11,6.0
Washington,2024-06-25,9,6.0
Washington,2024-06-26,10,7.0
Washington,2024-06-27,7,7.0
Washington,2024-06-28,4,7.0
Washington,2024-07-01,11,8.0
Washington,2024-07-02,10,9.0
Washington,2024-07-03,9,9.0
Washington,2024-07-05,1,7.0
Washington,2024-07-08,8,7.0
Washington,2024-07-09,3,7.0
Washington,2024-07-10,9,7.0
Washington,2024-07-11,10,7.0
Washington,2024-07-12,8,7.0
Washington,2024-07-15,9,7.0
Washington,2024-07-16,5,7.0
Washington,2024-07-17,12,8.0
Washington,2024-07-18,10,9.0
Washington,2024-07-19,8,9.0
Washington,2024-07-22,8,9.0
Washington,2024-07-23,14,9.0
Washington,2024-07-24,11,10.0
Washington,2024-07-25,7,10.0
Washington,2024-07-26,8,9.0
Washington,2024-07-29,4,9.0
Washington,2024-07-30,8,9.0
Washington,2024-07-31,13,9.0
Washington,2024-08-01,7,8.0
Washington,2024-08-02,9,8.0
Washington,2024-08-03,1,7.0
Washington,2024-08-04,1,6.0
Washington,2024-08-05,5,6.0
Washington,2024-08-06,8,6.0
Washington,2024-08-07,13,6.0
Washington,2024-08-08,7,6.0
Washington,2024-08-09,4,6.0
Washington,2024-08-11,1,6.0
Washington,2024-08-12,12,7.0
Washington,2024-08-13,6,7.0
Washington,2024-08-14,19,9.0
Washington,2024-08-15,9,8.0
Washington,2024-08-16,6,8.0
Washington,2024-08-17,3,8.0
Washington,2024-08-19,11,9.0
Washington,2024-08-20,7,9.0
Washington,2024-08-21,17,10.0
Washington,2024-08-22,5,8.0
Washington,2024-08-23,4,8.0
Washington,2024-08-26,10,8.0
Washington,2024-08-27,8,9.0
Washington,2024-08-28,7,8.0
Washington,2024-08-29,8,8.0
Washington,2024-08-30,10,7.0
Washington,2024-08-31,1,7.0
Washington,2024-09-03,6,7.0
Washington,2024-09-04,9,7.0
Washington,2024-09-05,15,8.0
Washington,2024-09-06,8,8.0
Washington,2024-09-09,11,9.0
Washington,2024-09-10,5,8.0
Washington,2024-09-11,17,10.0
Washington,2024-09-12,8,10.0
Washington,2024-09-13,4,10.0
Washington,2024-09-16,9,9.0
Washington,2024-09-17,12,9.0
Washington,2024-09-18,6,9.0
Washington,2024-09-19,2,8.0
Washington,2024-09-20,6,7.0
Washington,2024-09-23,12,7.0
Washington,2024-09-24,9,8.0
Washington,2024-09-25,7,8.0
Washington,2024-09-26,8,7.0
Washington,2024-09-27,9,8.0
Washington,2024-09-30,11,9.0
Washington,2024-10-01,8,9.0
Washington,2024-10-02,8,9.0
Washington,2024-10-03,7,8.0
Washington,2024-10-04,6,8.0
Washington,2024-10-05,2,7.0
Washington,2024-10-07,10,7.0
Washington,2024-10-08,14,8.0
Washington,2024-10-09,8,8.0
Washington,2024-10-10,12,8.0
Washington,2024-10-11,7,8.0
Washington,2024-10-13,1,8.0
Washington,2024-10-14,1,8.0
Washington,2024-10-15,5,7.0
Washington,2024-10-16,8,6.0
Washington,2024-10-17,7,6.0
Washington,2024-10-18,7,5.0
Washington,2024-10-20,1,4.0
Washington,2024-10-21,13,6.0
Washington,2024-10-22,11,7.0
Washington,2024-10-23,11,8.0
Washington,2024-10-24,9,8.0
Washington,2024-10-25,4,8.0
Washington,2024-10-26,1,7.0
Washington,2024-10-27,5,8.0
Washington,2024-10-28,18,8.0
Washington,2024-10-29,7,8.0
Washington,2024-10-30,14,8.0
Washington,2024-10-31,4,8.0
Washington,2024-11-01,10,8.0
Washington,2024-11-04,7,9.0
Washington,2024-11-05,8,10.0
Washington,2024-11-06,10,9.0
Washington,2024-11-07,13,9.0
Washington,2024-11-08,9,9.0
Washington,2024-11-09,1,8.0
Washington,2024-11-12,16,9.0
Washington,2024-11-13,10,10.0
Washington,2024-11-14,9,10.0
Washington,2024-11-15,11,10.0
Washington,2024-11-18,11,10.0
Washington,2024-11-19,13,10.0
Washington,2024-11-20,14,12.0
Washington,2024-11-21,11,11.0
Washington,2024-11-22,7,11.0
Washington,2024-11-23,1,10.0
Washington,2024-11-25,8,9.0
Washington,2024-11-26,5,8.0
Washington,2024-11-27,8,8.0
Washington,2024-11-29,4,6.0
Washington,2024-12-01,1,5.0
Washington,2024-12-02,9,5.0
Washington,2024-12-03,7,6.0
Washington,2024-12-04,8,6.0
Washington,2024-12-05,7,6.0
Washington,2024-12-06,6,6.0
Washington,2024-12-09,9,7.0
Washington,2024-12-10,14,9.0
Washington,2024-12-11,10,9.0
Washington,2024-12-12,14,10.0
Washington,2024-12-13,8,10.0
Washington,2024-12-14,1,9.0
Washington,2024-12-16,11,10.0
Washington,2024-12-17,9,10.0
Washington,2024-12-18,12,9.0
Washington,2024-12-19,13,10.0
Washington,2024-12-20,6,9.0
Washington,2024-12-23,16,10.0
Washington,2024-12-25,1,10.0
Washington,2024-12-26,11,10.0
Washington,2024-12-27,5,9.0
Washington,2024-12-28,1,8.0
Washington,2024-12-30,12,7.0
Washington,2024-12-31,6,7.0
Washington,2025-01-02,10,7.0
Washington,2025-01-03,9,8.0
Washington,2025-01-08,15,8.0
Washington,2025-01-09,2,8.0
Washington,2025-01-10,12,9.0
Washington,2025-01-13,14,10.0
Washington,2025-01-14,6,10.0
Washington,2025-01-15,23,12.0
Washington,2025-01-16,12,12.0
Washington,2025-01-17,13,12.0
Washington,2025-01-18,1,12.0
Washington,2025-01-20,1,10.0
Washington,2025-01-21,11,10.0
Washington,2025-01-22,6,10.0
Washington,2025-01-23,15,8.0
Washington,2025-01-24,16,9.0
Washington,2025-01-25,3,8.0
Washington,2025-01-26,12,9.0
Washington,2025-01-27,19,12.0
Washington,2025-01-28,17,13.0
Washington,2025-01-29,21,15.0
Washington,2025-01-30,39,18.0
Washington,2025-01-31,47,23.0
Washington,2025-02-01,7,23.0
Washington,2025-02-02,3,22.0
Washington,2025-02-03,66,29.0
Washington,2025-02-04,51,33.0
Washington,2025-02-05,52,38.0
Washington,2025-02-06,59,41.0
Washington,2025-02-07,25,38.0
Washington,2025-02-08,4,37.0
Washington,2025-02-09,11,38.0
Washington,2025-02-10,53,36.0
Washington,2025-02-11,38,35.0
Washington,2025-02-12,21,30.0
Washington,2025-02-13,55,30.0
Washington,2025-02-14,45,32.0
Washington,2025-02-16,14,34.0
Washington,2025-02-17,7,33.0
Washington,2025-02-18,54,33.0
Washington,2025-02-19,35,33.0
Washington,2025-02-20,38,35.0
Washington,2025-02-21,32,32.0
Washington,2025-02-22,9,27.0
Washington,2025-02-23,4,26.0
Washington,2025-02-24,48,31.0
Washington,2025-02-25,47,30.0
Washington,2025-02-26,60,34.0
Washington,2025-02-27,11,30.0
Washington,2025-02-28,12,27.0
Washington,2025-03-01,5,27.0
Washington,2025-03-02,2,26.0
Washington,2025-03-03,26,23.0
Washington,2025-03-04,32,21.0
Washington,2025-03-05,27,16.0
Washington,2025-03-06,45,21.0
Washington,2025-03-07,40,25.0
Washington,2025-03-08,8,26.0
Washington,2025-03-09,4,26.0
Washington,2025-03-10,29,26.0
Washington,2025-03-11,37,27.0
Washington,2025-03-12,43,29.0
Washington,2025-03-13,37,28.0
Washington,2025-03-14,43,29.0
Washington,2025-03-15,8,29.0
Washington,2025-03-16,7,29.0
Washington,2025-03-17,39,31.0
Washington,2025-03-18,28,29.0
Washington,2025-03-19,34,28.0
Washington,2025-03-20,26,26.0
Washington,2025-03-21,29,24.0
Washington,2025-03-22,8,24.0
Washington,2025-03-23,3,24.0
Washington,2025-03-24,44,25.0
Washington,2025-03-25,41,26.0
Washington,2025-03-26,21,25.0
Washington,2025-03-27,25,24.0
Washington,2025-03-28,25,24.0
Washington,2025-03-30,7,24.0
Washington,2025-03-31,14,25.0
Washington,2025-04-01,33,24.0
Washington,2025-04-02,27,22.0
Washington,2025-04-03,18,21.0
Washington,2025-04-04,21,21.0
Washington,2025-04-05,4,18.0
Washington,2025-04-06,4,17.0
Washington,2025-04-07,28,19.0
Washington,2025-04-08,33,19.0
Washington,2025-04-09,27,19.0
Washington,2025-04-10,33,21.0
Washington,2025-04-11,29,23.0
Washington,2025-04-12,8,23.0
Washington,2025-04-13,2,23.0
Washington,2025-04-14,26,23.0
Washington,2025-04-15,29,22.0
Washington,2025-04-16,27,22.0
Washington,2025-04-17,18,20.0
Washington,2025-04-18,24,19.0
Washington,2025-04-19,10,19.0
Washington,2025-04-20,2,19.0
Washington,2025-04-21,23,19.0
Washington,2025-04-22,29,19.0
Washington,2025-04-23,16,17.0
Washington,2025-04-24,20,18.0
Washington,2025-04-25,24,18.0
Washington,2025-04-26,12,18.0
Washington,2025-04-27,10,19.0
Washington,2025-04-28,36,21.0
Washington,2025-04-29,30,21.0
Washington,2025-04-30,24,22.0
Washington,2025-05-01,33,24.0
Washington,2025-05-02,21,24.0
Washington,2025-05-03,9,23.0
Washington,2025-05-04,3,22.0
Washington,2025-05-05,28,21.0
Washington,2025-05-06,26,21.0
Washington,2025-05-07,25,21.0
Washington,2025-05-08,34,21.0
Washington,2025-05-09,33,23.0
Washington,2025-05-10,4,22.0
Washington,2025-05-11,4,22.0
Washington,2025-05-12,22,21.0
Washington,2025-05-13,27,21.0
Washington,2025-05-14,21,21.0
Washington,2025-05-15,31,20.0
Washington,2025-05-16,23,19.0
Washington,2025-05-17,2,19.0
Washington,2025-05-18,4,19.0
Washington,2025-05-19,22,19.0
Washington,2025-05-20,29,19.0
Washington,2025-05-21,40,22.0
Washington,2025-05-22,36,22.0
Washington,2025-05-23,38,24.0
Washington,2025-05-24,6,25.0
Washington,2025-05-25,4,25.0
Washington,2025-05-26,8,23.0
Washington,2025-05-27,39,24.0
Washington,2025-05-28,52,26.0
Washington,2025-05-29,42,27.0
Washington,2025-05-30,27,25.0
Washington,2025-05-31,5,25.0
Washington,2025-06-01,2,25.0
Washington,2025-06-02,44,30.0
Washington,2025-06-03,64,34.0
Washington,2025-06-04,54,34.0
Washington,2025-06-05,38,33.0
Washington,2025-06-06,25,33.0
Washington,2025-06-07,20,35.0
Washington,2025-06-08,18,38.0
Washington,2025-06-09,25,35.0
Washington,2025-06-10,49,33.0
Washington,2025-06-11,41,31.0
Washington,2025-06-12,43,32.0
Washington,2025-06-13,19,31.0
Washington,2025-06-14,19,31.0
Washington,2025-06-15,21,31.0
Washington,2025-06-16,38,33.0
Washington,2025-06-17,32,30.0
Washington,2025-06-18,22,28.0
Washington,2025-06-19,28,26.0
Washington,2025-06-20,42,29.0
Washington,2025-06-21,17,29.0
Washington,2025-06-22,14,28.0
Washington,2025-06-23,40,28.0
Washington,2025-06-24,38,29.0
Washington,2025-06-25,28,30.0
Washington,2025-06-26,45,32.0
Washington,2025-06-27,27,30.0
Washington,2025-06-28,27,31.0
Washington,2025-06-29,29,33.0
Washington,2025-06-30,17,30.0
Washington,2025-07-01,39,30.0
Washington,2025-07-02,42,32.0
Washington,2025-07-03,33,31.0
Washington,2025-07-04,23,30.0
Washington,2025-07-05,20,29.0
Washington,2025-07-06,11,26.0
Washington,2025-07-07,24,27.0
Washington,2025-07-08,40,28.0
Washington,2025-07-09,41,27.0
Washington,2025-07-10,44,29.0
Washington,2025-07-11,27,30.0
Washington,2025-07-12,26,30.0
Washington,2025-07-13,17,31.0
Washington,2025-07-14,27,32.0
Washington,2025-07-15,33,31.0
Washington,2025-07-16,17,27.0
Washington,2025-07-17,42,27.0
Washington,2025-07-18,23,26.0
Washington,2025-07-19,28,27.0
Washington,2025-07-20,22,27.0
Washington,2025-07-21,23,27.0
Washington,2025-07-22,18,25.0
Washington,2025-07-23,25,26.0
Washington,2025-07-24,39,25.0
Washington,2025-07-25,25,26.0
Washington,2025-07-26,18,24.0
Washington,2025-07-27,29,25.0
Washington,2025-07-28,21,25.0
Washington,2025-07-29,31,27.0
Washington,2025-07-30,61,32.0
Washington,2025-07-31,29,31.0
Washington,2025-08-01,27,31.0
Washington,2025-08-02,27,32.0
Washington,2025-08-03,10,29.0
Washington,2025-08-04,29,31.0
Washington,2025-08-05,34,31.0
Washington,2025-08-06,38,28.0
Washington,2025-08-07,43,30.0
Washington,2025-08-08,36,31.0
Washington,2025-08-09,11,29.0
Washington,2025-08-10,19,30.0
Washington,2025-08-11,20,29.0
Washington,2025-08-12,29,28.0
Washington,2025-08-13,34,27.0
Washington,2025-08-14,32,26.0
Washington,2025-08-15,36,26.0
Washington,2025-08-16,43,30.0
Washington,2025-08-17,44,34.0
Washington,2025-08-18,47,38.0
Washington,2025-08-19,50,41.0
Washington,2025-08-20,51,43.0
Washington,2025-08-21,71,49.0
Washington,2025-08-22,55,52.0
Washington,2025-08-23,66,55.0
Washington,2025-08-24,48,55.0
Washington,2025-08-25,58,57.0
Washington,2025-08-26,82,62.0
Washington,2025-08-27,65,64.0
Washington,2025-08-28,69,63.0
Washington,2025-08-29,40,61.0
Washington,2025-08-30,48,59.0
Washington,2025-08-31,35,57.0
Washington,2025-09-01,35,53.0
Washington,2025-09-02,57,50.0
Washington,2025-09-03,39,46.0
Washington,2025-09-04,44,43.0
Washington,2025-09-05,48,44.0
Washington,2025-09-06,35,42.0
Washington,2025-09-07,65,46.0
Washington,2025-09-08,55,49.0
Washington,2025-09-09,69,51.0
Washington,2025-09-10,48,52.0
Washington,2025-09-11,66,55.0
Washington,2025-09-12,57,56.0
Washington,2025-09-13,54,59.0
Washington,2025-09-14,36,55.0
Washington,2025-09-15,54,55.0
Washington,2025-09-16,36,50.0
Washington,2025-09-17,39,49.0
Washington,2025-09-18,52,47.0
Washington,2025-09-19,43,45.0
Washington,2025-09-20,24,41.0
Washington,2025-09-21,40,41.0
Washington,2025-09-22,52,41.0
Washington,2025-09-23,55,44.0
Washington,2025-09-24,66,47.0
Washington,2025-09-25,34,45.0
Washington,2025-09-26,41,45.0
Washington,2025-09-27,32,46.0
Washington,2025-09-28,18,43.0
Washington,2025-09-29,52,43.0
Washington,2025-09-30,49,42.0
Washington,2025-10-01,57,40.0
Washington,2025-10-02,57,44.0
Washington,2025-10-03,53,45.0
Washington,2025-10-04,40,47.0
Washington,2025-10-05,24,47.0
Washington,2025-10-06,61,49.0
Washington,2025-10-07,64,51.0
Washington,2025-10-08,69,53.0
Washington,2025-10-09,57,53.0
Washington,2025-10-10,53,53.0
Washington,2025-10-11,38,52.0
Washington,2025-10-12,33,54.0
Washington,2025-10-13,29,49.0
Washington,2025-10-14,63,49.0
Washington,2025-10-15,81,51.0
Washington,2025-10-16,68,52.0
Washington,2025-10-17,60,53.0
Washington,2025-10-18,36,53.0
Washington,2025-10-19,23,51.0
Washington,2025-10-20,44,54.0
Washington,2025-10-21,71,55.0
Washington,2025-10-22,64,52.0
Washington,2025-10-23,61,51.0
Washington,2025-10-24,65,52.0
Washington,2025-10-25,35,52.0
Washington,2025-10-26,32,53.0
Washington,2025-10-27,46,53.0
Washington,2025-10-28,54,51.0
Washington,2025-10-29,63,51.0
Washington,2025-10-30,47,49.0
Washington,2025-10-31,29,44.0
Washington,2025-11-01,20,42.0
Washington,2025-11-02,13,39.0
Washington,2025-11-03,29,36.0
Washington,2025-11-04,52,36.0
Washington,2025-11-05,54,35.0
Washington,2025-11-06,69,38.0
Washington,2025-11-07,43,40.0
Washington,2025-11-08,15,39.0
Washington,2025-11-09,27,41.0
Washington,2025-11-10,33,42.0
Washington,2025-11-11,30,39.0
Washington,2025-11-12,54,39.0
Washington,2025-11-13,37,34.0
Washington,2025-11-14,40,34.0
Washington,2025-11-15,19,34.0
Washington,2025-11-16,14,32.0
Washington,2025-11-17,37,33.0
Washington,2025-11-18,44,35.0
Washington,2025-11-19,56,35.0
Washington,2025-11-20,61,39.0
Washington,2025-11-21,47,40.0
Washington,2025-11-22,25,41.0
Washington,2025-11-23,8,40.0
Washington,2025-11-24,29,39.0
Washington,2025-11-25,36,37.0
Washington,2025-11-26,30,34.0
Washington,2025-11-27,14,27.0
Washington,2025-11-28,23,24.0
Washington,2025-11-29,14,22.0
Washington,2025-11-30,7,22.0
Washington,2025-12-01,36,23.0
Washington,2025-12-02,36,23.0
Washington,2025-12-03,56,27.0
Washington,2025-12-04,75,35.0
Washington,2025-12-05,38,37.0
Washington,2025-12-06,40,41.0
Washington,2025-12-07,36,45.0
Washington,2025-12-08,36,45.0
Washington,2025-12-09,27,44.0
Washington,2025-12-10,50,43.0
Washington,2025-12-11,53,40.0
Washington,2025-12-12,42,41.0
Washington,2025-12-13,23,38.0
Washington,2025-12-14,37,38.0
Washington,2025-12-15,49,40.0
Washington,2025-12-16,45,43.0
Washington,2025-12-17,62,44.0
Washington,2025-12-18,61,46.0
Washington,2025-12-19,40,45.0
Washington,2025-12-20,28,46.0
Washington,2025-12-21,18,43.0
Washington,2025-12-22,28,40.0
Washington,2025-12-23,47,41.0
Washington,2025-12-24,32,36.0
Washington,2025-12-25,18,30.0
Washington,2025-12-26,19,27.0
Washington,2025-12-27,19,26.0
Washington,2025-12-28,15,25.0
Washington,2025-12-29,24,25.0
Washington,2025-12-30,39,24.0
Washington,2025-12-31,31,24.0
Washington,2026-01-01,19,24.0
Washington,2026-01-02,41,27.0
Washington,2026-01-03,21,27.0
Washington,2026-01-04,13,27.0
Washington,2026-01-05,40,29.0
Washington,2026-01-06,36,29.0
Washington,2026-01-07,45,31.0
Washington,2026-01-08,38,33.0
Washington,2026-01-09,37,33.0
Washington,2026-01-10,22,33.0
Washington,2026-01-11,17,34.0
Washington,2026-01-12,34,33.0
Washington,2026-01-13,44,34.0
Washington,2026-01-14,42,33.0
Washington,2026-01-15,49,35.0
Washington,2026-01-16,34,35.0
Washington,2026-01-17,35,36.0
Washington,2026-01-18,32,39.0
Washington,2026-01-19,25,37.0
Washington,2026-01-20,61,40.0
Washington,2026-01-21,33,38.0
Washington,2026-01-22,42,37.0
Washington,2026-01-23,45,39.0
Washington,2026-01-24,23,37.0
Washington,2026-01-26,3,33.0
Washington,2026-01-27,21,33.0
Washington,2026-01-28,34,29.0
Washington,2026-01-29,43,30.0
Washington,2026-01-30,33,29.0
Washington,2026-01-31,24,26.0
Washington,2026-02-01,5,23.0
Washington,2026-02-02,26,27.0
Washington,2026-02-03,31,28.0
Washington,2026-02-04,39,29.0
Washington,2026-02-05,33,27.0
Washington,2026-02-06,21,26.0
Washington,2026-02-07,20,25.0
Washington,2026-02-08,10,26.0
Washington,2026-02-09,29,26.0
Washington,2026-02-10,28,26.0
Washington,2026-02-11,33,25.0
Washington,2026-02-12,34,25.0
Washington,2026-02-13,29,26.0
Washington,2026-02-14,24,27.0
Washington,2026-02-15,10,27.0
Washington,2026-02-16,26,26.0
Washington,2026-02-17,42,28.0
Washington,2026-02-18,47,30.0
Washington,2026-02-19,34,30.0
Washington,2026-02-20,30,30.0
Washington,2026-02-21,17,29.0
Washington,2026-02-22,8,29.0
Washington,2026-02-23,26,29.0
Washington,2026-02-24,24,27.0
Washington,2026-02-25,37,25.0
Washington,2026-02-26,19,23.0
Washington,2026-02-27,38,24.0
Washington,2026-02-28,16,24.0
Washington,2026-03-01,13,25.0
Washington,2026-03-02,35,26.0
Washington,2026-03-03,29,27.0
Washington,2026-03-04,43,28.0
Washington,2026-03-05,35,30.0
Washington,2026-03-06,38,30.0
Washington,2026-03-07,29,32.0
Washington,2026-03-08,20,33.0
Washington,2026-03-09,31,32.0
Washington,2026-03-10,34,33.0
National,2022-10-01,96,
National,2022-10-02,73,
National,2022-10-03,689,
National,2022-10-04,798,
National,2022-10-05,859,
National,2022-10-06,689,
National,2022-10-07,562,538.0
National,2022-10-08,95,538.0
National,2022-10-09,56,535.0
National,2022-10-10,117,454.0
National,2022-10-11,836,459.0
National,2022-10-12,866,460.0
National,2022-10-13,808,477.0
National,2022-10-14,667,492.0
National,2022-10-15,89,491.0
National,2022-10-16,51,491.0
National,2022-10-17,745,580.0
National,2022-10-18,845,582.0
National,2022-10-19,792,571.0
National,2022-10-20,766,565.0
National,2022-10-21,565,550.0
National,2022-10-22,117,554.0
National,2022-10-23,129,566.0
National,2022-10-24,776,570.0
National,2022-10-25,888,576.0
National,2022-10-26,888,590.0
National,2022-10-27,857,603.0
National,2022-10-28,646,614.0
National,2022-10-29,108,613.0
National,2022-10-30,101,609.0
National,2022-10-31,754,606.0
National,2022-11-01,896,607.0
National,2022-11-02,869,604.0
National,2022-11-03,774,593.0
National,2022-11-04,700,600.0
National,2022-11-05,230,618.0
National,2022-11-06,80,615.0
National,2022-11-07,672,603.0
National,2022-11-08,935,609.0
National,2022-11-09,912,615.0
National,2022-11-10,786,616.0
National,2022-11-11,198,545.0
National,2022-11-12,92,525.0
National,2022-11-13,72,524.0
National,2022-11-14,713,530.0
National,2022-11-15,886,523.0
National,2022-11-16,869,517.0
National,2022-11-17,747,511.0
National,2022-11-18,572,564.0
National,2022-11-19,149,573.0
National,2022-11-20,102,577.0
National,2022-11-21,664,570.0
National,2022-11-22,742,549.0
National,2022-11-23,560,505.0
National,2022-11-24,53,406.0
National,2022-11-25,308,368.0
National,2022-11-26,40,353.0
National,2022-11-27,38,344.0
National,2022-11-28,742,355.0
National,2022-11-29,806,364.0
National,2022-11-30,820,401.0
National,2022-12-01,741,499.0
National,2022-12-02,598,541.0
National,2022-12-03,129,553.0
National,2022-12-04,176,573.0
National,2022-12-05,772,577.0
National,2022-12-06,802,577.0
National,2022-12-07,797,574.0
National,2022-12-08,760,576.0
National,2022-12-09,730,595.0
National,2022-12-10,287,618.0
National,2022-12-11,157,615.0
National,2022-12-12,742,611.0
National,2022-12-13,876,621.0
National,2022-12-14,859,630.0
National,2022-12-15,779,633.0
National,2022-12-16,594,613.0
National,2022-12-17,103,587.0
National,2022-12-18,74,575.0
National,2022-12-19,693,568.0
National,2022-12-20,840,563.0
National,2022-12-21,679,537.0
National,2022-12-22,560,506.0
National,2022-12-23,304,465.0
National,2022-12-24,45,456.0
National,2022-12-25,30,450.0
National,2022-12-26,63,360.0
National,2022-12-27,462,306.0
National,2022-12-28,502,281.0
National,2022-12-29,509,274.0
National,2022-12-30,333,278.0
National,2022-12-31,65,281.0
National,2023-01-01,50,283.0
National,2023-01-02,91,287.0
National,2023-01-03,703,322.0
National,2023-01-04,789,363.0
National,2023-01-05,758,398.0
National,2023-01-06,664,446.0
National,2023-01-07,179,462.0
National,2023-01-08,88,467.0
National,2023-01-09,759,563.0
National,2023-01-10,804,577.0
National,2023-01-11,857,587.0
National,2023-01-12,816,595.0
National,2023-01-13,716,603.0
National,2023-01-14,128,595.0
National,2023-01-15,167,607.0
National,2023-01-16,101,513.0
National,2023-01-17,914,528.0
National,2023-01-18,871,530.0
National,2023-01-19,859,537.0
National,2023-01-20,768,544.0
National,2023-01-21,165,549.0
National,2023-01-22,222,557.0
National,2023-01-23,885,669.0
National,2023-01-24,919,670.0
National,2023-01-25,963,683.0
National,2023-01-26,848,681.0
National,2023-01-27,724,675.0
National,2023-01-28,153,673.0
National,2023-01-29,62,651.0
National,2023-01-30,908,654.0
National,2023-01-31,818,639.0
National,2023-02-01,849,623.0
National,2023-02-02,736,607.0
National,2023-02-03,690,602.0
National,2023-02-04,98,594.0
National,2023-02-05,61,594.0
National,2023-02-06,792,578.0
National,2023-02-07,890,588.0
National,2023-02-08,912,597.0
National,2023-02-09,763,601.0
National,2023-02-10,716,605.0
National,2023-02-11,85,603.0
National,2023-02-12,72,604.0
National,2023-02-13,822,609.0
National,2023-02-14,831,600.0
National,2023-02-15,892,597.0
National,2023-02-16,825,606.0
National,2023-02-17,727,608.0
National,2023-02-18,110,611.0
National,2023-02-19,61,610.0
National,2023-02-20,101,507.0
National,2023-02-21,804,503.0
National,2023-02-22,836,495.0
National,2023-02-23,766,486.0
National,2023-02-24,630,473.0
National,2023-02-25,184,483.0
National,2023-02-26,194,502.0
National,2023-02-27,708,589.0
National,2023-02-28,668,569.0
National,2023-03-01,746,557.0
National,2023-03-02,678,544.0
National,2023-03-03,630,544.0
National,2023-03-04,82,529.0
National,2023-03-05,82,513.0
National,2023-03-06,667,508.0
National,2023-03-07,709,513.0
National,2023-03-08,770,517.0
National,2023-03-09,718,523.0
National,2023-03-10,554,512.0
National,2023-03-11,67,510.0
National,2023-03-12,62,507.0
National,2023-03-13,608,498.0
National,2023-03-14,606,484.0
National,2023-03-15,628,463.0
National,2023-03-16,617,449.0
National,2023-03-17,519,444.0
National,2023-03-18,70,444.0
National,2023-03-19,65,445.0
National,2023-03-20,623,447.0
National,2023-03-21,668,456.0
National,2023-03-22,670,462.0
National,2023-03-23,581,457.0
National,2023-03-24,548,461.0
National,2023-03-25,145,471.0
National,2023-03-26,70,472.0
National,2023-03-27,557,463.0
National,2023-03-28,644,459.0
National,2023-03-29,728,468.0
National,2023-03-30,687,483.0
National,2023-03-31,551,483.0
National,2023-04-01,53,470.0
National,2023-04-02,93,473.0
National,2023-04-03,584,477.0
National,2023-04-04,661,480.0
National,2023-04-05,658,470.0
National,2023-04-06,594,456.0
National,2023-04-07,473,445.0
National,2023-04-08,121,455.0
National,2023-04-09,58,450.0
National,2023-04-10,564,447.0
National,2023-04-11,572,434.0
National,2023-04-12,697,440.0
National,2023-04-13,642,447.0
National,2023-04-14,628,469.0
National,2023-04-15,53,459.0
National,2023-04-16,124,469.0
National,2023-04-17,608,475.0
National,2023-04-18,607,480.0
National,2023-04-19,721,483.0
National,2023-04-20,571,473.0
National,2023-04-21,533,460.0
National,2023-04-22,153,474.0
National,2023-04-23,78,467.0
National,2023-04-24,602,466.0
National,2023-04-25,648,472.0
National,2023-04-26,655,463.0
National,2023-04-27,537,458.0
National,2023-04-28,492,452.0
National,2023-04-29,151,452.0
National,2023-04-30,88,453.0
National,2023-05-01,595,452.0
National,2023-05-02,566,441.0
National,2023-05-03,623,436.0
National,2023-05-04,575,441.0
National,2023-05-05,493,442.0
National,2023-05-06,81,432.0
National,2023-05-07,68,429.0
National,2023-05-08,580,427.0
National,2023-05-09,649,438.0
National,2023-05-10,701,450.0
National,2023-05-11,630,457.0
National,2023-05-12,636,478.0
National,2023-05-13,93,480.0
National,2023-05-14,81,481.0
National,2023-05-15,535,475.0
National,2023-05-16,558,462.0
National,2023-05-17,601,448.0
National,2023-05-18,542,435.0
National,2023-05-19,422,405.0
National,2023-05-20,109,407.0
National,2023-05-21,58,404.0
National,2023-05-22,482,396.0
National,2023-05-23,633,407.0
National,2023-05-24,607,408.0
National,2023-05-25,544,408.0
National,2023-05-26,519,422.0
National,2023-05-27,63,415.0
National,2023-05-28,77,418.0
National,2023-05-29,89,362.0
National,2023-05-30,514,345.0
National,2023-05-31,658,352.0
National,2023-06-01,540,351.0
National,2023-06-02,519,351.0
National,2023-06-03,100,357.0
National,2023-06-04,67,355.0
National,2023-06-05,532,419.0
National,2023-06-06,595,430.0
National,2023-06-07,560,416.0
National,2023-06-08,545,417.0
National,2023-06-09,491,413.0
National,2023-06-10,150,420.0
National,2023-06-11,64,420.0
National,2023-06-12,539,421.0
National,2023-06-13,555,415.0
National,2023-06-14,545,413.0
National,2023-06-15,574,417.0
National,2023-06-16,458,412.0
National,2023-06-17,127,409.0
National,2023-06-18,91,413.0
National,2023-06-19,94,349.0
National,2023-06-20,647,362.0
National,2023-06-21,634,375.0
National,2023-06-22,552,372.0
National,2023-06-23,465,373.0
National,2023-06-24,137,374.0
National,2023-06-25,60,370.0
National,2023-06-26,562,437.0
National,2023-06-27,521,419.0
National,2023-06-28,584,412.0
National,2023-06-29,601,419.0
National,2023-06-30,414,411.0
National,2023-07-01,91,405.0
National,2023-07-02,90,409.0
National,2023-07-03,414,388.0
National,2023-07-04,80,325.0
National,2023-07-05,523,316.0
National,2023-07-06,538,307.0
National,2023-07-07,505,320.0
National,2023-07-08,152,329.0
National,2023-07-09,74,327.0
National,2023-07-10,569,349.0
National,2023-07-11,567,418.0
National,2023-07-12,645,436.0
National,2023-07-13,511,432.0
National,2023-07-14,425,420.0
National,2023-07-15,137,418.0
National,2023-07-16,59,416.0
National,2023-07-17,437,397.0
National,2023-07-18,507,389.0
National,2023-07-19,529,372.0
National,2023-07-20,512,372.0
National,2023-07-21,470,379.0
National,2023-07-22,120,376.0
National,2023-07-23,88,380.0
National,2023-07-24,491,388.0
National,2023-07-25,557,395.0
National,2023-07-26,651,413.0
National,2023-07-27,577,422.0
National,2023-07-28,464,421.0
National,2023-07-29,82,416.0
National,2023-07-30,52,411.0
National,2023-07-31,478,409.0
National,2023-08-01,454,394.0
National,2023-08-02,485,370.0
National,2023-08-03,489,358.0
National,2023-08-04,442,355.0
National,2023-08-05,159,366.0
National,2023-08-06,74,369.0
National,2023-08-07,388,356.0
National,2023-08-08,473,359.0
National,2023-08-09,535,366.0
National,2023-08-10,495,367.0
National,2023-08-11,399,360.0
National,2023-08-12,123,355.0
National,2023-08-13,67,354.0
National,2023-08-14,414,358.0
National,2023-08-15,463,357.0
National,2023-08-16,472,348.0
National,2023-08-17,485,346.0
National,2023-08-18,379,343.0
National,2023-08-19,67,335.0
National,2023-08-20,83,338.0
National,2023-08-21,422,339.0
National,2023-08-22,520,347.0
National,2023-08-23,574,361.0
National,2023-08-24,454,357.0
National,2023-08-25,391,359.0
National,2023-08-26,156,371.0
National,2023-08-27,158,382.0
National,2023-08-28,441,385.0
National,2023-08-29,511,384.0
National,2023-08-30,489,371.0
National,2023-08-31,471,374.0
National,2023-09-01,383,373.0
National,2023-09-02,85,363.0
National,2023-09-03,104,355.0
National,2023-09-04,117,309.0
National,2023-09-05,429,297.0
National,2023-09-06,442,290.0
National,2023-09-07,451,287.0
National,2023-09-08,400,290.0
National,2023-09-09,119,295.0
National,2023-09-10,85,292.0
National,2023-09-11,451,340.0
National,2023-09-12,429,340.0
National,2023-09-13,495,347.0
National,2023-09-14,427,344.0
National,2023-09-15,359,338.0
National,2023-09-16,80,332.0
National,2023-09-17,84,332.0
National,2023-09-18,438,330.0
National,2023-09-19,454,334.0
National,2023-09-20,531,339.0
National,2023-09-21,463,344.0
National,2023-09-22,465,359.0
National,2023-09-23,195,376.0
National,2023-09-24,138,383.0
National,2023-09-25,458,386.0
National,2023-09-26,645,414.0
National,2023-09-27,554,417.0
National,2023-09-28,530,426.0
National,2023-09-29,412,419.0
National,2023-09-30,78,402.0
National,2023-10-01,74,393.0
National,2023-10-02,366,380.0
National,2023-10-03,402,345.0
National,2023-10-04,470,333.0
National,2023-10-05,432,319.0
National,2023-10-06,380,315.0
National,2023-10-07,105,318.0
National,2023-10-08,117,325.0
National,2023-10-09,98,286.0
National,2023-10-10,429,290.0
National,2023-10-11,468,290.0
National,2023-10-12,455,293.0
National,2023-10-13,391,295.0
National,2023-10-14,120,297.0
National,2023-10-15,103,295.0
National,2023-10-16,348,331.0
National,2023-10-17,421,329.0
National,2023-10-18,554,342.0
National,2023-10-19,416,336.0
National,2023-10-20,393,336.0
National,2023-10-21,146,340.0
National,2023-10-22,84,337.0
National,2023-10-23,390,343.0
National,2023-10-24,453,348.0
National,2023-10-25,468,336.0
National,2023-10-26,460,342.0
National,2023-10-27,389,341.0
National,2023-10-28,52,328.0
National,2023-10-29,67,326.0
National,2023-10-30,374,323.0
National,2023-10-31,388,314.0
National,2023-11-01,462,313.0
National,2023-11-02,456,313.0
National,2023-11-03,330,304.0
National,2023-11-04,98,311.0
National,2023-11-05,68,311.0
National,2023-11-06,391,313.0
National,2023-11-07,450,322.0
National,2023-11-08,462,322.0
National,2023-11-09,487,327.0
National,2023-11-10,115,296.0
National,2023-11-11,47,289.0
National,2023-11-12,70,289.0
National,2023-11-13,370,286.0
National,2023-11-14,401,279.0
National,2023-11-15,502,285.0
National,2023-11-16,455,280.0
National,2023-11-17,378,318.0
National,2023-11-18,110,327.0
National,2023-11-19,63,326.0
National,2023-11-20,324,319.0
National,2023-11-21,355,312.0
National,2023-11-22,367,293.0
National,2023-11-23,65,237.0
National,2023-11-24,215,214.0
National,2023-11-25,31,203.0
National,2023-11-26,42,200.0
National,2023-11-27,322,200.0
National,2023-11-28,412,208.0
National,2023-11-29,456,220.0
National,2023-11-30,426,272.0
National,2023-12-01,382,296.0
National,2023-12-02,138,311.0
National,2023-12-03,58,313.0
National,2023-12-04,375,321.0
National,2023-12-05,482,331.0
National,2023-12-06,470,333.0
National,2023-12-07,385,327.0
National,2023-12-08,429,334.0
National,2023-12-09,160,337.0
National,2023-12-10,59,337.0
National,2023-12-11,392,340.0
National,2023-12-12,405,329.0
National,2023-12-13,456,327.0
National,2023-12-14,427,333.0
National,2023-12-15,370,324.0
National,2023-12-16,149,323.0
National,2023-12-17,130,333.0
National,2023-12-18,470,344.0
National,2023-12-19,503,358.0
National,2023-12-20,687,391.0
National,2023-12-21,502,402.0
National,2023-12-22,465,415.0
National,2023-12-23,231,427.0
National,2023-12-24,178,434.0
National,2023-12-25,159,389.0
National,2023-12-26,250,353.0
National,2023-12-27,354,306.0
National,2023-12-28,288,275.0
National,2023-12-29,242,243.0
National,2023-12-30,45,217.0
National,2023-12-31,45,198.0
National,2024-01-01,38,180.0
National,2024-01-02,276,184.0
National,2024-01-03,340,182.0
National,2024-01-04,372,194.0
National,2024-01-05,323,206.0
National,2024-01-06,100,213.0
National,2024-01-07,62,216.0
National,2024-01-08,330,258.0
National,2024-01-09,360,270.0
National,2024-01-10,426,282.0
National,2024-01-11,389,284.0
National,2024-01-12,334,286.0
National,2024-01-13,122,289.0
National,2024-01-14,81,292.0
National,2024-01-15,79,256.0
National,2024-01-16,300,247.0
National,2024-01-17,350,236.0
National,2024-01-18,450,245.0
National,2024-01-19,283,238.0
National,2024-01-20,90,233.0
National,2024-01-21,62,231.0
National,2024-01-22,283,260.0
National,2024-01-23,371,270.0
National,2024-01-24,450,284.0
National,2024-01-25,426,281.0
National,2024-01-26,346,290.0
National,2024-01-27,64,286.0
National,2024-01-28,62,286.0
National,2024-01-29,348,295.0
National,2024-01-30,408,301.0
National,2024-01-31,403,294.0
National,2024-02-01,600,319.0
National,2024-02-02,395,326.0
National,2024-02-03,111,332.0
National,2024-02-04,63,333.0
National,2024-02-05,399,340.0
National,2024-02-06,456,347.0
National,2024-02-07,420,349.0
National,2024-02-08,461,329.0
National,2024-02-09,401,330.0
National,2024-02-10,140,334.0
National,2024-02-11,76,336.0
National,2024-02-12,355,330.0
National,2024-02-13,400,322.0
National,2024-02-14,444,325.0
National,2024-02-15,447,323.0
National,2024-02-16,420,326.0
National,2024-02-17,61,315.0
National,2024-02-18,87,316.0
National,2024-02-19,89,278.0
National,2024-02-20,388,277.0
National,2024-02-21,418,273.0
National,2024-02-22,421,269.0
National,2024-02-23,436,271.0
National,2024-02-24,128,281.0
National,2024-02-25,79,280.0
National,2024-02-26,435,329.0
National,2024-02-27,437,336.0
National,2024-02-28,404,334.0
National,2024-02-29,441,337.0
National,2024-03-01,378,329.0
National,2024-03-02,78,322.0
National,2024-03-03,41,316.0
National,2024-03-04,346,304.0
National,2024-03-05,451,306.0
National,2024-03-06,504,320.0
National,2024-03-07,451,321.0
National,2024-03-08,369,320.0
National,2024-03-09,107,324.0
National,2024-03-10,57,326.0
National,2024-03-11,447,341.0
National,2024-03-12,474,344.0
National,2024-03-13,495,343.0
National,2024-03-14,395,335.0
National,2024-03-15,369,335.0
National,2024-03-16,70,330.0
National,2024-03-17,74,332.0
National,2024-03-18,393,324.0
National,2024-03-19,445,320.0
National,2024-03-20,419,309.0
National,2024-03-21,443,316.0
National,2024-03-22,380,318.0
National,2024-03-23,88,320.0
National,2024-03-24,71,320.0
National,2024-03-25,386,319.0
National,2024-03-26,408,314.0
National,2024-03-27,449,318.0
National,2024-03-28,434,317.0
National,2024-03-29,310,307.0
National,2024-03-30,31,298.0
National,2024-03-31,39,294.0
National,2024-04-01,338,287.0
National,2024-04-02,356,280.0
National,2024-04-03,439,278.0
National,2024-04-04,390,272.0
National,2024-04-05,383,282.0
National,2024-04-06,87,290.0
National,2024-04-07,61,293.0
National,2024-04-08,365,297.0
National,2024-04-09,425,307.0
National,2024-04-10,430,306.0
National,2024-04-11,408,308.0
National,2024-04-12,394,310.0
National,2024-04-13,74,308.0
National,2024-04-14,60,308.0
National,2024-04-15,463,322.0
National,2024-04-16,511,334.0
National,2024-04-17,483,342.0
National,2024-04-18,475,351.0
National,2024-04-19,405,353.0
National,2024-04-20,72,353.0
National,2024-04-21,79,355.0
National,2024-04-22,441,352.0
National,2024-04-23,472,347.0
National,2024-04-24,525,353.0
National,2024-04-25,466,351.0
National,2024-04-26,407,352.0
National,2024-04-27,29,346.0
National,2024-04-28,88,347.0
National,2024-04-29,391,340.0
National,2024-04-30,431,334.0
National,2024-05-01,460,325.0
National,2024-05-02,426,319.0
National,2024-05-03,366,313.0
National,2024-05-04,44,315.0
National,2024-05-05,58,311.0
National,2024-05-06,449,319.0
National,2024-05-07,413,317.0
National,2024-05-08,479,319.0
National,2024-05-09,419,318.0
National,2024-05-10,437,328.0
National,2024-05-11,67,332.0
National,2024-05-12,59,332.0
National,2024-05-13,417,327.0
National,2024-05-14,440,331.0
National,2024-05-15,495,333.0
National,2024-05-16,419,333.0
National,2024-05-17,425,332.0
National,2024-05-18,74,333.0
National,2024-05-19,92,337.0
National,2024-05-20,396,334.0
National,2024-05-21,402,329.0
National,2024-05-22,437,321.0
National,2024-05-23,413,320.0
National,2024-05-24,429,320.0
National,2024-05-25,68,320.0
National,2024-05-26,79,318.0
National,2024-05-27,133,280.0
National,2024-05-28,437,285.0
National,2024-05-29,414,282.0
National,2024-05-30,446,287.0
National,2024-05-31,376,279.0
National,2024-06-01,60,278.0
National,2024-06-02,58,275.0
National,2024-06-03,342,305.0
National,2024-06-04,389,298.0
National,2024-06-05,426,300.0
National,2024-06-06,418,296.0
National,2024-06-07,386,297.0
National,2024-06-08,92,302.0
National,2024-06-09,83,305.0
National,2024-06-10,377,310.0
National,2024-06-11,380,309.0
National,2024-06-12,464,314.0
National,2024-06-13,441,318.0
National,2024-06-14,383,317.0
National,2024-06-15,54,312.0
National,2024-06-16,70,310.0
National,2024-06-17,358,307.0
National,2024-06-18,441,316.0
National,2024-06-19,161,273.0
National,2024-06-20,365,262.0
National,2024-06-21,305,251.0
National,2024-06-22,58,251.0
National,2024-06-23,79,252.0
National,2024-06-24,394,258.0
National,2024-06-25,425,255.0
National,2024-06-26,418,292.0
National,2024-06-27,381,294.0
National,2024-06-28,377,305.0
National,2024-06-29,70,306.0
National,2024-06-30,50,302.0
National,2024-07-01,380,300.0
National,2024-07-02,462,305.0
National,2024-07-03,442,309.0
National,2024-07-04,132,273.0
National,2024-07-05,324,266.0
National,2024-07-06,59,264.0
National,2024-07-07,49,264.0
National,2024-07-08,354,260.0
National,2024-07-09,389,250.0
National,2024-07-10,441,250.0
National,2024-07-11,395,287.0
National,2024-07-12,396,298.0
National,2024-07-13,55,297.0
National,2024-07-14,59,298.0
National,2024-07-15,337,296.0
National,2024-07-16,398,297.0
National,2024-07-17,431,296.0
National,2024-07-18,409,298.0
National,2024-07-19,385,296.0
National,2024-07-20,68,298.0
National,2024-07-21,58,298.0
National,2024-07-22,320,296.0
National,2024-07-23,437,301.0
National,2024-07-24,394,296.0
National,2024-07-25,388,293.0
National,2024-07-26,378,292.0
National,2024-07-27,61,291.0
National,2024-07-28,70,293.0
National,2024-07-29,400,304.0
National,2024-07-30,398,298.0
National,2024-07-31,423,303.0
National,2024-08-01,410,306.0
National,2024-08-02,378,306.0
National,2024-08-03,64,306.0
National,2024-08-04,69,306.0
National,2024-08-05,329,296.0
National,2024-08-06,380,293.0
National,2024-08-07,377,287.0
National,2024-08-08,381,283.0
National,2024-08-09,381,283.0
National,2024-08-10,58,282.0
National,2024-08-11,71,282.0
National,2024-08-12,371,288.0
National,2024-08-13,380,288.0
National,2024-08-14,388,290.0
National,2024-08-15,376,289.0
National,2024-08-16,386,290.0
National,2024-08-17,51,289.0
National,2024-08-18,62,288.0
National,2024-08-19,353,285.0
National,2024-08-20,428,292.0
National,2024-08-21,408,295.0
National,2024-08-22,390,297.0
National,2024-08-23,353,292.0
National,2024-08-24,68,295.0
National,2024-08-25,51,293.0
National,2024-08-26,367,295.0
National,2024-08-27,386,289.0
National,2024-08-28,475,299.0
National,2024-08-29,363,295.0
National,2024-08-30,401,302.0
National,2024-08-31,49,299.0
National,2024-09-01,84,304.0
National,2024-09-02,99,265.0
National,2024-09-03,396,267.0
National,2024-09-04,421,259.0
National,2024-09-05,383,262.0
National,2024-09-06,386,260.0
National,2024-09-07,47,259.0
National,2024-09-08,67,257.0
National,2024-09-09,392,299.0
National,2024-09-10,376,296.0
National,2024-09-11,384,291.0
National,2024-09-12,351,286.0
National,2024-09-13,366,283.0
National,2024-09-14,46,283.0
National,2024-09-15,66,283.0
National,2024-09-16,373,280.0
National,2024-09-17,414,286.0
National,2024-09-18,365,283.0
National,2024-09-19,402,290.0
National,2024-09-20,368,291.0
National,2024-09-21,57,292.0
National,2024-09-22,51,290.0
National,2024-09-23,327,283.0
National,2024-09-24,430,286.0
National,2024-09-25,366,286.0
National,2024-09-26,367,281.0
National,2024-09-27,369,281.0
National,2024-09-28,66,282.0
National,2024-09-29,59,283.0
National,2024-09-30,369,289.0
National,2024-10-01,386,283.0
National,2024-10-02,415,290.0
National,2024-10-03,379,292.0
National,2024-10-04,350,289.0
National,2024-10-05,70,290.0
National,2024-10-06,61,290.0
National,2024-10-07,357,288.0
National,2024-10-08,383,288.0
National,2024-10-09,399,286.0
National,2024-10-10,421,292.0
National,2024-10-11,428,303.0
National,2024-10-12,45,299.0
National,2024-10-13,56,298.0
National,2024-10-14,116,264.0
National,2024-10-15,391,265.0
National,2024-10-16,444,272.0
National,2024-10-17,396,268.0
National,2024-10-18,372,260.0
National,2024-10-19,80,265.0
National,2024-10-20,60,266.0
National,2024-10-21,388,304.0
National,2024-10-22,382,303.0
National,2024-10-23,416,299.0
National,2024-10-24,378,297.0
National,2024-10-25,389,299.0
National,2024-10-26,54,295.0
National,2024-10-27,75,297.0
National,2024-10-28,362,294.0
National,2024-10-29,415,298.0
National,2024-10-30,436,301.0
National,2024-10-31,395,304.0
National,2024-11-01,369,301.0
National,2024-11-02,52,301.0
National,2024-11-03,68,300.0
National,2024-11-04,364,300.0
National,2024-11-05,352,291.0
National,2024-11-06,409,287.0
National,2024-11-07,382,285.0
National,2024-11-08,410,291.0
National,2024-11-09,51,291.0
National,2024-11-10,51,288.0
National,2024-11-11,120,254.0
National,2024-11-12,405,261.0
National,2024-11-13,407,261.0
National,2024-11-14,427,267.0
National,2024-11-15,432,270.0
National,2024-11-16,61,272.0
National,2024-11-17,64,274.0
National,2024-11-18,332,304.0
National,2024-11-19,403,304.0
National,2024-11-20,416,305.0
National,2024-11-21,470,311.0
National,2024-11-22,416,309.0
National,2024-11-23,59,309.0
National,2024-11-24,62,308.0
National,2024-11-25,393,317.0
National,2024-11-26,386,315.0
National,2024-11-27,330,302.0
National,2024-11-28,50,242.0
National,2024-11-29,236,217.0
National,2024-11-30,55,216.0
National,2024-12-01,39,213.0
National,2024-12-02,326,203.0
National,2024-12-03,360,199.0
National,2024-12-04,419,212.0
National,2024-12-05,388,260.0
National,2024-12-06,411,285.0
National,2024-12-07,67,287.0
National,2024-12-08,86,294.0
National,2024-12-09,377,301.0
National,2024-12-10,387,305.0
National,2024-12-11,402,303.0
National,2024-12-12,410,306.0
National,2024-12-13,394,303.0
National,2024-12-14,80,305.0
National,2024-12-15,67,302.0
National,2024-12-16,374,302.0
National,2024-12-17,481,315.0
National,2024-12-18,406,316.0
National,2024-12-19,477,326.0
National,2024-12-20,423,330.0
National,2024-12-21,68,328.0
National,2024-12-22,76,329.0
National,2024-12-23,407,334.0
National,2024-12-24,132,284.0
National,2024-12-25,35,231.0
National,2024-12-26,288,204.0
National,2024-12-27,248,179.0
National,2024-12-28,55,177.0
National,2024-12-29,67,176.0
National,2024-12-30,306,162.0
National,2024-12-31,289,184.0
National,2025-01-01,60,188.0
National,2025-01-02,314,191.0
National,2025-01-03,298,198.0
National,2025-01-04,46,197.0
National,2025-01-05,55,195.0
National,2025-01-06,292,193.0
National,2025-01-07,347,202.0
National,2025-01-08,421,253.0
National,2025-01-09,169,233.0
National,2025-01-10,340,239.0
National,2025-01-11,63,241.0
National,2025-01-12,63,242.0
National,2025-01-13,408,259.0
National,2025-01-14,422,269.0
National,2025-01-15,436,272.0
National,2025-01-16,399,304.0
National,2025-01-17,410,314.0
National,2025-01-18,67,315.0
National,2025-01-19,75,317.0
National,2025-01-20,125,276.0
National,2025-01-21,340,265.0
National,2025-01-22,416,262.0
National,2025-01-23,491,275.0
National,2025-01-24,522,291.0
National,2025-01-25,205,311.0
National,2025-01-26,947,435.0
National,2025-01-27,831,536.0
National,2025-01-28,894,615.0
National,2025-01-29,869,680.0
National,2025-01-30,810,725.0
National,2025-01-31,781,762.0
National,2025-02-01,396,790.0
National,2025-02-02,292,696.0
National,2025-02-03,667,673.0
National,2025-02-04,765,654.0
National,2025-02-05,769,640.0
National,2025-02-06,676,621.0
National,2025-02-07,683,607.0
National,2025-02-08,353,601.0
National,2025-02-09,216,590.0
National,2025-02-10,679,592.0
National,2025-02-11,777,593.0
National,2025-02-12,656,577.0
National,2025-02-13,731,585.0
National,2025-02-14,722,591.0
National,2025-02-15,315,585.0
National,2025-02-16,235,588.0
National,2025-02-17,298,533.0
National,2025-02-18,779,534.0
National,2025-02-19,735,545.0
National,2025-02-20,786,553.0
National,2025-02-21,688,548.0
National,2025-02-22,300,546.0
National,2025-02-23,314,557.0
National,2025-02-24,785,627.0
National,2025-02-25,877,641.0
National,2025-02-26,883,662.0
National,2025-02-27,767,659.0
National,2025-02-28,710,662.0
National,2025-03-01,361,671.0
National,2025-03-02,299,669.0
National,2025-03-03,639,648.0
National,2025-03-04,810,638.0
National,2025-03-05,734,617.0
National,2025-03-06,802,622.0
National,2025-03-07,671,617.0
National,2025-03-08,315,610.0
National,2025-03-09,293,609.0
National,2025-03-10,668,613.0
National,2025-03-11,867,621.0
National,2025-03-12,807,632.0
National,2025-03-13,759,626.0
National,2025-03-14,693,629.0
National,2025-03-15,285,625.0
National,2025-03-16,240,617.0
National,2025-03-17,653,615.0
National,2025-03-18,827,609.0
National,2025-03-19,810,610.0
National,2025-03-20,770,611.0
National,2025-03-21,712,614.0
National,2025-03-22,310,617.0
National,2025-03-23,231,616.0
National,2025-03-24,645,615.0
National,2025-03-25,788,609.0
National,2025-03-26,817,610.0
National,2025-03-27,695,600.0
National,2025-03-28,692,597.0
National,2025-03-29,217,584.0
National,2025-03-30,244,585.0
National,2025-03-31,611,581.0
National,2025-04-01,762,577.0
National,2025-04-02,734,565.0
National,2025-04-03,696,565.0
National,2025-04-04,686,564.0
National,2025-04-05,259,570.0
National,2025-04-06,205,565.0
National,2025-04-07,624,567.0
National,2025-04-08,724,561.0
National,2025-04-09,768,566.0
National,2025-04-10,753,574.0
National,2025-04-11,690,575.0
National,2025-04-12,206,567.0
National,2025-04-13,214,568.0
National,2025-04-14,608,566.0
National,2025-04-15,710,564.0
National,2025-04-16,717,557.0
National,2025-04-17,719,552.0
National,2025-04-18,637,544.0
National,2025-04-19,216,546.0
National,2025-04-20,129,534.0
National,2025-04-21,686,545.0
National,2025-04-22,752,551.0
National,2025-04-23,811,564.0
National,2025-04-24,784,574.0
National,2025-04-25,694,582.0
National,2025-04-26,238,585.0
National,2025-04-27,299,609.0
National,2025-04-28,652,604.0
National,2025-04-29,701,597.0
National,2025-04-30,696,581.0
National,2025-05-01,716,571.0
National,2025-05-02,610,559.0
National,2025-05-03,216,556.0
National,2025-05-04,340,562.0
National,2025-05-05,701,569.0
National,2025-05-06,747,575.0
National,2025-05-07,789,588.0
National,2025-05-08,821,603.0
National,2025-05-09,723,620.0
National,2025-05-10,329,636.0
National,2025-05-11,223,619.0
National,2025-05-12,735,624.0
National,2025-05-13,824,635.0
National,2025-05-14,958,659.0
National,2025-05-15,852,663.0
National,2025-05-16,802,675.0
National,2025-05-17,308,672.0
National,2025-05-18,281,680.0
National,2025-05-19,751,682.0
National,2025-05-20,978,704.0
National,2025-05-21,1112,726.0
National,2025-05-22,1002,748.0
National,2025-05-23,881,759.0
National,2025-05-24,482,784.0
National,2025-05-25,407,802.0
National,2025-05-26,465,761.0
National,2025-05-27,947,757.0
National,2025-05-28,1242,775.0
National,2025-05-29,1235,808.0
National,2025-05-30,984,823.0
National,2025-05-31,483,823.0
National,2025-06-01,492,835.0
National,2025-06-02,1082,924.0
National,2025-06-03,1770,1041.0
National,2025-06-04,1897,1135.0
National,2025-06-05,1250,1137.0
National,2025-06-06,1046,1146.0
National,2025-06-07,630,1167.0
National,2025-06-08,503,1168.0
National,2025-06-09,1070,1167.0
National,2025-06-10,1344,1106.0
National,2025-06-11,1337,1026.0
National,2025-06-12,1192,1017.0
National,2025-06-13,948,1003.0
National,2025-06-14,552,992.0
National,2025-06-15,395,977.0
National,2025-06-16,1016,969.0
National,2025-06-17,1301,963.0
National,2025-06-18,1175,940.0
National,2025-06-19,869,894.0
National,2025-06-20,874,883.0
National,2025-06-21,523,879.0
National,2025-06-22,466,889.0
National,2025-06-23,918,875.0
National,2025-06-24,1164,856.0
National,2025-06-25,1159,853.0
National,2025-06-26,1106,887.0
National,2025-06-27,872,887.0
National,2025-06-28,496,883.0
National,2025-06-29,399,873.0
National,2025-06-30,792,855.0
National,2025-07-01,1129,850.0
National,2025-07-02,1062,837.0
National,2025-07-03,979,818.0
National,2025-07-04,362,746.0
National,2025-07-05,376,728.0
National,2025-07-06,339,720.0
National,2025-07-07,837,726.0
National,2025-07-08,1097,722.0
National,2025-07-09,1080,724.0
National,2025-07-10,1120,744.0
National,2025-07-11,991,834.0
National,2025-07-12,551,859.0
National,2025-07-13,340,859.0
National,2025-07-14,815,856.0
National,2025-07-15,1038,848.0
National,2025-07-16,1034,841.0
National,2025-07-17,991,823.0
National,2025-07-18,875,806.0
National,2025-07-19,389,783.0
National,2025-07-20,313,779.0
National,2025-07-21,829,781.0
National,2025-07-22,988,774.0
National,2025-07-23,1052,777.0
National,2025-07-24,1053,786.0
National,2025-07-25,896,789.0
National,2025-07-26,594,818.0
National,2025-07-27,494,844.0
National,2025-07-28,845,846.0
National,2025-07-29,1058,856.0
National,2025-07-30,1152,870.0
National,2025-07-31,1088,875.0
National,2025-08-01,926,880.0
National,2025-08-02,547,873.0
National,2025-08-03,428,863.0
National,2025-08-04,803,857.0
National,2025-08-05,1182,875.0
National,2025-08-06,1222,885.0
National,2025-08-07,1056,881.0
National,2025-08-08,994,890.0
National,2025-08-09,487,882.0
National,2025-08-10,436,883.0
National,2025-08-11,879,894.0
National,2025-08-12,1101,882.0
National,2025-08-13,1024,854.0
National,2025-08-14,1051,853.0
National,2025-08-15,944,846.0
National,2025-08-16,567,857.0
National,2025-08-17,485,864.0
National,2025-08-18,852,861.0
National,2025-08-19,1242,881.0
National,2025-08-20,1101,892.0
National,2025-08-21,1201,913.0
National,2025-08-22,966,916.0
National,2025-08-23,673,931.0
National,2025-08-24,458,928.0
National,2025-08-25,983,946.0
National,2025-08-26,1087,924.0
National,2025-08-27,1169,934.0
National,2025-08-28,1080,917.0
National,2025-08-29,898,907.0
National,2025-08-30,461,877.0
National,2025-08-31,450,875.0
National,2025-09-01,544,813.0
National,2025-09-02,1033,805.0
National,2025-09-03,1187,808.0
National,2025-09-04,1420,856.0
National,2025-09-05,1228,903.0
National,2025-09-06,653,931.0
National,2025-09-07,553,945.0
National,2025-09-08,1089,1023.0
National,2025-09-09,1381,1073.0
National,2025-09-10,1314,1091.0
National,2025-09-11,1298,1074.0
National,2025-09-12,1179,1067.0
National,2025-09-13,649,1066.0
National,2025-09-14,598,1073.0
National,2025-09-15,1109,1075.0
National,2025-09-16,1255,1057.0
National,2025-09-17,1409,1071.0
National,2025-09-18,1361,1080.0
National,2025-09-19,1230,1087.0
National,2025-09-20,654,1088.0
National,2025-09-21,568,1084.0
National,2025-09-22,1127,1086.0
National,2025-09-23,1456,1115.0
National,2025-09-24,1320,1102.0
National,2025-09-25,1310,1095.0
National,2025-09-26,1139,1082.0
National,2025-09-27,652,1082.0
National,2025-09-28,575,1083.0
National,2025-09-29,1118,1081.0
National,2025-09-30,1272,1055.0
National,2025-10-01,1345,1059.0
National,2025-10-02,1261,1052.0
National,2025-10-03,1237,1066.0
National,2025-10-04,639,1064.0
National,2025-10-05,550,1060.0
National,2025-10-06,1010,1045.0
National,2025-10-07,1305,1050.0
National,2025-10-08,1437,1063.0
National,2025-10-09,1257,1062.0
National,2025-10-10,1254,1065.0
National,2025-10-11,540,1050.0
National,2025-10-12,544,1050.0
National,2025-10-13,689,1004.0
National,2025-10-14,1329,1007.0
National,2025-10-15,1487,1014.0
National,2025-10-16,1318,1023.0
National,2025-10-17,1363,1039.0
National,2025-10-18,562,1042.0
National,2025-10-19,549,1042.0
National,2025-10-20,1166,1111.0
National,2025-10-21,1469,1131.0
National,2025-10-22,1480,1130.0
National,2025-10-23,1410,1143.0
National,2025-10-24,1338,1139.0
National,2025-10-25,934,1192.0
National,2025-10-26,820,1231.0
National,2025-10-27,1310,1252.0
National,2025-10-28,1545,1262.0
National,2025-10-29,1728,1298.0
National,2025-10-30,1656,1333.0
National,2025-10-31,1245,1320.0
National,2025-11-01,857,1309.0
National,2025-11-02,780,1303.0
National,2025-11-03,1235,1292.0
National,2025-11-04,1569,1296.0
National,2025-11-05,1623,1281.0
National,2025-11-06,1477,1255.0
National,2025-11-07,1371,1273.0
National,2025-11-08,779,1262.0
National,2025-11-09,649,1243.0
National,2025-11-10,1206,1239.0
National,2025-11-11,958,1152.0
National,2025-11-12,1429,1124.0
National,2025-11-13,1444,1119.0
National,2025-11-14,1313,1111.0
National,2025-11-15,789,1113.0
National,2025-11-16,824,1138.0
National,2025-11-17,1380,1162.0
National,2025-11-18,1527,1244.0
National,2025-11-19,1513,1256.0
National,2025-11-20,1552,1271.0
National,2025-11-21,1378,1280.0
National,2025-11-22,732,1272.0
National,2025-11-23,609,1242.0
National,2025-11-24,1129,1206.0
National,2025-11-25,1361,1182.0
National,2025-11-26,1302,1152.0
National,2025-11-27,507,1003.0
National,2025-11-28,720,909.0
National,2025-11-29,490,874.0
National,2025-11-30,416,846.0
National,2025-12-01,1209,858.0
National,2025-12-02,1481,875.0
National,2025-12-03,1712,934.0
National,2025-12-04,1762,1113.0
National,2025-12-05,1471,1220.0
National,2025-12-06,919,1281.0
National,2025-12-07,726,1326.0
National,2025-12-08,1271,1335.0
National,2025-12-09,1465,1332.0
National,2025-12-10,1580,1313.0
National,2025-12-11,1685,1302.0
National,2025-12-12,1486,1305.0
National,2025-12-13,890,1300.0
National,2025-12-14,700,1297.0
National,2025-12-15,1258,1295.0
National,2025-12-16,1522,1303.0
National,2025-12-17,1658,1314.0
National,2025-12-18,1734,1321.0
National,2025-12-19,1401,1309.0
National,2025-12-20,795,1295.0
National,2025-12-21,665,1290.0
National,2025-12-22,1040,1259.0
National,2025-12-23,1429,1246.0
National,2025-12-24,902,1138.0
National,2025-12-25,379,944.0
National,2025-12-26,776,855.0
National,2025-12-27,640,833.0
National,2025-12-28,504,810.0
National,2025-12-29,1043,810.0
National,2025-12-30,1285,790.0
National,2025-12-31,1087,816.0
National,2026-01-01,632,852.0
National,2026-01-02,947,877.0
National,2026-01-03,659,880.0
National,2026-01-04,559,887.0
National,2026-01-05,1222,913.0
National,2026-01-06,1466,939.0
National,2026-01-07,1570,1008.0
National,2026-01-08,1640,1152.0
National,2026-01-09,1446,1223.0
National,2026-01-10,989,1270.0
National,2026-01-11,788,1303.0
National,2026-01-12,1335,1319.0
National,2026-01-13,1669,1348.0
National,2026-01-14,1766,1376.0
National,2026-01-15,1574,1367.0
National,2026-01-16,1417,1363.0
National,2026-01-17,1001,1364.0
National,2026-01-18,742,1358.0
National,2026-01-19,877,1292.0
National,2026-01-20,1360,1248.0
National,2026-01-21,1542,1216.0
National,2026-01-22,1543,1212.0
National,2026-01-23,1385,1207.0
National,2026-01-24,803,1179.0
National,2026-01-25,378,1127.0
National,2026-01-26,713,1103.0
National,2026-01-27,1198,1080.0
National,2026-01-28,1322,1049.0
National,2026-01-29,1399,1028.0
National,2026-01-30,1263,1011.0
National,2026-01-31,802,1011.0
National,2026-02-01,618,1045.0
National,2026-02-02,1080,1097.0
National,2026-02-03,1197,1097.0
National,2026-02-04,1223,1083.0
National,2026-02-05,1288,1067.0
National,2026-02-06,1166,1053.0
National,2026-02-07,676,1035.0
National,2026-02-08,598,1033.0
National,2026-02-09,982,1019.0
National,2026-02-10,1289,1032.0
National,2026-02-11,1243,1035.0
National,2026-02-12,1311,1038.0
National,2026-02-13,1129,1033.0
National,2026-02-14,629,1026.0
National,2026-02-15,561,1021.0
National,2026-02-16,830,999.0
National,2026-02-17,1167,981.0
National,2026-02-18,1252,983.0
National,2026-02-19,1285,979.0
National,2026-02-20,1175,986.0
National,2026-02-21,731,1000.0
National,2026-02-22,526,995.0
National,2026-02-23,938,1011.0
National,2026-02-24,1245,1022.0
National,2026-02-25,1357,1037.0
National,2026-02-26,1252,1032.0
National,2026-02-27,1104,1022.0
National,2026-02-28,721,1020.0
National,2026-03-01,596,1030.0
National,2026-03-02,1066,1049.0
National,2026-03-03,1270,1052.0
National,2026-03-04,1313,1046.0
National,2026-03-05,1183,1036.0
National,2026-03-06,1093,1035.0
National,2026-03-07,647,1024.0
National,2026-03-08,500,1010.0
National,2026-03-09,1015,1003.0
National,2026-03-10,1209,994.0
National,2026-03-11,1,807.0
