Apprehension Date,aor_nam,apprehension_type,count,rolling_avg_7d
2025-08-08,Atlanta,Collateral,20,20.0
2025-08-09,Atlanta,Collateral,12,16.0
2025-08-10,Atlanta,Collateral,9,13.7
2025-08-11,Atlanta,Collateral,4,11.2
2025-08-12,Atlanta,Collateral,12,11.4
2025-08-13,Atlanta,Collateral,6,10.5
2025-08-14,Atlanta,Collateral,9,10.3
2025-08-15,Atlanta,Collateral,8,8.6
2025-08-16,Atlanta,Collateral,6,7.7
2025-08-17,Atlanta,Collateral,17,8.9
2025-08-18,Atlanta,Collateral,11,9.9
2025-08-19,Atlanta,Collateral,10,9.6
2025-08-20,Atlanta,Collateral,2,9.0
2025-08-21,Atlanta,Collateral,4,8.3
2025-08-22,Atlanta,Collateral,12,8.9
2025-08-23,Atlanta,Collateral,14,10.0
2025-08-24,Atlanta,Collateral,7,8.6
2025-08-25,Atlanta,Collateral,12,8.7
2025-08-26,Atlanta,Collateral,13,9.1
2025-08-27,Atlanta,Collateral,9,10.1
2025-08-28,Atlanta,Collateral,12,11.3
2025-08-29,Atlanta,Collateral,9,10.9
2025-08-30,Atlanta,Collateral,8,10.0
2025-08-31,Atlanta,Collateral,7,10.0
2025-09-01,Atlanta,Collateral,7,9.3
2025-09-02,Atlanta,Collateral,7,8.4
2025-09-03,Atlanta,Collateral,5,7.9
2025-09-04,Atlanta,Collateral,37,11.4
2025-09-05,Atlanta,Collateral,62,19.0
2025-09-06,Atlanta,Collateral,54,25.6
2025-09-07,Atlanta,Collateral,26,28.3
2025-09-08,Atlanta,Collateral,79,38.6
2025-09-09,Atlanta,Collateral,11,39.1
2025-09-10,Atlanta,Collateral,7,39.4
2025-09-11,Atlanta,Collateral,12,35.9
2025-09-12,Atlanta,Collateral,10,28.4
2025-09-13,Atlanta,Collateral,6,21.6
2025-09-14,Atlanta,Collateral,16,20.1
2025-09-15,Atlanta,Collateral,4,9.4
2025-09-16,Atlanta,Collateral,8,9.0
2025-09-17,Atlanta,Collateral,12,9.7
2025-09-18,Atlanta,Collateral,11,9.6
2025-09-19,Atlanta,Collateral,10,9.6
2025-09-20,Atlanta,Collateral,13,10.6
2025-09-21,Atlanta,Collateral,8,9.4
2025-09-22,Atlanta,Collateral,11,10.4
2025-09-23,Atlanta,Collateral,8,10.4
2025-09-24,Atlanta,Collateral,11,10.3
2025-09-25,Atlanta,Collateral,20,11.6
2025-09-26,Atlanta,Collateral,9,11.4
2025-09-27,Atlanta,Collateral,7,10.6
2025-09-28,Atlanta,Collateral,6,10.3
2025-09-29,Atlanta,Collateral,4,9.3
2025-09-30,Atlanta,Collateral,13,10.0
2025-10-01,Atlanta,Collateral,13,10.3
2025-10-02,Atlanta,Collateral,11,9.0
2025-10-03,Atlanta,Collateral,15,9.9
2025-10-04,Atlanta,Collateral,10,10.3
2025-10-05,Atlanta,Collateral,10,10.9
2025-10-06,Atlanta,Collateral,14,12.3
2025-10-07,Atlanta,Collateral,13,12.3
2025-10-08,Atlanta,Collateral,12,12.1
2025-10-09,Atlanta,Collateral,13,12.4
2025-10-10,Atlanta,Collateral,6,11.1
2025-10-11,Atlanta,Collateral,8,10.9
2025-10-12,Atlanta,Collateral,5,10.1
2025-10-13,Atlanta,Collateral,7,9.1
2025-10-14,Atlanta,Collateral,12,9.0
2025-10-15,Atlanta,Collateral,8,8.4
2025-10-16,Atlanta,Collateral,17,9.0
2025-10-17,Atlanta,Collateral,7,9.1
2025-10-18,Atlanta,Collateral,3,8.4
2025-10-19,Atlanta,Collateral,7,8.7
2025-10-20,Atlanta,Collateral,10,9.1
2025-10-21,Atlanta,Collateral,7,8.4
2025-10-22,Atlanta,Collateral,20,10.1
2025-10-23,Atlanta,Collateral,9,9.0
2025-10-24,Atlanta,Collateral,5,8.7
2025-10-25,Atlanta,Collateral,14,10.3
2025-10-26,Atlanta,Collateral,3,9.7
2025-10-27,Atlanta,Collateral,14,10.3
2025-10-28,Atlanta,Collateral,10,10.7
2025-10-29,Atlanta,Collateral,6,8.7
2025-10-30,Atlanta,Collateral,31,11.9
2025-10-31,Atlanta,Collateral,19,13.9
2025-11-01,Atlanta,Collateral,7,12.9
2025-11-02,Atlanta,Collateral,7,13.4
2025-11-03,Atlanta,Collateral,19,14.1
2025-11-04,Atlanta,Collateral,38,18.1
2025-11-05,Atlanta,Collateral,22,20.4
2025-11-06,Atlanta,Collateral,48,22.9
2025-11-07,Atlanta,Collateral,36,25.3
2025-11-08,Atlanta,Collateral,18,26.9
2025-11-09,Atlanta,Collateral,2,26.1
2025-11-10,Atlanta,Collateral,8,24.6
2025-11-11,Atlanta,Collateral,14,21.1
2025-11-12,Atlanta,Collateral,13,19.9
2025-11-13,Atlanta,Collateral,15,15.1
2025-11-14,Atlanta,Collateral,6,10.9
2025-11-15,Atlanta,Collateral,22,11.4
2025-11-16,Atlanta,Collateral,23,14.4
2025-11-17,Atlanta,Collateral,22,16.4
2025-11-18,Atlanta,Collateral,52,21.9
2025-11-19,Atlanta,Collateral,19,22.7
2025-11-20,Atlanta,Collateral,19,23.3
2025-11-21,Atlanta,Collateral,15,24.6
2025-11-22,Atlanta,Collateral,17,23.9
2025-11-23,Atlanta,Collateral,6,21.4
2025-11-24,Atlanta,Collateral,9,19.6
2025-11-25,Atlanta,Collateral,17,14.6
2025-11-26,Atlanta,Collateral,32,16.4
2025-11-27,Atlanta,Collateral,10,15.1
2025-11-28,Atlanta,Collateral,15,15.1
2025-11-29,Atlanta,Collateral,24,16.1
2025-11-30,Atlanta,Collateral,13,17.1
2025-12-01,Atlanta,Collateral,7,16.9
2025-12-02,Atlanta,Collateral,18,17.0
2025-12-03,Atlanta,Collateral,19,15.1
2025-12-04,Atlanta,Collateral,21,16.7
2025-12-05,Atlanta,Collateral,15,16.7
2025-12-06,Atlanta,Collateral,9,14.6
2025-12-07,Atlanta,Collateral,3,13.1
2025-12-08,Atlanta,Collateral,30,16.4
2025-12-09,Atlanta,Collateral,13,15.7
2025-12-10,Atlanta,Collateral,19,15.7
2025-12-11,Atlanta,Collateral,16,15.0
2025-12-12,Atlanta,Collateral,13,14.7
2025-12-13,Atlanta,Collateral,12,15.1
2025-12-14,Atlanta,Collateral,11,16.3
2025-12-15,Atlanta,Collateral,5,12.7
2025-12-16,Atlanta,Collateral,11,12.4
2025-12-17,Atlanta,Collateral,19,12.4
2025-12-18,Atlanta,Collateral,18,12.7
2025-12-19,Atlanta,Collateral,23,14.1
2025-12-20,Atlanta,Collateral,19,15.1
2025-12-21,Atlanta,Collateral,5,14.3
2025-12-22,Atlanta,Collateral,10,15.0
2025-12-23,Atlanta,Collateral,9,14.7
2025-12-24,Atlanta,Collateral,12,13.7
2025-12-25,Atlanta,Collateral,3,11.6
2025-12-26,Atlanta,Collateral,21,11.3
2025-12-27,Atlanta,Collateral,5,9.3
2025-12-28,Atlanta,Collateral,6,9.4
2025-12-29,Atlanta,Collateral,16,10.3
2025-12-30,Atlanta,Collateral,26,12.7
2025-12-31,Atlanta,Collateral,9,12.3
2026-01-01,Atlanta,Collateral,5,12.6
2026-01-02,Atlanta,Collateral,19,12.3
2026-01-03,Atlanta,Collateral,17,14.0
2026-01-04,Atlanta,Collateral,6,14.0
2026-01-05,Atlanta,Collateral,21,14.7
2026-01-06,Atlanta,Collateral,20,13.9
2026-01-07,Atlanta,Collateral,13,14.4
2026-01-08,Atlanta,Collateral,15,15.9
2026-01-09,Atlanta,Collateral,8,14.3
2026-01-10,Atlanta,Collateral,9,13.1
2026-01-11,Atlanta,Collateral,3,12.7
2026-01-12,Atlanta,Collateral,10,11.1
2026-01-13,Atlanta,Collateral,14,10.3
2026-01-14,Atlanta,Collateral,19,11.1
2026-01-15,Atlanta,Collateral,9,10.3
2026-01-16,Atlanta,Collateral,7,10.1
2026-01-17,Atlanta,Collateral,5,9.6
2026-01-18,Atlanta,Collateral,6,10.0
2026-01-19,Atlanta,Collateral,16,10.9
2026-01-20,Atlanta,Collateral,9,10.1
2026-01-21,Atlanta,Collateral,23,10.7
2026-01-22,Atlanta,Collateral,10,10.9
2026-01-23,Atlanta,Collateral,9,11.1
2026-01-24,Atlanta,Collateral,8,11.6
2026-01-25,Atlanta,Collateral,4,11.3
2026-01-26,Atlanta,Collateral,9,10.3
2026-01-27,Atlanta,Collateral,18,11.6
2026-01-28,Atlanta,Collateral,11,9.9
2026-01-29,Atlanta,Collateral,27,12.3
2026-01-30,Atlanta,Collateral,15,13.1
2026-01-31,Atlanta,Collateral,11,13.6
2026-02-01,Atlanta,Collateral,4,13.6
2026-02-02,Atlanta,Collateral,11,13.9
2026-02-03,Atlanta,Collateral,8,12.4
2026-02-04,Atlanta,Collateral,11,12.4
2026-02-05,Atlanta,Collateral,23,11.9
2026-02-06,Atlanta,Collateral,13,11.6
2026-02-07,Atlanta,Collateral,6,10.9
2026-02-08,Atlanta,Collateral,35,15.3
2026-02-09,Atlanta,Collateral,24,17.1
2026-02-10,Atlanta,Collateral,14,18.0
2026-02-11,Atlanta,Collateral,6,17.3
2026-02-12,Atlanta,Collateral,18,16.6
2026-02-13,Atlanta,Collateral,17,17.1
2026-02-14,Atlanta,Collateral,10,17.7
2026-02-15,Atlanta,Collateral,4,13.3
2026-02-16,Atlanta,Collateral,21,12.9
2026-02-17,Atlanta,Collateral,17,13.3
2026-02-18,Atlanta,Collateral,12,14.1
2026-02-19,Atlanta,Collateral,12,13.3
2026-02-20,Atlanta,Collateral,6,11.7
2026-02-21,Atlanta,Collateral,32,14.9
2026-02-22,Atlanta,Collateral,11,15.9
2026-02-23,Atlanta,Collateral,33,17.6
2026-02-24,Atlanta,Collateral,17,17.6
2026-02-25,Atlanta,Collateral,19,18.6
2026-02-26,Atlanta,Collateral,27,20.7
2026-02-27,Atlanta,Collateral,28,23.9
2026-02-28,Atlanta,Collateral,9,20.6
2026-03-01,Atlanta,Collateral,8,20.1
2026-03-02,Atlanta,Collateral,11,17.0
2026-03-03,Atlanta,Collateral,37,19.9
2026-03-04,Atlanta,Collateral,19,19.9
2026-03-05,Atlanta,Collateral,18,18.6
2026-03-06,Atlanta,Collateral,16,16.9
2026-03-07,Atlanta,Collateral,4,16.1
2026-03-08,Atlanta,Collateral,8,16.1
2026-03-09,Atlanta,Collateral,24,18.0
2026-03-10,Atlanta,Collateral,19,15.4
2025-08-08,Atlanta,Targeted,69,69.0
2025-08-09,Atlanta,Targeted,32,50.5
2025-08-10,Atlanta,Targeted,38,46.3
2025-08-11,Atlanta,Targeted,53,48.0
2025-08-12,Atlanta,Targeted,53,49.0
2025-08-13,Atlanta,Targeted,50,49.2
2025-08-14,Atlanta,Targeted,41,48.0
2025-08-15,Atlanta,Targeted,53,45.7
2025-08-16,Atlanta,Targeted,28,45.1
2025-08-17,Atlanta,Targeted,28,43.7
2025-08-18,Atlanta,Targeted,54,43.9
2025-08-19,Atlanta,Targeted,44,42.6
2025-08-20,Atlanta,Targeted,45,41.9
2025-08-21,Atlanta,Targeted,60,44.6
2025-08-22,Atlanta,Targeted,59,45.4
2025-08-23,Atlanta,Targeted,22,44.6
2025-08-24,Atlanta,Targeted,23,43.9
2025-08-25,Atlanta,Targeted,56,44.1
2025-08-26,Atlanta,Targeted,55,45.7
2025-08-27,Atlanta,Targeted,55,47.1
2025-08-28,Atlanta,Targeted,52,46.0
2025-08-29,Atlanta,Targeted,54,45.3
2025-08-30,Atlanta,Targeted,50,49.3
2025-08-31,Atlanta,Targeted,42,52.0
2025-09-01,Atlanta,Targeted,30,48.3
2025-09-02,Atlanta,Targeted,45,46.9
2025-09-03,Atlanta,Targeted,35,44.0
2025-09-04,Atlanta,Targeted,67,46.1
2025-09-05,Atlanta,Targeted,99,52.6
2025-09-06,Atlanta,Targeted,72,55.7
2025-09-07,Atlanta,Targeted,32,54.3
2025-09-08,Atlanta,Targeted,71,60.1
2025-09-09,Atlanta,Targeted,59,62.1
2025-09-10,Atlanta,Targeted,35,62.1
2025-09-11,Atlanta,Targeted,55,60.4
2025-09-12,Atlanta,Targeted,44,52.6
2025-09-13,Atlanta,Targeted,35,47.3
2025-09-14,Atlanta,Targeted,43,48.9
2025-09-15,Atlanta,Targeted,57,46.9
2025-09-16,Atlanta,Targeted,37,43.7
2025-09-17,Atlanta,Targeted,56,46.7
2025-09-18,Atlanta,Targeted,60,47.4
2025-09-19,Atlanta,Targeted,62,50.0
2025-09-20,Atlanta,Targeted,52,52.4
2025-09-21,Atlanta,Targeted,30,50.6
2025-09-22,Atlanta,Targeted,41,48.3
2025-09-23,Atlanta,Targeted,48,49.9
2025-09-24,Atlanta,Targeted,63,50.9
2025-09-25,Atlanta,Targeted,80,53.7
2025-09-26,Atlanta,Targeted,56,52.9
2025-09-27,Atlanta,Targeted,27,49.3
2025-09-28,Atlanta,Targeted,45,51.4
2025-09-29,Atlanta,Targeted,58,53.9
2025-09-30,Atlanta,Targeted,56,55.0
2025-10-01,Atlanta,Targeted,63,55.0
2025-10-02,Atlanta,Targeted,64,52.7
2025-10-03,Atlanta,Targeted,75,55.4
2025-10-04,Atlanta,Targeted,24,55.0
2025-10-05,Atlanta,Targeted,26,52.3
2025-10-06,Atlanta,Targeted,54,51.7
2025-10-07,Atlanta,Targeted,57,51.9
2025-10-08,Atlanta,Targeted,64,52.0
2025-10-09,Atlanta,Targeted,49,49.9
2025-10-10,Atlanta,Targeted,49,46.1
2025-10-11,Atlanta,Targeted,20,45.6
2025-10-12,Atlanta,Targeted,31,46.3
2025-10-13,Atlanta,Targeted,49,45.6
2025-10-14,Atlanta,Targeted,60,46.0
2025-10-15,Atlanta,Targeted,66,46.3
2025-10-16,Atlanta,Targeted,62,48.1
2025-10-17,Atlanta,Targeted,59,49.6
2025-10-18,Atlanta,Targeted,18,49.3
2025-10-19,Atlanta,Targeted,19,47.6
2025-10-20,Atlanta,Targeted,53,48.1
2025-10-21,Atlanta,Targeted,73,50.0
2025-10-22,Atlanta,Targeted,61,49.3
2025-10-23,Atlanta,Targeted,65,49.7
2025-10-24,Atlanta,Targeted,63,50.3
2025-10-25,Atlanta,Targeted,31,52.1
2025-10-26,Atlanta,Targeted,31,53.9
2025-10-27,Atlanta,Targeted,52,53.7
2025-10-28,Atlanta,Targeted,63,52.3
2025-10-29,Atlanta,Targeted,70,53.6
2025-10-30,Atlanta,Targeted,72,54.6
2025-10-31,Atlanta,Targeted,64,54.7
2025-11-01,Atlanta,Targeted,24,53.7
2025-11-02,Atlanta,Targeted,23,52.6
2025-11-03,Atlanta,Targeted,91,58.1
2025-11-04,Atlanta,Targeted,74,59.7
2025-11-05,Atlanta,Targeted,78,60.9
2025-11-06,Atlanta,Targeted,61,59.3
2025-11-07,Atlanta,Targeted,60,58.7
2025-11-08,Atlanta,Targeted,32,59.9
2025-11-09,Atlanta,Targeted,36,61.7
2025-11-10,Atlanta,Targeted,59,57.1
2025-11-11,Atlanta,Targeted,29,50.7
2025-11-12,Atlanta,Targeted,71,49.7
2025-11-13,Atlanta,Targeted,78,52.1
2025-11-14,Atlanta,Targeted,41,49.4
2025-11-15,Atlanta,Targeted,31,49.3
2025-11-16,Atlanta,Targeted,68,53.9
2025-11-17,Atlanta,Targeted,103,60.1
2025-11-18,Atlanta,Targeted,88,68.6
2025-11-19,Atlanta,Targeted,93,71.7
2025-11-20,Atlanta,Targeted,98,74.6
2025-11-21,Atlanta,Targeted,79,80.0
2025-11-22,Atlanta,Targeted,30,79.9
2025-11-23,Atlanta,Targeted,26,73.9
2025-11-24,Atlanta,Targeted,54,66.9
2025-11-25,Atlanta,Targeted,61,63.0
2025-11-26,Atlanta,Targeted,58,58.0
2025-11-27,Atlanta,Targeted,37,49.3
2025-11-28,Atlanta,Targeted,47,44.7
2025-11-29,Atlanta,Targeted,37,45.7
2025-11-30,Atlanta,Targeted,21,45.0
2025-12-01,Atlanta,Targeted,57,45.4
2025-12-02,Atlanta,Targeted,59,45.1
2025-12-03,Atlanta,Targeted,77,47.9
2025-12-04,Atlanta,Targeted,78,53.7
2025-12-05,Atlanta,Targeted,89,59.7
2025-12-06,Atlanta,Targeted,46,61.0
2025-12-07,Atlanta,Targeted,42,64.0
2025-12-08,Atlanta,Targeted,63,64.9
2025-12-09,Atlanta,Targeted,49,63.4
2025-12-10,Atlanta,Targeted,79,63.7
2025-12-11,Atlanta,Targeted,91,65.6
2025-12-12,Atlanta,Targeted,72,63.1
2025-12-13,Atlanta,Targeted,61,65.3
2025-12-14,Atlanta,Targeted,30,63.6
2025-12-15,Atlanta,Targeted,55,62.4
2025-12-16,Atlanta,Targeted,72,65.7
2025-12-17,Atlanta,Targeted,81,66.0
2025-12-18,Atlanta,Targeted,75,63.7
2025-12-19,Atlanta,Targeted,57,61.6
2025-12-20,Atlanta,Targeted,36,58.0
2025-12-21,Atlanta,Targeted,48,60.6
2025-12-22,Atlanta,Targeted,48,59.6
2025-12-23,Atlanta,Targeted,79,60.6
2025-12-24,Atlanta,Targeted,60,57.6
2025-12-25,Atlanta,Targeted,17,49.3
2025-12-26,Atlanta,Targeted,45,47.6
2025-12-27,Atlanta,Targeted,28,46.4
2025-12-28,Atlanta,Targeted,30,43.9
2025-12-29,Atlanta,Targeted,62,45.9
2025-12-30,Atlanta,Targeted,54,42.3
2025-12-31,Atlanta,Targeted,50,40.9
2026-01-01,Atlanta,Targeted,40,44.1
2026-01-02,Atlanta,Targeted,57,45.9
2026-01-03,Atlanta,Targeted,38,47.3
2026-01-04,Atlanta,Targeted,47,49.7
2026-01-05,Atlanta,Targeted,51,48.1
2026-01-06,Atlanta,Targeted,68,50.1
2026-01-07,Atlanta,Targeted,73,53.4
2026-01-08,Atlanta,Targeted,88,60.3
2026-01-09,Atlanta,Targeted,70,62.1
2026-01-10,Atlanta,Targeted,55,64.6
2026-01-11,Atlanta,Targeted,58,66.1
2026-01-12,Atlanta,Targeted,58,67.1
2026-01-13,Atlanta,Targeted,74,68.0
2026-01-14,Atlanta,Targeted,79,68.9
2026-01-15,Atlanta,Targeted,70,66.3
2026-01-16,Atlanta,Targeted,70,66.3
2026-01-17,Atlanta,Targeted,55,66.3
2026-01-18,Atlanta,Targeted,53,65.6
2026-01-19,Atlanta,Targeted,37,62.6
2026-01-20,Atlanta,Targeted,78,63.1
2026-01-21,Atlanta,Targeted,66,61.3
2026-01-22,Atlanta,Targeted,90,64.1
2026-01-23,Atlanta,Targeted,70,64.1
2026-01-24,Atlanta,Targeted,37,61.6
2026-01-25,Atlanta,Targeted,8,55.1
2026-01-26,Atlanta,Targeted,37,55.1
2026-01-27,Atlanta,Targeted,61,52.7
2026-01-28,Atlanta,Targeted,63,52.3
2026-01-29,Atlanta,Targeted,64,48.6
2026-01-30,Atlanta,Targeted,90,51.4
2026-01-31,Atlanta,Targeted,32,50.7
2026-02-01,Atlanta,Targeted,27,53.4
2026-02-02,Atlanta,Targeted,42,54.1
2026-02-03,Atlanta,Targeted,53,53.0
2026-02-04,Atlanta,Targeted,52,51.4
2026-02-05,Atlanta,Targeted,56,50.3
2026-02-06,Atlanta,Targeted,57,45.6
2026-02-07,Atlanta,Targeted,41,46.9
2026-02-08,Atlanta,Targeted,46,49.6
2026-02-09,Atlanta,Targeted,62,52.4
2026-02-10,Atlanta,Targeted,68,54.6
2026-02-11,Atlanta,Targeted,70,57.1
2026-02-12,Atlanta,Targeted,62,58.0
2026-02-13,Atlanta,Targeted,56,57.9
2026-02-14,Atlanta,Targeted,52,59.4
2026-02-15,Atlanta,Targeted,35,57.9
2026-02-16,Atlanta,Targeted,59,57.4
2026-02-17,Atlanta,Targeted,67,57.3
2026-02-18,Atlanta,Targeted,71,57.4
2026-02-19,Atlanta,Targeted,67,58.1
2026-02-20,Atlanta,Targeted,68,59.9
2026-02-21,Atlanta,Targeted,49,59.4
2026-02-22,Atlanta,Targeted,29,58.6
2026-02-23,Atlanta,Targeted,73,60.6
2026-02-24,Atlanta,Targeted,85,63.1
2026-02-25,Atlanta,Targeted,100,67.3
2026-02-26,Atlanta,Targeted,77,68.7
2026-02-27,Atlanta,Targeted,67,68.6
2026-02-28,Atlanta,Targeted,47,68.3
2026-03-01,Atlanta,Targeted,51,71.4
2026-03-02,Atlanta,Targeted,75,71.7
2026-03-03,Atlanta,Targeted,91,72.6
2026-03-04,Atlanta,Targeted,81,69.9
2026-03-05,Atlanta,Targeted,79,70.1
2026-03-06,Atlanta,Targeted,69,70.4
2026-03-07,Atlanta,Targeted,61,72.4
2026-03-08,Atlanta,Targeted,69,75.0
2026-03-09,Atlanta,Targeted,74,74.9
2026-03-10,Atlanta,Targeted,76,72.7
2025-08-14,Atlanta,Unknown,1,1.0
2025-08-20,Atlanta,Unknown,1,1.0
2025-08-27,Atlanta,Unknown,1,1.0
2025-08-31,Atlanta,Unknown,1,1.0
2025-09-11,Atlanta,Unknown,1,1.0
2025-09-19,Atlanta,Unknown,1,1.0
2025-09-23,Atlanta,Unknown,1,1.0
2025-09-24,Atlanta,Unknown,1,1.0
2025-09-25,Atlanta,Unknown,1,1.0
2025-09-26,Atlanta,Unknown,1,1.0
2025-09-28,Atlanta,Unknown,1,1.0
2025-10-08,Atlanta,Unknown,1,1.0
2025-10-09,Atlanta,Unknown,1,1.0
2025-10-21,Atlanta,Unknown,1,1.0
2025-10-23,Atlanta,Unknown,1,1.0
2025-10-25,Atlanta,Unknown,2,1.1
2025-10-28,Atlanta,Unknown,1,1.1
2025-11-03,Atlanta,Unknown,1,1.1
2025-11-06,Atlanta,Unknown,1,1.1
2025-11-22,Atlanta,Unknown,1,1.1
2026-01-06,Atlanta,Unknown,1,1.1
2026-01-07,Atlanta,Unknown,1,1.1
2026-01-08,Atlanta,Unknown,1,1.0
2026-01-10,Atlanta,Unknown,1,1.0
2026-01-13,Atlanta,Unknown,1,1.0
2026-02-01,Atlanta,Unknown,2,1.1
2026-02-08,Atlanta,Unknown,1,1.1
2026-02-12,Atlanta,Unknown,1,1.1
2026-02-22,Atlanta,Unknown,1,1.1
2025-08-08,Baltimore,Collateral,3,3.0
2025-08-10,Baltimore,Collateral,1,2.0
2025-08-11,Baltimore,Collateral,3,2.3
2025-08-12,Baltimore,Collateral,1,2.0
2025-08-13,Baltimore,Collateral,1,1.8
2025-08-14,Baltimore,Collateral,3,2.0
2025-08-15,Baltimore,Collateral,2,2.0
2025-08-27,Baltimore,Collateral,1,1.7
2025-08-28,Baltimore,Collateral,1,1.7
2025-08-30,Baltimore,Collateral,3,1.7
2025-09-01,Baltimore,Collateral,8,2.7
2025-09-02,Baltimore,Collateral,3,3.0
2025-09-03,Baltimore,Collateral,5,3.3
2025-09-05,Baltimore,Collateral,3,3.4
2025-09-06,Baltimore,Collateral,12,5.0
2025-09-07,Baltimore,Collateral,8,6.0
2025-09-08,Baltimore,Collateral,7,6.6
2025-09-09,Baltimore,Collateral,8,6.6
2025-09-10,Baltimore,Collateral,8,7.3
2025-09-11,Baltimore,Collateral,5,7.3
2025-09-12,Baltimore,Collateral,4,7.4
2025-09-13,Baltimore,Collateral,2,6.0
2025-09-14,Baltimore,Collateral,3,5.3
2025-09-15,Baltimore,Collateral,8,5.4
2025-09-16,Baltimore,Collateral,2,4.6
2025-09-17,Baltimore,Collateral,7,4.4
2025-09-18,Baltimore,Collateral,3,4.1
2025-09-19,Baltimore,Collateral,3,4.0
2025-09-20,Baltimore,Collateral,9,5.0
2025-09-21,Baltimore,Collateral,10,6.0
2025-09-22,Baltimore,Collateral,7,5.9
2025-09-23,Baltimore,Collateral,8,6.7
2025-09-24,Baltimore,Collateral,7,6.7
2025-09-25,Baltimore,Collateral,5,7.0
2025-09-26,Baltimore,Collateral,6,7.4
2025-09-27,Baltimore,Collateral,3,6.6
2025-09-28,Baltimore,Collateral,5,5.9
2025-09-29,Baltimore,Collateral,7,5.9
2025-09-30,Baltimore,Collateral,4,5.3
2025-10-02,Baltimore,Collateral,1,4.4
2025-10-04,Baltimore,Collateral,14,5.7
2025-10-05,Baltimore,Collateral,9,6.1
2025-10-06,Baltimore,Collateral,8,6.9
2025-10-07,Baltimore,Collateral,1,6.3
2025-10-08,Baltimore,Collateral,6,6.1
2025-10-09,Baltimore,Collateral,4,6.1
2025-10-10,Baltimore,Collateral,1,6.1
2025-10-11,Baltimore,Collateral,3,4.6
2025-10-12,Baltimore,Collateral,6,4.1
2025-10-13,Baltimore,Collateral,4,3.6
2025-10-14,Baltimore,Collateral,6,4.3
2025-10-15,Baltimore,Collateral,2,3.7
2025-10-16,Baltimore,Collateral,5,3.9
2025-10-17,Baltimore,Collateral,1,3.9
2025-10-18,Baltimore,Collateral,10,4.9
2025-10-20,Baltimore,Collateral,2,4.3
2025-10-21,Baltimore,Collateral,3,4.1
2025-10-22,Baltimore,Collateral,5,4.0
2025-10-23,Baltimore,Collateral,2,4.0
2025-10-24,Baltimore,Collateral,2,3.6
2025-10-25,Baltimore,Collateral,11,5.0
2025-10-26,Baltimore,Collateral,3,4.0
2025-10-27,Baltimore,Collateral,1,3.9
2025-10-28,Baltimore,Collateral,5,4.1
2025-10-29,Baltimore,Collateral,2,3.7
2025-10-30,Baltimore,Collateral,2,3.7
2025-10-31,Baltimore,Collateral,4,4.0
2025-11-01,Baltimore,Collateral,16,4.7
2025-11-02,Baltimore,Collateral,14,6.3
2025-11-04,Baltimore,Collateral,9,7.4
2025-11-05,Baltimore,Collateral,7,7.7
2025-11-06,Baltimore,Collateral,11,9.0
2025-11-07,Baltimore,Collateral,2,9.0
2025-11-08,Baltimore,Collateral,5,9.1
2025-11-09,Baltimore,Collateral,3,7.3
2025-11-10,Baltimore,Collateral,2,5.6
2025-11-11,Baltimore,Collateral,12,6.0
2025-11-12,Baltimore,Collateral,6,5.9
2025-11-13,Baltimore,Collateral,6,5.1
2025-11-14,Baltimore,Collateral,2,5.1
2025-11-15,Baltimore,Collateral,12,6.1
2025-11-16,Baltimore,Collateral,1,5.9
2025-11-17,Baltimore,Collateral,2,5.9
2025-11-18,Baltimore,Collateral,8,5.3
2025-11-19,Baltimore,Collateral,6,5.3
2025-11-20,Baltimore,Collateral,4,5.0
2025-11-21,Baltimore,Collateral,2,5.0
2025-11-22,Baltimore,Collateral,14,5.3
2025-11-23,Baltimore,Collateral,4,5.7
2025-11-24,Baltimore,Collateral,4,6.0
2025-11-25,Baltimore,Collateral,4,5.4
2025-11-26,Baltimore,Collateral,14,6.6
2025-11-28,Baltimore,Collateral,2,6.3
2025-11-29,Baltimore,Collateral,11,7.6
2025-11-30,Baltimore,Collateral,3,6.0
2025-12-01,Baltimore,Collateral,9,6.7
2025-12-02,Baltimore,Collateral,8,7.3
2025-12-03,Baltimore,Collateral,8,7.9
2025-12-04,Baltimore,Collateral,6,6.7
2025-12-05,Baltimore,Collateral,4,7.0
2025-12-06,Baltimore,Collateral,2,5.7
2025-12-07,Baltimore,Collateral,9,6.6
2025-12-08,Baltimore,Collateral,9,6.6
2025-12-09,Baltimore,Collateral,3,5.9
2025-12-10,Baltimore,Collateral,20,7.6
2025-12-11,Baltimore,Collateral,15,8.9
2025-12-12,Baltimore,Collateral,15,10.4
2025-12-13,Baltimore,Collateral,19,12.9
2025-12-14,Baltimore,Collateral,12,13.3
2025-12-15,Baltimore,Collateral,15,14.1
2025-12-16,Baltimore,Collateral,3,14.1
2025-12-17,Baltimore,Collateral,19,14.0
2025-12-18,Baltimore,Collateral,4,12.4
2025-12-19,Baltimore,Collateral,5,11.0
2025-12-20,Baltimore,Collateral,1,8.4
2025-12-21,Baltimore,Collateral,2,7.0
2025-12-22,Baltimore,Collateral,8,6.0
2025-12-23,Baltimore,Collateral,8,6.7
2025-12-24,Baltimore,Collateral,8,5.1
2025-12-26,Baltimore,Collateral,12,6.3
2025-12-29,Baltimore,Collateral,10,7.0
2025-12-30,Baltimore,Collateral,14,8.9
2025-12-31,Baltimore,Collateral,12,10.3
2026-01-01,Baltimore,Collateral,3,9.6
2026-01-02,Baltimore,Collateral,8,9.6
2026-01-03,Baltimore,Collateral,5,9.1
2026-01-04,Baltimore,Collateral,3,7.9
2026-01-05,Baltimore,Collateral,7,7.4
2026-01-06,Baltimore,Collateral,16,7.7
2026-01-07,Baltimore,Collateral,16,8.3
2026-01-08,Baltimore,Collateral,15,10.0
2026-01-09,Baltimore,Collateral,7,9.9
2026-01-10,Baltimore,Collateral,12,10.9
2026-01-11,Baltimore,Collateral,12,12.1
2026-01-12,Baltimore,Collateral,14,13.1
2026-01-13,Baltimore,Collateral,19,13.6
2026-01-14,Baltimore,Collateral,16,13.6
2026-01-15,Baltimore,Collateral,12,13.1
2026-01-16,Baltimore,Collateral,11,13.7
2026-01-17,Baltimore,Collateral,2,12.3
2026-01-18,Baltimore,Collateral,8,11.7
2026-01-19,Baltimore,Collateral,19,12.4
2026-01-20,Baltimore,Collateral,14,11.7
2026-01-21,Baltimore,Collateral,17,11.9
2026-01-22,Baltimore,Collateral,17,12.6
2026-01-23,Baltimore,Collateral,16,13.3
2026-01-24,Baltimore,Collateral,17,15.4
2026-01-28,Baltimore,Collateral,1,14.4
2026-01-29,Baltimore,Collateral,16,14.0
2026-01-30,Baltimore,Collateral,16,14.3
2026-01-31,Baltimore,Collateral,8,13.0
2026-02-01,Baltimore,Collateral,10,12.0
2026-02-02,Baltimore,Collateral,13,11.6
2026-02-03,Baltimore,Collateral,3,9.6
2026-02-05,Baltimore,Collateral,3,9.9
2026-02-06,Baltimore,Collateral,3,8.0
2026-02-07,Baltimore,Collateral,6,6.6
2026-02-08,Baltimore,Collateral,9,6.7
2026-02-09,Baltimore,Collateral,12,7.0
2026-02-10,Baltimore,Collateral,9,6.4
2026-02-11,Baltimore,Collateral,10,7.4
2026-02-12,Baltimore,Collateral,13,8.9
2026-02-13,Baltimore,Collateral,10,9.9
2026-02-14,Baltimore,Collateral,18,11.6
2026-02-15,Baltimore,Collateral,13,12.1
2026-02-16,Baltimore,Collateral,14,12.4
2026-02-17,Baltimore,Collateral,8,12.3
2026-02-18,Baltimore,Collateral,12,12.6
2026-02-19,Baltimore,Collateral,13,12.6
2026-02-20,Baltimore,Collateral,8,12.3
2026-02-21,Baltimore,Collateral,10,11.1
2026-02-22,Baltimore,Collateral,11,10.9
2026-02-24,Baltimore,Collateral,10,10.3
2026-02-25,Baltimore,Collateral,19,11.9
2026-02-26,Baltimore,Collateral,12,11.9
2026-02-27,Baltimore,Collateral,7,11.0
2026-02-28,Baltimore,Collateral,9,11.1
2026-03-01,Baltimore,Collateral,10,11.1
2026-03-02,Baltimore,Collateral,11,11.1
2026-03-03,Baltimore,Collateral,8,10.9
2026-03-04,Baltimore,Collateral,6,9.0
2026-03-05,Baltimore,Collateral,10,8.7
2026-03-06,Baltimore,Collateral,3,8.1
2026-03-07,Baltimore,Collateral,2,7.1
2025-08-08,Baltimore,Targeted,10,10.0
2025-08-09,Baltimore,Targeted,1,5.5
2025-08-10,Baltimore,Targeted,1,4.0
2025-08-11,Baltimore,Targeted,8,5.0
2025-08-12,Baltimore,Targeted,15,7.0
2025-08-13,Baltimore,Targeted,4,6.5
2025-08-14,Baltimore,Targeted,8,6.7
2025-08-15,Baltimore,Targeted,12,7.0
2025-08-16,Baltimore,Targeted,2,7.1
2025-08-18,Baltimore,Targeted,5,7.7
2025-08-19,Baltimore,Targeted,5,7.3
2025-08-20,Baltimore,Targeted,8,6.3
2025-08-21,Baltimore,Targeted,10,7.1
2025-08-22,Baltimore,Targeted,5,6.7
2025-08-23,Baltimore,Targeted,1,5.1
2025-08-24,Baltimore,Targeted,2,5.1
2025-08-25,Baltimore,Targeted,2,4.7
2025-08-26,Baltimore,Targeted,10,5.4
2025-08-27,Baltimore,Targeted,13,6.1
2025-08-28,Baltimore,Targeted,4,5.3
2025-08-29,Baltimore,Targeted,5,5.3
2025-08-30,Baltimore,Targeted,2,5.4
2025-09-01,Baltimore,Targeted,6,6.0
2025-09-02,Baltimore,Targeted,7,6.7
2025-09-03,Baltimore,Targeted,9,6.6
2025-09-04,Baltimore,Targeted,9,6.0
2025-09-05,Baltimore,Targeted,9,6.7
2025-09-06,Baltimore,Targeted,5,6.7
2025-09-07,Baltimore,Targeted,8,7.6
2025-09-08,Baltimore,Targeted,7,7.7
2025-09-09,Baltimore,Targeted,6,7.6
2025-09-10,Baltimore,Targeted,13,8.1
2025-09-11,Baltimore,Targeted,8,8.0
2025-09-12,Baltimore,Targeted,9,8.0
2025-09-13,Baltimore,Targeted,4,7.9
2025-09-14,Baltimore,Targeted,7,7.7
2025-09-15,Baltimore,Targeted,9,8.0
2025-09-16,Baltimore,Targeted,6,8.0
2025-09-17,Baltimore,Targeted,11,7.7
2025-09-18,Baltimore,Targeted,9,7.9
2025-09-19,Baltimore,Targeted,4,7.1
2025-09-20,Baltimore,Targeted,5,7.3
2025-09-21,Baltimore,Targeted,2,6.6
2025-09-22,Baltimore,Targeted,10,6.7
2025-09-23,Baltimore,Targeted,15,8.0
2025-09-24,Baltimore,Targeted,11,8.0
2025-09-25,Baltimore,Targeted,16,9.0
2025-09-26,Baltimore,Targeted,12,10.1
2025-09-27,Baltimore,Targeted,10,10.9
2025-09-28,Baltimore,Targeted,2,10.9
2025-09-29,Baltimore,Targeted,14,11.4
2025-09-30,Baltimore,Targeted,12,11.0
2025-10-01,Baltimore,Targeted,6,10.3
2025-10-02,Baltimore,Targeted,13,9.9
2025-10-03,Baltimore,Targeted,7,9.1
2025-10-04,Baltimore,Targeted,3,8.1
2025-10-05,Baltimore,Targeted,6,8.7
2025-10-06,Baltimore,Targeted,6,7.6
2025-10-07,Baltimore,Targeted,13,7.7
2025-10-08,Baltimore,Targeted,12,8.6
2025-10-09,Baltimore,Targeted,10,8.1
2025-10-10,Baltimore,Targeted,6,8.0
2025-10-11,Baltimore,Targeted,7,8.6
2025-10-12,Baltimore,Targeted,3,8.1
2025-10-13,Baltimore,Targeted,2,7.6
2025-10-14,Baltimore,Targeted,10,7.1
2025-10-15,Baltimore,Targeted,6,6.3
2025-10-16,Baltimore,Targeted,11,6.4
2025-10-17,Baltimore,Targeted,7,6.6
2025-10-18,Baltimore,Targeted,1,5.7
2025-10-19,Baltimore,Targeted,4,5.9
2025-10-20,Baltimore,Targeted,9,6.9
2025-10-21,Baltimore,Targeted,19,8.1
2025-10-22,Baltimore,Targeted,13,9.1
2025-10-23,Baltimore,Targeted,7,8.6
2025-10-24,Baltimore,Targeted,2,7.9
2025-10-25,Baltimore,Targeted,15,9.9
2025-10-26,Baltimore,Targeted,7,10.3
2025-10-27,Baltimore,Targeted,6,9.9
2025-10-28,Baltimore,Targeted,13,9.0
2025-10-29,Baltimore,Targeted,12,8.9
2025-10-30,Baltimore,Targeted,15,10.0
2025-10-31,Baltimore,Targeted,5,10.4
2025-11-01,Baltimore,Targeted,10,9.7
2025-11-02,Baltimore,Targeted,7,9.7
2025-11-03,Baltimore,Targeted,5,9.6
2025-11-04,Baltimore,Targeted,13,9.6
2025-11-05,Baltimore,Targeted,12,9.6
2025-11-06,Baltimore,Targeted,15,9.6
2025-11-07,Baltimore,Targeted,7,9.9
2025-11-08,Baltimore,Targeted,8,9.6
2025-11-09,Baltimore,Targeted,6,9.4
2025-11-10,Baltimore,Targeted,9,10.0
2025-11-11,Baltimore,Targeted,10,9.6
2025-11-12,Baltimore,Targeted,18,10.4
2025-11-13,Baltimore,Targeted,10,9.7
2025-11-14,Baltimore,Targeted,15,10.9
2025-11-15,Baltimore,Targeted,9,11.0
2025-11-16,Baltimore,Targeted,7,11.1
2025-11-17,Baltimore,Targeted,11,11.4
2025-11-18,Baltimore,Targeted,5,10.7
2025-11-19,Baltimore,Targeted,12,9.9
2025-11-20,Baltimore,Targeted,19,11.1
2025-11-21,Baltimore,Targeted,9,10.3
2025-11-22,Baltimore,Targeted,12,10.7
2025-11-23,Baltimore,Targeted,4,10.3
2025-11-24,Baltimore,Targeted,1,8.9
2025-11-25,Baltimore,Targeted,20,11.0
2025-11-26,Baltimore,Targeted,29,13.4
2025-11-27,Baltimore,Targeted,3,11.1
2025-11-28,Baltimore,Targeted,5,10.6
2025-11-29,Baltimore,Targeted,6,9.7
2025-11-30,Baltimore,Targeted,4,9.7
2025-12-01,Baltimore,Targeted,13,11.4
2025-12-02,Baltimore,Targeted,10,10.0
2025-12-03,Baltimore,Targeted,18,8.4
2025-12-04,Baltimore,Targeted,16,10.3
2025-12-05,Baltimore,Targeted,17,12.0
2025-12-06,Baltimore,Targeted,13,13.0
2025-12-07,Baltimore,Targeted,10,13.9
2025-12-08,Baltimore,Targeted,7,13.0
2025-12-09,Baltimore,Targeted,8,12.7
2025-12-10,Baltimore,Targeted,26,13.9
2025-12-11,Baltimore,Targeted,22,14.7
2025-12-12,Baltimore,Targeted,28,16.3
2025-12-13,Baltimore,Targeted,16,16.7
2025-12-14,Baltimore,Targeted,9,16.6
2025-12-15,Baltimore,Targeted,15,17.7
2025-12-16,Baltimore,Targeted,13,18.4
2025-12-17,Baltimore,Targeted,21,17.7
2025-12-18,Baltimore,Targeted,11,16.1
2025-12-19,Baltimore,Targeted,13,14.0
2025-12-20,Baltimore,Targeted,8,12.9
2025-12-21,Baltimore,Targeted,6,12.4
2025-12-22,Baltimore,Targeted,16,12.6
2025-12-23,Baltimore,Targeted,18,13.3
2025-12-24,Baltimore,Targeted,4,10.9
2025-12-26,Baltimore,Targeted,13,11.1
2025-12-27,Baltimore,Targeted,4,9.9
2025-12-28,Baltimore,Targeted,1,8.9
2025-12-29,Baltimore,Targeted,13,9.9
2025-12-30,Baltimore,Targeted,9,8.9
2025-12-31,Baltimore,Targeted,8,7.4
2026-01-01,Baltimore,Targeted,4,7.4
2026-01-02,Baltimore,Targeted,12,7.3
2026-01-03,Baltimore,Targeted,15,8.9
2026-01-04,Baltimore,Targeted,2,9.0
2026-01-05,Baltimore,Targeted,5,7.9
2026-01-06,Baltimore,Targeted,10,8.0
2026-01-07,Baltimore,Targeted,17,9.3
2026-01-08,Baltimore,Targeted,18,11.3
2026-01-09,Baltimore,Targeted,15,11.7
2026-01-10,Baltimore,Targeted,5,10.3
2026-01-11,Baltimore,Targeted,6,10.9
2026-01-12,Baltimore,Targeted,19,12.9
2026-01-13,Baltimore,Targeted,27,15.3
2026-01-14,Baltimore,Targeted,28,16.9
2026-01-15,Baltimore,Targeted,26,18.0
2026-01-16,Baltimore,Targeted,26,19.6
2026-01-17,Baltimore,Targeted,14,20.9
2026-01-18,Baltimore,Targeted,13,21.9
2026-01-19,Baltimore,Targeted,14,21.1
2026-01-20,Baltimore,Targeted,20,20.1
2026-01-21,Baltimore,Targeted,27,20.0
2026-01-22,Baltimore,Targeted,16,18.6
2026-01-23,Baltimore,Targeted,15,17.0
2026-01-24,Baltimore,Targeted,7,16.0
2026-01-27,Baltimore,Targeted,1,14.3
2026-01-28,Baltimore,Targeted,2,12.6
2026-01-29,Baltimore,Targeted,33,14.4
2026-01-30,Baltimore,Targeted,20,13.4
2026-01-31,Baltimore,Targeted,21,14.1
2026-02-01,Baltimore,Targeted,18,14.6
2026-02-02,Baltimore,Targeted,23,16.9
2026-02-03,Baltimore,Targeted,16,19.0
2026-02-04,Baltimore,Targeted,18,21.3
2026-02-05,Baltimore,Targeted,13,18.4
2026-02-06,Baltimore,Targeted,16,17.9
2026-02-07,Baltimore,Targeted,6,15.7
2026-02-08,Baltimore,Targeted,5,13.9
2026-02-09,Baltimore,Targeted,19,13.3
2026-02-10,Baltimore,Targeted,24,14.4
2026-02-11,Baltimore,Targeted,25,15.4
2026-02-12,Baltimore,Targeted,22,16.7
2026-02-13,Baltimore,Targeted,23,17.7
2026-02-14,Baltimore,Targeted,6,17.7
2026-02-15,Baltimore,Targeted,13,18.9
2026-02-16,Baltimore,Targeted,17,18.6
2026-02-17,Baltimore,Targeted,25,18.7
2026-02-18,Baltimore,Targeted,24,18.6
2026-02-19,Baltimore,Targeted,23,18.7
2026-02-20,Baltimore,Targeted,19,18.1
2026-02-21,Baltimore,Targeted,10,18.7
2026-02-22,Baltimore,Targeted,8,18.0
2026-02-23,Baltimore,Targeted,2,15.9
2026-02-24,Baltimore,Targeted,24,15.7
2026-02-25,Baltimore,Targeted,19,15.0
2026-02-26,Baltimore,Targeted,37,17.0
2026-02-27,Baltimore,Targeted,15,16.4
2026-02-28,Baltimore,Targeted,13,16.9
2026-03-01,Baltimore,Targeted,16,18.0
2026-03-02,Baltimore,Targeted,25,21.3
2026-03-03,Baltimore,Targeted,23,21.1
2026-03-04,Baltimore,Targeted,21,21.4
2026-03-05,Baltimore,Targeted,24,19.6
2026-03-06,Baltimore,Targeted,15,19.6
2026-03-07,Baltimore,Targeted,1,17.9
2026-03-09,Baltimore,Targeted,1,15.7
2026-03-10,Baltimore,Targeted,2,12.4
2025-11-05,Baltimore,Unknown,1,1.0
2026-01-07,Baltimore,Unknown,1,1.0
2025-08-09,Boston,Collateral,1,1.0
2025-08-11,Boston,Collateral,3,2.0
2025-08-12,Boston,Collateral,5,3.0
2025-08-13,Boston,Collateral,8,4.2
2025-08-14,Boston,Collateral,7,4.8
2025-08-15,Boston,Collateral,4,4.7
2025-08-16,Boston,Collateral,1,4.1
2025-08-17,Boston,Collateral,2,4.3
2025-08-18,Boston,Collateral,1,4.0
2025-08-19,Boston,Collateral,13,5.1
2025-08-21,Boston,Collateral,1,4.1
2025-08-23,Boston,Collateral,1,3.3
2025-08-24,Boston,Collateral,2,3.0
2025-08-25,Boston,Collateral,1,3.0
2025-08-26,Boston,Collateral,1,2.9
2025-08-27,Boston,Collateral,4,3.3
2025-08-28,Boston,Collateral,1,1.6
2025-08-29,Boston,Collateral,1,1.6
2025-08-30,Boston,Collateral,3,1.9
2025-09-01,Boston,Collateral,2,1.9
2025-09-04,Boston,Collateral,2,2.0
2025-09-05,Boston,Collateral,5,2.6
2025-09-06,Boston,Collateral,4,2.6
2025-09-07,Boston,Collateral,9,3.7
2025-09-08,Boston,Collateral,9,4.9
2025-09-09,Boston,Collateral,36,9.6
2025-09-10,Boston,Collateral,34,14.1
2025-09-11,Boston,Collateral,45,20.3
2025-09-12,Boston,Collateral,31,24.0
2025-09-13,Boston,Collateral,20,26.3
2025-09-14,Boston,Collateral,15,27.1
2025-09-15,Boston,Collateral,25,29.4
2025-09-16,Boston,Collateral,29,28.4
2025-09-17,Boston,Collateral,35,28.6
2025-09-18,Boston,Collateral,37,27.4
2025-09-19,Boston,Collateral,20,25.9
2025-09-20,Boston,Collateral,28,27.0
2025-09-21,Boston,Collateral,15,27.0
2025-09-22,Boston,Collateral,22,26.6
2025-09-23,Boston,Collateral,23,25.7
2025-09-24,Boston,Collateral,42,26.7
2025-09-25,Boston,Collateral,15,23.6
2025-09-26,Boston,Collateral,26,24.4
2025-09-27,Boston,Collateral,12,22.1
2025-09-28,Boston,Collateral,15,22.1
2025-09-29,Boston,Collateral,28,23.0
2025-09-30,Boston,Collateral,8,20.9
2025-10-01,Boston,Collateral,3,15.3
2025-10-02,Boston,Collateral,1,13.3
2025-10-03,Boston,Collateral,2,9.9
2025-10-04,Boston,Collateral,1,8.3
2025-10-05,Boston,Collateral,1,6.3
2025-10-06,Boston,Collateral,5,3.0
2025-10-07,Boston,Collateral,8,3.0
2025-10-08,Boston,Collateral,3,3.0
2025-10-10,Boston,Collateral,4,3.4
2025-10-13,Boston,Collateral,1,3.3
2025-10-14,Boston,Collateral,1,3.3
2025-10-15,Boston,Collateral,5,3.9
2025-10-16,Boston,Collateral,1,3.3
2025-10-17,Boston,Collateral,1,2.3
2025-10-18,Boston,Collateral,1,2.0
2025-10-19,Boston,Collateral,1,1.6
2025-10-21,Boston,Collateral,3,1.9
2025-10-22,Boston,Collateral,1,1.9
2025-10-24,Boston,Collateral,6,2.0
2025-10-27,Boston,Collateral,4,2.4
2025-10-28,Boston,Collateral,1,2.4
2025-10-29,Boston,Collateral,10,3.7
2025-10-31,Boston,Collateral,3,4.0
2025-11-04,Boston,Collateral,12,5.3
2025-11-05,Boston,Collateral,8,6.3
2025-11-06,Boston,Collateral,2,5.7
2025-11-07,Boston,Collateral,2,5.4
2025-11-08,Boston,Collateral,3,5.7
2025-11-10,Boston,Collateral,3,4.7
2025-11-11,Boston,Collateral,2,4.6
2025-11-12,Boston,Collateral,2,3.1
2025-11-13,Boston,Collateral,1,2.1
2025-11-14,Boston,Collateral,1,2.0
2025-11-15,Boston,Collateral,2,2.0
2025-11-16,Boston,Collateral,1,1.7
2025-11-17,Boston,Collateral,5,2.0
2025-11-18,Boston,Collateral,2,2.0
2025-11-20,Boston,Collateral,1,1.9
2025-11-21,Boston,Collateral,3,2.1
2025-11-22,Boston,Collateral,5,2.7
2025-11-23,Boston,Collateral,1,2.6
2025-11-24,Boston,Collateral,3,2.9
2025-11-25,Boston,Collateral,8,3.3
2025-11-26,Boston,Collateral,4,3.6
2025-11-28,Boston,Collateral,2,3.7
2025-11-29,Boston,Collateral,4,3.9
2025-12-01,Boston,Collateral,2,3.4
2025-12-02,Boston,Collateral,2,3.6
2025-12-03,Boston,Collateral,3,3.6
2025-12-05,Boston,Collateral,4,3.0
2025-12-06,Boston,Collateral,2,2.7
2025-12-07,Boston,Collateral,1,2.6
2025-12-08,Boston,Collateral,2,2.3
2025-12-09,Boston,Collateral,3,2.4
2025-12-10,Boston,Collateral,3,2.6
2025-12-11,Boston,Collateral,6,3.0
2025-12-15,Boston,Collateral,3,2.9
2025-12-16,Boston,Collateral,1,2.7
2025-12-17,Boston,Collateral,4,3.1
2025-12-19,Boston,Collateral,1,3.0
2025-12-20,Boston,Collateral,1,2.7
2025-12-23,Boston,Collateral,3,2.7
2025-12-26,Boston,Collateral,2,2.1
2025-12-28,Boston,Collateral,1,1.9
2025-12-29,Boston,Collateral,2,2.0
2026-01-01,Boston,Collateral,1,1.6
2026-01-02,Boston,Collateral,1,1.6
2026-01-03,Boston,Collateral,5,2.1
2026-01-05,Boston,Collateral,1,1.9
2026-01-06,Boston,Collateral,2,1.9
2026-01-07,Boston,Collateral,2,2.0
2026-01-08,Boston,Collateral,4,2.3
2026-01-09,Boston,Collateral,3,2.6
2026-01-10,Boston,Collateral,8,3.6
2026-01-11,Boston,Collateral,1,3.0
2026-01-12,Boston,Collateral,1,3.0
2026-01-13,Boston,Collateral,1,2.9
2026-01-15,Boston,Collateral,1,2.7
2026-01-16,Boston,Collateral,1,2.3
2026-01-17,Boston,Collateral,14,3.9
2026-01-19,Boston,Collateral,1,2.9
2026-01-20,Boston,Collateral,27,6.6
2026-01-21,Boston,Collateral,39,12.0
2026-01-22,Boston,Collateral,26,15.6
2026-01-23,Boston,Collateral,14,17.4
2026-01-24,Boston,Collateral,1,17.4
2026-01-26,Boston,Collateral,1,15.6
2026-01-27,Boston,Collateral,2,15.7
2026-01-29,Boston,Collateral,2,12.1
2026-01-30,Boston,Collateral,2,6.9
2026-01-31,Boston,Collateral,7,4.1
2026-02-03,Boston,Collateral,1,2.3
2026-02-10,Boston,Collateral,2,2.4
2026-02-14,Boston,Collateral,1,2.4
2026-02-16,Boston,Collateral,2,2.4
2026-02-17,Boston,Collateral,1,2.3
2026-02-19,Boston,Collateral,1,2.1
2026-02-20,Boston,Collateral,2,1.4
2026-02-22,Boston,Collateral,1,1.4
2026-02-24,Boston,Collateral,1,1.3
2026-02-26,Boston,Collateral,1,1.3
2026-02-27,Boston,Collateral,4,1.6
2026-03-01,Boston,Collateral,1,1.6
2026-03-02,Boston,Collateral,3,1.9
2026-03-04,Boston,Collateral,3,2.0
2026-03-05,Boston,Collateral,1,2.0
2026-03-09,Boston,Collateral,1,2.0
2026-03-10,Boston,Collateral,2,2.1
2025-08-08,Boston,Targeted,10,10.0
2025-08-09,Boston,Targeted,15,12.5
2025-08-11,Boston,Targeted,17,14.0
2025-08-12,Boston,Targeted,25,16.8
2025-08-13,Boston,Targeted,17,16.8
2025-08-14,Boston,Targeted,24,18.0
2025-08-15,Boston,Targeted,12,17.1
2025-08-16,Boston,Targeted,4,16.3
2025-08-17,Boston,Targeted,4,14.7
2025-08-18,Boston,Targeted,19,15.0
2025-08-19,Boston,Targeted,20,14.3
2025-08-20,Boston,Targeted,20,14.7
2025-08-21,Boston,Targeted,15,13.4
2025-08-22,Boston,Targeted,14,13.7
2025-08-23,Boston,Targeted,7,14.1
2025-08-24,Boston,Targeted,10,15.0
2025-08-25,Boston,Targeted,19,15.0
2025-08-26,Boston,Targeted,19,14.9
2025-08-27,Boston,Targeted,21,15.0
2025-08-28,Boston,Targeted,16,15.1
2025-08-29,Boston,Targeted,15,15.3
2025-08-30,Boston,Targeted,3,14.7
2025-08-31,Boston,Targeted,3,13.7
2025-09-01,Boston,Targeted,2,11.3
2025-09-02,Boston,Targeted,19,11.3
2025-09-03,Boston,Targeted,18,10.9
2025-09-04,Boston,Targeted,19,11.3
2025-09-05,Boston,Targeted,9,10.4
2025-09-06,Boston,Targeted,4,10.6
2025-09-07,Boston,Targeted,10,11.6
2025-09-08,Boston,Targeted,22,14.4
2025-09-09,Boston,Targeted,54,19.4
2025-09-10,Boston,Targeted,45,23.3
2025-09-11,Boston,Targeted,52,28.0
2025-09-12,Boston,Targeted,40,32.4
2025-09-13,Boston,Targeted,22,35.0
2025-09-14,Boston,Targeted,12,35.3
2025-09-15,Boston,Targeted,29,36.3
2025-09-16,Boston,Targeted,39,34.1
2025-09-17,Boston,Targeted,38,33.1
2025-09-18,Boston,Targeted,36,30.9
2025-09-19,Boston,Targeted,42,31.1
2025-09-20,Boston,Targeted,17,30.4
2025-09-21,Boston,Targeted,16,31.0
2025-09-22,Boston,Targeted,27,30.7
2025-09-23,Boston,Targeted,25,28.7
2025-09-24,Boston,Targeted,34,28.1
2025-09-25,Boston,Targeted,30,27.3
2025-09-26,Boston,Targeted,30,25.6
2025-09-27,Boston,Targeted,18,25.7
2025-09-28,Boston,Targeted,7,24.4
2025-09-29,Boston,Targeted,27,24.4
2025-09-30,Boston,Targeted,20,23.7
2025-10-01,Boston,Targeted,21,21.9
2025-10-02,Boston,Targeted,16,19.9
2025-10-03,Boston,Targeted,16,17.9
2025-10-04,Boston,Targeted,3,15.7
2025-10-05,Boston,Targeted,4,15.3
2025-10-06,Boston,Targeted,27,15.3
2025-10-07,Boston,Targeted,28,16.4
2025-10-08,Boston,Targeted,25,17.0
2025-10-09,Boston,Targeted,24,18.1
2025-10-10,Boston,Targeted,9,17.1
2025-10-11,Boston,Targeted,5,17.4
2025-10-12,Boston,Targeted,7,17.9
2025-10-13,Boston,Targeted,2,14.3
2025-10-14,Boston,Targeted,24,13.7
2025-10-15,Boston,Targeted,30,14.4
2025-10-16,Boston,Targeted,24,14.4
2025-10-17,Boston,Targeted,21,16.1
2025-10-18,Boston,Targeted,10,16.9
2025-10-19,Boston,Targeted,9,17.1
2025-10-20,Boston,Targeted,15,19.0
2025-10-21,Boston,Targeted,22,18.7
2025-10-22,Boston,Targeted,17,16.9
2025-10-23,Boston,Targeted,23,16.7
2025-10-24,Boston,Targeted,15,15.9
2025-10-25,Boston,Targeted,14,16.4
2025-10-26,Boston,Targeted,11,16.7
2025-10-27,Boston,Targeted,20,17.4
2025-10-28,Boston,Targeted,26,18.0
2025-10-29,Boston,Targeted,27,19.4
2025-10-30,Boston,Targeted,33,20.9
2025-10-31,Boston,Targeted,15,20.9
2025-11-01,Boston,Targeted,23,22.1
2025-11-02,Boston,Targeted,17,23.0
2025-11-03,Boston,Targeted,10,21.6
2025-11-04,Boston,Targeted,23,21.1
2025-11-05,Boston,Targeted,18,19.9
2025-11-06,Boston,Targeted,23,18.4
2025-11-07,Boston,Targeted,27,20.1
2025-11-08,Boston,Targeted,19,19.6
2025-11-09,Boston,Targeted,12,18.9
2025-11-10,Boston,Targeted,21,20.4
2025-11-11,Boston,Targeted,9,18.4
2025-11-12,Boston,Targeted,39,21.4
2025-11-13,Boston,Targeted,21,21.1
2025-11-14,Boston,Targeted,23,20.6
2025-11-15,Boston,Targeted,10,19.3
2025-11-16,Boston,Targeted,16,19.9
2025-11-17,Boston,Targeted,23,20.1
2025-11-18,Boston,Targeted,35,23.9
2025-11-19,Boston,Targeted,30,22.6
2025-11-20,Boston,Targeted,23,22.9
2025-11-21,Boston,Targeted,15,21.7
2025-11-22,Boston,Targeted,10,21.7
2025-11-23,Boston,Targeted,10,20.9
2025-11-24,Boston,Targeted,26,21.3
2025-11-25,Boston,Targeted,33,21.0
2025-11-26,Boston,Targeted,15,18.9
2025-11-27,Boston,Targeted,4,16.1
2025-11-28,Boston,Targeted,25,17.6
2025-11-29,Boston,Targeted,5,16.9
2025-11-30,Boston,Targeted,4,16.0
2025-12-01,Boston,Targeted,40,18.0
2025-12-02,Boston,Targeted,30,17.6
2025-12-03,Boston,Targeted,28,19.4
2025-12-04,Boston,Targeted,37,24.1
2025-12-05,Boston,Targeted,32,25.1
2025-12-06,Boston,Targeted,22,27.6
2025-12-07,Boston,Targeted,11,28.6
2025-12-08,Boston,Targeted,27,26.7
2025-12-09,Boston,Targeted,23,25.7
2025-12-10,Boston,Targeted,34,26.6
2025-12-11,Boston,Targeted,30,25.6
2025-12-12,Boston,Targeted,18,23.6
2025-12-13,Boston,Targeted,13,22.3
2025-12-14,Boston,Targeted,11,22.3
2025-12-15,Boston,Targeted,40,24.1
2025-12-16,Boston,Targeted,26,24.6
2025-12-17,Boston,Targeted,36,24.9
2025-12-18,Boston,Targeted,27,24.4
2025-12-19,Boston,Targeted,29,26.0
2025-12-20,Boston,Targeted,9,25.4
2025-12-21,Boston,Targeted,13,25.7
2025-12-22,Boston,Targeted,29,24.1
2025-12-23,Boston,Targeted,20,23.3
2025-12-24,Boston,Targeted,13,20.0
2025-12-25,Boston,Targeted,4,16.7
2025-12-26,Boston,Targeted,24,16.0
2025-12-27,Boston,Targeted,12,16.4
2025-12-28,Boston,Targeted,7,15.6
2025-12-29,Boston,Targeted,23,14.7
2025-12-30,Boston,Targeted,35,16.9
2025-12-31,Boston,Targeted,31,19.4
2026-01-01,Boston,Targeted,24,22.3
2026-01-02,Boston,Targeted,24,22.3
2026-01-03,Boston,Targeted,11,22.1
2026-01-04,Boston,Targeted,7,22.1
2026-01-05,Boston,Targeted,37,24.1
2026-01-06,Boston,Targeted,29,23.3
2026-01-07,Boston,Targeted,26,22.6
2026-01-08,Boston,Targeted,32,23.7
2026-01-09,Boston,Targeted,22,23.4
2026-01-10,Boston,Targeted,16,24.1
2026-01-11,Boston,Targeted,10,24.6
2026-01-12,Boston,Targeted,25,22.9
2026-01-13,Boston,Targeted,36,23.9
2026-01-14,Boston,Targeted,23,23.4
2026-01-15,Boston,Targeted,31,23.3
2026-01-16,Boston,Targeted,16,22.4
2026-01-17,Boston,Targeted,17,22.6
2026-01-18,Boston,Targeted,14,23.1
2026-01-19,Boston,Targeted,22,22.7
2026-01-20,Boston,Targeted,48,24.4
2026-01-21,Boston,Targeted,48,28.0
2026-01-22,Boston,Targeted,32,28.1
2026-01-23,Boston,Targeted,37,31.1
2026-01-24,Boston,Targeted,19,31.4
2026-01-25,Boston,Targeted,8,30.6
2026-01-27,Boston,Targeted,27,31.3
2026-01-28,Boston,Targeted,23,27.7
2026-01-29,Boston,Targeted,30,25.1
2026-01-30,Boston,Targeted,41,26.4
2026-01-31,Boston,Targeted,15,23.3
2026-02-01,Boston,Targeted,11,22.1
2026-02-02,Boston,Targeted,28,25.0
2026-02-03,Boston,Targeted,27,25.0
2026-02-04,Boston,Targeted,20,24.6
2026-02-05,Boston,Targeted,27,24.1
2026-02-06,Boston,Targeted,24,21.7
2026-02-07,Boston,Targeted,12,21.3
2026-02-08,Boston,Targeted,13,21.6
2026-02-09,Boston,Targeted,26,21.3
2026-02-10,Boston,Targeted,37,22.7
2026-02-11,Boston,Targeted,27,23.7
2026-02-12,Boston,Targeted,18,22.4
2026-02-13,Boston,Targeted,17,21.4
2026-02-14,Boston,Targeted,12,21.4
2026-02-15,Boston,Targeted,16,21.9
2026-02-16,Boston,Targeted,32,22.7
2026-02-17,Boston,Targeted,27,21.3
2026-02-18,Boston,Targeted,41,23.3
2026-02-19,Boston,Targeted,37,26.0
2026-02-20,Boston,Targeted,27,27.4
2026-02-21,Boston,Targeted,19,28.4
2026-02-22,Boston,Targeted,19,28.9
2026-02-23,Boston,Targeted,1,24.4
2026-02-24,Boston,Targeted,13,22.4
2026-02-25,Boston,Targeted,35,21.6
2026-02-26,Boston,Targeted,30,20.6
2026-02-27,Boston,Targeted,38,22.1
2026-02-28,Boston,Targeted,34,24.3
2026-03-01,Boston,Targeted,24,25.0
2026-03-02,Boston,Targeted,54,32.6
2026-03-03,Boston,Targeted,43,36.9
2026-03-04,Boston,Targeted,44,38.1
2026-03-05,Boston,Targeted,49,40.9
2026-03-06,Boston,Targeted,33,40.1
2026-03-07,Boston,Targeted,25,38.9
2026-03-08,Boston,Targeted,19,38.1
2026-03-09,Boston,Targeted,44,36.7
2026-03-10,Boston,Targeted,39,36.1
2025-09-21,Boston,Unknown,1,1.0
2025-10-12,Boston,Unknown,1,1.0
2025-12-08,Boston,Unknown,1,1.0
2026-01-23,Boston,Unknown,1,1.0
2026-02-23,Boston,Unknown,1,1.0
2026-02-26,Boston,Unknown,1,1.0
2026-03-05,Boston,Unknown,1,1.0
2025-08-08,Buffalo,Collateral,16,16.0
2025-08-09,Buffalo,Collateral,7,11.5
2025-08-10,Buffalo,Collateral,2,8.3
2025-08-11,Buffalo,Collateral,9,8.5
2025-08-12,Buffalo,Collateral,4,7.6
2025-08-13,Buffalo,Collateral,6,7.3
2025-08-14,Buffalo,Collateral,6,7.1
2025-08-15,Buffalo,Collateral,1,5.0
2025-08-16,Buffalo,Collateral,3,4.4
2025-08-17,Buffalo,Collateral,1,4.3
2025-08-18,Buffalo,Collateral,9,4.3
2025-08-19,Buffalo,Collateral,7,4.7
2025-08-20,Buffalo,Collateral,2,4.1
2025-08-21,Buffalo,Collateral,15,5.4
2025-08-22,Buffalo,Collateral,3,5.7
2025-08-23,Buffalo,Collateral,3,5.7
2025-08-25,Buffalo,Collateral,5,6.3
2025-08-26,Buffalo,Collateral,6,5.9
2025-08-27,Buffalo,Collateral,3,5.3
2025-08-28,Buffalo,Collateral,2,5.3
2025-08-29,Buffalo,Collateral,2,3.4
2025-09-01,Buffalo,Collateral,1,3.1
2025-09-02,Buffalo,Collateral,5,3.4
2025-09-03,Buffalo,Collateral,5,3.4
2025-09-04,Buffalo,Collateral,10,4.0
2025-09-05,Buffalo,Collateral,20,6.4
2025-09-06,Buffalo,Collateral,20,9.0
2025-09-07,Buffalo,Collateral,10,10.1
2025-09-08,Buffalo,Collateral,7,11.0
2025-09-09,Buffalo,Collateral,18,12.9
2025-09-10,Buffalo,Collateral,9,13.4
2025-09-11,Buffalo,Collateral,5,12.7
2025-09-13,Buffalo,Collateral,5,10.6
2025-09-15,Buffalo,Collateral,9,9.0
2025-09-16,Buffalo,Collateral,8,8.7
2025-09-17,Buffalo,Collateral,9,9.0
2025-09-18,Buffalo,Collateral,5,7.1
2025-09-19,Buffalo,Collateral,3,6.3
2025-09-20,Buffalo,Collateral,3,6.0
2025-09-21,Buffalo,Collateral,2,5.6
2025-09-22,Buffalo,Collateral,8,5.4
2025-09-23,Buffalo,Collateral,6,5.1
2025-09-25,Buffalo,Collateral,2,4.1
2025-09-26,Buffalo,Collateral,2,3.7
2025-09-27,Buffalo,Collateral,1,3.4
2025-09-29,Buffalo,Collateral,5,3.7
2025-10-01,Buffalo,Collateral,3,3.9
2025-10-03,Buffalo,Collateral,7,3.7
2025-10-04,Buffalo,Collateral,10,4.3
2025-10-05,Buffalo,Collateral,1,4.1
2025-10-07,Buffalo,Collateral,3,4.3
2025-10-08,Buffalo,Collateral,3,4.6
2025-10-09,Buffalo,Collateral,9,5.1
2025-10-10,Buffalo,Collateral,6,5.6
2025-10-11,Buffalo,Collateral,4,5.1
2025-10-13,Buffalo,Collateral,8,4.9
2025-10-14,Buffalo,Collateral,3,5.1
2025-10-15,Buffalo,Collateral,6,5.6
2025-10-16,Buffalo,Collateral,1,5.3
2025-10-17,Buffalo,Collateral,8,5.1
2025-10-18,Buffalo,Collateral,3,4.7
2025-10-20,Buffalo,Collateral,5,4.9
2025-10-21,Buffalo,Collateral,1,3.9
2025-10-22,Buffalo,Collateral,9,4.7
2025-10-23,Buffalo,Collateral,8,5.0
2025-10-24,Buffalo,Collateral,7,5.9
2025-10-25,Buffalo,Collateral,8,5.9
2025-10-26,Buffalo,Collateral,2,5.7
2025-10-27,Buffalo,Collateral,7,6.0
2025-10-28,Buffalo,Collateral,5,6.6
2025-10-29,Buffalo,Collateral,4,5.9
2025-10-30,Buffalo,Collateral,4,5.3
2025-10-31,Buffalo,Collateral,1,4.4
2025-11-01,Buffalo,Collateral,4,3.9
2025-11-02,Buffalo,Collateral,1,3.7
2025-11-03,Buffalo,Collateral,7,3.7
2025-11-04,Buffalo,Collateral,3,3.4
2025-11-05,Buffalo,Collateral,5,3.6
2025-11-07,Buffalo,Collateral,2,3.3
2025-11-08,Buffalo,Collateral,3,3.6
2025-11-09,Buffalo,Collateral,2,3.3
2025-11-10,Buffalo,Collateral,2,3.4
2025-11-11,Buffalo,Collateral,5,3.1
2025-11-12,Buffalo,Collateral,2,3.0
2025-11-13,Buffalo,Collateral,5,3.0
2025-11-14,Buffalo,Collateral,1,2.9
2025-11-15,Buffalo,Collateral,1,2.6
2025-11-16,Buffalo,Collateral,4,2.9
2025-11-17,Buffalo,Collateral,1,2.7
2025-11-18,Buffalo,Collateral,7,3.0
2025-11-19,Buffalo,Collateral,6,3.6
2025-11-20,Buffalo,Collateral,8,4.0
2025-11-21,Buffalo,Collateral,1,4.0
2025-11-22,Buffalo,Collateral,6,4.7
2025-11-23,Buffalo,Collateral,5,4.9
2025-11-24,Buffalo,Collateral,5,5.4
2025-11-25,Buffalo,Collateral,7,5.4
2025-11-26,Buffalo,Collateral,1,4.7
2025-11-27,Buffalo,Collateral,2,3.9
2025-11-28,Buffalo,Collateral,2,4.0
2025-11-29,Buffalo,Collateral,3,3.6
2025-12-01,Buffalo,Collateral,3,3.3
2025-12-02,Buffalo,Collateral,2,2.9
2025-12-03,Buffalo,Collateral,4,2.4
2025-12-04,Buffalo,Collateral,1,2.4
2025-12-05,Buffalo,Collateral,9,3.4
2025-12-06,Buffalo,Collateral,6,4.0
2025-12-07,Buffalo,Collateral,1,3.7
2025-12-08,Buffalo,Collateral,2,3.6
2025-12-09,Buffalo,Collateral,10,4.7
2025-12-10,Buffalo,Collateral,1,4.3
2025-12-11,Buffalo,Collateral,2,4.4
2025-12-12,Buffalo,Collateral,6,4.0
2025-12-13,Buffalo,Collateral,1,3.3
2025-12-14,Buffalo,Collateral,1,3.3
2025-12-15,Buffalo,Collateral,3,3.4
2025-12-16,Buffalo,Collateral,6,2.9
2025-12-17,Buffalo,Collateral,8,3.9
2025-12-18,Buffalo,Collateral,7,4.6
2025-12-19,Buffalo,Collateral,10,5.1
2025-12-20,Buffalo,Collateral,3,5.4
2025-12-21,Buffalo,Collateral,3,5.7
2025-12-22,Buffalo,Collateral,5,6.0
2025-12-24,Buffalo,Collateral,5,5.9
2025-12-25,Buffalo,Collateral,3,5.1
2025-12-26,Buffalo,Collateral,1,4.3
2025-12-28,Buffalo,Collateral,2,3.1
2025-12-29,Buffalo,Collateral,2,3.0
2025-12-30,Buffalo,Collateral,8,3.7
2025-12-31,Buffalo,Collateral,2,3.3
2026-01-01,Buffalo,Collateral,1,2.7
2026-01-02,Buffalo,Collateral,3,2.7
2026-01-03,Buffalo,Collateral,2,2.9
2026-01-04,Buffalo,Collateral,1,2.7
2026-01-05,Buffalo,Collateral,1,2.6
2026-01-06,Buffalo,Collateral,10,2.9
2026-01-07,Buffalo,Collateral,3,3.0
2026-01-08,Buffalo,Collateral,3,3.3
2026-01-09,Buffalo,Collateral,5,3.6
2026-01-10,Buffalo,Collateral,5,4.0
2026-01-11,Buffalo,Collateral,2,4.1
2026-01-12,Buffalo,Collateral,7,5.0
2026-01-13,Buffalo,Collateral,4,4.1
2026-01-14,Buffalo,Collateral,3,4.1
2026-01-15,Buffalo,Collateral,5,4.4
2026-01-16,Buffalo,Collateral,2,4.0
2026-01-18,Buffalo,Collateral,1,3.4
2026-01-19,Buffalo,Collateral,6,4.0
2026-01-20,Buffalo,Collateral,7,4.0
2026-01-21,Buffalo,Collateral,3,3.9
2026-01-22,Buffalo,Collateral,5,4.1
2026-01-24,Buffalo,Collateral,4,4.0
2026-01-26,Buffalo,Collateral,2,4.0
2026-01-27,Buffalo,Collateral,2,4.1
2026-01-28,Buffalo,Collateral,5,4.0
2026-01-29,Buffalo,Collateral,2,3.3
2026-01-30,Buffalo,Collateral,4,3.4
2026-01-31,Buffalo,Collateral,20,5.6
2026-02-01,Buffalo,Collateral,1,5.1
2026-02-02,Buffalo,Collateral,6,5.7
2026-02-03,Buffalo,Collateral,1,5.6
2026-02-04,Buffalo,Collateral,6,5.7
2026-02-05,Buffalo,Collateral,7,6.4
2026-02-06,Buffalo,Collateral,4,6.4
2026-02-07,Buffalo,Collateral,2,3.9
2026-02-08,Buffalo,Collateral,3,4.1
2026-02-09,Buffalo,Collateral,5,4.0
2026-02-10,Buffalo,Collateral,7,4.9
2026-02-11,Buffalo,Collateral,8,5.1
2026-02-12,Buffalo,Collateral,6,5.0
2026-02-13,Buffalo,Collateral,4,5.0
2026-02-15,Buffalo,Collateral,3,5.1
2026-02-16,Buffalo,Collateral,6,5.6
2026-02-17,Buffalo,Collateral,17,7.3
2026-02-18,Buffalo,Collateral,4,6.9
2026-02-20,Buffalo,Collateral,1,5.9
2026-02-21,Buffalo,Collateral,3,5.4
2026-02-23,Buffalo,Collateral,2,5.1
2026-02-24,Buffalo,Collateral,3,5.1
2026-02-25,Buffalo,Collateral,9,5.6
2026-02-27,Buffalo,Collateral,2,3.4
2026-02-28,Buffalo,Collateral,2,3.1
2026-03-01,Buffalo,Collateral,1,3.1
2026-03-02,Buffalo,Collateral,1,2.9
2026-03-03,Buffalo,Collateral,5,3.3
2026-03-04,Buffalo,Collateral,1,3.0
2026-03-06,Buffalo,Collateral,1,1.9
2026-03-07,Buffalo,Collateral,2,1.9
2026-03-08,Buffalo,Collateral,1,1.7
2026-03-09,Buffalo,Collateral,1,1.7
2026-03-10,Buffalo,Collateral,2,1.9
2025-08-08,Buffalo,Targeted,12,12.0
2025-08-09,Buffalo,Targeted,1,6.5
2025-08-11,Buffalo,Targeted,13,8.7
2025-08-12,Buffalo,Targeted,8,8.5
2025-08-13,Buffalo,Targeted,6,8.0
2025-08-14,Buffalo,Targeted,9,8.2
2025-08-15,Buffalo,Targeted,3,7.4
2025-08-16,Buffalo,Targeted,3,6.1
2025-08-17,Buffalo,Targeted,2,6.3
2025-08-18,Buffalo,Targeted,6,5.3
2025-08-19,Buffalo,Targeted,9,5.4
2025-08-20,Buffalo,Targeted,7,5.6
2025-08-21,Buffalo,Targeted,4,4.9
2025-08-22,Buffalo,Targeted,7,5.4
2025-08-23,Buffalo,Targeted,1,5.1
2025-08-25,Buffalo,Targeted,8,6.0
2025-08-26,Buffalo,Targeted,10,6.6
2025-08-27,Buffalo,Targeted,9,6.6
2025-08-28,Buffalo,Targeted,8,6.7
2025-08-29,Buffalo,Targeted,8,7.3
2025-08-30,Buffalo,Targeted,3,6.7
2025-09-01,Buffalo,Targeted,2,6.9
2025-09-02,Buffalo,Targeted,14,7.7
2025-09-03,Buffalo,Targeted,8,7.4
2025-09-04,Buffalo,Targeted,8,7.3
2025-09-05,Buffalo,Targeted,16,8.4
2025-09-06,Buffalo,Targeted,14,9.3
2025-09-07,Buffalo,Targeted,4,9.4
2025-09-08,Buffalo,Targeted,13,11.0
2025-09-09,Buffalo,Targeted,21,12.0
2025-09-10,Buffalo,Targeted,13,12.7
2025-09-11,Buffalo,Targeted,10,13.0
2025-09-12,Buffalo,Targeted,9,12.0
2025-09-13,Buffalo,Targeted,2,10.3
2025-09-14,Buffalo,Targeted,1,9.9
2025-09-15,Buffalo,Targeted,16,10.3
2025-09-16,Buffalo,Targeted,13,9.1
2025-09-17,Buffalo,Targeted,12,9.0
2025-09-18,Buffalo,Targeted,10,9.0
2025-09-19,Buffalo,Targeted,9,9.0
2025-09-20,Buffalo,Targeted,2,9.0
2025-09-21,Buffalo,Targeted,3,9.3
2025-09-22,Buffalo,Targeted,7,8.0
2025-09-23,Buffalo,Targeted,6,7.0
2025-09-24,Buffalo,Targeted,12,7.0
2025-09-25,Buffalo,Targeted,5,6.3
2025-09-26,Buffalo,Targeted,6,5.9
2025-09-28,Buffalo,Targeted,1,5.7
2025-09-29,Buffalo,Targeted,8,6.4
2025-09-30,Buffalo,Targeted,5,6.1
2025-10-01,Buffalo,Targeted,6,6.1
2025-10-02,Buffalo,Targeted,5,5.1
2025-10-03,Buffalo,Targeted,1,4.6
2025-10-04,Buffalo,Targeted,4,4.3
2025-10-05,Buffalo,Targeted,3,4.6
2025-10-06,Buffalo,Targeted,12,5.1
2025-10-07,Buffalo,Targeted,7,5.4
2025-10-08,Buffalo,Targeted,11,6.1
2025-10-09,Buffalo,Targeted,14,7.4
2025-10-10,Buffalo,Targeted,4,7.9
2025-10-11,Buffalo,Targeted,1,7.4
2025-10-13,Buffalo,Targeted,4,7.6
2025-10-14,Buffalo,Targeted,17,8.3
2025-10-15,Buffalo,Targeted,9,8.6
2025-10-16,Buffalo,Targeted,11,8.6
2025-10-17,Buffalo,Targeted,8,7.7
2025-10-18,Buffalo,Targeted,1,7.3
2025-10-19,Buffalo,Targeted,2,7.4
2025-10-20,Buffalo,Targeted,8,8.0
2025-10-21,Buffalo,Targeted,6,6.4
2025-10-22,Buffalo,Targeted,7,6.1
2025-10-23,Buffalo,Targeted,9,5.9
2025-10-24,Buffalo,Targeted,11,6.3
2025-10-25,Buffalo,Targeted,5,6.9
2025-10-26,Buffalo,Targeted,1,6.7
2025-10-27,Buffalo,Targeted,17,8.0
2025-10-28,Buffalo,Targeted,10,8.6
2025-10-29,Buffalo,Targeted,5,8.3
2025-10-30,Buffalo,Targeted,6,7.9
2025-10-31,Buffalo,Targeted,10,7.7
2025-11-01,Buffalo,Targeted,1,7.1
2025-11-02,Buffalo,Targeted,4,7.6
2025-11-03,Buffalo,Targeted,6,6.0
2025-11-04,Buffalo,Targeted,13,6.4
2025-11-05,Buffalo,Targeted,16,8.0
2025-11-06,Buffalo,Targeted,19,9.9
2025-11-07,Buffalo,Targeted,14,10.4
2025-11-08,Buffalo,Targeted,2,10.6
2025-11-09,Buffalo,Targeted,6,10.9
2025-11-10,Buffalo,Targeted,10,11.4
2025-11-11,Buffalo,Targeted,8,10.7
2025-11-12,Buffalo,Targeted,20,11.3
2025-11-13,Buffalo,Targeted,19,11.3
2025-11-14,Buffalo,Targeted,10,10.7
2025-11-15,Buffalo,Targeted,9,11.7
2025-11-16,Buffalo,Targeted,3,11.3
2025-11-17,Buffalo,Targeted,19,12.6
2025-11-18,Buffalo,Targeted,17,13.9
2025-11-19,Buffalo,Targeted,12,12.7
2025-11-20,Buffalo,Targeted,14,12.0
2025-11-21,Buffalo,Targeted,16,12.9
2025-11-22,Buffalo,Targeted,7,12.6
2025-11-23,Buffalo,Targeted,8,13.3
2025-11-24,Buffalo,Targeted,13,12.4
2025-11-25,Buffalo,Targeted,6,10.9
2025-11-26,Buffalo,Targeted,15,11.3
2025-11-27,Buffalo,Targeted,5,10.0
2025-11-28,Buffalo,Targeted,7,8.7
2025-11-29,Buffalo,Targeted,3,8.1
2025-11-30,Buffalo,Targeted,3,7.4
2025-12-01,Buffalo,Targeted,10,7.0
2025-12-02,Buffalo,Targeted,19,8.9
2025-12-03,Buffalo,Targeted,26,10.4
2025-12-04,Buffalo,Targeted,19,12.4
2025-12-05,Buffalo,Targeted,11,13.0
2025-12-06,Buffalo,Targeted,1,12.7
2025-12-07,Buffalo,Targeted,3,12.7
2025-12-08,Buffalo,Targeted,15,13.4
2025-12-09,Buffalo,Targeted,16,13.0
2025-12-10,Buffalo,Targeted,7,10.3
2025-12-11,Buffalo,Targeted,14,9.6
2025-12-12,Buffalo,Targeted,6,8.9
2025-12-13,Buffalo,Targeted,5,9.4
2025-12-14,Buffalo,Targeted,13,10.9
2025-12-15,Buffalo,Targeted,13,10.6
2025-12-16,Buffalo,Targeted,16,10.6
2025-12-17,Buffalo,Targeted,24,13.0
2025-12-18,Buffalo,Targeted,9,12.3
2025-12-19,Buffalo,Targeted,16,13.7
2025-12-20,Buffalo,Targeted,6,13.9
2025-12-21,Buffalo,Targeted,8,13.1
2025-12-22,Buffalo,Targeted,10,12.7
2025-12-23,Buffalo,Targeted,11,12.0
2025-12-24,Buffalo,Targeted,6,9.4
2025-12-25,Buffalo,Targeted,2,8.4
2025-12-26,Buffalo,Targeted,11,7.7
2025-12-27,Buffalo,Targeted,7,7.9
2025-12-28,Buffalo,Targeted,6,7.6
2025-12-29,Buffalo,Targeted,9,7.4
2025-12-30,Buffalo,Targeted,7,6.9
2025-12-31,Buffalo,Targeted,9,7.3
2026-01-01,Buffalo,Targeted,5,7.7
2026-01-02,Buffalo,Targeted,13,8.0
2026-01-03,Buffalo,Targeted,3,7.4
2026-01-04,Buffalo,Targeted,7,7.6
2026-01-05,Buffalo,Targeted,12,8.0
2026-01-06,Buffalo,Targeted,24,10.4
2026-01-07,Buffalo,Targeted,11,10.7
2026-01-08,Buffalo,Targeted,11,11.6
2026-01-09,Buffalo,Targeted,10,11.1
2026-01-10,Buffalo,Targeted,3,11.1
2026-01-11,Buffalo,Targeted,2,10.4
2026-01-12,Buffalo,Targeted,27,12.6
2026-01-13,Buffalo,Targeted,21,12.1
2026-01-14,Buffalo,Targeted,14,12.6
2026-01-15,Buffalo,Targeted,8,12.1
2026-01-16,Buffalo,Targeted,21,13.7
2026-01-17,Buffalo,Targeted,2,13.6
2026-01-18,Buffalo,Targeted,4,13.9
2026-01-19,Buffalo,Targeted,4,10.6
2026-01-20,Buffalo,Targeted,9,8.9
2026-01-21,Buffalo,Targeted,9,8.1
2026-01-22,Buffalo,Targeted,8,8.1
2026-01-23,Buffalo,Targeted,10,6.6
2026-01-24,Buffalo,Targeted,5,7.0
2026-01-25,Buffalo,Targeted,1,6.6
2026-01-26,Buffalo,Targeted,8,7.1
2026-01-27,Buffalo,Targeted,9,7.1
2026-01-28,Buffalo,Targeted,11,7.4
2026-01-29,Buffalo,Targeted,9,7.6
2026-01-30,Buffalo,Targeted,9,7.4
2026-01-31,Buffalo,Targeted,6,7.6
2026-02-01,Buffalo,Targeted,9,8.7
2026-02-02,Buffalo,Targeted,7,8.6
2026-02-03,Buffalo,Targeted,5,8.0
2026-02-04,Buffalo,Targeted,12,8.1
2026-02-05,Buffalo,Targeted,10,8.3
2026-02-06,Buffalo,Targeted,14,9.0
2026-02-07,Buffalo,Targeted,6,9.0
2026-02-08,Buffalo,Targeted,3,8.1
2026-02-09,Buffalo,Targeted,6,8.0
2026-02-10,Buffalo,Targeted,7,8.3
2026-02-11,Buffalo,Targeted,8,7.7
2026-02-12,Buffalo,Targeted,6,7.1
2026-02-13,Buffalo,Targeted,9,6.4
2026-02-14,Buffalo,Targeted,4,6.1
2026-02-15,Buffalo,Targeted,4,6.3
2026-02-16,Buffalo,Targeted,11,7.0
2026-02-17,Buffalo,Targeted,7,7.0
2026-02-18,Buffalo,Targeted,7,6.9
2026-02-19,Buffalo,Targeted,7,7.0
2026-02-20,Buffalo,Targeted,8,6.9
2026-02-21,Buffalo,Targeted,4,6.9
2026-02-22,Buffalo,Targeted,7,7.3
2026-02-23,Buffalo,Targeted,6,6.6
2026-02-24,Buffalo,Targeted,13,7.4
2026-02-25,Buffalo,Targeted,10,7.9
2026-02-26,Buffalo,Targeted,8,8.0
2026-02-27,Buffalo,Targeted,15,9.0
2026-02-28,Buffalo,Targeted,6,9.3
2026-03-01,Buffalo,Targeted,1,8.4
2026-03-02,Buffalo,Targeted,13,9.4
2026-03-03,Buffalo,Targeted,6,8.4
2026-03-04,Buffalo,Targeted,11,8.6
2026-03-05,Buffalo,Targeted,6,8.3
2026-03-06,Buffalo,Targeted,10,7.6
2026-03-07,Buffalo,Targeted,3,7.1
2026-03-08,Buffalo,Targeted,3,7.4
2026-03-09,Buffalo,Targeted,9,6.9
2026-03-10,Buffalo,Targeted,9,7.3
2025-10-04,Buffalo,Unknown,1,1.0
2025-08-08,Chicago,Collateral,5,5.0
2025-08-09,Chicago,Collateral,13,9.0
2025-08-10,Chicago,Collateral,1,6.3
2025-08-11,Chicago,Collateral,5,6.0
2025-08-12,Chicago,Collateral,7,6.2
2025-08-13,Chicago,Collateral,4,5.8
2025-08-14,Chicago,Collateral,12,6.7
2025-08-15,Chicago,Collateral,9,7.3
2025-08-16,Chicago,Collateral,6,6.3
2025-08-17,Chicago,Collateral,2,6.4
2025-08-18,Chicago,Collateral,7,6.7
2025-08-19,Chicago,Collateral,8,6.9
2025-08-20,Chicago,Collateral,8,7.4
2025-08-21,Chicago,Collateral,3,6.1
2025-08-22,Chicago,Collateral,3,5.3
2025-08-23,Chicago,Collateral,3,4.9
2025-08-24,Chicago,Collateral,11,6.1
2025-08-25,Chicago,Collateral,3,5.6
2025-08-26,Chicago,Collateral,5,5.1
2025-08-27,Chicago,Collateral,10,5.4
2025-08-28,Chicago,Collateral,9,6.3
2025-08-29,Chicago,Collateral,2,6.1
2025-08-30,Chicago,Collateral,2,6.0
2025-08-31,Chicago,Collateral,2,4.7
2025-09-02,Chicago,Collateral,12,6.0
2025-09-03,Chicago,Collateral,3,5.7
2025-09-04,Chicago,Collateral,1,4.4
2025-09-05,Chicago,Collateral,6,4.0
2025-09-06,Chicago,Collateral,3,4.1
2025-09-07,Chicago,Collateral,4,4.4
2025-09-08,Chicago,Collateral,3,4.6
2025-09-09,Chicago,Collateral,3,3.3
2025-09-10,Chicago,Collateral,2,3.1
2025-09-11,Chicago,Collateral,4,3.6
2025-09-12,Chicago,Collateral,16,5.0
2025-09-13,Chicago,Collateral,17,7.0
2025-09-14,Chicago,Collateral,18,9.0
2025-09-15,Chicago,Collateral,21,11.6
2025-09-16,Chicago,Collateral,24,14.6
2025-09-17,Chicago,Collateral,29,18.4
2025-09-18,Chicago,Collateral,48,24.7
2025-09-19,Chicago,Collateral,27,26.3
2025-09-20,Chicago,Collateral,13,25.7
2025-09-21,Chicago,Collateral,14,25.1
2025-09-22,Chicago,Collateral,10,23.6
2025-09-23,Chicago,Collateral,19,22.9
2025-09-24,Chicago,Collateral,25,22.3
2025-09-25,Chicago,Collateral,35,20.4
2025-09-26,Chicago,Collateral,16,18.9
2025-09-27,Chicago,Collateral,17,19.4
2025-09-28,Chicago,Collateral,27,21.3
2025-09-29,Chicago,Collateral,22,23.0
2025-09-30,Chicago,Collateral,44,26.6
2025-10-01,Chicago,Collateral,41,28.9
2025-10-02,Chicago,Collateral,28,27.9
2025-10-03,Chicago,Collateral,23,28.9
2025-10-04,Chicago,Collateral,40,32.1
2025-10-05,Chicago,Collateral,26,32.0
2025-10-06,Chicago,Collateral,23,32.1
2025-10-07,Chicago,Collateral,26,29.6
2025-10-08,Chicago,Collateral,26,27.4
2025-10-09,Chicago,Collateral,35,28.4
2025-10-10,Chicago,Collateral,48,32.0
2025-10-11,Chicago,Collateral,34,31.1
2025-10-12,Chicago,Collateral,43,33.6
2025-10-13,Chicago,Collateral,54,38.0
2025-10-14,Chicago,Collateral,40,40.0
2025-10-15,Chicago,Collateral,36,41.4
2025-10-16,Chicago,Collateral,42,42.4
2025-10-17,Chicago,Collateral,53,43.1
2025-10-18,Chicago,Collateral,27,42.1
2025-10-19,Chicago,Collateral,35,41.0
2025-10-20,Chicago,Collateral,34,38.1
2025-10-21,Chicago,Collateral,46,39.0
2025-10-22,Chicago,Collateral,47,40.6
2025-10-23,Chicago,Collateral,31,39.0
2025-10-24,Chicago,Collateral,44,37.7
2025-10-25,Chicago,Collateral,36,39.0
2025-10-26,Chicago,Collateral,43,40.1
2025-10-27,Chicago,Collateral,42,41.3
2025-10-28,Chicago,Collateral,49,41.7
2025-10-29,Chicago,Collateral,52,42.4
2025-10-30,Chicago,Collateral,56,46.0
2025-10-31,Chicago,Collateral,58,48.0
2025-11-01,Chicago,Collateral,60,51.4
2025-11-02,Chicago,Collateral,39,50.9
2025-11-03,Chicago,Collateral,41,50.7
2025-11-04,Chicago,Collateral,45,50.1
2025-11-05,Chicago,Collateral,53,50.3
2025-11-06,Chicago,Collateral,46,48.9
2025-11-07,Chicago,Collateral,37,45.9
2025-11-08,Chicago,Collateral,35,42.3
2025-11-09,Chicago,Collateral,10,38.1
2025-11-10,Chicago,Collateral,7,33.3
2025-11-11,Chicago,Collateral,6,27.7
2025-11-12,Chicago,Collateral,18,22.7
2025-11-13,Chicago,Collateral,11,17.7
2025-11-14,Chicago,Collateral,3,12.9
2025-11-15,Chicago,Collateral,2,8.1
2025-11-16,Chicago,Collateral,1,6.9
2025-11-17,Chicago,Collateral,5,6.6
2025-11-18,Chicago,Collateral,3,6.1
2025-11-19,Chicago,Collateral,20,6.4
2025-11-20,Chicago,Collateral,2,5.1
2025-11-21,Chicago,Collateral,8,5.9
2025-11-22,Chicago,Collateral,1,5.7
2025-11-23,Chicago,Collateral,7,6.6
2025-11-24,Chicago,Collateral,5,6.6
2025-11-25,Chicago,Collateral,5,6.9
2025-11-26,Chicago,Collateral,4,4.6
2025-11-27,Chicago,Collateral,2,4.6
2025-11-28,Chicago,Collateral,5,4.1
2025-11-30,Chicago,Collateral,1,4.1
2025-12-01,Chicago,Collateral,3,3.6
2025-12-02,Chicago,Collateral,6,3.7
2025-12-03,Chicago,Collateral,5,3.7
2025-12-04,Chicago,Collateral,3,3.6
2025-12-05,Chicago,Collateral,3,3.7
2025-12-06,Chicago,Collateral,3,3.4
2025-12-07,Chicago,Collateral,1,3.4
2025-12-08,Chicago,Collateral,12,4.7
2025-12-09,Chicago,Collateral,12,5.6
2025-12-10,Chicago,Collateral,5,5.6
2025-12-11,Chicago,Collateral,10,6.6
2025-12-12,Chicago,Collateral,9,7.4
2025-12-13,Chicago,Collateral,2,7.3
2025-12-15,Chicago,Collateral,4,7.7
2025-12-16,Chicago,Collateral,30,10.3
2025-12-17,Chicago,Collateral,32,13.1
2025-12-18,Chicago,Collateral,8,13.6
2025-12-19,Chicago,Collateral,9,13.4
2025-12-20,Chicago,Collateral,3,12.6
2025-12-21,Chicago,Collateral,1,12.4
2025-12-22,Chicago,Collateral,2,12.1
2025-12-23,Chicago,Collateral,5,8.6
2025-12-24,Chicago,Collateral,1,4.1
2025-12-25,Chicago,Collateral,2,3.3
2025-12-26,Chicago,Collateral,3,2.4
2025-12-27,Chicago,Collateral,8,3.1
2025-12-28,Chicago,Collateral,4,3.6
2025-12-29,Chicago,Collateral,4,3.9
2025-12-30,Chicago,Collateral,5,3.9
2026-01-01,Chicago,Collateral,2,4.0
2026-01-02,Chicago,Collateral,4,4.3
2026-01-03,Chicago,Collateral,2,4.1
2026-01-04,Chicago,Collateral,5,3.7
2026-01-05,Chicago,Collateral,1,3.3
2026-01-06,Chicago,Collateral,3,3.1
2026-01-07,Chicago,Collateral,6,3.3
2026-01-08,Chicago,Collateral,8,4.1
2026-01-09,Chicago,Collateral,4,4.1
2026-01-10,Chicago,Collateral,4,4.4
2026-01-11,Chicago,Collateral,4,4.3
2026-01-12,Chicago,Collateral,3,4.6
2026-01-13,Chicago,Collateral,5,4.9
2026-01-14,Chicago,Collateral,11,5.6
2026-01-15,Chicago,Collateral,3,4.9
2026-01-16,Chicago,Collateral,2,4.6
2026-01-18,Chicago,Collateral,2,4.3
2026-01-20,Chicago,Collateral,3,4.1
2026-01-21,Chicago,Collateral,7,4.7
2026-01-22,Chicago,Collateral,9,5.3
2026-01-23,Chicago,Collateral,3,4.1
2026-01-24,Chicago,Collateral,2,4.0
2026-01-25,Chicago,Collateral,1,3.9
2026-01-26,Chicago,Collateral,6,4.4
2026-01-27,Chicago,Collateral,7,5.0
2026-01-28,Chicago,Collateral,13,5.9
2026-01-29,Chicago,Collateral,12,6.3
2026-01-30,Chicago,Collateral,5,6.6
2026-01-31,Chicago,Collateral,5,7.0
2026-02-01,Chicago,Collateral,1,7.0
2026-02-02,Chicago,Collateral,5,6.9
2026-02-03,Chicago,Collateral,5,6.6
2026-02-04,Chicago,Collateral,9,6.0
2026-02-05,Chicago,Collateral,10,5.7
2026-02-06,Chicago,Collateral,3,5.4
2026-02-07,Chicago,Collateral,4,5.3
2026-02-08,Chicago,Collateral,1,5.3
2026-02-10,Chicago,Collateral,7,5.6
2026-02-11,Chicago,Collateral,10,6.3
2026-02-12,Chicago,Collateral,1,5.1
2026-02-13,Chicago,Collateral,2,4.0
2026-02-14,Chicago,Collateral,1,3.7
2026-02-15,Chicago,Collateral,2,3.4
2026-02-16,Chicago,Collateral,4,3.9
2026-02-17,Chicago,Collateral,13,4.7
2026-02-18,Chicago,Collateral,2,3.6
2026-02-19,Chicago,Collateral,1,3.6
2026-02-20,Chicago,Collateral,2,3.6
2026-02-22,Chicago,Collateral,1,3.6
2026-02-23,Chicago,Collateral,1,3.4
2026-02-24,Chicago,Collateral,6,3.7
2026-02-25,Chicago,Collateral,5,2.6
2026-02-26,Chicago,Collateral,6,3.1
2026-02-27,Chicago,Collateral,6,3.9
2026-03-01,Chicago,Collateral,1,3.7
2026-03-02,Chicago,Collateral,9,4.9
2026-03-03,Chicago,Collateral,2,5.0
2026-03-04,Chicago,Collateral,8,5.3
2026-03-05,Chicago,Collateral,7,5.6
2026-03-06,Chicago,Collateral,3,5.1
2026-03-07,Chicago,Collateral,6,5.1
2026-03-08,Chicago,Collateral,1,5.1
2026-03-09,Chicago,Collateral,8,5.0
2026-03-10,Chicago,Collateral,6,5.6
2025-08-08,Chicago,Targeted,57,57.0
2025-08-09,Chicago,Targeted,20,38.5
2025-08-10,Chicago,Targeted,36,37.7
2025-08-11,Chicago,Targeted,53,41.5
2025-08-12,Chicago,Targeted,47,42.6
2025-08-13,Chicago,Targeted,57,45.0
2025-08-14,Chicago,Targeted,49,45.6
2025-08-15,Chicago,Targeted,29,41.6
2025-08-16,Chicago,Targeted,13,40.6
2025-08-17,Chicago,Targeted,21,38.4
2025-08-18,Chicago,Targeted,43,37.0
2025-08-19,Chicago,Targeted,42,36.3
2025-08-20,Chicago,Targeted,45,34.6
2025-08-21,Chicago,Targeted,41,33.4
2025-08-22,Chicago,Targeted,32,33.9
2025-08-23,Chicago,Targeted,27,35.9
2025-08-24,Chicago,Targeted,18,35.4
2025-08-25,Chicago,Targeted,54,37.0
2025-08-26,Chicago,Targeted,45,37.4
2025-08-27,Chicago,Targeted,55,38.9
2025-08-28,Chicago,Targeted,52,40.4
2025-08-29,Chicago,Targeted,60,44.4
2025-08-30,Chicago,Targeted,16,42.9
2025-08-31,Chicago,Targeted,18,42.9
2025-09-01,Chicago,Targeted,14,37.1
2025-09-02,Chicago,Targeted,45,37.1
2025-09-03,Chicago,Targeted,70,39.3
2025-09-04,Chicago,Targeted,59,40.3
2025-09-05,Chicago,Targeted,36,36.9
2025-09-06,Chicago,Targeted,16,36.9
2025-09-07,Chicago,Targeted,16,36.6
2025-09-08,Chicago,Targeted,27,38.4
2025-09-09,Chicago,Targeted,60,40.6
2025-09-10,Chicago,Targeted,53,38.1
2025-09-11,Chicago,Targeted,49,36.7
2025-09-12,Chicago,Targeted,56,39.6
2025-09-13,Chicago,Targeted,22,40.4
2025-09-14,Chicago,Targeted,34,43.0
2025-09-15,Chicago,Targeted,47,45.9
2025-09-16,Chicago,Targeted,45,43.7
2025-09-17,Chicago,Targeted,73,46.6
2025-09-18,Chicago,Targeted,43,45.7
2025-09-19,Chicago,Targeted,47,44.4
2025-09-20,Chicago,Targeted,27,45.1
2025-09-21,Chicago,Targeted,54,48.0
2025-09-22,Chicago,Targeted,43,47.4
2025-09-23,Chicago,Targeted,70,51.0
2025-09-24,Chicago,Targeted,61,49.3
2025-09-25,Chicago,Targeted,68,52.9
2025-09-26,Chicago,Targeted,43,52.3
2025-09-27,Chicago,Targeted,28,52.4
2025-09-28,Chicago,Targeted,33,49.4
2025-09-29,Chicago,Targeted,53,50.9
2025-09-30,Chicago,Targeted,62,49.7
2025-10-01,Chicago,Targeted,81,52.6
2025-10-02,Chicago,Targeted,75,53.6
2025-10-03,Chicago,Targeted,55,55.3
2025-10-04,Chicago,Targeted,27,55.1
2025-10-05,Chicago,Targeted,40,56.1
2025-10-06,Chicago,Targeted,54,56.3
2025-10-07,Chicago,Targeted,83,59.3
2025-10-08,Chicago,Targeted,46,54.3
2025-10-09,Chicago,Targeted,66,53.0
2025-10-10,Chicago,Targeted,77,56.1
2025-10-11,Chicago,Targeted,43,58.4
2025-10-12,Chicago,Targeted,52,60.1
2025-10-13,Chicago,Targeted,49,59.4
2025-10-14,Chicago,Targeted,93,60.9
2025-10-15,Chicago,Targeted,88,66.9
2025-10-16,Chicago,Targeted,92,70.6
2025-10-17,Chicago,Targeted,64,68.7
2025-10-18,Chicago,Targeted,30,66.9
2025-10-19,Chicago,Targeted,50,66.6
2025-10-20,Chicago,Targeted,62,68.4
2025-10-21,Chicago,Targeted,78,66.3
2025-10-22,Chicago,Targeted,80,65.1
2025-10-23,Chicago,Targeted,103,66.7
2025-10-24,Chicago,Targeted,66,67.0
2025-10-25,Chicago,Targeted,48,69.6
2025-10-26,Chicago,Targeted,35,67.4
2025-10-27,Chicago,Targeted,66,68.0
2025-10-28,Chicago,Targeted,92,70.0
2025-10-29,Chicago,Targeted,82,70.3
2025-10-30,Chicago,Targeted,91,68.6
2025-10-31,Chicago,Targeted,83,71.0
2025-11-01,Chicago,Targeted,44,70.4
2025-11-02,Chicago,Targeted,54,73.1
2025-11-03,Chicago,Targeted,66,73.1
2025-11-04,Chicago,Targeted,81,71.6
2025-11-05,Chicago,Targeted,90,72.7
2025-11-06,Chicago,Targeted,88,72.3
2025-11-07,Chicago,Targeted,74,71.0
2025-11-08,Chicago,Targeted,33,69.4
2025-11-09,Chicago,Targeted,34,66.6
2025-11-10,Chicago,Targeted,61,65.9
2025-11-11,Chicago,Targeted,50,61.4
2025-11-12,Chicago,Targeted,65,57.9
2025-11-13,Chicago,Targeted,69,55.1
2025-11-14,Chicago,Targeted,49,51.6
2025-11-15,Chicago,Targeted,16,49.1
2025-11-16,Chicago,Targeted,38,49.7
2025-11-17,Chicago,Targeted,62,49.9
2025-11-18,Chicago,Targeted,74,53.3
2025-11-19,Chicago,Targeted,63,53.0
2025-11-20,Chicago,Targeted,78,54.3
2025-11-21,Chicago,Targeted,62,56.1
2025-11-22,Chicago,Targeted,28,57.9
2025-11-23,Chicago,Targeted,24,55.9
2025-11-24,Chicago,Targeted,50,54.1
2025-11-25,Chicago,Targeted,73,54.0
2025-11-26,Chicago,Targeted,80,56.4
2025-11-27,Chicago,Targeted,10,46.7
2025-11-28,Chicago,Targeted,29,42.0
2025-11-29,Chicago,Targeted,25,41.6
2025-11-30,Chicago,Targeted,21,41.1
2025-12-01,Chicago,Targeted,69,43.9
2025-12-02,Chicago,Targeted,51,40.7
2025-12-03,Chicago,Targeted,53,36.9
2025-12-04,Chicago,Targeted,81,47.0
2025-12-05,Chicago,Targeted,63,51.9
2025-12-06,Chicago,Targeted,30,52.6
2025-12-07,Chicago,Targeted,25,53.1
2025-12-08,Chicago,Targeted,42,49.3
2025-12-09,Chicago,Targeted,89,54.7
2025-12-10,Chicago,Targeted,61,55.9
2025-12-11,Chicago,Targeted,55,52.1
2025-12-12,Chicago,Targeted,60,51.7
2025-12-13,Chicago,Targeted,24,50.9
2025-12-14,Chicago,Targeted,29,51.4
2025-12-15,Chicago,Targeted,43,51.6
2025-12-16,Chicago,Targeted,76,49.7
2025-12-17,Chicago,Targeted,95,54.6
2025-12-18,Chicago,Targeted,68,56.4
2025-12-19,Chicago,Targeted,57,56.0
2025-12-20,Chicago,Targeted,27,56.4
2025-12-21,Chicago,Targeted,25,55.9
2025-12-22,Chicago,Targeted,48,56.6
2025-12-23,Chicago,Targeted,55,53.6
2025-12-24,Chicago,Targeted,41,45.9
2025-12-25,Chicago,Targeted,10,37.6
2025-12-26,Chicago,Targeted,20,32.3
2025-12-27,Chicago,Targeted,15,30.6
2025-12-28,Chicago,Targeted,17,29.4
2025-12-29,Chicago,Targeted,43,28.7
2025-12-30,Chicago,Targeted,50,28.0
2025-12-31,Chicago,Targeted,25,25.7
2026-01-01,Chicago,Targeted,20,27.1
2026-01-02,Chicago,Targeted,29,28.4
2026-01-03,Chicago,Targeted,25,29.9
2026-01-04,Chicago,Targeted,24,30.9
2026-01-05,Chicago,Targeted,37,30.0
2026-01-06,Chicago,Targeted,44,29.1
2026-01-07,Chicago,Targeted,59,34.0
2026-01-08,Chicago,Targeted,66,40.6
2026-01-09,Chicago,Targeted,62,45.3
2026-01-10,Chicago,Targeted,21,44.7
2026-01-11,Chicago,Targeted,31,45.7
2026-01-12,Chicago,Targeted,41,46.3
2026-01-13,Chicago,Targeted,76,50.9
2026-01-14,Chicago,Targeted,82,54.1
2026-01-15,Chicago,Targeted,61,53.4
2026-01-16,Chicago,Targeted,63,53.6
2026-01-17,Chicago,Targeted,30,54.9
2026-01-18,Chicago,Targeted,19,53.1
2026-01-19,Chicago,Targeted,20,50.1
2026-01-20,Chicago,Targeted,56,47.3
2026-01-21,Chicago,Targeted,57,43.7
2026-01-22,Chicago,Targeted,75,45.7
2026-01-23,Chicago,Targeted,53,44.3
2026-01-24,Chicago,Targeted,21,43.0
2026-01-25,Chicago,Targeted,9,41.6
2026-01-26,Chicago,Targeted,37,44.0
2026-01-27,Chicago,Targeted,48,42.9
2026-01-28,Chicago,Targeted,51,42.0
2026-01-29,Chicago,Targeted,48,38.1
2026-01-30,Chicago,Targeted,46,37.1
2026-01-31,Chicago,Targeted,25,37.7
2026-02-01,Chicago,Targeted,20,39.3
2026-02-02,Chicago,Targeted,49,41.0
2026-02-03,Chicago,Targeted,76,45.0
2026-02-04,Chicago,Targeted,63,46.7
2026-02-05,Chicago,Targeted,77,50.9
2026-02-06,Chicago,Targeted,61,53.0
2026-02-07,Chicago,Targeted,27,53.3
2026-02-08,Chicago,Targeted,39,56.0
2026-02-09,Chicago,Targeted,64,58.1
2026-02-10,Chicago,Targeted,68,57.0
2026-02-11,Chicago,Targeted,88,60.6
2026-02-12,Chicago,Targeted,77,60.6
2026-02-13,Chicago,Targeted,73,62.3
2026-02-14,Chicago,Targeted,27,62.3
2026-02-15,Chicago,Targeted,32,61.3
2026-02-16,Chicago,Targeted,40,57.9
2026-02-17,Chicago,Targeted,78,59.3
2026-02-18,Chicago,Targeted,70,56.7
2026-02-19,Chicago,Targeted,75,56.4
2026-02-20,Chicago,Targeted,65,55.3
2026-02-21,Chicago,Targeted,35,56.4
2026-02-22,Chicago,Targeted,34,56.7
2026-02-23,Chicago,Targeted,51,58.3
2026-02-24,Chicago,Targeted,71,57.3
2026-02-25,Chicago,Targeted,68,57.0
2026-02-26,Chicago,Targeted,71,56.4
2026-02-27,Chicago,Targeted,68,56.9
2026-02-28,Chicago,Targeted,28,55.9
2026-03-01,Chicago,Targeted,37,56.3
2026-03-02,Chicago,Targeted,51,56.3
2026-03-03,Chicago,Targeted,76,57.0
2026-03-04,Chicago,Targeted,87,59.7
2026-03-05,Chicago,Targeted,53,57.1
2026-03-06,Chicago,Targeted,65,56.7
2026-03-07,Chicago,Targeted,30,57.0
2026-03-08,Chicago,Targeted,24,55.1
2026-03-09,Chicago,Targeted,67,57.4
2026-03-10,Chicago,Targeted,107,61.9
2025-09-13,Chicago,Unknown,1,1.0
2025-09-16,Chicago,Unknown,1,1.0
2025-09-20,Chicago,Unknown,1,1.0
2025-09-28,Chicago,Unknown,2,1.2
2025-10-01,Chicago,Unknown,2,1.4
2025-10-11,Chicago,Unknown,3,1.7
2025-10-12,Chicago,Unknown,1,1.6
2025-10-14,Chicago,Unknown,1,1.6
2025-10-18,Chicago,Unknown,4,2.0
2025-10-19,Chicago,Unknown,1,2.0
2025-10-22,Chicago,Unknown,3,2.1
2025-10-23,Chicago,Unknown,1,2.0
2025-10-24,Chicago,Unknown,2,1.9
2025-10-25,Chicago,Unknown,2,2.0
2025-10-28,Chicago,Unknown,2,2.1
2025-10-29,Chicago,Unknown,2,1.9
2025-10-30,Chicago,Unknown,2,2.0
2025-10-31,Chicago,Unknown,1,1.7
2025-11-01,Chicago,Unknown,1,1.7
2025-11-02,Chicago,Unknown,3,1.9
2025-11-04,Chicago,Unknown,1,1.7
2025-11-05,Chicago,Unknown,3,1.9
2025-11-06,Chicago,Unknown,1,1.7
2025-11-08,Chicago,Unknown,2,1.7
2025-11-09,Chicago,Unknown,1,1.7
2025-11-11,Chicago,Unknown,2,1.9
2025-11-12,Chicago,Unknown,1,1.6
2025-11-13,Chicago,Unknown,2,1.7
2025-11-14,Chicago,Unknown,3,1.7
2025-11-15,Chicago,Unknown,3,2.0
2025-11-16,Chicago,Unknown,3,2.1
2025-11-17,Chicago,Unknown,1,2.1
2025-11-19,Chicago,Unknown,1,2.0
2025-11-20,Chicago,Unknown,2,2.1
2025-11-22,Chicago,Unknown,3,2.3
2025-11-23,Chicago,Unknown,3,2.3
2025-11-24,Chicago,Unknown,2,2.1
2025-11-25,Chicago,Unknown,1,1.9
2025-11-29,Chicago,Unknown,2,2.0
2025-11-30,Chicago,Unknown,1,2.0
2025-12-02,Chicago,Unknown,3,2.1
2025-12-03,Chicago,Unknown,1,1.9
2025-12-04,Chicago,Unknown,6,2.3
2025-12-05,Chicago,Unknown,2,2.3
2025-12-06,Chicago,Unknown,9,3.4
2025-12-07,Chicago,Unknown,5,3.9
2025-12-13,Chicago,Unknown,12,5.4
2025-12-14,Chicago,Unknown,5,5.7
2025-12-15,Chicago,Unknown,1,5.7
2025-12-16,Chicago,Unknown,2,5.1
2025-12-17,Chicago,Unknown,6,5.7
2025-12-19,Chicago,Unknown,2,4.7
2025-12-20,Chicago,Unknown,6,4.9
2025-12-21,Chicago,Unknown,6,4.0
2025-12-22,Chicago,Unknown,6,4.1
2025-12-23,Chicago,Unknown,4,4.6
2025-12-29,Chicago,Unknown,1,4.4
2025-12-30,Chicago,Unknown,5,4.3
2026-01-02,Chicago,Unknown,1,4.1
2026-01-03,Chicago,Unknown,4,3.9
2026-01-04,Chicago,Unknown,4,3.6
2026-01-07,Chicago,Unknown,1,2.9
2026-01-09,Chicago,Unknown,2,2.6
2026-01-10,Chicago,Unknown,6,3.3
2026-01-11,Chicago,Unknown,1,2.7
2026-01-12,Chicago,Unknown,3,3.0
2026-01-13,Chicago,Unknown,4,3.0
2026-01-14,Chicago,Unknown,3,2.9
2026-01-16,Chicago,Unknown,1,2.9
2026-01-17,Chicago,Unknown,2,2.9
2026-01-20,Chicago,Unknown,5,2.7
2026-01-21,Chicago,Unknown,3,3.0
2026-01-23,Chicago,Unknown,5,3.3
2026-01-24,Chicago,Unknown,4,3.3
2026-01-26,Chicago,Unknown,2,3.1
2026-01-28,Chicago,Unknown,2,3.3
2026-02-01,Chicago,Unknown,1,3.1
2026-02-02,Chicago,Unknown,1,2.6
2026-02-03,Chicago,Unknown,1,2.3
2026-02-05,Chicago,Unknown,4,2.1
2026-02-09,Chicago,Unknown,1,1.7
2026-02-10,Chicago,Unknown,1,1.6
2026-02-15,Chicago,Unknown,2,1.6
2026-02-18,Chicago,Unknown,1,1.6
2026-02-19,Chicago,Unknown,1,1.6
2026-02-21,Chicago,Unknown,3,1.9
2026-02-22,Chicago,Unknown,1,1.4
2026-02-23,Chicago,Unknown,1,1.4
2026-02-26,Chicago,Unknown,2,1.6
2026-02-27,Chicago,Unknown,1,1.4
2026-02-28,Chicago,Unknown,5,2.0
2026-03-01,Chicago,Unknown,3,2.3
2026-03-02,Chicago,Unknown,4,2.4
2026-03-03,Chicago,Unknown,1,2.4
2026-03-06,Chicago,Unknown,3,2.7
2026-03-07,Chicago,Unknown,1,2.6
2026-03-08,Chicago,Unknown,1,2.6
2026-03-09,Chicago,Unknown,8,3.0
2026-03-10,Chicago,Unknown,3,3.0
2025-08-08,Dallas,Collateral,11,11.0
2025-08-09,Dallas,Collateral,9,10.0
2025-08-10,Dallas,Collateral,7,9.0
2025-08-11,Dallas,Collateral,7,8.5
2025-08-12,Dallas,Collateral,5,7.8
2025-08-13,Dallas,Collateral,20,9.8
2025-08-14,Dallas,Collateral,9,9.7
2025-08-15,Dallas,Collateral,30,12.4
2025-08-16,Dallas,Collateral,9,12.4
2025-08-17,Dallas,Collateral,8,12.6
2025-08-18,Dallas,Collateral,11,13.1
2025-08-19,Dallas,Collateral,14,14.4
2025-08-20,Dallas,Collateral,8,12.7
2025-08-21,Dallas,Collateral,20,14.3
2025-08-22,Dallas,Collateral,17,12.4
2025-08-23,Dallas,Collateral,8,12.3
2025-08-24,Dallas,Collateral,4,11.7
2025-08-25,Dallas,Collateral,9,11.4
2025-08-26,Dallas,Collateral,13,11.3
2025-08-27,Dallas,Collateral,27,14.0
2025-08-28,Dallas,Collateral,14,13.1
2025-08-29,Dallas,Collateral,12,12.4
2025-08-30,Dallas,Collateral,15,13.4
2025-08-31,Dallas,Collateral,6,13.7
2025-09-01,Dallas,Collateral,21,15.4
2025-09-02,Dallas,Collateral,22,16.7
2025-09-03,Dallas,Collateral,29,17.0
2025-09-04,Dallas,Collateral,36,20.1
2025-09-05,Dallas,Collateral,34,23.3
2025-09-06,Dallas,Collateral,9,22.4
2025-09-07,Dallas,Collateral,14,23.6
2025-09-08,Dallas,Collateral,21,23.6
2025-09-09,Dallas,Collateral,21,23.4
2025-09-10,Dallas,Collateral,35,24.3
2025-09-11,Dallas,Collateral,23,22.4
2025-09-12,Dallas,Collateral,26,21.3
2025-09-13,Dallas,Collateral,9,21.3
2025-09-14,Dallas,Collateral,20,22.1
2025-09-15,Dallas,Collateral,28,23.1
2025-09-16,Dallas,Collateral,30,24.4
2025-09-17,Dallas,Collateral,13,21.3
2025-09-18,Dallas,Collateral,33,22.7
2025-09-19,Dallas,Collateral,21,22.0
2025-09-20,Dallas,Collateral,11,22.3
2025-09-21,Dallas,Collateral,6,20.3
2025-09-22,Dallas,Collateral,23,19.6
2025-09-23,Dallas,Collateral,27,19.1
2025-09-24,Dallas,Collateral,15,19.4
2025-09-25,Dallas,Collateral,22,17.9
2025-09-26,Dallas,Collateral,13,16.7
2025-09-27,Dallas,Collateral,6,16.0
2025-09-28,Dallas,Collateral,17,17.6
2025-09-29,Dallas,Collateral,17,16.7
2025-09-30,Dallas,Collateral,12,14.6
2025-10-01,Dallas,Collateral,15,14.6
2025-10-02,Dallas,Collateral,12,13.1
2025-10-03,Dallas,Collateral,11,12.9
2025-10-04,Dallas,Collateral,3,12.4
2025-10-05,Dallas,Collateral,3,10.4
2025-10-06,Dallas,Collateral,13,9.9
2025-10-07,Dallas,Collateral,19,10.9
2025-10-08,Dallas,Collateral,22,11.9
2025-10-09,Dallas,Collateral,24,13.6
2025-10-10,Dallas,Collateral,29,16.1
2025-10-11,Dallas,Collateral,8,16.9
2025-10-12,Dallas,Collateral,4,17.0
2025-10-13,Dallas,Collateral,23,18.4
2025-10-14,Dallas,Collateral,22,18.9
2025-10-15,Dallas,Collateral,31,20.1
2025-10-16,Dallas,Collateral,17,19.1
2025-10-17,Dallas,Collateral,20,17.9
2025-10-18,Dallas,Collateral,8,17.9
2025-10-19,Dallas,Collateral,9,18.6
2025-10-20,Dallas,Collateral,26,19.0
2025-10-21,Dallas,Collateral,26,19.6
2025-10-22,Dallas,Collateral,28,19.1
2025-10-23,Dallas,Collateral,26,20.4
2025-10-24,Dallas,Collateral,21,20.6
2025-10-25,Dallas,Collateral,8,20.6
2025-10-26,Dallas,Collateral,16,21.6
2025-10-27,Dallas,Collateral,22,21.0
2025-10-28,Dallas,Collateral,18,19.9
2025-10-29,Dallas,Collateral,20,18.7
2025-10-30,Dallas,Collateral,19,17.7
2025-10-31,Dallas,Collateral,16,17.0
2025-11-01,Dallas,Collateral,8,17.0
2025-11-02,Dallas,Collateral,5,15.4
2025-11-03,Dallas,Collateral,17,14.7
2025-11-04,Dallas,Collateral,29,16.3
2025-11-05,Dallas,Collateral,22,16.6
2025-11-06,Dallas,Collateral,24,17.3
2025-11-07,Dallas,Collateral,18,17.6
2025-11-08,Dallas,Collateral,14,18.4
2025-11-09,Dallas,Collateral,7,18.7
2025-11-10,Dallas,Collateral,18,18.9
2025-11-11,Dallas,Collateral,14,16.7
2025-11-12,Dallas,Collateral,21,16.6
2025-11-13,Dallas,Collateral,17,15.6
2025-11-14,Dallas,Collateral,18,15.6
2025-11-15,Dallas,Collateral,6,14.4
2025-11-16,Dallas,Collateral,7,14.4
2025-11-17,Dallas,Collateral,24,15.3
2025-11-18,Dallas,Collateral,30,17.6
2025-11-19,Dallas,Collateral,15,16.7
2025-11-20,Dallas,Collateral,14,16.3
2025-11-21,Dallas,Collateral,29,17.9
2025-11-22,Dallas,Collateral,8,18.1
2025-11-23,Dallas,Collateral,2,17.4
2025-11-24,Dallas,Collateral,16,16.3
2025-11-25,Dallas,Collateral,18,14.6
2025-11-26,Dallas,Collateral,16,14.7
2025-11-27,Dallas,Collateral,7,13.7
2025-11-28,Dallas,Collateral,4,10.1
2025-11-29,Dallas,Collateral,5,9.7
2025-11-30,Dallas,Collateral,4,10.0
2025-12-01,Dallas,Collateral,12,9.4
2025-12-02,Dallas,Collateral,19,9.6
2025-12-03,Dallas,Collateral,24,10.7
2025-12-04,Dallas,Collateral,11,11.3
2025-12-05,Dallas,Collateral,14,12.7
2025-12-06,Dallas,Collateral,6,12.9
2025-12-07,Dallas,Collateral,6,13.1
2025-12-08,Dallas,Collateral,11,13.0
2025-12-09,Dallas,Collateral,14,12.3
2025-12-10,Dallas,Collateral,14,10.9
2025-12-11,Dallas,Collateral,9,10.6
2025-12-12,Dallas,Collateral,10,10.0
2025-12-13,Dallas,Collateral,4,9.7
2025-12-14,Dallas,Collateral,8,10.0
2025-12-15,Dallas,Collateral,17,10.9
2025-12-16,Dallas,Collateral,11,10.4
2025-12-17,Dallas,Collateral,14,10.4
2025-12-18,Dallas,Collateral,15,11.3
2025-12-19,Dallas,Collateral,10,11.3
2025-12-20,Dallas,Collateral,8,11.9
2025-12-21,Dallas,Collateral,9,12.0
2025-12-22,Dallas,Collateral,12,11.3
2025-12-23,Dallas,Collateral,12,11.4
2025-12-24,Dallas,Collateral,18,12.0
2025-12-25,Dallas,Collateral,9,11.1
2025-12-26,Dallas,Collateral,10,11.1
2025-12-27,Dallas,Collateral,6,10.9
2025-12-28,Dallas,Collateral,7,10.6
2025-12-29,Dallas,Collateral,6,9.7
2025-12-30,Dallas,Collateral,13,9.9
2025-12-31,Dallas,Collateral,15,9.4
2026-01-01,Dallas,Collateral,10,9.6
2026-01-02,Dallas,Collateral,14,10.1
2026-01-03,Dallas,Collateral,7,10.3
2026-01-04,Dallas,Collateral,4,9.9
2026-01-05,Dallas,Collateral,12,10.7
2026-01-06,Dallas,Collateral,11,10.4
2026-01-07,Dallas,Collateral,7,9.3
2026-01-08,Dallas,Collateral,15,10.0
2026-01-09,Dallas,Collateral,10,9.4
2026-01-10,Dallas,Collateral,10,9.9
2026-01-11,Dallas,Collateral,6,10.1
2026-01-12,Dallas,Collateral,15,10.6
2026-01-13,Dallas,Collateral,11,10.6
2026-01-14,Dallas,Collateral,26,13.3
2026-01-15,Dallas,Collateral,13,13.0
2026-01-16,Dallas,Collateral,7,12.6
2026-01-17,Dallas,Collateral,8,12.3
2026-01-18,Dallas,Collateral,4,12.0
2026-01-19,Dallas,Collateral,8,11.0
2026-01-20,Dallas,Collateral,16,11.7
2026-01-21,Dallas,Collateral,10,9.4
2026-01-22,Dallas,Collateral,17,10.0
2026-01-23,Dallas,Collateral,12,10.7
2026-01-26,Dallas,Collateral,1,9.7
2026-01-27,Dallas,Collateral,4,9.7
2026-01-28,Dallas,Collateral,17,11.0
2026-01-29,Dallas,Collateral,12,10.4
2026-01-30,Dallas,Collateral,12,10.7
2026-01-31,Dallas,Collateral,3,8.7
2026-02-01,Dallas,Collateral,7,8.0
2026-02-02,Dallas,Collateral,5,8.6
2026-02-03,Dallas,Collateral,12,9.7
2026-02-04,Dallas,Collateral,12,9.0
2026-02-05,Dallas,Collateral,18,9.9
2026-02-06,Dallas,Collateral,13,10.0
2026-02-07,Dallas,Collateral,4,10.1
2026-02-08,Dallas,Collateral,7,10.1
2026-02-09,Dallas,Collateral,5,10.1
2026-02-10,Dallas,Collateral,17,10.9
2026-02-11,Dallas,Collateral,11,10.7
2026-02-12,Dallas,Collateral,17,10.6
2026-02-13,Dallas,Collateral,11,10.3
2026-02-14,Dallas,Collateral,2,10.0
2026-02-15,Dallas,Collateral,5,9.7
2026-02-16,Dallas,Collateral,13,10.9
2026-02-17,Dallas,Collateral,21,11.4
2026-02-18,Dallas,Collateral,7,10.9
2026-02-19,Dallas,Collateral,17,10.9
2026-02-20,Dallas,Collateral,15,11.4
2026-02-21,Dallas,Collateral,4,11.7
2026-02-22,Dallas,Collateral,6,11.9
2026-02-23,Dallas,Collateral,18,12.6
2026-02-24,Dallas,Collateral,23,12.9
2026-02-25,Dallas,Collateral,25,15.4
2026-02-26,Dallas,Collateral,13,14.9
2026-02-27,Dallas,Collateral,16,15.0
2026-02-28,Dallas,Collateral,9,15.7
2026-03-01,Dallas,Collateral,9,16.1
2026-03-02,Dallas,Collateral,30,17.9
2026-03-03,Dallas,Collateral,13,16.4
2026-03-04,Dallas,Collateral,26,16.6
2026-03-05,Dallas,Collateral,18,17.3
2026-03-06,Dallas,Collateral,11,16.6
2026-03-07,Dallas,Collateral,11,16.9
2026-03-08,Dallas,Collateral,6,16.4
2026-03-09,Dallas,Collateral,18,14.7
2026-03-10,Dallas,Collateral,22,16.0
2025-08-08,Dallas,Targeted,62,62.0
2025-08-09,Dallas,Targeted,30,46.0
2025-08-10,Dallas,Targeted,31,41.0
2025-08-11,Dallas,Targeted,52,43.8
2025-08-12,Dallas,Targeted,57,46.4
2025-08-13,Dallas,Targeted,64,49.3
2025-08-14,Dallas,Targeted,59,50.7
2025-08-15,Dallas,Targeted,62,50.7
2025-08-16,Dallas,Targeted,42,52.4
2025-08-17,Dallas,Targeted,22,51.1
2025-08-18,Dallas,Targeted,45,50.1
2025-08-19,Dallas,Targeted,69,51.9
2025-08-20,Dallas,Targeted,65,52.0
2025-08-21,Dallas,Targeted,82,55.3
2025-08-22,Dallas,Targeted,50,53.6
2025-08-23,Dallas,Targeted,35,52.6
2025-08-24,Dallas,Targeted,45,55.9
2025-08-25,Dallas,Targeted,47,56.1
2025-08-26,Dallas,Targeted,60,54.9
2025-08-27,Dallas,Targeted,71,55.7
2025-08-28,Dallas,Targeted,49,51.0
2025-08-29,Dallas,Targeted,42,49.9
2025-08-30,Dallas,Targeted,39,50.4
2025-08-31,Dallas,Targeted,35,49.0
2025-09-01,Dallas,Targeted,33,47.0
2025-09-02,Dallas,Targeted,58,46.7
2025-09-03,Dallas,Targeted,60,45.1
2025-09-04,Dallas,Targeted,80,49.6
2025-09-05,Dallas,Targeted,90,56.4
2025-09-06,Dallas,Targeted,33,55.6
2025-09-07,Dallas,Targeted,37,55.9
2025-09-08,Dallas,Targeted,44,57.4
2025-09-09,Dallas,Targeted,74,59.7
2025-09-10,Dallas,Targeted,87,63.6
2025-09-11,Dallas,Targeted,99,66.3
2025-09-12,Dallas,Targeted,69,63.3
2025-09-13,Dallas,Targeted,34,63.4
2025-09-14,Dallas,Targeted,37,63.4
2025-09-15,Dallas,Targeted,73,67.6
2025-09-16,Dallas,Targeted,62,65.9
2025-09-17,Dallas,Targeted,98,67.4
2025-09-18,Dallas,Targeted,85,65.4
2025-09-19,Dallas,Targeted,85,67.7
2025-09-20,Dallas,Targeted,29,67.0
2025-09-21,Dallas,Targeted,32,66.3
2025-09-22,Dallas,Targeted,89,68.6
2025-09-23,Dallas,Targeted,90,72.6
2025-09-24,Dallas,Targeted,60,67.1
2025-09-25,Dallas,Targeted,63,64.0
2025-09-26,Dallas,Targeted,57,60.0
2025-09-27,Dallas,Targeted,18,58.4
2025-09-28,Dallas,Targeted,23,57.1
2025-09-29,Dallas,Targeted,38,49.9
2025-09-30,Dallas,Targeted,56,45.0
2025-10-01,Dallas,Targeted,100,50.7
2025-10-02,Dallas,Targeted,115,58.1
2025-10-03,Dallas,Targeted,91,63.0
2025-10-04,Dallas,Targeted,9,61.7
2025-10-05,Dallas,Targeted,26,62.1
2025-10-06,Dallas,Targeted,73,67.1
2025-10-07,Dallas,Targeted,98,73.1
2025-10-08,Dallas,Targeted,110,74.6
2025-10-09,Dallas,Targeted,106,73.3
2025-10-10,Dallas,Targeted,104,75.1
2025-10-11,Dallas,Targeted,26,77.6
2025-10-12,Dallas,Targeted,35,78.9
2025-10-13,Dallas,Targeted,56,76.4
2025-10-14,Dallas,Targeted,104,77.3
2025-10-15,Dallas,Targeted,119,78.6
2025-10-16,Dallas,Targeted,76,74.3
2025-10-17,Dallas,Targeted,116,76.0
2025-10-18,Dallas,Targeted,26,76.0
2025-10-19,Dallas,Targeted,39,76.6
2025-10-20,Dallas,Targeted,105,83.6
2025-10-21,Dallas,Targeted,114,85.0
2025-10-22,Dallas,Targeted,127,86.1
2025-10-23,Dallas,Targeted,109,90.9
2025-10-24,Dallas,Targeted,126,92.3
2025-10-25,Dallas,Targeted,27,92.4
2025-10-26,Dallas,Targeted,41,92.7
2025-10-27,Dallas,Targeted,124,95.4
2025-10-28,Dallas,Targeted,139,99.0
2025-10-29,Dallas,Targeted,157,103.3
2025-10-30,Dallas,Targeted,119,104.7
2025-10-31,Dallas,Targeted,78,97.9
2025-11-01,Dallas,Targeted,31,98.4
2025-11-02,Dallas,Targeted,46,99.1
2025-11-03,Dallas,Targeted,56,89.4
2025-11-04,Dallas,Targeted,88,82.1
2025-11-05,Dallas,Targeted,124,77.4
2025-11-06,Dallas,Targeted,90,73.3
2025-11-07,Dallas,Targeted,110,77.9
2025-11-08,Dallas,Targeted,45,79.9
2025-11-09,Dallas,Targeted,40,79.0
2025-11-10,Dallas,Targeted,91,84.0
2025-11-11,Dallas,Targeted,75,82.1
2025-11-12,Dallas,Targeted,113,80.6
2025-11-13,Dallas,Targeted,94,81.1
2025-11-14,Dallas,Targeted,108,80.9
2025-11-15,Dallas,Targeted,28,78.4
2025-11-16,Dallas,Targeted,46,79.3
2025-11-17,Dallas,Targeted,134,85.4
2025-11-18,Dallas,Targeted,97,88.6
2025-11-19,Dallas,Targeted,91,85.4
2025-11-20,Dallas,Targeted,115,88.4
2025-11-21,Dallas,Targeted,105,88.0
2025-11-22,Dallas,Targeted,30,88.3
2025-11-23,Dallas,Targeted,27,85.6
2025-11-24,Dallas,Targeted,97,80.3
2025-11-25,Dallas,Targeted,88,79.0
2025-11-26,Dallas,Targeted,96,79.7
2025-11-27,Dallas,Targeted,46,69.9
2025-11-28,Dallas,Targeted,71,65.0
2025-11-29,Dallas,Targeted,16,63.0
2025-11-30,Dallas,Targeted,18,61.7
2025-12-01,Dallas,Targeted,97,61.7
2025-12-02,Dallas,Targeted,105,64.1
2025-12-03,Dallas,Targeted,82,62.1
2025-12-04,Dallas,Targeted,118,72.4
2025-12-05,Dallas,Targeted,121,79.6
2025-12-06,Dallas,Targeted,44,83.6
2025-12-07,Dallas,Targeted,31,85.4
2025-12-08,Dallas,Targeted,100,85.9
2025-12-09,Dallas,Targeted,97,84.7
2025-12-10,Dallas,Targeted,102,87.6
2025-12-11,Dallas,Targeted,83,82.6
2025-12-12,Dallas,Targeted,97,79.1
2025-12-13,Dallas,Targeted,30,77.1
2025-12-14,Dallas,Targeted,37,78.0
2025-12-15,Dallas,Targeted,84,75.7
2025-12-16,Dallas,Targeted,85,74.0
2025-12-17,Dallas,Targeted,112,75.4
2025-12-18,Dallas,Targeted,111,79.4
2025-12-19,Dallas,Targeted,90,78.4
2025-12-20,Dallas,Targeted,40,79.9
2025-12-21,Dallas,Targeted,28,78.6
2025-12-22,Dallas,Targeted,77,77.6
2025-12-23,Dallas,Targeted,65,74.7
2025-12-24,Dallas,Targeted,75,69.4
2025-12-25,Dallas,Targeted,34,58.4
2025-12-26,Dallas,Targeted,47,52.3
2025-12-27,Dallas,Targeted,16,48.9
2025-12-28,Dallas,Targeted,12,46.6
2025-12-29,Dallas,Targeted,56,43.6
2025-12-30,Dallas,Targeted,74,44.9
2025-12-31,Dallas,Targeted,74,44.7
2026-01-01,Dallas,Targeted,36,45.0
2026-01-02,Dallas,Targeted,56,46.3
2026-01-03,Dallas,Targeted,24,47.4
2026-01-04,Dallas,Targeted,22,48.9
2026-01-05,Dallas,Targeted,91,53.9
2026-01-06,Dallas,Targeted,72,53.6
2026-01-07,Dallas,Targeted,56,51.0
2026-01-08,Dallas,Targeted,94,59.3
2026-01-09,Dallas,Targeted,78,62.4
2026-01-10,Dallas,Targeted,57,67.1
2026-01-11,Dallas,Targeted,37,69.3
2026-01-12,Dallas,Targeted,85,68.4
2026-01-13,Dallas,Targeted,99,72.3
2026-01-14,Dallas,Targeted,119,81.3
2026-01-15,Dallas,Targeted,81,79.4
2026-01-16,Dallas,Targeted,84,80.3
2026-01-17,Dallas,Targeted,44,78.4
2026-01-18,Dallas,Targeted,34,78.0
2026-01-19,Dallas,Targeted,50,73.0
2026-01-20,Dallas,Targeted,48,65.7
2026-01-21,Dallas,Targeted,75,59.4
2026-01-22,Dallas,Targeted,97,61.7
2026-01-23,Dallas,Targeted,74,60.3
2026-01-24,Dallas,Targeted,3,54.4
2026-01-26,Dallas,Targeted,1,49.7
2026-01-27,Dallas,Targeted,25,46.1
2026-01-28,Dallas,Targeted,77,50.3
2026-01-29,Dallas,Targeted,72,49.9
2026-01-30,Dallas,Targeted,63,45.0
2026-01-31,Dallas,Targeted,43,40.6
2026-02-01,Dallas,Targeted,22,43.3
2026-02-02,Dallas,Targeted,80,54.6
2026-02-03,Dallas,Targeted,70,61.0
2026-02-04,Dallas,Targeted,74,60.6
2026-02-05,Dallas,Targeted,83,62.1
2026-02-06,Dallas,Targeted,84,65.1
2026-02-07,Dallas,Targeted,48,65.9
2026-02-08,Dallas,Targeted,42,68.7
2026-02-09,Dallas,Targeted,60,65.9
2026-02-10,Dallas,Targeted,74,66.4
2026-02-11,Dallas,Targeted,77,66.9
2026-02-12,Dallas,Targeted,105,70.0
2026-02-13,Dallas,Targeted,83,69.9
2026-02-14,Dallas,Targeted,43,69.1
2026-02-15,Dallas,Targeted,28,67.1
2026-02-16,Dallas,Targeted,55,66.4
2026-02-17,Dallas,Targeted,64,65.0
2026-02-18,Dallas,Targeted,86,66.3
2026-02-19,Dallas,Targeted,87,63.7
2026-02-20,Dallas,Targeted,88,64.4
2026-02-21,Dallas,Targeted,40,64.0
2026-02-22,Dallas,Targeted,35,65.0
2026-02-23,Dallas,Targeted,88,69.7
2026-02-24,Dallas,Targeted,73,71.0
2026-02-25,Dallas,Targeted,86,71.0
2026-02-26,Dallas,Targeted,108,74.0
2026-02-27,Dallas,Targeted,94,74.9
2026-02-28,Dallas,Targeted,39,74.7
2026-03-01,Dallas,Targeted,38,75.1
2026-03-02,Dallas,Targeted,78,73.7
2026-03-03,Dallas,Targeted,61,72.0
2026-03-04,Dallas,Targeted,80,71.1
2026-03-05,Dallas,Targeted,75,66.4
2026-03-06,Dallas,Targeted,82,64.7
2026-03-07,Dallas,Targeted,43,65.3
2026-03-08,Dallas,Targeted,40,65.6
2026-03-09,Dallas,Targeted,88,67.0
2026-03-10,Dallas,Targeted,83,70.1
2026-09-17,Dallas,Targeted,1,58.9
2025-09-12,Dallas,Unknown,1,1.0
2025-09-28,Dallas,Unknown,1,1.0
2025-10-04,Dallas,Unknown,2,1.3
2025-10-05,Dallas,Unknown,1,1.2
2025-10-06,Dallas,Unknown,3,1.6
2025-10-13,Dallas,Unknown,2,1.7
2025-10-14,Dallas,Unknown,5,2.1
2025-10-15,Dallas,Unknown,1,2.1
2025-10-20,Dallas,Unknown,6,2.9
2025-10-29,Dallas,Unknown,5,3.3
2025-11-05,Dallas,Unknown,2,3.4
2025-11-08,Dallas,Unknown,3,3.4
2025-11-13,Dallas,Unknown,1,3.3
2025-11-15,Dallas,Unknown,4,3.1
2025-11-16,Dallas,Unknown,11,4.6
2025-11-17,Dallas,Unknown,1,3.9
2025-11-21,Dallas,Unknown,2,3.4
2025-11-24,Dallas,Unknown,2,3.4
2025-11-25,Dallas,Unknown,3,3.4
2025-12-17,Dallas,Unknown,5,4.0
2025-12-27,Dallas,Unknown,16,5.7
2026-01-02,Dallas,Unknown,1,4.3
2026-01-03,Dallas,Unknown,3,4.6
2026-01-04,Dallas,Unknown,9,5.6
2026-01-09,Dallas,Unknown,3,5.7
2026-01-20,Dallas,Unknown,3,5.7
2026-01-25,Dallas,Unknown,2,5.3
2026-01-26,Dallas,Unknown,2,3.3
2026-02-02,Dallas,Unknown,1,3.3
2026-02-05,Dallas,Unknown,1,3.0
2026-02-12,Dallas,Unknown,1,1.9
2026-02-17,Dallas,Unknown,2,1.7
2026-03-01,Dallas,Unknown,1,1.4
2026-03-02,Dallas,Unknown,4,1.7
2026-03-03,Dallas,Unknown,1,1.6
2026-03-05,Dallas,Unknown,1,1.6
2026-03-07,Dallas,Unknown,3,1.9
2026-03-09,Dallas,Unknown,1,1.9
2025-08-08,Denver,Collateral,2,2.0
2025-08-09,Denver,Collateral,3,2.5
2025-08-11,Denver,Collateral,3,2.7
2025-08-12,Denver,Collateral,3,2.8
2025-08-13,Denver,Collateral,6,3.4
2025-08-14,Denver,Collateral,2,3.2
2025-08-16,Denver,Collateral,1,2.9
2025-08-17,Denver,Collateral,6,3.4
2025-08-18,Denver,Collateral,2,3.3
2025-08-19,Denver,Collateral,6,3.7
2025-08-20,Denver,Collateral,2,3.6
2025-08-21,Denver,Collateral,3,3.1
2025-08-22,Denver,Collateral,5,3.6
2025-08-23,Denver,Collateral,1,3.6
2025-08-25,Denver,Collateral,2,3.0
2025-08-26,Denver,Collateral,1,2.9
2025-08-27,Denver,Collateral,2,2.3
2025-08-28,Denver,Collateral,6,2.9
2025-08-29,Denver,Collateral,4,3.0
2025-08-30,Denver,Collateral,1,2.4
2025-08-31,Denver,Collateral,8,3.4
2025-09-01,Denver,Collateral,5,3.9
2025-09-02,Denver,Collateral,1,3.9
2025-09-03,Denver,Collateral,2,3.9
2025-09-04,Denver,Collateral,2,3.3
2025-09-05,Denver,Collateral,3,3.1
2025-09-06,Denver,Collateral,1,3.1
2025-09-08,Denver,Collateral,2,2.3
2025-09-09,Denver,Collateral,5,2.3
2025-09-10,Denver,Collateral,7,3.1
2025-09-11,Denver,Collateral,1,3.0
2025-09-12,Denver,Collateral,2,3.0
2025-09-14,Denver,Collateral,1,2.7
2025-09-15,Denver,Collateral,1,2.7
2025-09-16,Denver,Collateral,6,3.3
2025-09-17,Denver,Collateral,3,3.0
2025-09-18,Denver,Collateral,1,2.1
2025-09-19,Denver,Collateral,3,2.4
2025-09-21,Denver,Collateral,2,2.4
2025-09-22,Denver,Collateral,6,3.1
2025-09-23,Denver,Collateral,1,3.1
2025-09-24,Denver,Collateral,4,2.9
2025-09-25,Denver,Collateral,2,2.7
2025-09-30,Denver,Collateral,2,2.9
2025-10-01,Denver,Collateral,3,2.9
2025-10-02,Denver,Collateral,4,3.1
2025-10-03,Denver,Collateral,1,2.4
2025-10-05,Denver,Collateral,2,2.6
2025-10-06,Denver,Collateral,1,2.1
2025-10-07,Denver,Collateral,8,3.0
2025-10-08,Denver,Collateral,3,3.1
2025-10-09,Denver,Collateral,1,2.9
2025-10-10,Denver,Collateral,6,3.1
2025-10-14,Denver,Collateral,1,3.1
2025-10-16,Denver,Collateral,1,3.0
2025-10-17,Denver,Collateral,2,3.1
2025-10-19,Denver,Collateral,1,2.1
2025-10-20,Denver,Collateral,2,2.0
2025-10-21,Denver,Collateral,1,2.0
2025-10-22,Denver,Collateral,2,1.4
2025-10-23,Denver,Collateral,2,1.6
2025-10-24,Denver,Collateral,6,2.3
2025-10-25,Denver,Collateral,2,2.3
2025-10-26,Denver,Collateral,1,2.3
2025-10-27,Denver,Collateral,3,2.4
2025-10-28,Denver,Collateral,1,2.4
2025-10-29,Denver,Collateral,3,2.6
2025-10-30,Denver,Collateral,4,2.9
2025-10-31,Denver,Collateral,4,2.6
2025-11-01,Denver,Collateral,4,2.9
2025-11-03,Denver,Collateral,2,3.0
2025-11-04,Denver,Collateral,7,3.6
2025-11-05,Denver,Collateral,7,4.4
2025-11-06,Denver,Collateral,1,4.1
2025-11-07,Denver,Collateral,1,3.7
2025-11-10,Denver,Collateral,1,3.3
2025-11-12,Denver,Collateral,3,3.1
2025-11-13,Denver,Collateral,2,3.1
2025-11-14,Denver,Collateral,2,2.4
2025-11-15,Denver,Collateral,1,1.6
2025-11-16,Denver,Collateral,2,1.7
2025-11-17,Denver,Collateral,5,2.3
2025-11-18,Denver,Collateral,5,2.9
2025-11-19,Denver,Collateral,8,3.6
2025-11-20,Denver,Collateral,12,5.0
2025-11-21,Denver,Collateral,5,5.4
2025-11-22,Denver,Collateral,3,5.7
2025-11-23,Denver,Collateral,1,5.6
2025-11-25,Denver,Collateral,4,5.4
2025-11-26,Denver,Collateral,3,5.1
2025-11-27,Denver,Collateral,3,4.4
2025-11-28,Denver,Collateral,4,3.3
2025-11-29,Denver,Collateral,4,3.1
2025-12-01,Denver,Collateral,1,2.9
2025-12-02,Denver,Collateral,1,2.9
2025-12-03,Denver,Collateral,4,2.9
2025-12-04,Denver,Collateral,2,2.7
2025-12-05,Denver,Collateral,4,2.9
2025-12-06,Denver,Collateral,3,2.7
2025-12-08,Denver,Collateral,4,2.7
2025-12-09,Denver,Collateral,1,2.7
2025-12-10,Denver,Collateral,3,3.0
2025-12-11,Denver,Collateral,15,4.6
2025-12-12,Denver,Collateral,18,6.9
2025-12-13,Denver,Collateral,6,7.1
2025-12-15,Denver,Collateral,1,6.9
2025-12-16,Denver,Collateral,4,6.9
2025-12-17,Denver,Collateral,3,7.1
2025-12-18,Denver,Collateral,7,7.7
2025-12-19,Denver,Collateral,1,5.7
2025-12-21,Denver,Collateral,2,3.4
2025-12-22,Denver,Collateral,3,3.0
2025-12-23,Denver,Collateral,6,3.7
2025-12-24,Denver,Collateral,2,3.4
2025-12-26,Denver,Collateral,1,3.1
2025-12-27,Denver,Collateral,5,2.9
2025-12-28,Denver,Collateral,4,3.3
2025-12-29,Denver,Collateral,17,5.4
2025-12-30,Denver,Collateral,6,5.9
2025-12-31,Denver,Collateral,12,6.7
2026-01-01,Denver,Collateral,2,6.7
2026-01-02,Denver,Collateral,5,7.3
2026-01-05,Denver,Collateral,3,7.0
2026-01-06,Denver,Collateral,6,7.3
2026-01-07,Denver,Collateral,3,5.3
2026-01-08,Denver,Collateral,4,5.0
2026-01-09,Denver,Collateral,3,3.7
2026-01-10,Denver,Collateral,2,3.7
2026-01-12,Denver,Collateral,2,3.3
2026-01-13,Denver,Collateral,6,3.7
2026-01-14,Denver,Collateral,9,4.1
2026-01-15,Denver,Collateral,3,4.1
2026-01-17,Denver,Collateral,3,4.0
2026-01-18,Denver,Collateral,1,3.7
2026-01-19,Denver,Collateral,2,3.7
2026-01-20,Denver,Collateral,8,4.6
2026-01-21,Denver,Collateral,7,4.7
2026-01-22,Denver,Collateral,2,3.7
2026-01-23,Denver,Collateral,5,4.0
2026-01-24,Denver,Collateral,1,3.7
2026-01-25,Denver,Collateral,2,3.9
2026-01-26,Denver,Collateral,2,3.9
2026-01-27,Denver,Collateral,1,2.9
2026-01-28,Denver,Collateral,2,2.1
2026-01-29,Denver,Collateral,2,2.1
2026-01-30,Denver,Collateral,1,1.6
2026-01-31,Denver,Collateral,3,1.9
2026-02-01,Denver,Collateral,1,1.7
2026-02-02,Denver,Collateral,1,1.6
2026-02-03,Denver,Collateral,4,2.0
2026-02-04,Denver,Collateral,9,3.0
2026-02-05,Denver,Collateral,4,3.3
2026-02-06,Denver,Collateral,6,4.0
2026-02-07,Denver,Collateral,1,3.7
2026-02-08,Denver,Collateral,1,3.7
2026-02-09,Denver,Collateral,3,4.0
2026-02-10,Denver,Collateral,2,3.7
2026-02-11,Denver,Collateral,2,2.7
2026-02-13,Denver,Collateral,1,2.3
2026-02-14,Denver,Collateral,2,1.7
2026-02-18,Denver,Collateral,3,2.0
2026-02-21,Denver,Collateral,2,2.1
2026-02-22,Denver,Collateral,1,1.9
2026-02-23,Denver,Collateral,3,2.0
2026-02-24,Denver,Collateral,2,2.0
2026-02-25,Denver,Collateral,2,2.1
2026-02-26,Denver,Collateral,1,2.0
2026-02-27,Denver,Collateral,1,1.7
2026-03-01,Denver,Collateral,1,1.6
2026-03-03,Denver,Collateral,1,1.6
2026-03-04,Denver,Collateral,1,1.3
2026-03-06,Denver,Collateral,2,1.3
2026-03-08,Denver,Collateral,6,1.9
2026-03-09,Denver,Collateral,1,1.9
2026-03-10,Denver,Collateral,6,2.6
2025-08-08,Denver,Targeted,9,9.0
2025-08-09,Denver,Targeted,11,10.0
2025-08-10,Denver,Targeted,9,9.7
2025-08-11,Denver,Targeted,10,9.8
2025-08-12,Denver,Targeted,20,11.8
2025-08-13,Denver,Targeted,15,12.3
2025-08-14,Denver,Targeted,10,12.0
2025-08-15,Denver,Targeted,2,11.0
2025-08-16,Denver,Targeted,6,10.3
2025-08-17,Denver,Targeted,11,10.6
2025-08-18,Denver,Targeted,16,11.4
2025-08-19,Denver,Targeted,31,13.0
2025-08-20,Denver,Targeted,14,12.9
2025-08-21,Denver,Targeted,9,12.7
2025-08-22,Denver,Targeted,9,13.7
2025-08-23,Denver,Targeted,5,13.6
2025-08-24,Denver,Targeted,2,12.3
2025-08-25,Denver,Targeted,9,11.3
2025-08-26,Denver,Targeted,16,9.1
2025-08-27,Denver,Targeted,18,9.7
2025-08-28,Denver,Targeted,18,11.0
2025-08-29,Denver,Targeted,6,10.6
2025-08-30,Denver,Targeted,14,11.9
2025-08-31,Denver,Targeted,5,12.3
2025-09-01,Denver,Targeted,6,11.9
2025-09-02,Denver,Targeted,20,12.4
2025-09-03,Denver,Targeted,9,11.1
2025-09-04,Denver,Targeted,14,10.6
2025-09-05,Denver,Targeted,10,11.1
2025-09-06,Denver,Targeted,12,10.9
2025-09-07,Denver,Targeted,5,10.9
2025-09-08,Denver,Targeted,21,13.0
2025-09-09,Denver,Targeted,20,13.0
2025-09-10,Denver,Targeted,23,15.0
2025-09-11,Denver,Targeted,22,16.1
2025-09-12,Denver,Targeted,13,16.6
2025-09-13,Denver,Targeted,10,16.3
2025-09-14,Denver,Targeted,6,16.4
2025-09-15,Denver,Targeted,16,15.7
2025-09-16,Denver,Targeted,14,14.9
2025-09-17,Denver,Targeted,16,13.9
2025-09-18,Denver,Targeted,14,12.7
2025-09-19,Denver,Targeted,16,13.1
2025-09-20,Denver,Targeted,7,12.7
2025-09-21,Denver,Targeted,9,13.1
2025-09-22,Denver,Targeted,17,13.3
2025-09-23,Denver,Targeted,17,13.7
2025-09-24,Denver,Targeted,14,13.4
2025-09-25,Denver,Targeted,17,13.9
2025-09-26,Denver,Targeted,9,12.9
2025-09-27,Denver,Targeted,4,12.4
2025-09-28,Denver,Targeted,2,11.4
2025-09-29,Denver,Targeted,11,10.6
2025-09-30,Denver,Targeted,19,10.9
2025-10-01,Denver,Targeted,19,11.6
2025-10-02,Denver,Targeted,14,11.1
2025-10-03,Denver,Targeted,14,11.9
2025-10-04,Denver,Targeted,3,11.7
2025-10-05,Denver,Targeted,9,12.7
2025-10-06,Denver,Targeted,17,13.6
2025-10-07,Denver,Targeted,22,14.0
2025-10-08,Denver,Targeted,19,14.0
2025-10-09,Denver,Targeted,16,14.3
2025-10-10,Denver,Targeted,11,13.9
2025-10-11,Denver,Targeted,8,14.6
2025-10-12,Denver,Targeted,7,14.3
2025-10-13,Denver,Targeted,7,12.9
2025-10-14,Denver,Targeted,13,11.6
2025-10-15,Denver,Targeted,15,11.0
2025-10-16,Denver,Targeted,8,9.9
2025-10-17,Denver,Targeted,6,9.1
2025-10-18,Denver,Targeted,3,8.4
2025-10-19,Denver,Targeted,8,8.6
2025-10-20,Denver,Targeted,6,8.4
2025-10-21,Denver,Targeted,22,9.7
2025-10-22,Denver,Targeted,13,9.4
2025-10-23,Denver,Targeted,22,11.4
2025-10-24,Denver,Targeted,22,13.7
2025-10-25,Denver,Targeted,22,16.4
2025-10-26,Denver,Targeted,8,16.4
2025-10-27,Denver,Targeted,14,17.6
2025-10-28,Denver,Targeted,13,16.3
2025-10-29,Denver,Targeted,12,16.1
2025-10-30,Denver,Targeted,11,14.6
2025-10-31,Denver,Targeted,7,12.4
2025-11-01,Denver,Targeted,14,11.3
2025-11-02,Denver,Targeted,5,10.9
2025-11-03,Denver,Targeted,13,10.7
2025-11-04,Denver,Targeted,15,11.0
2025-11-05,Denver,Targeted,29,13.4
2025-11-06,Denver,Targeted,15,14.0
2025-11-07,Denver,Targeted,14,15.0
2025-11-08,Denver,Targeted,8,14.1
2025-11-09,Denver,Targeted,10,14.9
2025-11-10,Denver,Targeted,23,16.3
2025-11-11,Denver,Targeted,8,15.3
2025-11-12,Denver,Targeted,21,14.1
2025-11-13,Denver,Targeted,14,14.0
2025-11-14,Denver,Targeted,20,14.9
2025-11-15,Denver,Targeted,16,16.0
2025-11-16,Denver,Targeted,12,16.3
2025-11-17,Denver,Targeted,12,14.7
2025-11-18,Denver,Targeted,11,15.1
2025-11-19,Denver,Targeted,18,14.7
2025-11-20,Denver,Targeted,22,15.9
2025-11-21,Denver,Targeted,12,14.7
2025-11-22,Denver,Targeted,12,14.1
2025-11-23,Denver,Targeted,11,14.0
2025-11-24,Denver,Targeted,13,14.1
2025-11-25,Denver,Targeted,14,14.6
2025-11-26,Denver,Targeted,9,13.3
2025-11-27,Denver,Targeted,10,11.6
2025-11-28,Denver,Targeted,14,11.9
2025-11-29,Denver,Targeted,9,11.4
2025-11-30,Denver,Targeted,6,10.7
2025-12-01,Denver,Targeted,17,11.3
2025-12-02,Denver,Targeted,13,11.1
2025-12-03,Denver,Targeted,23,13.1
2025-12-04,Denver,Targeted,17,14.1
2025-12-05,Denver,Targeted,20,15.0
2025-12-06,Denver,Targeted,13,15.6
2025-12-07,Denver,Targeted,8,15.9
2025-12-08,Denver,Targeted,17,15.9
2025-12-09,Denver,Targeted,17,16.4
2025-12-10,Denver,Targeted,19,15.9
2025-12-11,Denver,Targeted,38,18.9
2025-12-12,Denver,Targeted,40,21.7
2025-12-13,Denver,Targeted,22,23.0
2025-12-14,Denver,Targeted,13,23.7
2025-12-15,Denver,Targeted,12,23.0
2025-12-16,Denver,Targeted,8,21.7
2025-12-17,Denver,Targeted,9,20.3
2025-12-18,Denver,Targeted,18,17.4
2025-12-19,Denver,Targeted,11,13.3
2025-12-20,Denver,Targeted,9,11.4
2025-12-21,Denver,Targeted,9,10.9
2025-12-22,Denver,Targeted,14,11.1
2025-12-23,Denver,Targeted,21,13.0
2025-12-24,Denver,Targeted,11,13.3
2025-12-25,Denver,Targeted,1,10.9
2025-12-26,Denver,Targeted,13,11.1
2025-12-27,Denver,Targeted,7,10.9
2025-12-28,Denver,Targeted,8,10.7
2025-12-29,Denver,Targeted,18,11.3
2025-12-30,Denver,Targeted,15,10.4
2025-12-31,Denver,Targeted,14,10.9
2026-01-01,Denver,Targeted,8,11.9
2026-01-02,Denver,Targeted,15,12.1
2026-01-03,Denver,Targeted,6,12.0
2026-01-04,Denver,Targeted,4,11.4
2026-01-05,Denver,Targeted,9,10.1
2026-01-06,Denver,Targeted,16,10.3
2026-01-07,Denver,Targeted,17,10.7
2026-01-08,Denver,Targeted,7,10.6
2026-01-09,Denver,Targeted,11,10.0
2026-01-10,Denver,Targeted,8,10.3
2026-01-11,Denver,Targeted,9,11.0
2026-01-12,Denver,Targeted,18,12.3
2026-01-13,Denver,Targeted,19,12.7
2026-01-14,Denver,Targeted,15,12.4
2026-01-15,Denver,Targeted,18,14.0
2026-01-16,Denver,Targeted,16,14.7
2026-01-17,Denver,Targeted,20,16.4
2026-01-18,Denver,Targeted,13,17.0
2026-01-19,Denver,Targeted,18,17.0
2026-01-20,Denver,Targeted,12,16.0
2026-01-21,Denver,Targeted,30,18.1
2026-01-22,Denver,Targeted,16,17.9
2026-01-23,Denver,Targeted,14,17.6
2026-01-24,Denver,Targeted,10,16.1
2026-01-25,Denver,Targeted,6,15.1
2026-01-26,Denver,Targeted,21,15.6
2026-01-27,Denver,Targeted,18,16.4
2026-01-28,Denver,Targeted,18,14.7
2026-01-29,Denver,Targeted,6,13.3
2026-01-30,Denver,Targeted,18,13.9
2026-01-31,Denver,Targeted,9,13.7
2026-02-01,Denver,Targeted,10,14.3
2026-02-02,Denver,Targeted,22,14.4
2026-02-03,Denver,Targeted,17,14.3
2026-02-04,Denver,Targeted,20,14.6
2026-02-05,Denver,Targeted,16,16.0
2026-02-06,Denver,Targeted,11,15.0
2026-02-07,Denver,Targeted,14,15.7
2026-02-08,Denver,Targeted,4,14.9
2026-02-09,Denver,Targeted,12,13.4
2026-02-10,Denver,Targeted,11,12.6
2026-02-11,Denver,Targeted,10,11.1
2026-02-12,Denver,Targeted,12,10.6
2026-02-13,Denver,Targeted,10,10.4
2026-02-14,Denver,Targeted,8,9.6
2026-02-15,Denver,Targeted,10,10.4
2026-02-16,Denver,Targeted,12,10.4
2026-02-17,Denver,Targeted,16,11.1
2026-02-18,Denver,Targeted,7,10.7
2026-02-19,Denver,Targeted,18,11.6
2026-02-20,Denver,Targeted,18,12.7
2026-02-21,Denver,Targeted,10,13.0
2026-02-22,Denver,Targeted,8,12.7
2026-02-23,Denver,Targeted,35,16.0
2026-02-24,Denver,Targeted,20,16.6
2026-02-25,Denver,Targeted,24,19.0
2026-02-26,Denver,Targeted,9,17.7
2026-02-27,Denver,Targeted,10,16.6
2026-02-28,Denver,Targeted,7,16.1
2026-03-01,Denver,Targeted,4,15.6
2026-03-02,Denver,Targeted,13,12.4
2026-03-03,Denver,Targeted,15,11.7
2026-03-04,Denver,Targeted,14,10.3
2026-03-05,Denver,Targeted,13,10.9
2026-03-06,Denver,Targeted,10,10.9
2026-03-07,Denver,Targeted,5,10.6
2026-03-08,Denver,Targeted,7,11.0
2026-03-09,Denver,Targeted,15,11.3
2026-03-10,Denver,Targeted,17,11.6
2025-08-31,Denver,Unknown,1,1.0
2025-08-08,Detroit,Collateral,7,7.0
2025-08-09,Detroit,Collateral,1,4.0
2025-08-11,Detroit,Collateral,5,4.3
2025-08-12,Detroit,Collateral,4,4.2
2025-08-13,Detroit,Collateral,3,4.0
2025-08-14,Detroit,Collateral,5,4.2
2025-08-15,Detroit,Collateral,3,4.0
2025-08-16,Detroit,Collateral,4,3.6
2025-08-17,Detroit,Collateral,7,4.4
2025-08-18,Detroit,Collateral,8,4.9
2025-08-19,Detroit,Collateral,4,4.9
2025-08-20,Detroit,Collateral,10,5.9
2025-08-21,Detroit,Collateral,7,6.1
2025-08-22,Detroit,Collateral,4,6.3
2025-08-23,Detroit,Collateral,2,6.0
2025-08-25,Detroit,Collateral,5,5.7
2025-08-26,Detroit,Collateral,4,5.1
2025-08-27,Detroit,Collateral,7,5.6
2025-08-28,Detroit,Collateral,1,4.3
2025-08-29,Detroit,Collateral,2,3.6
2025-08-30,Detroit,Collateral,1,3.1
2025-08-31,Detroit,Collateral,2,3.1
2025-09-01,Detroit,Collateral,4,3.0
2025-09-02,Detroit,Collateral,7,3.4
2025-09-03,Detroit,Collateral,7,3.4
2025-09-04,Detroit,Collateral,5,4.0
2025-09-05,Detroit,Collateral,7,4.7
2025-09-06,Detroit,Collateral,1,4.7
2025-09-07,Detroit,Collateral,2,4.7
2025-09-08,Detroit,Collateral,5,4.9
2025-09-09,Detroit,Collateral,15,6.0
2025-09-10,Detroit,Collateral,5,5.7
2025-09-11,Detroit,Collateral,2,5.3
2025-09-12,Detroit,Collateral,2,4.6
2025-09-13,Detroit,Collateral,6,5.3
2025-09-14,Detroit,Collateral,1,5.1
2025-09-15,Detroit,Collateral,13,6.3
2025-09-16,Detroit,Collateral,11,5.7
2025-09-17,Detroit,Collateral,12,6.7
2025-09-18,Detroit,Collateral,15,8.6
2025-09-19,Detroit,Collateral,13,10.1
2025-09-20,Detroit,Collateral,2,9.6
2025-09-21,Detroit,Collateral,1,9.6
2025-09-22,Detroit,Collateral,4,8.3
2025-09-23,Detroit,Collateral,6,7.6
2025-09-24,Detroit,Collateral,3,6.3
2025-09-25,Detroit,Collateral,7,5.1
2025-09-26,Detroit,Collateral,8,4.4
2025-09-27,Detroit,Collateral,1,4.3
2025-09-28,Detroit,Collateral,1,4.3
2025-09-29,Detroit,Collateral,19,6.4
2025-09-30,Detroit,Collateral,6,6.4
2025-10-01,Detroit,Collateral,15,8.1
2025-10-02,Detroit,Collateral,10,8.6
2025-10-03,Detroit,Collateral,10,8.9
2025-10-04,Detroit,Collateral,5,9.4
2025-10-05,Detroit,Collateral,2,9.6
2025-10-06,Detroit,Collateral,6,7.7
2025-10-07,Detroit,Collateral,11,8.4
2025-10-08,Detroit,Collateral,10,7.7
2025-10-09,Detroit,Collateral,7,7.3
2025-10-10,Detroit,Collateral,7,6.9
2025-10-11,Detroit,Collateral,4,6.7
2025-10-13,Detroit,Collateral,4,7.0
2025-10-14,Detroit,Collateral,12,7.9
2025-10-15,Detroit,Collateral,11,7.9
2025-10-16,Detroit,Collateral,8,7.6
2025-10-17,Detroit,Collateral,6,7.4
2025-10-18,Detroit,Collateral,3,6.9
2025-10-20,Detroit,Collateral,5,7.0
2025-10-21,Detroit,Collateral,14,8.4
2025-10-22,Detroit,Collateral,4,7.3
2025-10-23,Detroit,Collateral,1,5.9
2025-10-24,Detroit,Collateral,11,6.3
2025-10-25,Detroit,Collateral,11,7.0
2025-10-26,Detroit,Collateral,3,7.0
2025-10-27,Detroit,Collateral,5,7.0
2025-10-28,Detroit,Collateral,5,5.7
2025-10-29,Detroit,Collateral,13,7.0
2025-10-30,Detroit,Collateral,8,8.0
2025-10-31,Detroit,Collateral,8,7.6
2025-11-01,Detroit,Collateral,11,7.6
2025-11-02,Detroit,Collateral,9,8.4
2025-11-03,Detroit,Collateral,6,8.6
2025-11-04,Detroit,Collateral,17,10.3
2025-11-05,Detroit,Collateral,8,9.6
2025-11-06,Detroit,Collateral,5,9.1
2025-11-07,Detroit,Collateral,4,8.6
2025-11-08,Detroit,Collateral,4,7.6
2025-11-09,Detroit,Collateral,2,6.6
2025-11-10,Detroit,Collateral,3,6.1
2025-11-11,Detroit,Collateral,4,4.3
2025-11-12,Detroit,Collateral,9,4.4
2025-11-13,Detroit,Collateral,11,5.3
2025-11-14,Detroit,Collateral,8,5.9
2025-11-15,Detroit,Collateral,8,6.4
2025-11-16,Detroit,Collateral,3,6.6
2025-11-17,Detroit,Collateral,7,7.1
2025-11-18,Detroit,Collateral,8,7.7
2025-11-19,Detroit,Collateral,12,8.1
2025-11-20,Detroit,Collateral,11,8.1
2025-11-21,Detroit,Collateral,10,8.4
2025-11-22,Detroit,Collateral,7,8.3
2025-11-23,Detroit,Collateral,3,8.3
2025-11-24,Detroit,Collateral,9,8.6
2025-11-25,Detroit,Collateral,3,7.9
2025-11-26,Detroit,Collateral,6,7.0
2025-11-27,Detroit,Collateral,3,5.9
2025-11-28,Detroit,Collateral,4,5.0
2025-11-29,Detroit,Collateral,2,4.3
2025-11-30,Detroit,Collateral,2,4.1
2025-12-01,Detroit,Collateral,3,3.3
2025-12-02,Detroit,Collateral,5,3.6
2025-12-03,Detroit,Collateral,17,5.1
2025-12-04,Detroit,Collateral,6,5.6
2025-12-05,Detroit,Collateral,3,5.4
2025-12-06,Detroit,Collateral,6,6.0
2025-12-07,Detroit,Collateral,5,6.4
2025-12-08,Detroit,Collateral,5,6.7
2025-12-09,Detroit,Collateral,8,7.1
2025-12-10,Detroit,Collateral,6,5.6
2025-12-11,Detroit,Collateral,13,6.6
2025-12-12,Detroit,Collateral,12,7.9
2025-12-13,Detroit,Collateral,6,7.9
2025-12-14,Detroit,Collateral,3,7.6
2025-12-15,Detroit,Collateral,7,7.9
2025-12-16,Detroit,Collateral,6,7.6
2025-12-17,Detroit,Collateral,16,9.0
2025-12-18,Detroit,Collateral,22,10.3
2025-12-19,Detroit,Collateral,21,11.6
2025-12-20,Detroit,Collateral,11,12.3
2025-12-21,Detroit,Collateral,3,12.3
2025-12-22,Detroit,Collateral,2,11.6
2025-12-23,Detroit,Collateral,4,11.3
2025-12-24,Detroit,Collateral,5,9.7
2025-12-25,Detroit,Collateral,1,6.7
2025-12-26,Detroit,Collateral,8,4.9
2025-12-27,Detroit,Collateral,9,4.6
2025-12-28,Detroit,Collateral,1,4.3
2025-12-29,Detroit,Collateral,6,4.9
2025-12-30,Detroit,Collateral,10,5.7
2025-12-31,Detroit,Collateral,6,5.9
2026-01-01,Detroit,Collateral,1,5.9
2026-01-02,Detroit,Collateral,7,5.7
2026-01-03,Detroit,Collateral,5,5.1
2026-01-04,Detroit,Collateral,2,5.3
2026-01-05,Detroit,Collateral,6,5.3
2026-01-06,Detroit,Collateral,4,4.4
2026-01-07,Detroit,Collateral,8,4.7
2026-01-08,Detroit,Collateral,5,5.3
2026-01-09,Detroit,Collateral,6,5.1
2026-01-10,Detroit,Collateral,10,5.9
2026-01-11,Detroit,Collateral,5,6.3
2026-01-12,Detroit,Collateral,3,5.9
2026-01-13,Detroit,Collateral,7,6.3
2026-01-14,Detroit,Collateral,2,5.4
2026-01-15,Detroit,Collateral,4,5.3
2026-01-16,Detroit,Collateral,8,5.6
2026-01-17,Detroit,Collateral,5,4.9
2026-01-18,Detroit,Collateral,5,4.9
2026-01-19,Detroit,Collateral,4,5.0
2026-01-20,Detroit,Collateral,4,4.6
2026-01-21,Detroit,Collateral,8,5.4
2026-01-22,Detroit,Collateral,11,6.4
2026-01-23,Detroit,Collateral,8,6.4
2026-01-24,Detroit,Collateral,7,6.7
2026-01-27,Detroit,Collateral,5,6.7
2026-01-28,Detroit,Collateral,10,7.6
2026-01-29,Detroit,Collateral,1,7.1
2026-01-30,Detroit,Collateral,5,6.7
2026-01-31,Detroit,Collateral,3,5.6
2026-02-01,Detroit,Collateral,3,4.9
2026-02-02,Detroit,Collateral,6,4.7
2026-02-03,Detroit,Collateral,2,4.3
2026-02-04,Detroit,Collateral,6,3.7
2026-02-05,Detroit,Collateral,11,5.1
2026-02-06,Detroit,Collateral,1,4.6
2026-02-07,Detroit,Collateral,8,5.3
2026-02-08,Detroit,Collateral,7,5.9
2026-02-09,Detroit,Collateral,4,5.6
2026-02-10,Detroit,Collateral,12,7.0
2026-02-11,Detroit,Collateral,1,6.3
2026-02-12,Detroit,Collateral,3,5.1
2026-02-13,Detroit,Collateral,2,5.3
2026-02-14,Detroit,Collateral,11,5.7
2026-02-15,Detroit,Collateral,1,4.9
2026-02-16,Detroit,Collateral,6,5.1
2026-02-17,Detroit,Collateral,6,4.3
2026-02-18,Detroit,Collateral,3,4.6
2026-02-19,Detroit,Collateral,8,5.3
2026-02-20,Detroit,Collateral,8,6.1
2026-02-21,Detroit,Collateral,5,5.3
2026-02-22,Detroit,Collateral,5,5.9
2026-02-23,Detroit,Collateral,4,5.6
2026-02-24,Detroit,Collateral,4,5.3
2026-02-25,Detroit,Collateral,6,5.7
2026-02-26,Detroit,Collateral,7,5.6
2026-02-28,Detroit,Collateral,6,5.3
2026-03-01,Detroit,Collateral,1,4.7
2026-03-02,Detroit,Collateral,6,4.9
2026-03-03,Detroit,Collateral,4,4.9
2026-03-04,Detroit,Collateral,2,4.6
2026-03-05,Detroit,Collateral,5,4.4
2026-03-06,Detroit,Collateral,5,4.1
2026-03-07,Detroit,Collateral,3,3.7
2026-03-09,Detroit,Collateral,3,4.0
2026-03-10,Detroit,Collateral,3,3.6
2025-08-08,Detroit,Targeted,10,10.0
2025-08-09,Detroit,Targeted,14,12.0
2025-08-10,Detroit,Targeted,14,12.7
2025-08-11,Detroit,Targeted,15,13.2
2025-08-12,Detroit,Targeted,31,16.8
2025-08-13,Detroit,Targeted,20,17.3
2025-08-14,Detroit,Targeted,16,17.1
2025-08-15,Detroit,Targeted,10,17.1
2025-08-16,Detroit,Targeted,5,15.9
2025-08-17,Detroit,Targeted,8,15.0
2025-08-18,Detroit,Targeted,14,14.9
2025-08-19,Detroit,Targeted,29,14.6
2025-08-20,Detroit,Targeted,29,15.9
2025-08-21,Detroit,Targeted,25,17.1
2025-08-22,Detroit,Targeted,11,17.3
2025-08-23,Detroit,Targeted,8,17.7
2025-08-24,Detroit,Targeted,2,16.9
2025-08-25,Detroit,Targeted,14,16.9
2025-08-26,Detroit,Targeted,31,17.1
2025-08-27,Detroit,Targeted,20,15.9
2025-08-28,Detroit,Targeted,19,15.0
2025-08-29,Detroit,Targeted,12,15.1
2025-08-30,Detroit,Targeted,11,15.6
2025-08-31,Detroit,Targeted,10,16.7
2025-09-01,Detroit,Targeted,13,16.6
2025-09-02,Detroit,Targeted,11,13.7
2025-09-03,Detroit,Targeted,30,15.1
2025-09-04,Detroit,Targeted,24,15.9
2025-09-05,Detroit,Targeted,21,17.1
2025-09-06,Detroit,Targeted,12,17.3
2025-09-07,Detroit,Targeted,14,17.9
2025-09-08,Detroit,Targeted,16,18.3
2025-09-09,Detroit,Targeted,23,20.0
2025-09-10,Detroit,Targeted,19,18.4
2025-09-11,Detroit,Targeted,13,16.9
2025-09-12,Detroit,Targeted,13,15.7
2025-09-13,Detroit,Targeted,13,15.9
2025-09-14,Detroit,Targeted,9,15.1
2025-09-15,Detroit,Targeted,10,14.3
2025-09-16,Detroit,Targeted,12,12.7
2025-09-17,Detroit,Targeted,22,13.1
2025-09-18,Detroit,Targeted,20,14.1
2025-09-19,Detroit,Targeted,16,14.6
2025-09-20,Detroit,Targeted,9,14.0
2025-09-21,Detroit,Targeted,9,14.0
2025-09-22,Detroit,Targeted,21,15.6
2025-09-23,Detroit,Targeted,31,18.3
2025-09-24,Detroit,Targeted,21,18.1
2025-09-25,Detroit,Targeted,33,20.0
2025-09-26,Detroit,Targeted,18,20.3
2025-09-27,Detroit,Targeted,14,21.0
2025-09-28,Detroit,Targeted,4,20.3
2025-09-29,Detroit,Targeted,19,20.0
2025-09-30,Detroit,Targeted,19,18.3
2025-10-01,Detroit,Targeted,36,20.4
2025-10-02,Detroit,Targeted,22,18.9
2025-10-03,Detroit,Targeted,20,19.1
2025-10-04,Detroit,Targeted,7,18.1
2025-10-05,Detroit,Targeted,21,20.6
2025-10-06,Detroit,Targeted,20,20.7
2025-10-07,Detroit,Targeted,29,22.1
2025-10-08,Detroit,Targeted,38,22.4
2025-10-09,Detroit,Targeted,23,22.6
2025-10-10,Detroit,Targeted,14,21.7
2025-10-11,Detroit,Targeted,9,22.0
2025-10-12,Detroit,Targeted,10,20.4
2025-10-13,Detroit,Targeted,9,18.9
2025-10-14,Detroit,Targeted,25,18.3
2025-10-15,Detroit,Targeted,24,16.3
2025-10-16,Detroit,Targeted,33,17.7
2025-10-17,Detroit,Targeted,26,19.4
2025-10-18,Detroit,Targeted,10,19.6
2025-10-19,Detroit,Targeted,8,19.3
2025-10-20,Detroit,Targeted,11,19.6
2025-10-21,Detroit,Targeted,27,19.9
2025-10-22,Detroit,Targeted,32,21.0
2025-10-23,Detroit,Targeted,23,19.6
2025-10-24,Detroit,Targeted,18,18.4
2025-10-25,Detroit,Targeted,8,18.1
2025-10-26,Detroit,Targeted,7,18.0
2025-10-27,Detroit,Targeted,18,19.0
2025-10-28,Detroit,Targeted,41,21.0
2025-10-29,Detroit,Targeted,31,20.9
2025-10-30,Detroit,Targeted,20,20.4
2025-10-31,Detroit,Targeted,16,20.1
2025-11-01,Detroit,Targeted,13,20.9
2025-11-02,Detroit,Targeted,10,21.3
2025-11-03,Detroit,Targeted,26,22.4
2025-11-04,Detroit,Targeted,34,21.4
2025-11-05,Detroit,Targeted,29,21.1
2025-11-06,Detroit,Targeted,36,23.4
2025-11-07,Detroit,Targeted,18,23.7
2025-11-08,Detroit,Targeted,9,23.1
2025-11-09,Detroit,Targeted,4,22.3
2025-11-10,Detroit,Targeted,21,21.6
2025-11-11,Detroit,Targeted,24,20.1
2025-11-12,Detroit,Targeted,32,20.6
2025-11-13,Detroit,Targeted,36,20.6
2025-11-14,Detroit,Targeted,18,20.6
2025-11-15,Detroit,Targeted,10,20.7
2025-11-16,Detroit,Targeted,11,21.7
2025-11-17,Detroit,Targeted,16,21.0
2025-11-18,Detroit,Targeted,35,22.6
2025-11-19,Detroit,Targeted,36,23.1
2025-11-20,Detroit,Targeted,32,22.6
2025-11-21,Detroit,Targeted,26,23.7
2025-11-22,Detroit,Targeted,9,23.6
2025-11-23,Detroit,Targeted,10,23.4
2025-11-24,Detroit,Targeted,23,24.4
2025-11-25,Detroit,Targeted,22,22.6
2025-11-26,Detroit,Targeted,26,21.1
2025-11-27,Detroit,Targeted,18,19.1
2025-11-28,Detroit,Targeted,12,17.1
2025-11-29,Detroit,Targeted,10,17.3
2025-11-30,Detroit,Targeted,9,17.1
2025-12-01,Detroit,Targeted,18,16.4
2025-12-02,Detroit,Targeted,11,14.9
2025-12-03,Detroit,Targeted,26,14.9
2025-12-04,Detroit,Targeted,35,17.3
2025-12-05,Detroit,Targeted,21,18.6
2025-12-06,Detroit,Targeted,14,19.1
2025-12-07,Detroit,Targeted,9,19.1
2025-12-08,Detroit,Targeted,31,21.0
2025-12-09,Detroit,Targeted,32,24.0
2025-12-10,Detroit,Targeted,32,24.9
2025-12-11,Detroit,Targeted,45,26.3
2025-12-12,Detroit,Targeted,26,27.0
2025-12-13,Detroit,Targeted,18,27.6
2025-12-14,Detroit,Targeted,8,27.4
2025-12-15,Detroit,Targeted,28,27.0
2025-12-16,Detroit,Targeted,27,26.3
2025-12-17,Detroit,Targeted,52,29.1
2025-12-18,Detroit,Targeted,60,31.3
2025-12-19,Detroit,Targeted,67,37.1
2025-12-20,Detroit,Targeted,32,39.1
2025-12-21,Detroit,Targeted,17,40.4
2025-12-22,Detroit,Targeted,12,38.1
2025-12-23,Detroit,Targeted,26,38.0
2025-12-24,Detroit,Targeted,8,31.7
2025-12-25,Detroit,Targeted,6,24.0
2025-12-26,Detroit,Targeted,12,16.1
2025-12-27,Detroit,Targeted,12,13.3
2025-12-28,Detroit,Targeted,6,11.7
2025-12-29,Detroit,Targeted,11,11.6
2025-12-30,Detroit,Targeted,23,11.1
2025-12-31,Detroit,Targeted,19,12.7
2026-01-01,Detroit,Targeted,17,14.3
2026-01-02,Detroit,Targeted,13,14.4
2026-01-03,Detroit,Targeted,15,14.9
2026-01-04,Detroit,Targeted,8,15.1
2026-01-05,Detroit,Targeted,20,16.4
2026-01-06,Detroit,Targeted,29,17.3
2026-01-07,Detroit,Targeted,48,21.4
2026-01-08,Detroit,Targeted,50,26.1
2026-01-09,Detroit,Targeted,21,27.3
2026-01-10,Detroit,Targeted,20,28.0
2026-01-11,Detroit,Targeted,20,29.7
2026-01-12,Detroit,Targeted,24,30.3
2026-01-13,Detroit,Targeted,40,31.9
2026-01-14,Detroit,Targeted,40,30.7
2026-01-15,Detroit,Targeted,32,28.1
2026-01-16,Detroit,Targeted,27,29.0
2026-01-17,Detroit,Targeted,14,28.1
2026-01-18,Detroit,Targeted,14,27.3
2026-01-19,Detroit,Targeted,13,25.7
2026-01-20,Detroit,Targeted,30,24.3
2026-01-21,Detroit,Targeted,41,24.4
2026-01-22,Detroit,Targeted,38,25.3
2026-01-23,Detroit,Targeted,28,25.4
2026-01-24,Detroit,Targeted,19,26.1
2026-01-25,Detroit,Targeted,9,25.4
2026-01-26,Detroit,Targeted,15,25.7
2026-01-27,Detroit,Targeted,29,25.6
2026-01-28,Detroit,Targeted,41,25.6
2026-01-29,Detroit,Targeted,36,25.3
2026-01-30,Detroit,Targeted,20,24.1
2026-01-31,Detroit,Targeted,20,24.3
2026-02-01,Detroit,Targeted,22,26.1
2026-02-02,Detroit,Targeted,24,27.4
2026-02-03,Detroit,Targeted,19,26.0
2026-02-04,Detroit,Targeted,36,25.3
2026-02-05,Detroit,Targeted,33,24.9
2026-02-06,Detroit,Targeted,26,25.7
2026-02-07,Detroit,Targeted,19,25.6
2026-02-08,Detroit,Targeted,13,24.3
2026-02-09,Detroit,Targeted,19,23.6
2026-02-10,Detroit,Targeted,26,24.6
2026-02-11,Detroit,Targeted,30,23.7
2026-02-12,Detroit,Targeted,34,23.9
2026-02-13,Detroit,Targeted,25,23.7
2026-02-14,Detroit,Targeted,20,23.9
2026-02-15,Detroit,Targeted,18,24.6
2026-02-16,Detroit,Targeted,19,24.6
2026-02-17,Detroit,Targeted,30,25.1
2026-02-18,Detroit,Targeted,30,25.1
2026-02-19,Detroit,Targeted,42,26.3
2026-02-20,Detroit,Targeted,25,26.3
2026-02-21,Detroit,Targeted,20,26.3
2026-02-22,Detroit,Targeted,21,26.7
2026-02-23,Detroit,Targeted,22,27.1
2026-02-24,Detroit,Targeted,35,27.9
2026-02-25,Detroit,Targeted,23,26.9
2026-02-26,Detroit,Targeted,39,26.4
2026-02-27,Detroit,Targeted,24,26.3
2026-02-28,Detroit,Targeted,19,26.1
2026-03-01,Detroit,Targeted,27,27.0
2026-03-02,Detroit,Targeted,20,26.7
2026-03-03,Detroit,Targeted,37,27.0
2026-03-04,Detroit,Targeted,27,27.6
2026-03-05,Detroit,Targeted,27,25.9
2026-03-06,Detroit,Targeted,29,26.6
2026-03-07,Detroit,Targeted,21,26.9
2026-03-08,Detroit,Targeted,13,24.9
2026-03-09,Detroit,Targeted,20,24.9
2026-03-10,Detroit,Targeted,31,24.0
2025-10-08,Detroit,Unknown,1,1.0
2025-10-20,Detroit,Unknown,1,1.0
2025-10-25,Detroit,Unknown,1,1.0
2025-10-27,Detroit,Unknown,1,1.0
2025-11-02,Detroit,Unknown,1,1.0
2025-11-05,Detroit,Unknown,1,1.0
2025-11-11,Detroit,Unknown,1,1.0
2025-11-13,Detroit,Unknown,1,1.0
2025-11-14,Detroit,Unknown,1,1.0
2025-11-18,Detroit,Unknown,1,1.0
2025-11-22,Detroit,Unknown,1,1.0
2025-11-25,Detroit,Unknown,1,1.0
2025-12-06,Detroit,Unknown,1,1.0
2025-12-07,Detroit,Unknown,1,1.0
2025-12-09,Detroit,Unknown,1,1.0
2025-12-20,Detroit,Unknown,1,1.0
2025-12-24,Detroit,Unknown,1,1.0
2026-01-03,Detroit,Unknown,1,1.0
2026-01-05,Detroit,Unknown,6,1.7
2026-01-06,Detroit,Unknown,2,1.9
2026-01-07,Detroit,Unknown,2,2.0
2026-01-08,Detroit,Unknown,1,2.0
2026-01-09,Detroit,Unknown,4,2.4
2026-01-10,Detroit,Unknown,1,2.4
2026-01-11,Detroit,Unknown,1,2.4
2026-01-12,Detroit,Unknown,1,1.7
2026-01-13,Detroit,Unknown,5,2.1
2026-01-15,Detroit,Unknown,1,2.0
2026-01-16,Detroit,Unknown,1,2.0
2026-01-18,Detroit,Unknown,3,1.9
2026-01-19,Detroit,Unknown,1,1.9
2026-01-20,Detroit,Unknown,2,2.0
2026-01-21,Detroit,Unknown,1,2.0
2026-01-23,Detroit,Unknown,2,1.6
2026-01-25,Detroit,Unknown,1,1.6
2026-01-26,Detroit,Unknown,2,1.7
2026-01-28,Detroit,Unknown,1,1.4
2026-02-02,Detroit,Unknown,3,1.7
2026-02-03,Detroit,Unknown,3,1.9
2026-02-04,Detroit,Unknown,3,2.1
2026-02-05,Detroit,Unknown,1,2.0
2026-02-07,Detroit,Unknown,1,2.0
2026-02-08,Detroit,Unknown,1,1.9
2026-02-09,Detroit,Unknown,3,2.1
2026-02-10,Detroit,Unknown,3,2.1
2026-02-11,Detroit,Unknown,2,2.0
2026-02-13,Detroit,Unknown,2,1.9
2026-02-15,Detroit,Unknown,5,2.4
2026-02-18,Detroit,Unknown,2,2.6
2026-02-19,Detroit,Unknown,7,3.4
2026-02-21,Detroit,Unknown,4,3.6
2026-02-24,Detroit,Unknown,2,3.4
2026-02-25,Detroit,Unknown,1,3.3
2026-02-26,Detroit,Unknown,1,3.1
2026-02-27,Detroit,Unknown,3,2.9
2026-03-02,Detroit,Unknown,1,2.7
2026-03-03,Detroit,Unknown,1,1.9
2026-03-04,Detroit,Unknown,1,1.4
2026-03-05,Detroit,Unknown,4,1.7
2026-03-06,Detroit,Unknown,1,1.7
2025-08-08,El Paso,Collateral,13,13.0
2025-08-10,El Paso,Collateral,2,7.5
2025-08-11,El Paso,Collateral,12,9.0
2025-08-12,El Paso,Collateral,26,13.2
2025-08-13,El Paso,Collateral,12,13.0
2025-08-14,El Paso,Collateral,8,12.2
2025-08-15,El Paso,Collateral,4,11.0
2025-08-18,El Paso,Collateral,2,9.4
2025-08-19,El Paso,Collateral,2,9.4
2025-08-20,El Paso,Collateral,1,7.9
2025-08-21,El Paso,Collateral,1,4.3
2025-08-22,El Paso,Collateral,1,2.7
2025-08-25,El Paso,Collateral,2,1.9
2025-08-26,El Paso,Collateral,3,1.7
2025-08-28,El Paso,Collateral,2,1.7
2025-08-29,El Paso,Collateral,1,1.6
2025-08-31,El Paso,Collateral,11,3.0
2025-09-02,El Paso,Collateral,1,3.0
2025-09-03,El Paso,Collateral,1,3.0
2025-09-04,El Paso,Collateral,2,3.0
2025-09-05,El Paso,Collateral,1,2.7
2025-09-06,El Paso,Collateral,1,2.6
2025-09-08,El Paso,Collateral,2,2.7
2025-09-09,El Paso,Collateral,1,1.3
2025-09-10,El Paso,Collateral,1,1.3
2025-09-12,El Paso,Collateral,2,1.4
2025-09-13,El Paso,Collateral,1,1.3
2025-09-14,El Paso,Collateral,2,1.4
2025-09-15,El Paso,Collateral,5,2.0
2025-09-16,El Paso,Collateral,4,2.3
2025-09-17,El Paso,Collateral,4,2.7
2025-09-18,El Paso,Collateral,2,2.9
2025-09-19,El Paso,Collateral,2,2.9
2025-09-20,El Paso,Collateral,3,3.1
2025-09-21,El Paso,Collateral,3,3.3
2025-09-22,El Paso,Collateral,1,2.7
2025-09-23,El Paso,Collateral,4,2.7
2025-09-25,El Paso,Collateral,4,2.7
2025-09-26,El Paso,Collateral,6,3.3
2025-09-27,El Paso,Collateral,1,3.1
2025-09-29,El Paso,Collateral,1,2.9
2025-09-30,El Paso,Collateral,1,2.6
2025-10-01,El Paso,Collateral,1,2.6
2025-10-02,El Paso,Collateral,1,2.1
2025-10-06,El Paso,Collateral,2,1.9
2025-10-07,El Paso,Collateral,5,1.7
2025-10-08,El Paso,Collateral,3,2.0
2025-10-09,El Paso,Collateral,10,3.3
2025-10-10,El Paso,Collateral,2,3.4
2025-10-11,El Paso,Collateral,1,3.4
2025-10-14,El Paso,Collateral,2,3.6
2025-10-16,El Paso,Collateral,1,3.4
2025-10-17,El Paso,Collateral,8,3.9
2025-10-20,El Paso,Collateral,3,3.9
2025-10-21,El Paso,Collateral,5,3.1
2025-10-22,El Paso,Collateral,5,3.6
2025-10-23,El Paso,Collateral,1,3.6
2025-10-24,El Paso,Collateral,2,3.6
2025-10-26,El Paso,Collateral,3,3.9
2025-10-27,El Paso,Collateral,4,3.3
2025-10-28,El Paso,Collateral,2,3.1
2025-10-30,El Paso,Collateral,1,2.6
2025-10-31,El Paso,Collateral,1,2.0
2025-11-03,El Paso,Collateral,25,5.4
2025-11-04,El Paso,Collateral,1,5.3
2025-11-05,El Paso,Collateral,4,5.4
2025-11-06,El Paso,Collateral,2,5.1
2025-11-08,El Paso,Collateral,1,5.0
2025-11-09,El Paso,Collateral,7,5.9
2025-11-10,El Paso,Collateral,7,6.7
2025-11-12,El Paso,Collateral,4,3.7
2025-11-13,El Paso,Collateral,2,3.9
2025-11-15,El Paso,Collateral,1,3.4
2025-11-17,El Paso,Collateral,1,3.3
2025-11-18,El Paso,Collateral,6,4.0
2025-11-19,El Paso,Collateral,1,3.1
2025-11-20,El Paso,Collateral,2,2.4
2025-11-21,El Paso,Collateral,1,2.0
2025-11-22,El Paso,Collateral,2,2.0
2025-11-23,El Paso,Collateral,2,2.1
2025-11-24,El Paso,Collateral,2,2.3
2025-11-25,El Paso,Collateral,4,2.0
2025-11-26,El Paso,Collateral,1,2.0
2025-11-28,El Paso,Collateral,2,2.0
2025-11-29,El Paso,Collateral,1,2.0
2025-11-30,El Paso,Collateral,1,1.9
2025-12-01,El Paso,Collateral,4,2.1
2025-12-03,El Paso,Collateral,4,2.4
2025-12-04,El Paso,Collateral,5,2.6
2025-12-05,El Paso,Collateral,2,2.7
2025-12-06,El Paso,Collateral,2,2.7
2025-12-07,El Paso,Collateral,3,3.0
2025-12-08,El Paso,Collateral,4,3.4
2025-12-09,El Paso,Collateral,2,3.1
2025-12-10,El Paso,Collateral,3,3.0
2025-12-11,El Paso,Collateral,7,3.3
2025-12-12,El Paso,Collateral,1,3.1
2025-12-14,El Paso,Collateral,1,3.0
2025-12-15,El Paso,Collateral,4,3.1
2025-12-16,El Paso,Collateral,12,4.3
2025-12-17,El Paso,Collateral,5,4.7
2025-12-18,El Paso,Collateral,6,5.1
2025-12-19,El Paso,Collateral,4,4.7
2025-12-26,El Paso,Collateral,1,4.7
2025-12-30,El Paso,Collateral,1,4.7
2025-12-31,El Paso,Collateral,2,4.4
2026-01-01,El Paso,Collateral,1,2.9
2026-01-05,El Paso,Collateral,1,2.3
2026-01-06,El Paso,Collateral,4,2.0
2026-01-07,El Paso,Collateral,3,1.9
2026-01-08,El Paso,Collateral,6,2.6
2026-01-09,El Paso,Collateral,7,3.4
2026-01-10,El Paso,Collateral,7,4.1
2026-01-11,El Paso,Collateral,17,6.4
2026-01-12,El Paso,Collateral,17,8.7
2026-01-13,El Paso,Collateral,3,8.6
2026-01-14,El Paso,Collateral,10,9.6
2026-01-15,El Paso,Collateral,5,9.4
2026-01-16,El Paso,Collateral,9,9.7
2026-01-17,El Paso,Collateral,10,10.1
2026-01-18,El Paso,Collateral,7,8.7
2026-01-19,El Paso,Collateral,13,8.1
2026-01-20,El Paso,Collateral,13,9.6
2026-01-21,El Paso,Collateral,14,10.1
2026-01-22,El Paso,Collateral,13,11.3
2026-01-23,El Paso,Collateral,10,11.4
2026-01-24,El Paso,Collateral,16,12.3
2026-01-25,El Paso,Collateral,5,12.0
2026-01-26,El Paso,Collateral,6,11.0
2026-01-27,El Paso,Collateral,6,10.0
2026-01-28,El Paso,Collateral,12,9.7
2026-01-29,El Paso,Collateral,13,9.7
2026-01-30,El Paso,Collateral,7,9.3
2026-01-31,El Paso,Collateral,7,8.0
2026-02-01,El Paso,Collateral,7,8.3
2026-02-02,El Paso,Collateral,10,8.9
2026-02-03,El Paso,Collateral,5,8.7
2026-02-04,El Paso,Collateral,2,7.3
2026-02-05,El Paso,Collateral,2,5.7
2026-02-06,El Paso,Collateral,4,5.3
2026-02-07,El Paso,Collateral,2,4.6
2026-02-08,El Paso,Collateral,4,4.1
2026-02-09,El Paso,Collateral,4,3.3
2026-02-10,El Paso,Collateral,4,3.1
2026-02-11,El Paso,Collateral,3,3.3
2026-02-12,El Paso,Collateral,1,3.1
2026-02-13,El Paso,Collateral,4,3.1
2026-02-15,El Paso,Collateral,2,3.1
2026-02-18,El Paso,Collateral,3,3.0
2026-02-19,El Paso,Collateral,1,2.6
2026-02-20,El Paso,Collateral,3,2.4
2026-02-21,El Paso,Collateral,3,2.4
2026-02-22,El Paso,Collateral,2,2.6
2026-02-24,El Paso,Collateral,1,2.1
2026-02-25,El Paso,Collateral,1,2.0
2026-02-26,El Paso,Collateral,2,1.9
2026-03-03,El Paso,Collateral,3,2.1
2026-03-04,El Paso,Collateral,1,1.9
2026-03-05,El Paso,Collateral,2,1.7
2026-03-07,El Paso,Collateral,1,1.6
2026-03-10,El Paso,Collateral,2,1.7
2025-08-08,El Paso,Targeted,40,40.0
2025-08-09,El Paso,Targeted,5,22.5
2025-08-10,El Paso,Targeted,1,15.3
2025-08-11,El Paso,Targeted,34,20.0
2025-08-12,El Paso,Targeted,96,35.2
2025-08-13,El Paso,Targeted,49,37.5
2025-08-14,El Paso,Targeted,51,39.4
2025-08-15,El Paso,Targeted,74,44.3
2025-08-16,El Paso,Targeted,5,44.3
2025-08-17,El Paso,Targeted,4,44.7
2025-08-18,El Paso,Targeted,19,42.6
2025-08-19,El Paso,Targeted,60,37.4
2025-08-20,El Paso,Targeted,33,35.1
2025-08-21,El Paso,Targeted,29,32.0
2025-08-22,El Paso,Targeted,44,27.7
2025-08-23,El Paso,Targeted,3,27.4
2025-08-24,El Paso,Targeted,4,27.4
2025-08-25,El Paso,Targeted,28,28.7
2025-08-26,El Paso,Targeted,22,23.3
2025-08-27,El Paso,Targeted,32,23.1
2025-08-28,El Paso,Targeted,71,29.1
2025-08-29,El Paso,Targeted,19,25.6
2025-08-30,El Paso,Targeted,2,25.4
2025-08-31,El Paso,Targeted,5,25.6
2025-09-01,El Paso,Targeted,1,21.7
2025-09-02,El Paso,Targeted,33,23.3
2025-09-03,El Paso,Targeted,56,26.7
2025-09-04,El Paso,Targeted,72,26.9
2025-09-05,El Paso,Targeted,91,37.1
2025-09-06,El Paso,Targeted,3,37.3
2025-09-07,El Paso,Targeted,8,37.7
2025-09-08,El Paso,Targeted,23,40.9
2025-09-09,El Paso,Targeted,48,43.0
2025-09-10,El Paso,Targeted,68,44.7
2025-09-11,El Paso,Targeted,42,40.4
2025-09-12,El Paso,Targeted,58,35.7
2025-09-13,El Paso,Targeted,2,35.6
2025-09-14,El Paso,Targeted,7,35.4
2025-09-15,El Paso,Targeted,41,38.0
2025-09-16,El Paso,Targeted,69,41.0
2025-09-17,El Paso,Targeted,44,37.6
2025-09-18,El Paso,Targeted,47,38.3
2025-09-19,El Paso,Targeted,67,39.6
2025-09-20,El Paso,Targeted,5,40.0
2025-09-21,El Paso,Targeted,2,39.3
2025-09-22,El Paso,Targeted,30,37.7
2025-09-23,El Paso,Targeted,40,33.6
2025-09-24,El Paso,Targeted,51,34.6
2025-09-25,El Paso,Targeted,25,31.4
2025-09-26,El Paso,Targeted,59,30.3
2025-09-27,El Paso,Targeted,5,30.3
2025-09-28,El Paso,Targeted,1,30.1
2025-09-29,El Paso,Targeted,34,30.7
2025-09-30,El Paso,Targeted,93,38.3
2025-10-01,El Paso,Targeted,51,38.3
2025-10-02,El Paso,Targeted,28,38.7
2025-10-03,El Paso,Targeted,41,36.1
2025-10-04,El Paso,Targeted,8,36.6
2025-10-06,El Paso,Targeted,5,37.1
2025-10-07,El Paso,Targeted,33,37.0
2025-10-08,El Paso,Targeted,117,40.4
2025-10-09,El Paso,Targeted,54,40.9
2025-10-10,El Paso,Targeted,90,49.7
2025-10-11,El Paso,Targeted,4,44.4
2025-10-12,El Paso,Targeted,3,43.7
2025-10-13,El Paso,Targeted,4,43.6
2025-10-14,El Paso,Targeted,68,48.6
2025-10-15,El Paso,Targeted,118,48.7
2025-10-16,El Paso,Targeted,91,54.0
2025-10-17,El Paso,Targeted,114,57.4
2025-10-18,El Paso,Targeted,7,57.9
2025-10-19,El Paso,Targeted,1,57.6
2025-10-20,El Paso,Targeted,29,61.1
2025-10-21,El Paso,Targeted,60,60.0
2025-10-22,El Paso,Targeted,45,49.6
2025-10-23,El Paso,Targeted,53,44.1
2025-10-24,El Paso,Targeted,44,34.1
2025-10-25,El Paso,Targeted,10,34.6
2025-10-26,El Paso,Targeted,8,35.6
2025-10-27,El Paso,Targeted,48,38.3
2025-10-28,El Paso,Targeted,62,38.6
2025-10-29,El Paso,Targeted,83,44.0
2025-10-30,El Paso,Targeted,90,49.3
2025-10-31,El Paso,Targeted,46,49.6
2025-11-01,El Paso,Targeted,6,49.0
2025-11-02,El Paso,Targeted,4,48.4
2025-11-03,El Paso,Targeted,28,45.6
2025-11-04,El Paso,Targeted,59,45.1
2025-11-05,El Paso,Targeted,59,41.7
2025-11-06,El Paso,Targeted,18,31.4
2025-11-07,El Paso,Targeted,45,31.3
2025-11-08,El Paso,Targeted,2,30.7
2025-11-09,El Paso,Targeted,4,30.7
2025-11-10,El Paso,Targeted,53,34.3
2025-11-11,El Paso,Targeted,9,27.1
2025-11-12,El Paso,Targeted,65,28.0
2025-11-13,El Paso,Targeted,63,34.4
2025-11-14,El Paso,Targeted,68,37.7
2025-11-15,El Paso,Targeted,8,38.6
2025-11-16,El Paso,Targeted,2,38.3
2025-11-17,El Paso,Targeted,25,34.3
2025-11-18,El Paso,Targeted,28,37.0
2025-11-19,El Paso,Targeted,60,36.3
2025-11-20,El Paso,Targeted,75,38.0
2025-11-21,El Paso,Targeted,145,49.0
2025-11-22,El Paso,Targeted,9,49.1
2025-11-24,El Paso,Targeted,61,57.6
2025-11-25,El Paso,Targeted,73,64.4
2025-11-26,El Paso,Targeted,90,73.3
2025-11-27,El Paso,Targeted,3,65.1
2025-11-28,El Paso,Targeted,8,55.6
2025-11-29,El Paso,Targeted,2,35.1
2025-12-01,El Paso,Targeted,64,43.0
2025-12-02,El Paso,Targeted,89,47.0
2025-12-03,El Paso,Targeted,49,43.6
2025-12-04,El Paso,Targeted,80,42.1
2025-12-05,El Paso,Targeted,64,50.9
2025-12-06,El Paso,Targeted,7,50.7
2025-12-07,El Paso,Targeted,9,51.7
2025-12-08,El Paso,Targeted,43,48.7
2025-12-09,El Paso,Targeted,99,50.1
2025-12-10,El Paso,Targeted,62,52.0
2025-12-11,El Paso,Targeted,70,50.6
2025-12-12,El Paso,Targeted,70,51.4
2025-12-13,El Paso,Targeted,7,51.4
2025-12-14,El Paso,Targeted,3,50.6
2025-12-15,El Paso,Targeted,38,49.9
2025-12-16,El Paso,Targeted,52,43.1
2025-12-17,El Paso,Targeted,67,43.9
2025-12-18,El Paso,Targeted,95,47.4
2025-12-19,El Paso,Targeted,64,46.6
2025-12-20,El Paso,Targeted,7,46.6
2025-12-21,El Paso,Targeted,3,46.6
2025-12-22,El Paso,Targeted,41,47.0
2025-12-23,El Paso,Targeted,113,55.7
2025-12-24,El Paso,Targeted,6,47.0
2025-12-25,El Paso,Targeted,2,33.7
2025-12-26,El Paso,Targeted,5,25.3
2025-12-27,El Paso,Targeted,5,25.0
2025-12-28,El Paso,Targeted,5,25.3
2025-12-29,El Paso,Targeted,47,26.1
2025-12-30,El Paso,Targeted,71,20.1
2025-12-31,El Paso,Targeted,26,23.0
2026-01-01,El Paso,Targeted,2,23.0
2026-01-02,El Paso,Targeted,32,26.9
2026-01-03,El Paso,Targeted,8,27.3
2026-01-04,El Paso,Targeted,4,27.1
2026-01-05,El Paso,Targeted,39,26.0
2026-01-06,El Paso,Targeted,68,25.6
2026-01-07,El Paso,Targeted,76,32.7
2026-01-08,El Paso,Targeted,73,42.9
2026-01-09,El Paso,Targeted,73,48.7
2026-01-10,El Paso,Targeted,17,50.0
2026-01-11,El Paso,Targeted,12,51.1
2026-01-12,El Paso,Targeted,33,50.3
2026-01-13,El Paso,Targeted,63,49.6
2026-01-14,El Paso,Targeted,69,48.6
2026-01-15,El Paso,Targeted,68,47.9
2026-01-16,El Paso,Targeted,31,41.9
2026-01-17,El Paso,Targeted,15,41.6
2026-01-18,El Paso,Targeted,14,41.9
2026-01-19,El Paso,Targeted,15,39.3
2026-01-20,El Paso,Targeted,39,35.9
2026-01-21,El Paso,Targeted,82,37.7
2026-01-22,El Paso,Targeted,78,39.1
2026-01-23,El Paso,Targeted,101,49.1
2026-01-24,El Paso,Targeted,16,49.3
2026-01-25,El Paso,Targeted,6,48.1
2026-01-26,El Paso,Targeted,50,53.1
2026-01-27,El Paso,Targeted,71,57.7
2026-01-28,El Paso,Targeted,67,55.6
2026-01-29,El Paso,Targeted,49,51.4
2026-01-30,El Paso,Targeted,86,49.3
2026-01-31,El Paso,Targeted,24,50.4
2026-02-01,El Paso,Targeted,26,53.3
2026-02-02,El Paso,Targeted,48,53.0
2026-02-03,El Paso,Targeted,39,48.4
2026-02-04,El Paso,Targeted,48,45.7
2026-02-05,El Paso,Targeted,41,44.6
2026-02-06,El Paso,Targeted,76,43.1
2026-02-07,El Paso,Targeted,11,41.3
2026-02-08,El Paso,Targeted,5,38.3
2026-02-09,El Paso,Targeted,27,35.3
2026-02-10,El Paso,Targeted,89,42.4
2026-02-11,El Paso,Targeted,74,46.1
2026-02-12,El Paso,Targeted,73,50.7
2026-02-13,El Paso,Targeted,45,46.3
2026-02-14,El Paso,Targeted,3,45.1
2026-02-15,El Paso,Targeted,4,45.0
2026-02-16,El Paso,Targeted,7,42.1
2026-02-17,El Paso,Targeted,33,34.1
2026-02-18,El Paso,Targeted,36,28.7
2026-02-19,El Paso,Targeted,44,24.6
2026-02-20,El Paso,Targeted,71,28.3
2026-02-21,El Paso,Targeted,5,28.6
2026-02-22,El Paso,Targeted,5,28.7
2026-02-23,El Paso,Targeted,24,31.1
2026-02-24,El Paso,Targeted,36,31.6
2026-02-25,El Paso,Targeted,43,32.6
2026-02-26,El Paso,Targeted,82,38.0
2026-02-27,El Paso,Targeted,13,29.7
2026-02-28,El Paso,Targeted,6,29.9
2026-03-01,El Paso,Targeted,1,29.3
2026-03-02,El Paso,Targeted,11,27.4
2026-03-03,El Paso,Targeted,22,25.4
2026-03-04,El Paso,Targeted,7,20.3
2026-03-05,El Paso,Targeted,15,10.7
2026-03-06,El Paso,Targeted,18,11.4
2026-03-07,El Paso,Targeted,7,11.6
2026-03-08,El Paso,Targeted,2,11.7
2026-03-09,El Paso,Targeted,5,10.9
2026-03-10,El Paso,Targeted,10,9.1
2025-08-11,El Paso,Unknown,1,1.0
2025-08-27,El Paso,Unknown,1,1.0
2025-08-28,El Paso,Unknown,1,1.0
2025-08-31,El Paso,Unknown,1,1.0
2025-09-20,El Paso,Unknown,1,1.0
2025-09-21,El Paso,Unknown,1,1.0
2025-09-27,El Paso,Unknown,1,1.0
2025-10-09,El Paso,Unknown,1,1.0
2025-10-16,El Paso,Unknown,1,1.0
2025-10-29,El Paso,Unknown,1,1.0
2025-11-23,El Paso,Unknown,1,1.0
2026-01-15,El Paso,Unknown,1,1.0
2026-01-16,El Paso,Unknown,1,1.0
2026-01-25,El Paso,Unknown,1,1.0
2026-01-26,El Paso,Unknown,2,1.1
2026-01-27,El Paso,Unknown,3,1.4
2026-01-30,El Paso,Unknown,1,1.4
2026-03-02,El Paso,Unknown,2,1.6
2026-03-03,El Paso,Unknown,1,1.6
2025-08-13,HQ,Collateral,1,1.0
2025-09-04,HQ,Collateral,1,1.0
2025-09-20,HQ,Targeted,3,3.0
2025-10-02,HQ,Targeted,1,2.0
2025-12-30,HQ,Targeted,1,1.7
2026-01-02,HQ,Targeted,1,1.5
2026-03-10,HQ,Targeted,1,1.4
2025-09-10,HQ,Unknown,1,1.0
2025-09-12,HQ,Unknown,1,1.0
2025-08-08,Harlingen,Collateral,13,13.0
2025-08-09,Harlingen,Collateral,6,9.5
2025-08-10,Harlingen,Collateral,14,11.0
2025-08-11,Harlingen,Collateral,18,12.8
2025-08-12,Harlingen,Collateral,16,13.4
2025-08-13,Harlingen,Collateral,18,14.2
2025-08-14,Harlingen,Collateral,12,13.9
2025-08-15,Harlingen,Collateral,14,14.0
2025-08-16,Harlingen,Collateral,8,14.3
2025-08-17,Harlingen,Collateral,10,13.7
2025-08-18,Harlingen,Collateral,13,13.0
2025-08-19,Harlingen,Collateral,20,13.6
2025-08-20,Harlingen,Collateral,14,13.0
2025-08-21,Harlingen,Collateral,7,12.3
2025-08-22,Harlingen,Collateral,11,11.9
2025-08-23,Harlingen,Collateral,12,12.4
2025-08-24,Harlingen,Collateral,6,11.9
2025-08-25,Harlingen,Collateral,16,12.3
2025-08-26,Harlingen,Collateral,25,13.0
2025-08-27,Harlingen,Collateral,15,13.1
2025-08-28,Harlingen,Collateral,12,13.9
2025-08-29,Harlingen,Collateral,4,12.9
2025-08-30,Harlingen,Collateral,3,11.6
2025-08-31,Harlingen,Collateral,19,13.4
2025-09-01,Harlingen,Collateral,19,13.9
2025-09-02,Harlingen,Collateral,12,12.0
2025-09-03,Harlingen,Collateral,10,11.3
2025-09-04,Harlingen,Collateral,14,11.6
2025-09-05,Harlingen,Collateral,18,13.6
2025-09-06,Harlingen,Collateral,10,14.6
2025-09-07,Harlingen,Collateral,5,12.6
2025-09-08,Harlingen,Collateral,9,11.1
2025-09-09,Harlingen,Collateral,20,12.3
2025-09-10,Harlingen,Collateral,17,13.3
2025-09-11,Harlingen,Collateral,12,13.0
2025-09-12,Harlingen,Collateral,6,11.3
2025-09-13,Harlingen,Collateral,9,11.1
2025-09-14,Harlingen,Collateral,13,12.3
2025-09-15,Harlingen,Collateral,16,13.3
2025-09-16,Harlingen,Collateral,6,11.3
2025-09-17,Harlingen,Collateral,8,10.0
2025-09-18,Harlingen,Collateral,10,9.7
2025-09-19,Harlingen,Collateral,9,10.1
2025-09-20,Harlingen,Collateral,4,9.4
2025-09-21,Harlingen,Collateral,2,7.9
2025-09-22,Harlingen,Collateral,8,6.7
2025-09-23,Harlingen,Collateral,18,8.4
2025-09-24,Harlingen,Collateral,10,8.7
2025-09-25,Harlingen,Collateral,3,7.7
2025-09-26,Harlingen,Collateral,20,9.3
2025-09-27,Harlingen,Collateral,7,9.7
2025-09-28,Harlingen,Collateral,11,11.0
2025-09-29,Harlingen,Collateral,9,11.1
2025-09-30,Harlingen,Collateral,11,10.1
2025-10-01,Harlingen,Collateral,15,10.9
2025-10-02,Harlingen,Collateral,7,11.4
2025-10-03,Harlingen,Collateral,74,19.1
2025-10-04,Harlingen,Collateral,11,19.7
2025-10-05,Harlingen,Collateral,4,18.7
2025-10-06,Harlingen,Collateral,7,18.4
2025-10-07,Harlingen,Collateral,16,19.1
2025-10-08,Harlingen,Collateral,10,18.4
2025-10-09,Harlingen,Collateral,2,17.7
2025-10-10,Harlingen,Collateral,19,9.9
2025-10-11,Harlingen,Collateral,6,9.1
2025-10-12,Harlingen,Collateral,15,10.7
2025-10-13,Harlingen,Collateral,11,11.3
2025-10-14,Harlingen,Collateral,21,12.0
2025-10-15,Harlingen,Collateral,6,11.4
2025-10-16,Harlingen,Collateral,24,14.6
2025-10-17,Harlingen,Collateral,18,14.4
2025-10-18,Harlingen,Collateral,6,14.4
2025-10-19,Harlingen,Collateral,4,12.9
2025-10-20,Harlingen,Collateral,13,13.1
2025-10-21,Harlingen,Collateral,21,13.1
2025-10-22,Harlingen,Collateral,20,15.1
2025-10-23,Harlingen,Collateral,22,14.9
2025-10-24,Harlingen,Collateral,24,15.7
2025-10-25,Harlingen,Collateral,15,17.0
2025-10-26,Harlingen,Collateral,20,19.3
2025-10-27,Harlingen,Collateral,11,19.0
2025-10-28,Harlingen,Collateral,19,18.7
2025-10-29,Harlingen,Collateral,17,18.3
2025-10-30,Harlingen,Collateral,21,18.1
2025-10-31,Harlingen,Collateral,14,16.7
2025-11-01,Harlingen,Collateral,25,18.1
2025-11-02,Harlingen,Collateral,11,16.9
2025-11-03,Harlingen,Collateral,8,16.4
2025-11-04,Harlingen,Collateral,19,16.4
2025-11-05,Harlingen,Collateral,13,15.9
2025-11-06,Harlingen,Collateral,13,14.7
2025-11-07,Harlingen,Collateral,11,14.3
2025-11-08,Harlingen,Collateral,10,12.1
2025-11-09,Harlingen,Collateral,17,13.0
2025-11-10,Harlingen,Collateral,7,12.9
2025-11-11,Harlingen,Collateral,8,11.3
2025-11-12,Harlingen,Collateral,12,11.1
2025-11-13,Harlingen,Collateral,25,12.9
2025-11-14,Harlingen,Collateral,24,14.7
2025-11-15,Harlingen,Collateral,15,15.4
2025-11-16,Harlingen,Collateral,13,14.9
2025-11-17,Harlingen,Collateral,16,16.1
2025-11-18,Harlingen,Collateral,14,17.0
2025-11-19,Harlingen,Collateral,11,16.9
2025-11-20,Harlingen,Collateral,17,15.7
2025-11-21,Harlingen,Collateral,20,15.1
2025-11-22,Harlingen,Collateral,17,15.4
2025-11-23,Harlingen,Collateral,20,16.4
2025-11-24,Harlingen,Collateral,17,16.6
2025-11-25,Harlingen,Collateral,15,16.7
2025-11-26,Harlingen,Collateral,6,16.0
2025-11-27,Harlingen,Collateral,8,14.7
2025-11-28,Harlingen,Collateral,4,12.4
2025-11-29,Harlingen,Collateral,14,12.0
2025-11-30,Harlingen,Collateral,14,11.1
2025-12-01,Harlingen,Collateral,9,10.0
2025-12-02,Harlingen,Collateral,18,10.4
2025-12-03,Harlingen,Collateral,22,12.7
2025-12-04,Harlingen,Collateral,31,16.0
2025-12-05,Harlingen,Collateral,33,20.1
2025-12-06,Harlingen,Collateral,34,23.0
2025-12-07,Harlingen,Collateral,38,26.4
2025-12-08,Harlingen,Collateral,23,28.4
2025-12-09,Harlingen,Collateral,18,28.4
2025-12-10,Harlingen,Collateral,18,27.9
2025-12-11,Harlingen,Collateral,15,25.6
2025-12-12,Harlingen,Collateral,12,22.6
2025-12-13,Harlingen,Collateral,25,21.3
2025-12-14,Harlingen,Collateral,28,19.9
2025-12-15,Harlingen,Collateral,16,18.9
2025-12-16,Harlingen,Collateral,30,20.6
2025-12-17,Harlingen,Collateral,23,21.3
2025-12-18,Harlingen,Collateral,20,22.0
2025-12-19,Harlingen,Collateral,13,22.1
2025-12-20,Harlingen,Collateral,14,20.6
2025-12-21,Harlingen,Collateral,19,19.3
2025-12-22,Harlingen,Collateral,11,18.6
2025-12-23,Harlingen,Collateral,36,19.4
2025-12-24,Harlingen,Collateral,10,17.6
2025-12-25,Harlingen,Collateral,5,15.4
2025-12-26,Harlingen,Collateral,8,14.7
2025-12-27,Harlingen,Collateral,13,14.6
2025-12-28,Harlingen,Collateral,21,14.9
2025-12-29,Harlingen,Collateral,18,15.9
2025-12-30,Harlingen,Collateral,30,15.0
2025-12-31,Harlingen,Collateral,14,15.6
2026-01-01,Harlingen,Collateral,9,16.1
2026-01-02,Harlingen,Collateral,14,17.0
2026-01-03,Harlingen,Collateral,14,17.1
2026-01-04,Harlingen,Collateral,9,15.4
2026-01-05,Harlingen,Collateral,15,15.0
2026-01-06,Harlingen,Collateral,18,13.3
2026-01-07,Harlingen,Collateral,23,14.6
2026-01-08,Harlingen,Collateral,43,19.4
2026-01-09,Harlingen,Collateral,19,20.1
2026-01-10,Harlingen,Collateral,16,20.4
2026-01-11,Harlingen,Collateral,26,22.9
2026-01-12,Harlingen,Collateral,26,24.4
2026-01-13,Harlingen,Collateral,22,25.0
2026-01-14,Harlingen,Collateral,26,25.4
2026-01-15,Harlingen,Collateral,31,23.7
2026-01-16,Harlingen,Collateral,22,24.1
2026-01-17,Harlingen,Collateral,24,25.3
2026-01-18,Harlingen,Collateral,11,23.1
2026-01-19,Harlingen,Collateral,9,20.7
2026-01-20,Harlingen,Collateral,17,20.0
2026-01-21,Harlingen,Collateral,12,18.0
2026-01-22,Harlingen,Collateral,12,15.3
2026-01-23,Harlingen,Collateral,17,14.6
2026-01-24,Harlingen,Collateral,25,14.7
2026-01-25,Harlingen,Collateral,17,15.6
2026-01-26,Harlingen,Collateral,8,15.4
2026-01-27,Harlingen,Collateral,14,15.0
2026-01-28,Harlingen,Collateral,38,18.7
2026-01-29,Harlingen,Collateral,24,20.4
2026-01-30,Harlingen,Collateral,33,22.7
2026-01-31,Harlingen,Collateral,18,21.7
2026-02-01,Harlingen,Collateral,22,22.4
2026-02-02,Harlingen,Collateral,11,22.9
2026-02-03,Harlingen,Collateral,21,23.9
2026-02-04,Harlingen,Collateral,9,19.7
2026-02-05,Harlingen,Collateral,35,21.3
2026-02-06,Harlingen,Collateral,22,19.7
2026-02-07,Harlingen,Collateral,21,20.1
2026-02-08,Harlingen,Collateral,18,19.6
2026-02-09,Harlingen,Collateral,5,18.7
2026-02-10,Harlingen,Collateral,17,18.1
2026-02-11,Harlingen,Collateral,11,18.4
2026-02-12,Harlingen,Collateral,21,16.4
2026-02-13,Harlingen,Collateral,26,17.0
2026-02-14,Harlingen,Collateral,9,15.3
2026-02-15,Harlingen,Collateral,15,14.9
2026-02-16,Harlingen,Collateral,6,15.0
2026-02-17,Harlingen,Collateral,14,14.6
2026-02-18,Harlingen,Collateral,24,16.4
2026-02-19,Harlingen,Collateral,7,14.4
2026-02-20,Harlingen,Collateral,11,12.3
2026-02-21,Harlingen,Collateral,17,13.4
2026-02-22,Harlingen,Collateral,9,12.6
2026-02-23,Harlingen,Collateral,12,13.4
2026-02-24,Harlingen,Collateral,4,12.0
2026-02-25,Harlingen,Collateral,20,11.4
2026-02-26,Harlingen,Collateral,13,12.3
2026-02-27,Harlingen,Collateral,18,13.3
2026-02-28,Harlingen,Collateral,20,13.7
2026-03-01,Harlingen,Collateral,25,16.0
2026-03-02,Harlingen,Collateral,16,16.6
2026-03-03,Harlingen,Collateral,13,17.9
2026-03-04,Harlingen,Collateral,8,16.1
2026-03-05,Harlingen,Collateral,7,15.3
2026-03-06,Harlingen,Collateral,13,14.6
2026-03-07,Harlingen,Collateral,14,13.7
2026-03-08,Harlingen,Collateral,13,12.0
2026-03-09,Harlingen,Collateral,14,11.7
2026-03-10,Harlingen,Collateral,6,10.7
2025-08-08,Harlingen,Targeted,23,23.0
2025-08-09,Harlingen,Targeted,11,17.0
2025-08-10,Harlingen,Targeted,7,13.7
2025-08-11,Harlingen,Targeted,11,13.0
2025-08-12,Harlingen,Targeted,27,15.8
2025-08-13,Harlingen,Targeted,20,16.5
2025-08-14,Harlingen,Targeted,23,17.4
2025-08-15,Harlingen,Targeted,9,15.4
2025-08-16,Harlingen,Targeted,12,15.6
2025-08-17,Harlingen,Targeted,5,15.3
2025-08-18,Harlingen,Targeted,9,15.0
2025-08-19,Harlingen,Targeted,29,15.3
2025-08-20,Harlingen,Targeted,20,15.3
2025-08-21,Harlingen,Targeted,8,13.1
2025-08-22,Harlingen,Targeted,17,14.3
2025-08-23,Harlingen,Targeted,8,13.7
2025-08-24,Harlingen,Targeted,2,13.3
2025-08-25,Harlingen,Targeted,32,16.6
2025-08-26,Harlingen,Targeted,14,14.4
2025-08-27,Harlingen,Targeted,24,15.0
2025-08-28,Harlingen,Targeted,27,17.7
2025-08-29,Harlingen,Targeted,23,18.6
2025-08-30,Harlingen,Targeted,5,18.1
2025-08-31,Harlingen,Targeted,2,18.1
2025-09-01,Harlingen,Targeted,6,14.4
2025-09-02,Harlingen,Targeted,17,14.9
2025-09-03,Harlingen,Targeted,18,14.0
2025-09-04,Harlingen,Targeted,18,12.7
2025-09-05,Harlingen,Targeted,12,11.1
2025-09-06,Harlingen,Targeted,8,11.6
2025-09-07,Harlingen,Targeted,1,11.4
2025-09-08,Harlingen,Targeted,21,13.6
2025-09-09,Harlingen,Targeted,20,14.0
2025-09-10,Harlingen,Targeted,17,13.9
2025-09-11,Harlingen,Targeted,29,15.4
2025-09-12,Harlingen,Targeted,15,15.9
2025-09-13,Harlingen,Targeted,8,15.9
2025-09-14,Harlingen,Targeted,5,16.4
2025-09-15,Harlingen,Targeted,10,14.9
2025-09-16,Harlingen,Targeted,23,15.3
2025-09-17,Harlingen,Targeted,25,16.4
2025-09-18,Harlingen,Targeted,22,15.4
2025-09-19,Harlingen,Targeted,17,15.7
2025-09-20,Harlingen,Targeted,11,16.1
2025-09-21,Harlingen,Targeted,5,16.1
2025-09-22,Harlingen,Targeted,18,17.3
2025-09-23,Harlingen,Targeted,51,21.3
2025-09-24,Harlingen,Targeted,24,21.1
2025-09-25,Harlingen,Targeted,20,20.9
2025-09-26,Harlingen,Targeted,33,23.1
2025-09-27,Harlingen,Targeted,5,22.3
2025-09-28,Harlingen,Targeted,4,22.1
2025-09-29,Harlingen,Targeted,10,21.0
2025-09-30,Harlingen,Targeted,16,16.0
2025-10-01,Harlingen,Targeted,17,15.0
2025-10-02,Harlingen,Targeted,13,14.0
2025-10-03,Harlingen,Targeted,44,15.6
2025-10-04,Harlingen,Targeted,24,18.3
2025-10-05,Harlingen,Targeted,5,18.4
2025-10-06,Harlingen,Targeted,9,18.3
2025-10-07,Harlingen,Targeted,27,19.9
2025-10-08,Harlingen,Targeted,30,21.7
2025-10-09,Harlingen,Targeted,15,22.0
2025-10-10,Harlingen,Targeted,16,18.0
2025-10-11,Harlingen,Targeted,6,15.4
2025-10-12,Harlingen,Targeted,7,15.7
2025-10-13,Harlingen,Targeted,7,15.4
2025-10-14,Harlingen,Targeted,15,13.7
2025-10-15,Harlingen,Targeted,23,12.7
2025-10-16,Harlingen,Targeted,28,14.6
2025-10-17,Harlingen,Targeted,27,16.1
2025-10-18,Harlingen,Targeted,15,17.4
2025-10-19,Harlingen,Targeted,4,17.0
2025-10-20,Harlingen,Targeted,16,18.3
2025-10-21,Harlingen,Targeted,14,18.1
2025-10-22,Harlingen,Targeted,37,20.1
2025-10-23,Harlingen,Targeted,15,18.3
2025-10-24,Harlingen,Targeted,13,16.3
2025-10-25,Harlingen,Targeted,18,16.7
2025-10-26,Harlingen,Targeted,10,17.6
2025-10-27,Harlingen,Targeted,22,18.4
2025-10-28,Harlingen,Targeted,27,20.3
2025-10-29,Harlingen,Targeted,46,21.6
2025-10-30,Harlingen,Targeted,28,23.4
2025-10-31,Harlingen,Targeted,37,26.9
2025-11-01,Harlingen,Targeted,10,25.7
2025-11-02,Harlingen,Targeted,9,25.6
2025-11-03,Harlingen,Targeted,13,24.3
2025-11-04,Harlingen,Targeted,38,25.9
2025-11-05,Harlingen,Targeted,43,25.4
2025-11-06,Harlingen,Targeted,33,26.1
2025-11-07,Harlingen,Targeted,35,25.9
2025-11-08,Harlingen,Targeted,18,27.0
2025-11-09,Harlingen,Targeted,8,26.9
2025-11-10,Harlingen,Targeted,16,27.3
2025-11-11,Harlingen,Targeted,22,25.0
2025-11-12,Harlingen,Targeted,20,21.7
2025-11-13,Harlingen,Targeted,24,20.4
2025-11-14,Harlingen,Targeted,48,22.3
2025-11-15,Harlingen,Targeted,15,21.9
2025-11-16,Harlingen,Targeted,12,22.4
2025-11-17,Harlingen,Targeted,24,23.6
2025-11-18,Harlingen,Targeted,31,24.9
2025-11-19,Harlingen,Targeted,28,26.0
2025-11-20,Harlingen,Targeted,64,31.7
2025-11-21,Harlingen,Targeted,37,30.1
2025-11-22,Harlingen,Targeted,27,31.9
2025-11-23,Harlingen,Targeted,28,34.1
2025-11-24,Harlingen,Targeted,19,33.4
2025-11-25,Harlingen,Targeted,31,33.4
2025-11-26,Harlingen,Targeted,19,32.1
2025-11-27,Harlingen,Targeted,3,23.4
2025-11-28,Harlingen,Targeted,5,18.9
2025-11-29,Harlingen,Targeted,5,15.7
2025-11-30,Harlingen,Targeted,14,13.7
2025-12-01,Harlingen,Targeted,21,14.0
2025-12-02,Harlingen,Targeted,35,14.6
2025-12-03,Harlingen,Targeted,48,18.7
2025-12-04,Harlingen,Targeted,43,24.4
2025-12-05,Harlingen,Targeted,50,30.9
2025-12-06,Harlingen,Targeted,25,33.7
2025-12-07,Harlingen,Targeted,8,32.9
2025-12-08,Harlingen,Targeted,45,36.3
2025-12-09,Harlingen,Targeted,39,36.9
2025-12-10,Harlingen,Targeted,46,36.6
2025-12-11,Harlingen,Targeted,52,37.9
2025-12-12,Harlingen,Targeted,31,35.1
2025-12-13,Harlingen,Targeted,18,34.1
2025-12-14,Harlingen,Targeted,38,38.4
2025-12-15,Harlingen,Targeted,29,36.1
2025-12-16,Harlingen,Targeted,53,38.1
2025-12-17,Harlingen,Targeted,23,34.9
2025-12-18,Harlingen,Targeted,53,35.0
2025-12-19,Harlingen,Targeted,39,36.1
2025-12-20,Harlingen,Targeted,12,35.3
2025-12-21,Harlingen,Targeted,17,32.3
2025-12-22,Harlingen,Targeted,33,32.9
2025-12-23,Harlingen,Targeted,26,29.0
2025-12-24,Harlingen,Targeted,26,29.4
2025-12-25,Harlingen,Targeted,11,23.4
2025-12-26,Harlingen,Targeted,14,19.9
2025-12-27,Harlingen,Targeted,6,19.0
2025-12-28,Harlingen,Targeted,10,18.0
2025-12-29,Harlingen,Targeted,18,15.9
2025-12-30,Harlingen,Targeted,27,16.0
2025-12-31,Harlingen,Targeted,31,16.7
2026-01-01,Harlingen,Targeted,12,16.9
2026-01-02,Harlingen,Targeted,11,16.4
2026-01-03,Harlingen,Targeted,15,17.7
2026-01-04,Harlingen,Targeted,8,17.4
2026-01-05,Harlingen,Targeted,22,18.0
2026-01-06,Harlingen,Targeted,36,19.3
2026-01-07,Harlingen,Targeted,44,21.1
2026-01-08,Harlingen,Targeted,53,27.0
2026-01-09,Harlingen,Targeted,27,29.3
2026-01-10,Harlingen,Targeted,35,32.1
2026-01-11,Harlingen,Targeted,7,32.0
2026-01-12,Harlingen,Targeted,44,35.1
2026-01-13,Harlingen,Targeted,24,33.4
2026-01-14,Harlingen,Targeted,71,37.3
2026-01-15,Harlingen,Targeted,40,35.4
2026-01-16,Harlingen,Targeted,27,35.4
2026-01-17,Harlingen,Targeted,42,36.4
2026-01-18,Harlingen,Targeted,47,42.1
2026-01-19,Harlingen,Targeted,12,37.6
2026-01-20,Harlingen,Targeted,21,37.1
2026-01-21,Harlingen,Targeted,36,32.1
2026-01-22,Harlingen,Targeted,33,31.1
2026-01-23,Harlingen,Targeted,46,33.9
2026-01-24,Harlingen,Targeted,33,32.6
2026-01-25,Harlingen,Targeted,27,29.7
2026-01-26,Harlingen,Targeted,18,30.6
2026-01-27,Harlingen,Targeted,31,32.0
2026-01-28,Harlingen,Targeted,22,30.0
2026-01-29,Harlingen,Targeted,32,29.9
2026-01-30,Harlingen,Targeted,34,28.1
2026-01-31,Harlingen,Targeted,32,28.0
2026-02-01,Harlingen,Targeted,22,27.3
2026-02-02,Harlingen,Targeted,18,27.3
2026-02-03,Harlingen,Targeted,29,27.0
2026-02-04,Harlingen,Targeted,19,26.6
2026-02-05,Harlingen,Targeted,20,24.9
2026-02-06,Harlingen,Targeted,21,23.0
2026-02-07,Harlingen,Targeted,21,21.4
2026-02-08,Harlingen,Targeted,19,21.0
2026-02-09,Harlingen,Targeted,19,21.1
2026-02-10,Harlingen,Targeted,22,20.1
2026-02-11,Harlingen,Targeted,23,20.7
2026-02-12,Harlingen,Targeted,26,21.6
2026-02-13,Harlingen,Targeted,51,25.9
2026-02-14,Harlingen,Targeted,30,27.1
2026-02-15,Harlingen,Targeted,32,29.0
2026-02-16,Harlingen,Targeted,25,29.9
2026-02-17,Harlingen,Targeted,28,30.7
2026-02-18,Harlingen,Targeted,30,31.7
2026-02-19,Harlingen,Targeted,34,32.9
2026-02-20,Harlingen,Targeted,36,30.7
2026-02-21,Harlingen,Targeted,33,31.1
2026-02-22,Harlingen,Targeted,17,29.0
2026-02-23,Harlingen,Targeted,22,28.6
2026-02-24,Harlingen,Targeted,32,29.1
2026-02-25,Harlingen,Targeted,30,29.1
2026-02-26,Harlingen,Targeted,34,29.1
2026-02-27,Harlingen,Targeted,19,26.7
2026-02-28,Harlingen,Targeted,26,25.7
2026-03-01,Harlingen,Targeted,25,26.9
2026-03-02,Harlingen,Targeted,23,27.0
2026-03-03,Harlingen,Targeted,30,26.7
2026-03-04,Harlingen,Targeted,37,27.7
2026-03-05,Harlingen,Targeted,22,26.0
2026-03-06,Harlingen,Targeted,29,27.4
2026-03-07,Harlingen,Targeted,19,26.4
2026-03-08,Harlingen,Targeted,16,25.1
2026-03-09,Harlingen,Targeted,16,24.1
2026-03-10,Harlingen,Targeted,21,22.9
2025-08-21,Harlingen,Unknown,1,1.0
2025-08-22,Harlingen,Unknown,3,2.0
2025-08-27,Harlingen,Unknown,2,2.0
2025-09-01,Harlingen,Unknown,1,1.8
2025-09-04,Harlingen,Unknown,1,1.6
2025-09-05,Harlingen,Unknown,1,1.5
2025-09-15,Harlingen,Unknown,1,1.4
2025-09-17,Harlingen,Unknown,1,1.4
2025-10-11,Harlingen,Unknown,1,1.1
2025-11-02,Harlingen,Unknown,1,1.0
2025-12-11,Harlingen,Unknown,4,1.4
2025-12-23,Harlingen,Unknown,1,1.4
2025-12-24,Harlingen,Unknown,1,1.4
2026-01-05,Harlingen,Unknown,1,1.4
2026-02-10,Harlingen,Unknown,1,1.4
2026-02-17,Harlingen,Unknown,1,1.4
2026-02-18,Harlingen,Unknown,1,1.4
2026-02-25,Harlingen,Unknown,1,1.0
2026-03-03,Harlingen,Unknown,2,1.1
2026-03-07,Harlingen,Unknown,1,1.1
2025-08-08,Houston,Collateral,27,27.0
2025-08-09,Houston,Collateral,19,23.0
2025-08-10,Houston,Collateral,16,20.7
2025-08-11,Houston,Collateral,19,20.2
2025-08-12,Houston,Collateral,28,21.8
2025-08-13,Houston,Collateral,35,24.0
2025-08-14,Houston,Collateral,33,25.3
2025-08-15,Houston,Collateral,41,27.3
2025-08-16,Houston,Collateral,28,28.6
2025-08-17,Houston,Collateral,24,29.7
2025-08-18,Houston,Collateral,26,30.7
2025-08-19,Houston,Collateral,38,32.1
2025-08-20,Houston,Collateral,36,32.3
2025-08-21,Houston,Collateral,43,33.7
2025-08-22,Houston,Collateral,32,32.4
2025-08-23,Houston,Collateral,22,31.6
2025-08-24,Houston,Collateral,33,32.9
2025-08-25,Houston,Collateral,46,35.7
2025-08-26,Houston,Collateral,17,32.7
2025-08-27,Houston,Collateral,22,30.7
2025-08-28,Houston,Collateral,27,28.4
2025-08-29,Houston,Collateral,19,26.6
2025-08-30,Houston,Collateral,11,25.0
2025-08-31,Houston,Collateral,8,21.4
2025-09-01,Houston,Collateral,6,15.7
2025-09-02,Houston,Collateral,15,15.4
2025-09-03,Houston,Collateral,35,17.3
2025-09-04,Houston,Collateral,31,17.9
2025-09-05,Houston,Collateral,27,19.0
2025-09-06,Houston,Collateral,12,19.1
2025-09-07,Houston,Collateral,11,19.6
2025-09-08,Houston,Collateral,20,21.6
2025-09-09,Houston,Collateral,15,21.6
2025-09-10,Houston,Collateral,33,21.3
2025-09-11,Houston,Collateral,37,22.1
2025-09-12,Houston,Collateral,26,22.0
2025-09-13,Houston,Collateral,8,21.4
2025-09-14,Houston,Collateral,16,22.1
2025-09-15,Houston,Collateral,26,23.0
2025-09-16,Houston,Collateral,21,23.9
2025-09-17,Houston,Collateral,15,21.3
2025-09-18,Houston,Collateral,33,20.7
2025-09-19,Houston,Collateral,19,19.7
2025-09-20,Houston,Collateral,13,20.4
2025-09-21,Houston,Collateral,13,20.0
2025-09-22,Houston,Collateral,10,17.7
2025-09-23,Houston,Collateral,13,16.6
2025-09-24,Houston,Collateral,19,17.1
2025-09-25,Houston,Collateral,21,15.4
2025-09-26,Houston,Collateral,12,14.4
2025-09-27,Houston,Collateral,13,14.4
2025-09-28,Houston,Collateral,17,15.0
2025-09-29,Houston,Collateral,22,16.7
2025-09-30,Houston,Collateral,17,17.3
2025-10-01,Houston,Collateral,22,17.7
2025-10-02,Houston,Collateral,26,18.4
2025-10-03,Houston,Collateral,19,19.4
2025-10-04,Houston,Collateral,15,19.7
2025-10-05,Houston,Collateral,17,19.7
2025-10-06,Houston,Collateral,17,19.0
2025-10-07,Houston,Collateral,14,18.6
2025-10-08,Houston,Collateral,15,17.6
2025-10-09,Houston,Collateral,23,17.1
2025-10-10,Houston,Collateral,20,17.3
2025-10-11,Houston,Collateral,20,18.0
2025-10-12,Houston,Collateral,10,17.0
2025-10-14,Houston,Collateral,17,17.0
2025-10-15,Houston,Collateral,14,17.0
2025-10-16,Houston,Collateral,10,16.3
2025-10-17,Houston,Collateral,15,15.1
2025-10-18,Houston,Collateral,10,13.7
2025-10-19,Houston,Collateral,11,12.4
2025-10-20,Houston,Collateral,5,11.7
2025-10-21,Houston,Collateral,15,11.4
2025-10-22,Houston,Collateral,16,11.7
2025-10-23,Houston,Collateral,20,13.1
2025-10-24,Houston,Collateral,35,16.0
2025-10-25,Houston,Collateral,14,16.6
2025-10-26,Houston,Collateral,36,20.1
2025-10-27,Houston,Collateral,48,26.3
2025-10-28,Houston,Collateral,42,30.1
2025-10-29,Houston,Collateral,35,32.9
2025-10-30,Houston,Collateral,50,37.1
2025-10-31,Houston,Collateral,19,34.9
2025-11-01,Houston,Collateral,26,36.6
2025-11-02,Houston,Collateral,12,33.1
2025-11-03,Houston,Collateral,24,29.7
2025-11-04,Houston,Collateral,14,25.7
2025-11-05,Houston,Collateral,14,22.7
2025-11-06,Houston,Collateral,33,20.3
2025-11-07,Houston,Collateral,22,20.7
2025-11-08,Houston,Collateral,15,19.1
2025-11-09,Houston,Collateral,8,18.6
2025-11-10,Houston,Collateral,25,18.7
2025-11-11,Houston,Collateral,25,20.3
2025-11-12,Houston,Collateral,7,19.3
2025-11-13,Houston,Collateral,32,19.1
2025-11-14,Houston,Collateral,14,18.0
2025-11-15,Houston,Collateral,13,17.7
2025-11-16,Houston,Collateral,7,17.6
2025-11-17,Houston,Collateral,24,17.4
2025-11-18,Houston,Collateral,17,16.3
2025-11-19,Houston,Collateral,12,17.0
2025-11-20,Houston,Collateral,17,14.9
2025-11-21,Houston,Collateral,11,14.4
2025-11-22,Houston,Collateral,15,14.7
2025-11-23,Houston,Collateral,14,15.7
2025-11-24,Houston,Collateral,13,14.1
2025-11-25,Houston,Collateral,8,12.9
2025-11-26,Houston,Collateral,5,11.9
2025-11-27,Houston,Collateral,3,9.9
2025-11-28,Houston,Collateral,7,9.3
2025-11-29,Houston,Collateral,5,7.9
2025-11-30,Houston,Collateral,5,6.6
2025-12-01,Houston,Collateral,9,6.0
2025-12-02,Houston,Collateral,10,6.3
2025-12-03,Houston,Collateral,6,6.4
2025-12-04,Houston,Collateral,7,7.0
2025-12-05,Houston,Collateral,19,8.7
2025-12-06,Houston,Collateral,5,8.7
2025-12-07,Houston,Collateral,5,8.7
2025-12-08,Houston,Collateral,18,10.0
2025-12-09,Houston,Collateral,10,10.0
2025-12-10,Houston,Collateral,20,12.0
2025-12-11,Houston,Collateral,20,13.9
2025-12-12,Houston,Collateral,17,13.6
2025-12-13,Houston,Collateral,7,13.9
2025-12-14,Houston,Collateral,6,14.0
2025-12-15,Houston,Collateral,8,12.6
2025-12-16,Houston,Collateral,22,14.3
2025-12-17,Houston,Collateral,23,14.7
2025-12-18,Houston,Collateral,20,14.7
2025-12-19,Houston,Collateral,26,16.0
2025-12-20,Houston,Collateral,5,15.7
2025-12-21,Houston,Collateral,14,16.9
2025-12-22,Houston,Collateral,14,17.7
2025-12-23,Houston,Collateral,4,15.1
2025-12-24,Houston,Collateral,6,12.7
2025-12-25,Houston,Collateral,3,10.3
2025-12-26,Houston,Collateral,18,9.1
2025-12-27,Houston,Collateral,20,11.3
2025-12-28,Houston,Collateral,14,11.3
2025-12-29,Houston,Collateral,9,10.6
2025-12-30,Houston,Collateral,6,10.9
2025-12-31,Houston,Collateral,14,12.0
2026-01-01,Houston,Collateral,10,13.0
2026-01-02,Houston,Collateral,16,12.7
2026-01-03,Houston,Collateral,13,11.7
2026-01-04,Houston,Collateral,12,11.4
2026-01-05,Houston,Collateral,8,11.3
2026-01-06,Houston,Collateral,14,12.4
2026-01-07,Houston,Collateral,13,12.3
2026-01-08,Houston,Collateral,7,11.9
2026-01-09,Houston,Collateral,9,10.9
2026-01-10,Houston,Collateral,11,10.6
2026-01-11,Houston,Collateral,3,9.3
2026-01-12,Houston,Collateral,13,10.0
2026-01-13,Houston,Collateral,6,8.9
2026-01-14,Houston,Collateral,9,8.3
2026-01-15,Houston,Collateral,10,8.7
2026-01-16,Houston,Collateral,12,9.1
2026-01-17,Houston,Collateral,19,10.3
2026-01-18,Houston,Collateral,19,12.6
2026-01-19,Houston,Collateral,14,12.7
2026-01-20,Houston,Collateral,18,14.4
2026-01-21,Houston,Collateral,11,14.7
2026-01-22,Houston,Collateral,12,15.0
2026-01-23,Houston,Collateral,2,13.6
2026-01-24,Houston,Collateral,4,11.4
2026-01-26,Houston,Collateral,1,8.9
2026-01-27,Houston,Collateral,3,7.3
2026-01-28,Houston,Collateral,17,7.1
2026-01-29,Houston,Collateral,10,7.0
2026-01-30,Houston,Collateral,3,5.7
2026-01-31,Houston,Collateral,8,6.6
2026-02-01,Houston,Collateral,2,6.3
2026-02-02,Houston,Collateral,7,7.1
2026-02-03,Houston,Collateral,11,8.3
2026-02-04,Houston,Collateral,10,7.3
2026-02-05,Houston,Collateral,12,7.6
2026-02-06,Houston,Collateral,7,8.1
2026-02-07,Houston,Collateral,5,7.7
2026-02-08,Houston,Collateral,1,7.6
2026-02-09,Houston,Collateral,6,7.4
2026-02-10,Houston,Collateral,3,6.3
2026-02-11,Houston,Collateral,4,5.4
2026-02-12,Houston,Collateral,4,4.3
2026-02-13,Houston,Collateral,3,3.7
2026-02-14,Houston,Collateral,1,3.1
2026-02-15,Houston,Collateral,3,3.4
2026-02-16,Houston,Collateral,8,3.7
2026-02-17,Houston,Collateral,4,3.9
2026-02-18,Houston,Collateral,5,4.0
2026-02-19,Houston,Collateral,11,5.0
2026-02-20,Houston,Collateral,3,5.0
2026-02-21,Houston,Collateral,9,6.1
2026-02-22,Houston,Collateral,1,5.9
2026-02-23,Houston,Collateral,5,5.4
2026-02-24,Houston,Collateral,9,6.1
2026-02-25,Houston,Collateral,1,5.6
2026-02-26,Houston,Collateral,8,5.1
2026-02-27,Houston,Collateral,4,5.3
2026-02-28,Houston,Collateral,11,5.6
2026-03-01,Houston,Collateral,2,5.7
2026-03-02,Houston,Collateral,6,5.9
2026-03-03,Houston,Collateral,8,5.7
2026-03-04,Houston,Collateral,11,7.1
2026-03-05,Houston,Collateral,4,6.6
2026-03-06,Houston,Collateral,3,6.4
2026-03-07,Houston,Collateral,11,6.4
2026-03-08,Houston,Collateral,1,6.3
2026-03-09,Houston,Collateral,10,6.9
2026-03-10,Houston,Collateral,2,6.0
2025-08-08,Houston,Targeted,65,65.0
2025-08-09,Houston,Targeted,27,46.0
2025-08-10,Houston,Targeted,36,42.7
2025-08-11,Houston,Targeted,30,39.5
2025-08-12,Houston,Targeted,57,43.0
2025-08-13,Houston,Targeted,36,41.8
2025-08-14,Houston,Targeted,51,43.1
2025-08-15,Houston,Targeted,49,40.9
2025-08-16,Houston,Targeted,49,44.0
2025-08-17,Houston,Targeted,35,43.9
2025-08-18,Houston,Targeted,49,46.6
2025-08-19,Houston,Targeted,69,48.3
2025-08-20,Houston,Targeted,78,54.3
2025-08-21,Houston,Targeted,77,58.0
2025-08-22,Houston,Targeted,84,63.0
2025-08-23,Houston,Targeted,57,64.1
2025-08-24,Houston,Targeted,28,63.1
2025-08-25,Houston,Targeted,79,67.4
2025-08-26,Houston,Targeted,65,66.9
2025-08-27,Houston,Targeted,69,65.6
2025-08-28,Houston,Targeted,47,61.3
2025-08-29,Houston,Targeted,46,55.9
2025-08-30,Houston,Targeted,30,52.0
2025-08-31,Houston,Targeted,21,51.0
2025-09-01,Houston,Targeted,32,44.3
2025-09-02,Houston,Targeted,54,42.7
2025-09-03,Houston,Targeted,56,40.9
2025-09-04,Houston,Targeted,71,44.3
2025-09-05,Houston,Targeted,71,47.9
2025-09-06,Houston,Targeted,39,49.1
2025-09-07,Houston,Targeted,29,50.3
2025-09-08,Houston,Targeted,33,50.4
2025-09-09,Houston,Targeted,57,50.9
2025-09-10,Houston,Targeted,67,52.4
2025-09-11,Houston,Targeted,58,50.6
2025-09-12,Houston,Targeted,73,50.9
2025-09-13,Houston,Targeted,43,51.4
2025-09-14,Houston,Targeted,36,52.4
2025-09-15,Houston,Targeted,48,54.6
2025-09-16,Houston,Targeted,78,57.6
2025-09-17,Houston,Targeted,77,59.0
2025-09-18,Houston,Targeted,75,61.4
2025-09-19,Houston,Targeted,79,62.3
2025-09-20,Houston,Targeted,58,64.4
2025-09-21,Houston,Targeted,44,65.6
2025-09-22,Houston,Targeted,53,66.3
2025-09-23,Houston,Targeted,84,67.1
2025-09-24,Houston,Targeted,83,68.0
2025-09-25,Houston,Targeted,91,70.3
2025-09-26,Houston,Targeted,85,71.1
2025-09-27,Houston,Targeted,60,71.4
2025-09-28,Houston,Targeted,29,69.3
2025-09-29,Houston,Targeted,50,68.9
2025-09-30,Houston,Targeted,64,66.0
2025-10-01,Houston,Targeted,94,67.6
2025-10-02,Houston,Targeted,100,68.9
2025-10-03,Houston,Targeted,96,70.4
2025-10-04,Houston,Targeted,49,68.9
2025-10-05,Houston,Targeted,47,71.4
2025-10-06,Houston,Targeted,58,72.6
2025-10-07,Houston,Targeted,88,76.0
2025-10-08,Houston,Targeted,90,75.4
2025-10-09,Houston,Targeted,66,70.6
2025-10-10,Houston,Targeted,103,71.6
2025-10-11,Houston,Targeted,41,70.4
2025-10-12,Houston,Targeted,41,69.6
2025-10-13,Houston,Targeted,31,65.7
2025-10-14,Houston,Targeted,62,62.0
2025-10-15,Houston,Targeted,73,59.6
2025-10-16,Houston,Targeted,82,61.9
2025-10-17,Houston,Targeted,77,58.1
2025-10-18,Houston,Targeted,36,57.4
2025-10-19,Houston,Targeted,38,57.0
2025-10-20,Houston,Targeted,45,59.0
2025-10-21,Houston,Targeted,78,61.3
2025-10-22,Houston,Targeted,64,60.0
2025-10-23,Houston,Targeted,90,61.1
2025-10-24,Houston,Targeted,75,60.9
2025-10-25,Houston,Targeted,57,63.9
2025-10-26,Houston,Targeted,58,66.7
2025-10-27,Houston,Targeted,77,71.3
2025-10-28,Houston,Targeted,60,68.7
2025-10-29,Houston,Targeted,86,71.9
2025-10-30,Houston,Targeted,96,72.7
2025-10-31,Houston,Targeted,73,72.4
2025-11-01,Houston,Targeted,49,71.3
2025-11-02,Houston,Targeted,56,71.0
2025-11-03,Houston,Targeted,83,71.9
2025-11-04,Houston,Targeted,87,75.7
2025-11-05,Houston,Targeted,81,75.0
2025-11-06,Houston,Targeted,86,73.6
2025-11-07,Houston,Targeted,81,74.7
2025-11-08,Houston,Targeted,39,73.3
2025-11-09,Houston,Targeted,36,70.4
2025-11-10,Houston,Targeted,99,72.7
2025-11-11,Houston,Targeted,67,69.9
2025-11-12,Houston,Targeted,97,72.1
2025-11-13,Houston,Targeted,107,75.1
2025-11-14,Houston,Targeted,93,76.9
2025-11-15,Houston,Targeted,80,82.7
2025-11-16,Houston,Targeted,79,88.9
2025-11-17,Houston,Targeted,102,89.3
2025-11-18,Houston,Targeted,100,94.0
2025-11-19,Houston,Targeted,106,95.3
2025-11-20,Houston,Targeted,72,90.3
2025-11-21,Houston,Targeted,94,90.4
2025-11-22,Houston,Targeted,44,85.3
2025-11-23,Houston,Targeted,55,81.9
2025-11-24,Houston,Targeted,75,78.0
2025-11-25,Houston,Targeted,74,74.3
2025-11-26,Houston,Targeted,72,69.4
2025-11-27,Houston,Targeted,24,62.6
2025-11-28,Houston,Targeted,33,53.9
2025-11-29,Houston,Targeted,16,49.9
2025-11-30,Houston,Targeted,15,44.1
2025-12-01,Houston,Targeted,43,39.6
2025-12-02,Houston,Targeted,64,38.1
2025-12-03,Houston,Targeted,98,41.9
2025-12-04,Houston,Targeted,74,49.0
2025-12-05,Houston,Targeted,81,55.9
2025-12-06,Houston,Targeted,61,62.3
2025-12-07,Houston,Targeted,44,66.4
2025-12-08,Houston,Targeted,63,69.3
2025-12-09,Houston,Targeted,63,69.1
2025-12-10,Houston,Targeted,78,66.3
2025-12-11,Houston,Targeted,78,66.9
2025-12-12,Houston,Targeted,66,64.7
2025-12-13,Houston,Targeted,57,64.1
2025-12-14,Houston,Targeted,50,65.0
2025-12-15,Houston,Targeted,52,63.4
2025-12-16,Houston,Targeted,74,65.0
2025-12-17,Houston,Targeted,83,65.7
2025-12-18,Houston,Targeted,74,65.1
2025-12-19,Houston,Targeted,76,66.6
2025-12-20,Houston,Targeted,50,65.6
2025-12-21,Houston,Targeted,51,65.7
2025-12-22,Houston,Targeted,54,66.0
2025-12-23,Houston,Targeted,96,69.1
2025-12-24,Houston,Targeted,40,63.0
2025-12-25,Houston,Targeted,18,55.0
2025-12-26,Houston,Targeted,35,49.1
2025-12-27,Houston,Targeted,40,47.7
2025-12-28,Houston,Targeted,35,45.4
2025-12-29,Houston,Targeted,56,45.7
2025-12-30,Houston,Targeted,60,40.6
2025-12-31,Houston,Targeted,44,41.1
2026-01-01,Houston,Targeted,27,42.4
2026-01-02,Houston,Targeted,50,44.6
2026-01-03,Houston,Targeted,45,45.3
2026-01-04,Houston,Targeted,34,45.1
2026-01-05,Houston,Targeted,57,45.3
2026-01-06,Houston,Targeted,80,48.1
2026-01-07,Houston,Targeted,76,52.7
2026-01-08,Houston,Targeted,78,60.0
2026-01-09,Houston,Targeted,83,64.7
2026-01-10,Houston,Targeted,41,64.1
2026-01-11,Houston,Targeted,51,66.6
2026-01-12,Houston,Targeted,78,69.6
2026-01-13,Houston,Targeted,63,67.1
2026-01-14,Houston,Targeted,87,68.7
2026-01-15,Houston,Targeted,72,67.9
2026-01-16,Houston,Targeted,78,67.1
2026-01-17,Houston,Targeted,61,70.0
2026-01-18,Houston,Targeted,66,72.1
2026-01-19,Houston,Targeted,74,71.6
2026-01-20,Houston,Targeted,52,70.0
2026-01-21,Houston,Targeted,72,67.9
2026-01-22,Houston,Targeted,64,66.7
2026-01-23,Houston,Targeted,70,65.6
2026-01-24,Houston,Targeted,17,59.3
2026-01-26,Houston,Targeted,33,54.6
2026-01-27,Houston,Targeted,51,51.3
2026-01-28,Houston,Targeted,55,51.7
2026-01-29,Houston,Targeted,81,53.0
2026-01-30,Houston,Targeted,59,52.3
2026-01-31,Houston,Targeted,53,49.9
2026-02-01,Houston,Targeted,47,54.1
2026-02-02,Houston,Targeted,47,56.1
2026-02-03,Houston,Targeted,70,58.9
2026-02-04,Houston,Targeted,81,62.6
2026-02-05,Houston,Targeted,63,60.0
2026-02-06,Houston,Targeted,47,58.3
2026-02-07,Houston,Targeted,47,57.4
2026-02-08,Houston,Targeted,30,55.0
2026-02-09,Houston,Targeted,51,55.6
2026-02-10,Houston,Targeted,68,55.3
2026-02-11,Houston,Targeted,52,51.1
2026-02-12,Houston,Targeted,38,47.6
2026-02-13,Houston,Targeted,59,49.3
2026-02-14,Houston,Targeted,46,49.1
2026-02-15,Houston,Targeted,37,50.1
2026-02-16,Houston,Targeted,33,47.6
2026-02-17,Houston,Targeted,75,48.6
2026-02-18,Houston,Targeted,85,53.3
2026-02-19,Houston,Targeted,68,57.6
2026-02-20,Houston,Targeted,45,55.6
2026-02-21,Houston,Targeted,37,54.3
2026-02-22,Houston,Targeted,18,51.6
2026-02-23,Houston,Targeted,59,55.3
2026-02-24,Houston,Targeted,89,57.3
2026-02-25,Houston,Targeted,62,54.0
2026-02-26,Houston,Targeted,55,52.1
2026-02-27,Houston,Targeted,32,50.3
2026-02-28,Houston,Targeted,40,50.7
2026-03-01,Houston,Targeted,23,51.4
2026-03-02,Houston,Targeted,44,49.3
2026-03-03,Houston,Targeted,55,44.4
2026-03-04,Houston,Targeted,64,44.7
2026-03-05,Houston,Targeted,61,45.6
2026-03-06,Houston,Targeted,68,50.7
2026-03-07,Houston,Targeted,55,52.9
2026-03-08,Houston,Targeted,20,52.4
2026-03-09,Houston,Targeted,42,52.1
2026-03-10,Houston,Targeted,59,52.7
2025-08-19,Houston,Unknown,2,2.0
2025-09-24,Houston,Unknown,1,1.5
2025-09-26,Houston,Unknown,1,1.3
2025-09-30,Houston,Unknown,4,2.0
2025-10-08,Houston,Unknown,1,1.8
2025-10-10,Houston,Unknown,1,1.7
2025-10-14,Houston,Unknown,1,1.6
2025-10-17,Houston,Unknown,1,1.4
2025-10-21,Houston,Unknown,2,1.6
2025-10-28,Houston,Unknown,2,1.7
2025-11-23,Houston,Unknown,1,1.3
2025-12-04,Houston,Unknown,1,1.3
2025-12-10,Houston,Unknown,1,1.3
2025-12-24,Houston,Unknown,1,1.3
2025-12-26,Houston,Unknown,2,1.4
2025-08-08,Los Angeles,Collateral,10,10.0
2025-08-09,Los Angeles,Collateral,11,10.5
2025-08-10,Los Angeles,Collateral,15,12.0
2025-08-11,Los Angeles,Collateral,4,10.0
2025-08-12,Los Angeles,Collateral,10,10.0
2025-08-13,Los Angeles,Collateral,11,10.2
2025-08-14,Los Angeles,Collateral,3,9.1
2025-08-15,Los Angeles,Collateral,4,8.3
2025-08-16,Los Angeles,Collateral,4,7.3
2025-08-17,Los Angeles,Collateral,5,5.9
2025-08-18,Los Angeles,Collateral,2,5.6
2025-08-19,Los Angeles,Collateral,5,4.9
2025-08-20,Los Angeles,Collateral,7,4.3
2025-08-21,Los Angeles,Collateral,9,5.1
2025-08-22,Los Angeles,Collateral,1,4.7
2025-08-23,Los Angeles,Collateral,1,4.3
2025-08-24,Los Angeles,Collateral,5,4.3
2025-08-25,Los Angeles,Collateral,9,5.3
2025-08-26,Los Angeles,Collateral,4,5.1
2025-08-27,Los Angeles,Collateral,10,5.6
2025-08-28,Los Angeles,Collateral,8,5.4
2025-08-29,Los Angeles,Collateral,12,7.0
2025-09-01,Los Angeles,Collateral,5,7.6
2025-09-02,Los Angeles,Collateral,8,8.0
2025-09-03,Los Angeles,Collateral,3,7.1
2025-09-04,Los Angeles,Collateral,4,7.1
2025-09-05,Los Angeles,Collateral,2,6.0
2025-09-06,Los Angeles,Collateral,1,5.0
2025-09-07,Los Angeles,Collateral,4,3.9
2025-09-08,Los Angeles,Collateral,1,3.3
2025-09-09,Los Angeles,Collateral,9,3.4
2025-09-10,Los Angeles,Collateral,4,3.6
2025-09-11,Los Angeles,Collateral,5,3.7
2025-09-12,Los Angeles,Collateral,2,3.7
2025-09-13,Los Angeles,Collateral,7,4.6
2025-09-14,Los Angeles,Collateral,5,4.7
2025-09-15,Los Angeles,Collateral,5,5.3
2025-09-16,Los Angeles,Collateral,8,5.1
2025-09-17,Los Angeles,Collateral,13,6.4
2025-09-18,Los Angeles,Collateral,3,6.1
2025-09-19,Los Angeles,Collateral,4,6.4
2025-09-20,Los Angeles,Collateral,4,6.0
2025-09-21,Los Angeles,Collateral,2,5.6
2025-09-22,Los Angeles,Collateral,6,5.7
2025-09-23,Los Angeles,Collateral,13,6.4
2025-09-24,Los Angeles,Collateral,11,6.1
2025-09-25,Los Angeles,Collateral,8,6.9
2025-09-26,Los Angeles,Collateral,15,8.4
2025-09-27,Los Angeles,Collateral,16,10.1
2025-09-28,Los Angeles,Collateral,6,10.7
2025-09-29,Los Angeles,Collateral,16,12.1
2025-09-30,Los Angeles,Collateral,5,11.0
2025-10-01,Los Angeles,Collateral,6,10.3
2025-10-02,Los Angeles,Collateral,3,9.6
2025-10-03,Los Angeles,Collateral,3,7.9
2025-10-04,Los Angeles,Collateral,10,7.0
2025-10-05,Los Angeles,Collateral,4,6.7
2025-10-06,Los Angeles,Collateral,12,6.1
2025-10-07,Los Angeles,Collateral,23,8.7
2025-10-08,Los Angeles,Collateral,25,11.4
2025-10-09,Los Angeles,Collateral,16,13.3
2025-10-10,Los Angeles,Collateral,23,16.1
2025-10-11,Los Angeles,Collateral,2,15.0
2025-10-12,Los Angeles,Collateral,7,15.4
2025-10-13,Los Angeles,Collateral,22,16.9
2025-10-14,Los Angeles,Collateral,22,16.7
2025-10-15,Los Angeles,Collateral,5,13.9
2025-10-16,Los Angeles,Collateral,13,13.4
2025-10-17,Los Angeles,Collateral,10,11.6
2025-10-18,Los Angeles,Collateral,8,12.4
2025-10-19,Los Angeles,Collateral,11,13.0
2025-10-20,Los Angeles,Collateral,11,11.4
2025-10-21,Los Angeles,Collateral,12,10.0
2025-10-22,Los Angeles,Collateral,7,10.3
2025-10-23,Los Angeles,Collateral,4,9.0
2025-10-24,Los Angeles,Collateral,1,7.7
2025-10-25,Los Angeles,Collateral,9,7.9
2025-10-26,Los Angeles,Collateral,9,7.6
2025-10-27,Los Angeles,Collateral,26,9.7
2025-10-28,Los Angeles,Collateral,27,11.9
2025-10-29,Los Angeles,Collateral,14,12.9
2025-10-30,Los Angeles,Collateral,28,16.3
2025-10-31,Los Angeles,Collateral,17,18.6
2025-11-01,Los Angeles,Collateral,5,18.0
2025-11-02,Los Angeles,Collateral,18,19.3
2025-11-03,Los Angeles,Collateral,3,16.0
2025-11-04,Los Angeles,Collateral,17,14.6
2025-11-05,Los Angeles,Collateral,29,16.7
2025-11-06,Los Angeles,Collateral,9,14.0
2025-11-07,Los Angeles,Collateral,30,15.9
2025-11-08,Los Angeles,Collateral,8,16.3
2025-11-09,Los Angeles,Collateral,9,15.0
2025-11-10,Los Angeles,Collateral,22,17.7
2025-11-11,Los Angeles,Collateral,25,18.9
2025-11-12,Los Angeles,Collateral,23,18.0
2025-11-13,Los Angeles,Collateral,17,19.1
2025-11-14,Los Angeles,Collateral,6,15.7
2025-11-15,Los Angeles,Collateral,8,15.7
2025-11-16,Los Angeles,Collateral,15,16.6
2025-11-17,Los Angeles,Collateral,24,16.9
2025-11-18,Los Angeles,Collateral,22,16.4
2025-11-19,Los Angeles,Collateral,33,17.9
2025-11-20,Los Angeles,Collateral,26,19.1
2025-11-21,Los Angeles,Collateral,8,19.4
2025-11-22,Los Angeles,Collateral,4,18.9
2025-11-23,Los Angeles,Collateral,3,17.1
2025-11-24,Los Angeles,Collateral,2,14.0
2025-11-25,Los Angeles,Collateral,4,11.4
2025-11-26,Los Angeles,Collateral,8,7.9
2025-11-27,Los Angeles,Collateral,2,4.4
2025-11-28,Los Angeles,Collateral,3,3.7
2025-11-29,Los Angeles,Collateral,2,3.4
2025-11-30,Los Angeles,Collateral,5,3.7
2025-12-01,Los Angeles,Collateral,3,3.9
2025-12-02,Los Angeles,Collateral,4,3.9
2025-12-03,Los Angeles,Collateral,7,3.7
2025-12-04,Los Angeles,Collateral,7,4.4
2025-12-05,Los Angeles,Collateral,9,5.3
2025-12-06,Los Angeles,Collateral,4,5.6
2025-12-07,Los Angeles,Collateral,10,6.3
2025-12-08,Los Angeles,Collateral,8,7.0
2025-12-09,Los Angeles,Collateral,8,7.6
2025-12-10,Los Angeles,Collateral,18,9.1
2025-12-11,Los Angeles,Collateral,8,9.3
2025-12-12,Los Angeles,Collateral,4,8.6
2025-12-13,Los Angeles,Collateral,17,10.4
2025-12-14,Los Angeles,Collateral,9,10.3
2025-12-15,Los Angeles,Collateral,8,10.3
2025-12-16,Los Angeles,Collateral,26,12.9
2025-12-17,Los Angeles,Collateral,24,13.7
2025-12-18,Los Angeles,Collateral,13,14.4
2025-12-19,Los Angeles,Collateral,9,15.1
2025-12-20,Los Angeles,Collateral,1,12.9
2025-12-21,Los Angeles,Collateral,7,12.6
2025-12-22,Los Angeles,Collateral,2,11.7
2025-12-23,Los Angeles,Collateral,20,10.9
2025-12-24,Los Angeles,Collateral,2,7.7
2025-12-25,Los Angeles,Collateral,12,7.6
2025-12-26,Los Angeles,Collateral,2,6.6
2025-12-27,Los Angeles,Collateral,20,9.3
2025-12-28,Los Angeles,Collateral,17,10.7
2025-12-29,Los Angeles,Collateral,32,15.0
2025-12-30,Los Angeles,Collateral,21,15.1
2025-12-31,Los Angeles,Collateral,8,16.0
2026-01-01,Los Angeles,Collateral,7,15.3
2026-01-02,Los Angeles,Collateral,1,15.1
2026-01-04,Los Angeles,Collateral,7,13.3
2026-01-05,Los Angeles,Collateral,8,12.0
2026-01-06,Los Angeles,Collateral,3,7.9
2026-01-07,Los Angeles,Collateral,6,5.7
2026-01-08,Los Angeles,Collateral,10,6.0
2026-01-09,Los Angeles,Collateral,2,5.3
2026-01-10,Los Angeles,Collateral,2,5.4
2026-01-11,Los Angeles,Collateral,3,4.9
2026-01-12,Los Angeles,Collateral,10,5.1
2026-01-13,Los Angeles,Collateral,7,5.7
2026-01-14,Los Angeles,Collateral,15,7.0
2026-01-15,Los Angeles,Collateral,12,7.3
2026-01-16,Los Angeles,Collateral,7,8.0
2026-01-17,Los Angeles,Collateral,1,7.9
2026-01-18,Los Angeles,Collateral,8,8.6
2026-01-19,Los Angeles,Collateral,11,8.7
2026-01-20,Los Angeles,Collateral,24,11.1
2026-01-21,Los Angeles,Collateral,11,10.6
2026-01-22,Los Angeles,Collateral,8,10.0
2026-01-23,Los Angeles,Collateral,16,11.3
2026-01-24,Los Angeles,Collateral,3,11.6
2026-01-25,Los Angeles,Collateral,8,11.6
2026-01-26,Los Angeles,Collateral,10,11.4
2026-01-27,Los Angeles,Collateral,11,9.6
2026-01-28,Los Angeles,Collateral,6,8.9
2026-01-29,Los Angeles,Collateral,7,8.7
2026-01-30,Los Angeles,Collateral,4,7.0
2026-01-31,Los Angeles,Collateral,2,6.9
2026-02-01,Los Angeles,Collateral,1,5.9
2026-02-02,Los Angeles,Collateral,14,6.4
2026-02-03,Los Angeles,Collateral,7,5.9
2026-02-06,Los Angeles,Collateral,2,5.3
2026-02-07,Los Angeles,Collateral,1,4.4
2026-02-09,Los Angeles,Collateral,1,4.0
2026-02-10,Los Angeles,Collateral,2,4.0
2026-02-11,Los Angeles,Collateral,3,4.3
2026-02-12,Los Angeles,Collateral,2,2.6
2026-02-13,Los Angeles,Collateral,3,2.0
2026-02-15,Los Angeles,Collateral,3,2.1
2026-02-16,Los Angeles,Collateral,1,2.1
2026-02-17,Los Angeles,Collateral,1,2.1
2026-02-18,Los Angeles,Collateral,2,2.1
2026-02-19,Los Angeles,Collateral,3,2.1
2026-02-20,Los Angeles,Collateral,5,2.6
2026-02-23,Los Angeles,Collateral,2,2.4
2026-02-24,Los Angeles,Collateral,1,2.1
2026-02-26,Los Angeles,Collateral,1,2.1
2026-02-27,Los Angeles,Collateral,1,2.1
2026-03-03,Los Angeles,Collateral,3,2.3
2026-03-04,Los Angeles,Collateral,2,2.1
2026-03-08,Los Angeles,Collateral,1,1.6
2026-03-09,Los Angeles,Collateral,1,1.4
2026-03-10,Los Angeles,Collateral,2,1.6
2025-08-08,Los Angeles,Targeted,34,34.0
2025-08-09,Los Angeles,Targeted,7,20.5
2025-08-10,Los Angeles,Targeted,4,15.0
2025-08-11,Los Angeles,Targeted,47,23.0
2025-08-12,Los Angeles,Targeted,40,26.4
2025-08-13,Los Angeles,Targeted,25,26.2
2025-08-14,Los Angeles,Targeted,51,29.7
2025-08-15,Los Angeles,Targeted,41,30.7
2025-08-16,Los Angeles,Targeted,13,31.6
2025-08-17,Los Angeles,Targeted,18,33.6
2025-08-18,Los Angeles,Targeted,36,32.0
2025-08-19,Los Angeles,Targeted,56,34.3
2025-08-20,Los Angeles,Targeted,41,36.6
2025-08-21,Los Angeles,Targeted,49,36.3
2025-08-22,Los Angeles,Targeted,49,37.4
2025-08-23,Los Angeles,Targeted,5,36.3
2025-08-24,Los Angeles,Targeted,8,34.9
2025-08-25,Los Angeles,Targeted,40,35.4
2025-08-26,Los Angeles,Targeted,43,33.6
2025-08-27,Los Angeles,Targeted,45,34.1
2025-08-28,Los Angeles,Targeted,43,33.3
2025-08-29,Los Angeles,Targeted,41,32.1
2025-08-30,Los Angeles,Targeted,7,32.4
2025-08-31,Los Angeles,Targeted,10,32.7
2025-09-01,Los Angeles,Targeted,10,28.4
2025-09-02,Los Angeles,Targeted,55,30.1
2025-09-03,Los Angeles,Targeted,44,30.0
2025-09-04,Los Angeles,Targeted,46,30.4
2025-09-05,Los Angeles,Targeted,46,31.1
2025-09-06,Los Angeles,Targeted,11,31.7
2025-09-07,Los Angeles,Targeted,14,32.3
2025-09-08,Los Angeles,Targeted,53,38.4
2025-09-09,Los Angeles,Targeted,48,37.4
2025-09-10,Los Angeles,Targeted,36,36.3
2025-09-11,Los Angeles,Targeted,48,36.6
2025-09-12,Los Angeles,Targeted,56,38.0
2025-09-13,Los Angeles,Targeted,6,37.3
2025-09-14,Los Angeles,Targeted,4,35.9
2025-09-15,Los Angeles,Targeted,22,31.4
2025-09-16,Los Angeles,Targeted,63,33.6
2025-09-17,Los Angeles,Targeted,52,35.9
2025-09-18,Los Angeles,Targeted,38,34.4
2025-09-19,Los Angeles,Targeted,41,32.3
2025-09-20,Los Angeles,Targeted,6,32.3
2025-09-21,Los Angeles,Targeted,5,32.4
2025-09-22,Los Angeles,Targeted,36,34.4
2025-09-23,Los Angeles,Targeted,60,34.0
2025-09-24,Los Angeles,Targeted,35,31.6
2025-09-25,Los Angeles,Targeted,37,31.4
2025-09-26,Los Angeles,Targeted,30,29.9
2025-09-27,Los Angeles,Targeted,7,30.0
2025-09-28,Los Angeles,Targeted,2,29.6
2025-09-29,Los Angeles,Targeted,43,30.6
2025-09-30,Los Angeles,Targeted,41,27.9
2025-10-01,Los Angeles,Targeted,43,29.0
2025-10-02,Los Angeles,Targeted,44,30.0
2025-10-03,Los Angeles,Targeted,41,31.6
2025-10-04,Los Angeles,Targeted,5,31.3
2025-10-05,Los Angeles,Targeted,3,31.4
2025-10-06,Los Angeles,Targeted,50,32.4
2025-10-07,Los Angeles,Targeted,44,32.9
2025-10-08,Los Angeles,Targeted,27,30.6
2025-10-09,Los Angeles,Targeted,44,30.6
2025-10-10,Los Angeles,Targeted,23,28.0
2025-10-11,Los Angeles,Targeted,2,27.6
2025-10-12,Los Angeles,Targeted,7,28.1
2025-10-13,Los Angeles,Targeted,10,22.4
2025-10-14,Los Angeles,Targeted,50,23.3
2025-10-15,Los Angeles,Targeted,62,28.3
2025-10-16,Los Angeles,Targeted,41,27.9
2025-10-17,Los Angeles,Targeted,32,29.1
2025-10-18,Los Angeles,Targeted,9,30.1
2025-10-19,Los Angeles,Targeted,9,30.4
2025-10-20,Los Angeles,Targeted,19,31.7
2025-10-21,Los Angeles,Targeted,39,30.1
2025-10-22,Los Angeles,Targeted,39,26.9
2025-10-23,Los Angeles,Targeted,46,27.6
2025-10-24,Los Angeles,Targeted,33,27.7
2025-10-25,Los Angeles,Targeted,10,27.9
2025-10-26,Los Angeles,Targeted,12,28.3
2025-10-27,Los Angeles,Targeted,30,29.9
2025-10-28,Los Angeles,Targeted,32,28.9
2025-10-29,Los Angeles,Targeted,51,30.6
2025-10-30,Los Angeles,Targeted,47,30.7
2025-10-31,Los Angeles,Targeted,30,30.3
2025-11-01,Los Angeles,Targeted,3,29.3
2025-11-02,Los Angeles,Targeted,8,28.7
2025-11-03,Los Angeles,Targeted,40,30.1
2025-11-04,Los Angeles,Targeted,35,30.6
2025-11-05,Los Angeles,Targeted,31,27.7
2025-11-06,Los Angeles,Targeted,60,29.6
2025-11-07,Los Angeles,Targeted,20,28.1
2025-11-08,Los Angeles,Targeted,7,28.7
2025-11-09,Los Angeles,Targeted,11,29.1
2025-11-10,Los Angeles,Targeted,28,27.4
2025-11-11,Los Angeles,Targeted,14,24.4
2025-11-12,Los Angeles,Targeted,44,26.3
2025-11-13,Los Angeles,Targeted,58,26.0
2025-11-14,Los Angeles,Targeted,49,30.1
2025-11-15,Los Angeles,Targeted,2,29.4
2025-11-16,Los Angeles,Targeted,19,30.6
2025-11-17,Los Angeles,Targeted,36,31.7
2025-11-18,Los Angeles,Targeted,48,36.6
2025-11-19,Los Angeles,Targeted,37,35.6
2025-11-20,Los Angeles,Targeted,49,34.3
2025-11-21,Los Angeles,Targeted,42,33.3
2025-11-22,Los Angeles,Targeted,6,33.9
2025-11-23,Los Angeles,Targeted,6,32.0
2025-11-24,Los Angeles,Targeted,28,30.9
2025-11-25,Los Angeles,Targeted,50,31.1
2025-11-26,Los Angeles,Targeted,37,31.1
2025-11-27,Los Angeles,Targeted,5,24.9
2025-11-28,Los Angeles,Targeted,26,22.6
2025-11-29,Los Angeles,Targeted,4,22.3
2025-11-30,Los Angeles,Targeted,8,22.6
2025-12-01,Los Angeles,Targeted,31,23.0
2025-12-02,Los Angeles,Targeted,73,26.3
2025-12-03,Los Angeles,Targeted,60,29.6
2025-12-04,Los Angeles,Targeted,77,39.9
2025-12-05,Los Angeles,Targeted,54,43.9
2025-12-06,Los Angeles,Targeted,9,44.6
2025-12-07,Los Angeles,Targeted,24,46.9
2025-12-08,Los Angeles,Targeted,62,51.3
2025-12-09,Los Angeles,Targeted,66,50.3
2025-12-10,Los Angeles,Targeted,72,52.0
2025-12-11,Los Angeles,Targeted,74,51.6
2025-12-12,Los Angeles,Targeted,34,48.7
2025-12-13,Los Angeles,Targeted,12,49.1
2025-12-14,Los Angeles,Targeted,16,48.0
2025-12-15,Los Angeles,Targeted,51,46.4
2025-12-16,Los Angeles,Targeted,73,47.4
2025-12-17,Los Angeles,Targeted,84,49.1
2025-12-18,Los Angeles,Targeted,75,49.3
2025-12-19,Los Angeles,Targeted,50,51.6
2025-12-20,Los Angeles,Targeted,12,51.6
2025-12-21,Los Angeles,Targeted,10,50.7
2025-12-22,Los Angeles,Targeted,37,48.7
2025-12-23,Los Angeles,Targeted,70,48.3
2025-12-24,Los Angeles,Targeted,12,38.0
2025-12-25,Los Angeles,Targeted,6,28.1
2025-12-26,Los Angeles,Targeted,8,22.1
2025-12-27,Los Angeles,Targeted,23,23.7
2025-12-28,Los Angeles,Targeted,11,23.9
2025-12-29,Los Angeles,Targeted,36,23.7
2025-12-30,Los Angeles,Targeted,38,19.1
2025-12-31,Los Angeles,Targeted,37,22.7
2026-01-01,Los Angeles,Targeted,9,23.1
2026-01-02,Los Angeles,Targeted,21,25.0
2026-01-03,Los Angeles,Targeted,2,22.0
2026-01-04,Los Angeles,Targeted,1,20.6
2026-01-05,Los Angeles,Targeted,26,19.1
2026-01-06,Los Angeles,Targeted,63,22.7
2026-01-07,Los Angeles,Targeted,72,27.7
2026-01-08,Los Angeles,Targeted,52,33.9
2026-01-09,Los Angeles,Targeted,64,40.0
2026-01-10,Los Angeles,Targeted,19,42.4
2026-01-11,Los Angeles,Targeted,16,44.6
2026-01-12,Los Angeles,Targeted,46,47.4
2026-01-13,Los Angeles,Targeted,55,46.3
2026-01-14,Los Angeles,Targeted,71,46.1
2026-01-15,Los Angeles,Targeted,51,46.0
2026-01-16,Los Angeles,Targeted,46,43.4
2026-01-17,Los Angeles,Targeted,23,44.0
2026-01-18,Los Angeles,Targeted,25,45.3
2026-01-19,Los Angeles,Targeted,32,43.3
2026-01-20,Los Angeles,Targeted,56,43.4
2026-01-21,Los Angeles,Targeted,61,42.0
2026-01-22,Los Angeles,Targeted,56,42.7
2026-01-23,Los Angeles,Targeted,52,43.6
2026-01-24,Los Angeles,Targeted,25,43.9
2026-01-25,Los Angeles,Targeted,16,42.6
2026-01-26,Los Angeles,Targeted,47,44.7
2026-01-27,Los Angeles,Targeted,71,46.9
2026-01-28,Los Angeles,Targeted,62,47.0
2026-01-29,Los Angeles,Targeted,63,48.0
2026-01-30,Los Angeles,Targeted,32,45.1
2026-01-31,Los Angeles,Targeted,6,42.4
2026-02-01,Los Angeles,Targeted,7,41.1
2026-02-02,Los Angeles,Targeted,28,38.4
2026-02-03,Los Angeles,Targeted,45,34.7
2026-02-04,Los Angeles,Targeted,33,30.6
2026-02-05,Los Angeles,Targeted,49,28.6
2026-02-06,Los Angeles,Targeted,24,27.4
2026-02-07,Los Angeles,Targeted,4,27.1
2026-02-08,Los Angeles,Targeted,4,26.7
2026-02-09,Los Angeles,Targeted,27,26.6
2026-02-10,Los Angeles,Targeted,43,26.3
2026-02-11,Los Angeles,Targeted,29,25.7
2026-02-12,Los Angeles,Targeted,41,24.6
2026-02-13,Los Angeles,Targeted,24,24.6
2026-02-14,Los Angeles,Targeted,4,24.6
2026-02-15,Los Angeles,Targeted,5,24.7
2026-02-16,Los Angeles,Targeted,8,22.0
2026-02-17,Los Angeles,Targeted,43,22.0
2026-02-18,Los Angeles,Targeted,31,22.3
2026-02-19,Los Angeles,Targeted,39,22.0
2026-02-20,Los Angeles,Targeted,31,23.0
2026-02-21,Los Angeles,Targeted,6,23.3
2026-02-22,Los Angeles,Targeted,4,23.1
2026-02-23,Los Angeles,Targeted,19,24.7
2026-02-24,Los Angeles,Targeted,38,24.0
2026-02-25,Los Angeles,Targeted,33,24.3
2026-02-26,Los Angeles,Targeted,41,24.6
2026-02-27,Los Angeles,Targeted,43,26.3
2026-02-28,Los Angeles,Targeted,27,29.3
2026-03-01,Los Angeles,Targeted,7,29.7
2026-03-02,Los Angeles,Targeted,25,30.6
2026-03-03,Los Angeles,Targeted,45,31.6
2026-03-04,Los Angeles,Targeted,36,32.0
2026-03-05,Los Angeles,Targeted,38,31.6
2026-03-06,Los Angeles,Targeted,30,29.7
2026-03-07,Los Angeles,Targeted,5,26.6
2026-03-08,Los Angeles,Targeted,3,26.0
2026-03-09,Los Angeles,Targeted,23,25.7
2026-03-10,Los Angeles,Targeted,39,24.9
2025-10-22,Los Angeles,Unknown,1,1.0
2025-10-26,Los Angeles,Unknown,1,1.0
2025-10-27,Los Angeles,Unknown,1,1.0
2025-10-29,Los Angeles,Unknown,1,1.0
2025-11-02,Los Angeles,Unknown,2,1.2
2026-01-08,Los Angeles,Unknown,1,1.2
2026-01-16,Los Angeles,Unknown,1,1.1
2026-01-26,Los Angeles,Unknown,1,1.1
2025-08-08,Miami,Collateral,13,13.0
2025-08-09,Miami,Collateral,5,9.0
2025-08-10,Miami,Collateral,3,7.0
2025-08-11,Miami,Collateral,10,7.8
2025-08-12,Miami,Collateral,10,8.2
2025-08-13,Miami,Collateral,13,9.0
2025-08-14,Miami,Collateral,19,10.4
2025-08-15,Miami,Collateral,11,10.1
2025-08-16,Miami,Collateral,9,10.7
2025-08-17,Miami,Collateral,12,12.0
2025-08-18,Miami,Collateral,12,12.3
2025-08-19,Miami,Collateral,30,15.1
2025-08-20,Miami,Collateral,32,17.9
2025-08-21,Miami,Collateral,33,19.9
2025-08-22,Miami,Collateral,10,19.7
2025-08-23,Miami,Collateral,49,25.4
2025-08-24,Miami,Collateral,4,24.3
2025-08-25,Miami,Collateral,8,23.7
2025-08-26,Miami,Collateral,14,21.4
2025-08-27,Miami,Collateral,14,18.9
2025-08-28,Miami,Collateral,13,16.0
2025-08-29,Miami,Collateral,9,15.9
2025-08-30,Miami,Collateral,5,9.6
2025-08-31,Miami,Collateral,4,9.6
2025-09-01,Miami,Collateral,6,9.3
2025-09-02,Miami,Collateral,13,9.1
2025-09-03,Miami,Collateral,18,9.7
2025-09-04,Miami,Collateral,21,10.9
2025-09-05,Miami,Collateral,10,11.0
2025-09-06,Miami,Collateral,10,11.7
2025-09-07,Miami,Collateral,9,12.4
2025-09-08,Miami,Collateral,15,13.7
2025-09-09,Miami,Collateral,22,15.0
2025-09-10,Miami,Collateral,25,16.0
2025-09-11,Miami,Collateral,21,16.0
2025-09-12,Miami,Collateral,13,16.4
2025-09-13,Miami,Collateral,14,17.0
2025-09-14,Miami,Collateral,14,17.7
2025-09-15,Miami,Collateral,21,18.6
2025-09-16,Miami,Collateral,24,18.9
2025-09-17,Miami,Collateral,46,21.9
2025-09-18,Miami,Collateral,28,22.9
2025-09-19,Miami,Collateral,28,25.0
2025-09-20,Miami,Collateral,16,25.3
2025-09-21,Miami,Collateral,10,24.7
2025-09-22,Miami,Collateral,51,29.0
2025-09-23,Miami,Collateral,59,34.0
2025-09-24,Miami,Collateral,35,32.4
2025-09-25,Miami,Collateral,55,36.3
2025-09-26,Miami,Collateral,39,37.9
2025-09-27,Miami,Collateral,16,37.9
2025-09-28,Miami,Collateral,13,38.3
2025-09-29,Miami,Collateral,11,32.6
2025-09-30,Miami,Collateral,26,27.9
2025-10-01,Miami,Collateral,21,25.9
2025-10-02,Miami,Collateral,26,21.7
2025-10-03,Miami,Collateral,25,19.7
2025-10-04,Miami,Collateral,18,20.0
2025-10-05,Miami,Collateral,20,21.0
2025-10-06,Miami,Collateral,17,21.9
2025-10-07,Miami,Collateral,20,21.0
2025-10-08,Miami,Collateral,14,20.0
2025-10-09,Miami,Collateral,26,20.0
2025-10-10,Miami,Collateral,16,18.7
2025-10-11,Miami,Collateral,11,17.7
2025-10-12,Miami,Collateral,11,16.4
2025-10-13,Miami,Collateral,14,16.0
2025-10-14,Miami,Collateral,23,16.4
2025-10-15,Miami,Collateral,16,16.7
2025-10-16,Miami,Collateral,22,16.1
2025-10-17,Miami,Collateral,35,18.9
2025-10-18,Miami,Collateral,16,19.6
2025-10-19,Miami,Collateral,13,19.9
2025-10-20,Miami,Collateral,19,20.6
2025-10-21,Miami,Collateral,23,20.6
2025-10-22,Miami,Collateral,44,24.6
2025-10-23,Miami,Collateral,45,27.9
2025-10-24,Miami,Collateral,20,25.7
2025-10-25,Miami,Collateral,45,29.9
2025-10-26,Miami,Collateral,20,30.9
2025-10-27,Miami,Collateral,13,30.0
2025-10-28,Miami,Collateral,22,29.9
2025-10-29,Miami,Collateral,31,28.0
2025-10-30,Miami,Collateral,26,25.3
2025-10-31,Miami,Collateral,14,24.4
2025-11-01,Miami,Collateral,21,21.0
2025-11-02,Miami,Collateral,11,19.7
2025-11-03,Miami,Collateral,28,21.9
2025-11-04,Miami,Collateral,13,20.6
2025-11-05,Miami,Collateral,33,20.9
2025-11-06,Miami,Collateral,28,21.1
2025-11-07,Miami,Collateral,23,22.4
2025-11-08,Miami,Collateral,33,24.1
2025-11-09,Miami,Collateral,22,25.7
2025-11-10,Miami,Collateral,20,24.6
2025-11-11,Miami,Collateral,14,24.7
2025-11-12,Miami,Collateral,28,24.0
2025-11-13,Miami,Collateral,33,24.7
2025-11-14,Miami,Collateral,29,25.6
2025-11-15,Miami,Collateral,36,26.0
2025-11-16,Miami,Collateral,13,24.7
2025-11-17,Miami,Collateral,12,23.6
2025-11-18,Miami,Collateral,17,24.0
2025-11-19,Miami,Collateral,29,24.1
2025-11-20,Miami,Collateral,23,22.7
2025-11-21,Miami,Collateral,36,23.7
2025-11-22,Miami,Collateral,17,21.0
2025-11-23,Miami,Collateral,12,20.9
2025-11-24,Miami,Collateral,13,21.0
2025-11-25,Miami,Collateral,25,22.1
2025-11-26,Miami,Collateral,20,20.9
2025-11-27,Miami,Collateral,10,19.0
2025-11-28,Miami,Collateral,30,18.1
2025-11-29,Miami,Collateral,13,17.6
2025-11-30,Miami,Collateral,12,17.6
2025-12-01,Miami,Collateral,38,21.1
2025-12-02,Miami,Collateral,31,22.0
2025-12-03,Miami,Collateral,42,25.1
2025-12-04,Miami,Collateral,45,30.1
2025-12-05,Miami,Collateral,22,29.0
2025-12-06,Miami,Collateral,35,32.1
2025-12-07,Miami,Collateral,23,33.7
2025-12-08,Miami,Collateral,27,32.1
2025-12-09,Miami,Collateral,35,32.7
2025-12-10,Miami,Collateral,26,30.4
2025-12-11,Miami,Collateral,37,29.3
2025-12-12,Miami,Collateral,34,31.0
2025-12-13,Miami,Collateral,31,30.4
2025-12-14,Miami,Collateral,14,29.1
2025-12-15,Miami,Collateral,31,29.7
2025-12-16,Miami,Collateral,36,29.9
2025-12-17,Miami,Collateral,28,30.1
2025-12-18,Miami,Collateral,24,28.3
2025-12-19,Miami,Collateral,22,26.6
2025-12-20,Miami,Collateral,20,25.0
2025-12-21,Miami,Collateral,15,25.1
2025-12-22,Miami,Collateral,17,23.1
2025-12-23,Miami,Collateral,15,20.1
2025-12-24,Miami,Collateral,19,18.9
2025-12-25,Miami,Collateral,22,18.6
2025-12-26,Miami,Collateral,14,17.4
2025-12-27,Miami,Collateral,25,18.1
2025-12-28,Miami,Collateral,17,18.4
2025-12-29,Miami,Collateral,16,18.3
2025-12-30,Miami,Collateral,18,18.7
2025-12-31,Miami,Collateral,21,19.0
2026-01-01,Miami,Collateral,9,17.1
2026-01-02,Miami,Collateral,21,18.1
2026-01-03,Miami,Collateral,25,18.1
2026-01-04,Miami,Collateral,23,19.0
2026-01-05,Miami,Collateral,23,20.0
2026-01-06,Miami,Collateral,21,20.4
2026-01-07,Miami,Collateral,36,22.6
2026-01-08,Miami,Collateral,28,25.3
2026-01-09,Miami,Collateral,34,27.1
2026-01-10,Miami,Collateral,35,28.6
2026-01-11,Miami,Collateral,32,29.9
2026-01-12,Miami,Collateral,19,29.3
2026-01-13,Miami,Collateral,64,35.4
2026-01-14,Miami,Collateral,39,35.9
2026-01-15,Miami,Collateral,47,38.6
2026-01-16,Miami,Collateral,21,36.7
2026-01-17,Miami,Collateral,23,35.0
2026-01-18,Miami,Collateral,7,31.4
2026-01-19,Miami,Collateral,18,31.3
2026-01-20,Miami,Collateral,18,24.7
2026-01-21,Miami,Collateral,28,23.1
2026-01-22,Miami,Collateral,23,19.7
2026-01-23,Miami,Collateral,20,19.6
2026-01-24,Miami,Collateral,18,18.9
2026-01-25,Miami,Collateral,7,18.9
2026-01-26,Miami,Collateral,26,20.0
2026-01-27,Miami,Collateral,12,19.1
2026-01-28,Miami,Collateral,20,18.0
2026-01-29,Miami,Collateral,19,17.4
2026-01-30,Miami,Collateral,14,16.6
2026-01-31,Miami,Collateral,17,16.4
2026-02-01,Miami,Collateral,13,17.3
2026-02-02,Miami,Collateral,11,15.1
2026-02-03,Miami,Collateral,16,15.7
2026-02-04,Miami,Collateral,12,14.6
2026-02-05,Miami,Collateral,19,14.6
2026-02-06,Miami,Collateral,27,16.4
2026-02-07,Miami,Collateral,23,17.3
2026-02-08,Miami,Collateral,9,16.7
2026-02-09,Miami,Collateral,20,18.0
2026-02-10,Miami,Collateral,20,18.6
2026-02-11,Miami,Collateral,15,19.0
2026-02-12,Miami,Collateral,15,18.4
2026-02-13,Miami,Collateral,24,18.0
2026-02-14,Miami,Collateral,17,17.1
2026-02-15,Miami,Collateral,10,17.3
2026-02-16,Miami,Collateral,18,17.0
2026-02-17,Miami,Collateral,19,16.9
2026-02-18,Miami,Collateral,18,17.3
2026-02-19,Miami,Collateral,23,18.4
2026-02-20,Miami,Collateral,18,17.6
2026-02-21,Miami,Collateral,26,18.9
2026-02-22,Miami,Collateral,12,19.1
2026-02-23,Miami,Collateral,22,19.7
2026-02-24,Miami,Collateral,21,20.0
2026-02-25,Miami,Collateral,33,22.1
2026-02-26,Miami,Collateral,26,22.6
2026-02-27,Miami,Collateral,9,21.3
2026-02-28,Miami,Collateral,17,20.0
2026-03-01,Miami,Collateral,8,19.4
2026-03-02,Miami,Collateral,16,18.6
2026-03-03,Miami,Collateral,29,19.7
2026-03-04,Miami,Collateral,21,18.0
2026-03-05,Miami,Collateral,21,17.3
2026-03-06,Miami,Collateral,12,17.7
2026-03-07,Miami,Collateral,19,18.0
2026-03-08,Miami,Collateral,16,19.1
2026-03-09,Miami,Collateral,24,20.3
2026-03-10,Miami,Collateral,28,20.1
2025-08-08,Miami,Targeted,77,77.0
2025-08-09,Miami,Targeted,41,59.0
2025-08-10,Miami,Targeted,57,58.3
2025-08-11,Miami,Targeted,57,58.0
2025-08-12,Miami,Targeted,68,60.0
2025-08-13,Miami,Targeted,81,63.5
2025-08-14,Miami,Targeted,104,69.3
2025-08-15,Miami,Targeted,94,71.7
2025-08-16,Miami,Targeted,38,71.3
2025-08-17,Miami,Targeted,53,70.7
2025-08-18,Miami,Targeted,75,73.3
2025-08-19,Miami,Targeted,111,79.4
2025-08-20,Miami,Targeted,89,80.6
2025-08-21,Miami,Targeted,98,79.7
2025-08-22,Miami,Targeted,68,76.0
2025-08-23,Miami,Targeted,87,83.0
2025-08-24,Miami,Targeted,44,81.7
2025-08-25,Miami,Targeted,68,80.7
2025-08-26,Miami,Targeted,87,77.3
2025-08-27,Miami,Targeted,84,76.6
2025-08-28,Miami,Targeted,80,74.0
2025-08-29,Miami,Targeted,74,74.9
2025-08-30,Miami,Targeted,33,67.1
2025-08-31,Miami,Targeted,46,67.4
2025-09-01,Miami,Targeted,38,63.1
2025-09-02,Miami,Targeted,81,62.3
2025-09-03,Miami,Targeted,121,67.6
2025-09-04,Miami,Targeted,94,69.6
2025-09-05,Miami,Targeted,64,68.1
2025-09-06,Miami,Targeted,46,70.0
2025-09-07,Miami,Targeted,48,70.3
2025-09-08,Miami,Targeted,87,77.3
2025-09-09,Miami,Targeted,114,82.0
2025-09-10,Miami,Targeted,111,80.6
2025-09-11,Miami,Targeted,86,79.4
2025-09-12,Miami,Targeted,106,85.4
2025-09-13,Miami,Targeted,48,85.7
2025-09-14,Miami,Targeted,41,84.7
2025-09-15,Miami,Targeted,80,83.7
2025-09-16,Miami,Targeted,90,80.3
2025-09-17,Miami,Targeted,114,80.7
2025-09-18,Miami,Targeted,99,82.6
2025-09-19,Miami,Targeted,120,84.6
2025-09-20,Miami,Targeted,50,84.9
2025-09-21,Miami,Targeted,49,86.0
2025-09-22,Miami,Targeted,85,86.7
2025-09-23,Miami,Targeted,109,89.4
2025-09-24,Miami,Targeted,122,90.6
2025-09-25,Miami,Targeted,92,89.6
2025-09-26,Miami,Targeted,127,90.6
2025-09-27,Miami,Targeted,73,93.9
2025-09-28,Miami,Targeted,51,94.1
2025-09-29,Miami,Targeted,105,97.0
2025-09-30,Miami,Targeted,101,95.9
2025-10-01,Miami,Targeted,121,95.7
2025-10-02,Miami,Targeted,106,97.7
2025-10-03,Miami,Targeted,77,90.6
2025-10-04,Miami,Targeted,33,84.9
2025-10-05,Miami,Targeted,50,84.7
2025-10-06,Miami,Targeted,80,81.1
2025-10-07,Miami,Targeted,86,79.0
2025-10-08,Miami,Targeted,102,76.3
2025-10-09,Miami,Targeted,76,72.0
2025-10-10,Miami,Targeted,78,72.1
2025-10-11,Miami,Targeted,25,71.0
2025-10-12,Miami,Targeted,41,69.7
2025-10-13,Miami,Targeted,53,65.9
2025-10-14,Miami,Targeted,86,65.9
2025-10-15,Miami,Targeted,112,67.3
2025-10-16,Miami,Targeted,84,68.4
2025-10-17,Miami,Targeted,88,69.9
2025-10-18,Miami,Targeted,63,75.3
2025-10-19,Miami,Targeted,38,74.9
2025-10-20,Miami,Targeted,93,80.6
2025-10-21,Miami,Targeted,128,86.6
2025-10-22,Miami,Targeted,105,85.6
2025-10-23,Miami,Targeted,89,86.3
2025-10-24,Miami,Targeted,88,86.3
2025-10-25,Miami,Targeted,136,96.7
2025-10-26,Miami,Targeted,109,106.9
2025-10-27,Miami,Targeted,106,108.7
2025-10-28,Miami,Targeted,110,106.1
2025-10-29,Miami,Targeted,126,109.1
2025-10-30,Miami,Targeted,147,117.4
2025-10-31,Miami,Targeted,103,119.6
2025-11-01,Miami,Targeted,87,112.6
2025-11-02,Miami,Targeted,76,107.9
2025-11-03,Miami,Targeted,109,108.3
2025-11-04,Miami,Targeted,120,109.7
2025-11-05,Miami,Targeted,122,109.1
2025-11-06,Miami,Targeted,119,105.1
2025-11-07,Miami,Targeted,101,104.9
2025-11-08,Miami,Targeted,67,102.0
2025-11-09,Miami,Targeted,52,98.6
2025-11-10,Miami,Targeted,86,95.3
2025-11-11,Miami,Targeted,61,86.9
2025-11-12,Miami,Targeted,100,83.7
2025-11-13,Miami,Targeted,93,80.0
2025-11-14,Miami,Targeted,101,80.0
2025-11-15,Miami,Targeted,87,82.9
2025-11-16,Miami,Targeted,67,85.0
2025-11-17,Miami,Targeted,100,87.0
2025-11-18,Miami,Targeted,118,95.1
2025-11-19,Miami,Targeted,123,98.4
2025-11-20,Miami,Targeted,129,103.6
2025-11-21,Miami,Targeted,97,103.0
2025-11-22,Miami,Targeted,53,98.1
2025-11-23,Miami,Targeted,63,97.6
2025-11-24,Miami,Targeted,100,97.6
2025-11-25,Miami,Targeted,120,97.9
2025-11-26,Miami,Targeted,84,92.3
2025-11-27,Miami,Targeted,61,82.6
2025-11-28,Miami,Targeted,63,77.7
2025-11-29,Miami,Targeted,38,75.6
2025-11-30,Miami,Targeted,35,71.6
2025-12-01,Miami,Targeted,88,69.9
2025-12-02,Miami,Targeted,117,69.4
2025-12-03,Miami,Targeted,118,74.3
2025-12-04,Miami,Targeted,166,89.3
2025-12-05,Miami,Targeted,86,92.6
2025-12-06,Miami,Targeted,83,99.0
2025-12-07,Miami,Targeted,84,106.0
2025-12-08,Miami,Targeted,75,104.1
2025-12-09,Miami,Targeted,92,100.6
2025-12-10,Miami,Targeted,104,98.6
2025-12-11,Miami,Targeted,114,91.1
2025-12-12,Miami,Targeted,94,92.3
2025-12-13,Miami,Targeted,40,86.1
2025-12-14,Miami,Targeted,39,79.7
2025-12-15,Miami,Targeted,101,83.4
2025-12-16,Miami,Targeted,132,89.1
2025-12-17,Miami,Targeted,142,94.6
2025-12-18,Miami,Targeted,133,97.3
2025-12-19,Miami,Targeted,79,95.1
2025-12-20,Miami,Targeted,78,100.6
2025-12-21,Miami,Targeted,39,100.6
2025-12-22,Miami,Targeted,87,98.6
2025-12-23,Miami,Targeted,88,92.3
2025-12-24,Miami,Targeted,67,81.6
2025-12-25,Miami,Targeted,51,69.9
2025-12-26,Miami,Targeted,47,65.3
2025-12-27,Miami,Targeted,81,65.7
2025-12-28,Miami,Targeted,37,65.4
2025-12-29,Miami,Targeted,67,62.6
2025-12-30,Miami,Targeted,90,62.9
2025-12-31,Miami,Targeted,57,61.4
2026-01-01,Miami,Targeted,56,62.1
2026-01-02,Miami,Targeted,59,63.9
2026-01-03,Miami,Targeted,53,59.9
2026-01-04,Miami,Targeted,72,64.9
2026-01-05,Miami,Targeted,102,69.9
2026-01-06,Miami,Targeted,111,72.9
2026-01-07,Miami,Targeted,106,79.9
2026-01-08,Miami,Targeted,99,86.0
2026-01-09,Miami,Targeted,98,91.6
2026-01-10,Miami,Targeted,60,92.6
2026-01-11,Miami,Targeted,48,89.1
2026-01-12,Miami,Targeted,79,85.9
2026-01-13,Miami,Targeted,132,88.9
2026-01-14,Miami,Targeted,110,89.4
2026-01-15,Miami,Targeted,103,90.0
2026-01-16,Miami,Targeted,98,90.0
2026-01-17,Miami,Targeted,81,93.0
2026-01-18,Miami,Targeted,55,94.0
2026-01-19,Miami,Targeted,41,88.6
2026-01-20,Miami,Targeted,91,82.7
2026-01-21,Miami,Targeted,87,79.4
2026-01-22,Miami,Targeted,104,79.6
2026-01-23,Miami,Targeted,105,80.6
2026-01-24,Miami,Targeted,84,81.0
2026-01-25,Miami,Targeted,83,85.0
2026-01-26,Miami,Targeted,82,90.9
2026-01-27,Miami,Targeted,106,93.0
2026-01-28,Miami,Targeted,110,96.3
2026-01-29,Miami,Targeted,99,95.6
2026-01-30,Miami,Targeted,69,90.4
2026-01-31,Miami,Targeted,73,88.9
2026-02-01,Miami,Targeted,48,83.9
2026-02-02,Miami,Targeted,68,81.9
2026-02-03,Miami,Targeted,123,84.3
2026-02-04,Miami,Targeted,113,84.7
2026-02-05,Miami,Targeted,80,82.0
2026-02-06,Miami,Targeted,118,89.0
2026-02-07,Miami,Targeted,64,87.7
2026-02-08,Miami,Targeted,52,88.3
2026-02-09,Miami,Targeted,81,90.1
2026-02-10,Miami,Targeted,117,89.3
2026-02-11,Miami,Targeted,118,90.0
2026-02-12,Miami,Targeted,127,96.7
2026-02-13,Miami,Targeted,86,92.1
2026-02-14,Miami,Targeted,68,92.7
2026-02-15,Miami,Targeted,47,92.0
2026-02-16,Miami,Targeted,85,92.6
2026-02-17,Miami,Targeted,89,88.6
2026-02-18,Miami,Targeted,95,85.3
2026-02-19,Miami,Targeted,123,84.7
2026-02-20,Miami,Targeted,91,85.4
2026-02-21,Miami,Targeted,69,85.6
2026-02-22,Miami,Targeted,51,86.1
2026-02-23,Miami,Targeted,88,86.6
2026-02-24,Miami,Targeted,106,89.0
2026-02-25,Miami,Targeted,125,93.3
2026-02-26,Miami,Targeted,93,89.0
2026-02-27,Miami,Targeted,88,88.6
2026-02-28,Miami,Targeted,70,88.7
2026-03-01,Miami,Targeted,70,91.4
2026-03-02,Miami,Targeted,97,92.7
2026-03-03,Miami,Targeted,114,93.9
2026-03-04,Miami,Targeted,97,89.9
2026-03-05,Miami,Targeted,101,91.0
2026-03-06,Miami,Targeted,92,91.6
2026-03-07,Miami,Targeted,60,90.1
2026-03-08,Miami,Targeted,44,86.4
2026-03-09,Miami,Targeted,98,86.6
2026-03-10,Miami,Targeted,129,88.7
2025-08-08,Miami,Unknown,1,1.0
2025-08-13,Miami,Unknown,1,1.0
2025-08-20,Miami,Unknown,1,1.0
2025-08-23,Miami,Unknown,1,1.0
2025-09-11,Miami,Unknown,1,1.0
2025-09-15,Miami,Unknown,1,1.0
2025-09-17,Miami,Unknown,1,1.0
2025-09-22,Miami,Unknown,1,1.0
2025-09-23,Miami,Unknown,1,1.0
2025-09-25,Miami,Unknown,1,1.0
2025-09-27,Miami,Unknown,2,1.1
2025-10-01,Miami,Unknown,1,1.1
2025-10-02,Miami,Unknown,1,1.1
2025-10-07,Miami,Unknown,2,1.3
2025-10-08,Miami,Unknown,1,1.3
2025-10-16,Miami,Unknown,2,1.4
2025-10-20,Miami,Unknown,2,1.6
2025-10-24,Miami,Unknown,1,1.4
2025-10-28,Miami,Unknown,2,1.6
2025-10-29,Miami,Unknown,1,1.6
2025-10-30,Miami,Unknown,1,1.4
2025-10-31,Miami,Unknown,2,1.6
2025-11-02,Miami,Unknown,1,1.4
2025-11-03,Miami,Unknown,1,1.3
2025-11-04,Miami,Unknown,1,1.3
2025-11-06,Miami,Unknown,1,1.1
2025-11-07,Miami,Unknown,1,1.1
2025-11-08,Miami,Unknown,1,1.1
2025-11-10,Miami,Unknown,2,1.1
2025-11-11,Miami,Unknown,1,1.1
2025-11-13,Miami,Unknown,2,1.3
2025-11-14,Miami,Unknown,4,1.7
2025-11-15,Miami,Unknown,2,1.9
2025-11-18,Miami,Unknown,2,2.0
2025-11-20,Miami,Unknown,1,2.0
2025-11-21,Miami,Unknown,3,2.1
2025-11-22,Miami,Unknown,1,2.1
2025-11-24,Miami,Unknown,1,2.0
2025-11-25,Miami,Unknown,2,1.7
2025-11-26,Miami,Unknown,2,1.7
2025-11-28,Miami,Unknown,1,1.6
2025-11-29,Miami,Unknown,1,1.6
2025-12-01,Miami,Unknown,1,1.3
2025-12-02,Miami,Unknown,3,1.6
2025-12-03,Miami,Unknown,8,2.6
2025-12-04,Miami,Unknown,5,3.0
2025-12-06,Miami,Unknown,2,3.0
2025-12-07,Miami,Unknown,1,3.0
2025-12-09,Miami,Unknown,2,3.1
2025-12-11,Miami,Unknown,2,3.3
2025-12-13,Miami,Unknown,1,3.0
2025-12-15,Miami,Unknown,1,2.0
2025-12-16,Miami,Unknown,1,1.4
2025-12-18,Miami,Unknown,3,1.6
2025-12-21,Miami,Unknown,3,1.9
2025-12-23,Miami,Unknown,1,1.7
2025-12-30,Miami,Unknown,1,1.6
2026-01-05,Miami,Unknown,2,1.7
2026-01-06,Miami,Unknown,1,1.7
2026-01-14,Miami,Unknown,3,2.0
2026-01-15,Miami,Unknown,1,1.7
2026-01-18,Miami,Unknown,1,1.4
2026-01-19,Miami,Unknown,3,1.7
2026-01-20,Miami,Unknown,1,1.7
2026-01-21,Miami,Unknown,1,1.6
2026-01-23,Miami,Unknown,3,1.9
2026-01-27,Miami,Unknown,5,2.1
2026-01-30,Miami,Unknown,1,2.1
2026-02-01,Miami,Unknown,1,2.1
2026-02-03,Miami,Unknown,9,3.0
2026-02-07,Miami,Unknown,1,3.0
2026-02-09,Miami,Unknown,1,3.0
2026-02-10,Miami,Unknown,1,2.7
2026-02-17,Miami,Unknown,1,2.1
2026-02-18,Miami,Unknown,1,2.1
2026-02-19,Miami,Unknown,1,2.1
2026-02-22,Miami,Unknown,3,1.3
2026-02-24,Miami,Unknown,1,1.3
2026-02-25,Miami,Unknown,1,1.3
2026-02-26,Miami,Unknown,1,1.3
2026-03-08,Miami,Unknown,3,1.6
2025-08-08,New Orleans,Collateral,17,17.0
2025-08-09,New Orleans,Collateral,6,11.5
2025-08-10,New Orleans,Collateral,2,8.3
2025-08-11,New Orleans,Collateral,24,12.2
2025-08-12,New Orleans,Collateral,11,12.0
2025-08-13,New Orleans,Collateral,6,11.0
2025-08-14,New Orleans,Collateral,14,11.4
2025-08-15,New Orleans,Collateral,11,10.6
2025-08-16,New Orleans,Collateral,5,10.4
2025-08-17,New Orleans,Collateral,2,10.4
2025-08-18,New Orleans,Collateral,12,8.7
2025-08-19,New Orleans,Collateral,24,10.6
2025-08-20,New Orleans,Collateral,11,11.3
2025-08-21,New Orleans,Collateral,32,13.9
2025-08-22,New Orleans,Collateral,13,14.1
2025-08-23,New Orleans,Collateral,19,16.1
2025-08-25,New Orleans,Collateral,17,18.3
2025-08-26,New Orleans,Collateral,18,19.1
2025-08-27,New Orleans,Collateral,9,17.0
2025-08-28,New Orleans,Collateral,12,17.1
2025-08-29,New Orleans,Collateral,5,13.3
2025-08-30,New Orleans,Collateral,2,11.7
2025-08-31,New Orleans,Collateral,4,9.6
2025-09-01,New Orleans,Collateral,3,7.6
2025-09-02,New Orleans,Collateral,10,6.4
2025-09-03,New Orleans,Collateral,6,6.0
2025-09-04,New Orleans,Collateral,18,6.9
2025-09-05,New Orleans,Collateral,6,7.0
2025-09-06,New Orleans,Collateral,4,7.3
2025-09-08,New Orleans,Collateral,7,7.7
2025-09-09,New Orleans,Collateral,8,8.4
2025-09-10,New Orleans,Collateral,14,9.0
2025-09-11,New Orleans,Collateral,11,9.7
2025-09-12,New Orleans,Collateral,8,8.3
2025-09-13,New Orleans,Collateral,7,8.4
2025-09-14,New Orleans,Collateral,2,8.1
2025-09-15,New Orleans,Collateral,6,8.0
2025-09-16,New Orleans,Collateral,14,8.9
2025-09-17,New Orleans,Collateral,15,9.0
2025-09-18,New Orleans,Collateral,20,10.3
2025-09-19,New Orleans,Collateral,8,10.3
2025-09-20,New Orleans,Collateral,5,10.0
2025-09-21,New Orleans,Collateral,1,9.9
2025-09-22,New Orleans,Collateral,11,10.6
2025-09-23,New Orleans,Collateral,22,11.7
2025-09-24,New Orleans,Collateral,9,10.9
2025-09-25,New Orleans,Collateral,13,9.9
2025-09-26,New Orleans,Collateral,3,9.1
2025-09-27,New Orleans,Collateral,3,8.9
2025-09-28,New Orleans,Collateral,3,9.1
2025-09-29,New Orleans,Collateral,2,7.9
2025-09-30,New Orleans,Collateral,15,6.9
2025-10-01,New Orleans,Collateral,14,7.6
2025-10-02,New Orleans,Collateral,15,7.9
2025-10-03,New Orleans,Collateral,13,9.3
2025-10-04,New Orleans,Collateral,24,12.3
2025-10-05,New Orleans,Collateral,13,13.7
2025-10-06,New Orleans,Collateral,10,14.9
2025-10-07,New Orleans,Collateral,14,14.7
2025-10-08,New Orleans,Collateral,12,14.4
2025-10-09,New Orleans,Collateral,21,15.3
2025-10-10,New Orleans,Collateral,18,16.0
2025-10-11,New Orleans,Collateral,13,14.4
2025-10-12,New Orleans,Collateral,10,14.0
2025-10-13,New Orleans,Collateral,8,13.7
2025-10-14,New Orleans,Collateral,21,14.7
2025-10-15,New Orleans,Collateral,9,14.3
2025-10-16,New Orleans,Collateral,14,13.3
2025-10-17,New Orleans,Collateral,19,13.4
2025-10-18,New Orleans,Collateral,12,13.3
2025-10-19,New Orleans,Collateral,18,14.4
2025-10-20,New Orleans,Collateral,21,16.3
2025-10-21,New Orleans,Collateral,11,14.9
2025-10-22,New Orleans,Collateral,23,16.9
2025-10-23,New Orleans,Collateral,40,20.6
2025-10-24,New Orleans,Collateral,37,23.1
2025-10-25,New Orleans,Collateral,10,22.9
2025-10-26,New Orleans,Collateral,11,21.9
2025-10-27,New Orleans,Collateral,18,21.4
2025-10-28,New Orleans,Collateral,38,25.3
2025-10-29,New Orleans,Collateral,23,25.3
2025-10-30,New Orleans,Collateral,24,23.0
2025-10-31,New Orleans,Collateral,27,21.6
2025-11-01,New Orleans,Collateral,21,23.1
2025-11-02,New Orleans,Collateral,16,23.9
2025-11-03,New Orleans,Collateral,14,23.3
2025-11-04,New Orleans,Collateral,34,22.7
2025-11-05,New Orleans,Collateral,25,23.0
2025-11-06,New Orleans,Collateral,22,22.7
2025-11-07,New Orleans,Collateral,20,21.7
2025-11-08,New Orleans,Collateral,29,22.9
2025-11-09,New Orleans,Collateral,16,22.9
2025-11-10,New Orleans,Collateral,22,24.0
2025-11-11,New Orleans,Collateral,26,22.9
2025-11-12,New Orleans,Collateral,25,22.9
2025-11-13,New Orleans,Collateral,31,24.1
2025-11-14,New Orleans,Collateral,31,25.7
2025-11-15,New Orleans,Collateral,18,24.1
2025-11-16,New Orleans,Collateral,15,24.0
2025-11-17,New Orleans,Collateral,15,23.0
2025-11-18,New Orleans,Collateral,27,23.1
2025-11-19,New Orleans,Collateral,18,22.1
2025-11-20,New Orleans,Collateral,26,21.4
2025-11-21,New Orleans,Collateral,29,21.1
2025-11-22,New Orleans,Collateral,23,21.9
2025-11-23,New Orleans,Collateral,20,22.6
2025-11-24,New Orleans,Collateral,25,24.0
2025-11-25,New Orleans,Collateral,24,23.6
2025-11-26,New Orleans,Collateral,12,22.7
2025-11-27,New Orleans,Collateral,10,20.4
2025-11-28,New Orleans,Collateral,15,18.4
2025-11-29,New Orleans,Collateral,18,17.7
2025-11-30,New Orleans,Collateral,15,17.0
2025-12-01,New Orleans,Collateral,22,16.6
2025-12-02,New Orleans,Collateral,36,18.3
2025-12-03,New Orleans,Collateral,58,24.9
2025-12-04,New Orleans,Collateral,36,28.6
2025-12-05,New Orleans,Collateral,23,29.7
2025-12-06,New Orleans,Collateral,16,29.4
2025-12-07,New Orleans,Collateral,11,28.9
2025-12-08,New Orleans,Collateral,30,30.0
2025-12-09,New Orleans,Collateral,53,32.4
2025-12-10,New Orleans,Collateral,56,32.1
2025-12-11,New Orleans,Collateral,39,32.6
2025-12-12,New Orleans,Collateral,38,34.7
2025-12-13,New Orleans,Collateral,26,36.1
2025-12-14,New Orleans,Collateral,20,37.4
2025-12-15,New Orleans,Collateral,19,35.9
2025-12-16,New Orleans,Collateral,56,36.3
2025-12-17,New Orleans,Collateral,52,35.7
2025-12-18,New Orleans,Collateral,58,38.4
2025-12-19,New Orleans,Collateral,22,36.1
2025-12-20,New Orleans,Collateral,16,34.7
2025-12-21,New Orleans,Collateral,16,34.1
2025-12-22,New Orleans,Collateral,20,34.3
2025-12-23,New Orleans,Collateral,30,30.6
2025-12-24,New Orleans,Collateral,11,24.7
2025-12-25,New Orleans,Collateral,1,16.6
2025-12-26,New Orleans,Collateral,26,17.1
2025-12-27,New Orleans,Collateral,8,16.0
2025-12-28,New Orleans,Collateral,19,16.4
2025-12-29,New Orleans,Collateral,17,16.0
2025-12-30,New Orleans,Collateral,33,16.4
2025-12-31,New Orleans,Collateral,28,18.9
2026-01-01,New Orleans,Collateral,12,20.4
2026-01-02,New Orleans,Collateral,10,18.1
2026-01-03,New Orleans,Collateral,13,18.9
2026-01-04,New Orleans,Collateral,10,17.6
2026-01-05,New Orleans,Collateral,16,17.4
2026-01-06,New Orleans,Collateral,28,16.7
2026-01-07,New Orleans,Collateral,39,18.3
2026-01-08,New Orleans,Collateral,35,21.6
2026-01-09,New Orleans,Collateral,20,23.0
2026-01-10,New Orleans,Collateral,15,23.3
2026-01-11,New Orleans,Collateral,7,22.9
2026-01-12,New Orleans,Collateral,19,23.3
2026-01-13,New Orleans,Collateral,46,25.9
2026-01-14,New Orleans,Collateral,25,23.9
2026-01-15,New Orleans,Collateral,36,24.0
2026-01-16,New Orleans,Collateral,28,25.1
2026-01-17,New Orleans,Collateral,33,27.7
2026-01-18,New Orleans,Collateral,9,28.0
2026-01-19,New Orleans,Collateral,17,27.7
2026-01-20,New Orleans,Collateral,37,26.4
2026-01-21,New Orleans,Collateral,46,29.4
2026-01-22,New Orleans,Collateral,39,29.9
2026-01-23,New Orleans,Collateral,12,27.6
2026-01-24,New Orleans,Collateral,12,24.6
2026-01-25,New Orleans,Collateral,8,24.4
2026-01-26,New Orleans,Collateral,12,23.7
2026-01-27,New Orleans,Collateral,17,20.9
2026-01-28,New Orleans,Collateral,37,19.6
2026-01-29,New Orleans,Collateral,32,18.6
2026-01-30,New Orleans,Collateral,20,19.7
2026-01-31,New Orleans,Collateral,18,20.6
2026-02-01,New Orleans,Collateral,12,21.1
2026-02-02,New Orleans,Collateral,15,21.6
2026-02-03,New Orleans,Collateral,31,23.6
2026-02-04,New Orleans,Collateral,17,20.7
2026-02-05,New Orleans,Collateral,28,20.1
2026-02-06,New Orleans,Collateral,13,19.1
2026-02-07,New Orleans,Collateral,20,19.4
2026-02-08,New Orleans,Collateral,11,19.3
2026-02-09,New Orleans,Collateral,18,19.7
2026-02-10,New Orleans,Collateral,33,20.0
2026-02-11,New Orleans,Collateral,19,20.3
2026-02-12,New Orleans,Collateral,51,23.6
2026-02-13,New Orleans,Collateral,18,24.3
2026-02-14,New Orleans,Collateral,10,22.9
2026-02-15,New Orleans,Collateral,15,23.4
2026-02-16,New Orleans,Collateral,21,23.9
2026-02-17,New Orleans,Collateral,25,22.7
2026-02-18,New Orleans,Collateral,26,23.7
2026-02-19,New Orleans,Collateral,40,22.1
2026-02-20,New Orleans,Collateral,21,22.6
2026-02-21,New Orleans,Collateral,18,23.7
2026-02-22,New Orleans,Collateral,7,22.6
2026-02-23,New Orleans,Collateral,16,21.9
2026-02-24,New Orleans,Collateral,35,23.3
2026-02-25,New Orleans,Collateral,39,25.1
2026-02-26,New Orleans,Collateral,28,23.4
2026-02-27,New Orleans,Collateral,26,24.1
2026-02-28,New Orleans,Collateral,12,23.3
2026-03-01,New Orleans,Collateral,12,24.0
2026-03-02,New Orleans,Collateral,16,24.0
2026-03-03,New Orleans,Collateral,18,21.6
2026-03-04,New Orleans,Collateral,26,19.7
2026-03-05,New Orleans,Collateral,37,21.0
2026-03-06,New Orleans,Collateral,17,19.7
2026-03-07,New Orleans,Collateral,17,20.4
2026-03-08,New Orleans,Collateral,8,19.9
2026-03-09,New Orleans,Collateral,23,20.9
2026-03-10,New Orleans,Collateral,19,21.0
2025-08-08,New Orleans,Targeted,72,72.0
2025-08-09,New Orleans,Targeted,28,50.0
2025-08-10,New Orleans,Targeted,22,40.7
2025-08-11,New Orleans,Targeted,64,46.5
2025-08-12,New Orleans,Targeted,66,50.4
2025-08-13,New Orleans,Targeted,90,57.0
2025-08-14,New Orleans,Targeted,73,59.3
2025-08-15,New Orleans,Targeted,66,58.4
2025-08-16,New Orleans,Targeted,23,57.7
2025-08-17,New Orleans,Targeted,16,56.9
2025-08-18,New Orleans,Targeted,46,54.3
2025-08-19,New Orleans,Targeted,70,54.9
2025-08-20,New Orleans,Targeted,85,54.1
2025-08-21,New Orleans,Targeted,97,57.6
2025-08-22,New Orleans,Targeted,82,59.9
2025-08-23,New Orleans,Targeted,33,61.3
2025-08-24,New Orleans,Targeted,26,62.7
2025-08-25,New Orleans,Targeted,56,64.1
2025-08-26,New Orleans,Targeted,54,61.9
2025-08-27,New Orleans,Targeted,91,62.7
2025-08-28,New Orleans,Targeted,91,61.9
2025-08-29,New Orleans,Targeted,86,62.4
2025-08-30,New Orleans,Targeted,20,60.6
2025-08-31,New Orleans,Targeted,27,60.7
2025-09-01,New Orleans,Targeted,21,55.7
2025-09-02,New Orleans,Targeted,67,57.6
2025-09-03,New Orleans,Targeted,73,55.0
2025-09-04,New Orleans,Targeted,101,56.4
2025-09-05,New Orleans,Targeted,79,55.4
2025-09-06,New Orleans,Targeted,20,55.4
2025-09-07,New Orleans,Targeted,21,54.6
2025-09-08,New Orleans,Targeted,61,60.3
2025-09-09,New Orleans,Targeted,75,61.4
2025-09-10,New Orleans,Targeted,89,63.7
2025-09-11,New Orleans,Targeted,112,65.3
2025-09-12,New Orleans,Targeted,83,65.9
2025-09-13,New Orleans,Targeted,33,67.7
2025-09-14,New Orleans,Targeted,29,68.9
2025-09-15,New Orleans,Targeted,65,69.4
2025-09-16,New Orleans,Targeted,79,70.0
2025-09-17,New Orleans,Targeted,104,72.1
2025-09-18,New Orleans,Targeted,106,71.3
2025-09-19,New Orleans,Targeted,84,71.4
2025-09-20,New Orleans,Targeted,36,71.9
2025-09-21,New Orleans,Targeted,29,71.9
2025-09-22,New Orleans,Targeted,59,71.0
2025-09-23,New Orleans,Targeted,100,74.0
2025-09-24,New Orleans,Targeted,100,73.4
2025-09-25,New Orleans,Targeted,96,72.0
2025-09-26,New Orleans,Targeted,64,69.1
2025-09-27,New Orleans,Targeted,32,68.6
2025-09-28,New Orleans,Targeted,26,68.1
2025-09-29,New Orleans,Targeted,56,67.7
2025-09-30,New Orleans,Targeted,71,63.6
2025-10-01,New Orleans,Targeted,74,59.9
2025-10-02,New Orleans,Targeted,68,55.9
2025-10-03,New Orleans,Targeted,72,57.0
2025-10-04,New Orleans,Targeted,38,57.9
2025-10-05,New Orleans,Targeted,39,59.7
2025-10-06,New Orleans,Targeted,71,61.9
2025-10-07,New Orleans,Targeted,72,62.0
2025-10-08,New Orleans,Targeted,91,64.4
2025-10-09,New Orleans,Targeted,77,65.7
2025-10-10,New Orleans,Targeted,92,68.6
2025-10-11,New Orleans,Targeted,25,66.7
2025-10-12,New Orleans,Targeted,34,66.0
2025-10-13,New Orleans,Targeted,21,58.9
2025-10-14,New Orleans,Targeted,80,60.0
2025-10-15,New Orleans,Targeted,85,59.1
2025-10-16,New Orleans,Targeted,69,58.0
2025-10-17,New Orleans,Targeted,65,54.1
2025-10-18,New Orleans,Targeted,37,55.9
2025-10-19,New Orleans,Targeted,30,55.3
2025-10-20,New Orleans,Targeted,67,61.9
2025-10-21,New Orleans,Targeted,85,62.6
2025-10-22,New Orleans,Targeted,105,65.4
2025-10-23,New Orleans,Targeted,87,68.0
2025-10-24,New Orleans,Targeted,99,72.9
2025-10-25,New Orleans,Targeted,58,75.9
2025-10-26,New Orleans,Targeted,42,77.6
2025-10-27,New Orleans,Targeted,66,77.4
2025-10-28,New Orleans,Targeted,106,80.4
2025-10-29,New Orleans,Targeted,96,79.1
2025-10-30,New Orleans,Targeted,126,84.7
2025-10-31,New Orleans,Targeted,89,83.3
2025-11-01,New Orleans,Targeted,53,82.6
2025-11-02,New Orleans,Targeted,44,82.9
2025-11-03,New Orleans,Targeted,77,84.4
2025-11-04,New Orleans,Targeted,97,83.1
2025-11-05,New Orleans,Targeted,100,83.7
2025-11-06,New Orleans,Targeted,88,78.3
2025-11-07,New Orleans,Targeted,113,81.7
2025-11-08,New Orleans,Targeted,50,81.3
2025-11-09,New Orleans,Targeted,53,82.6
2025-11-10,New Orleans,Targeted,98,85.6
2025-11-11,New Orleans,Targeted,56,79.7
2025-11-12,New Orleans,Targeted,82,77.1
2025-11-13,New Orleans,Targeted,91,77.6
2025-11-14,New Orleans,Targeted,85,73.6
2025-11-15,New Orleans,Targeted,54,74.1
2025-11-16,New Orleans,Targeted,49,73.6
2025-11-17,New Orleans,Targeted,79,70.9
2025-11-18,New Orleans,Targeted,98,76.9
2025-11-19,New Orleans,Targeted,131,83.9
2025-11-20,New Orleans,Targeted,120,88.0
2025-11-21,New Orleans,Targeted,82,87.6
2025-11-22,New Orleans,Targeted,55,87.7
2025-11-23,New Orleans,Targeted,40,86.4
2025-11-24,New Orleans,Targeted,45,81.6
2025-11-25,New Orleans,Targeted,59,76.0
2025-11-26,New Orleans,Targeted,77,68.3
2025-11-27,New Orleans,Targeted,14,53.1
2025-11-28,New Orleans,Targeted,42,47.4
2025-11-29,New Orleans,Targeted,26,43.3
2025-11-30,New Orleans,Targeted,26,41.3
2025-12-01,New Orleans,Targeted,72,45.1
2025-12-02,New Orleans,Targeted,96,50.4
2025-12-03,New Orleans,Targeted,133,58.4
2025-12-04,New Orleans,Targeted,107,71.7
2025-12-05,New Orleans,Targeted,74,76.3
2025-12-06,New Orleans,Targeted,43,78.7
2025-12-07,New Orleans,Targeted,45,81.4
2025-12-08,New Orleans,Targeted,73,81.6
2025-12-09,New Orleans,Targeted,96,81.6
2025-12-10,New Orleans,Targeted,95,76.1
2025-12-11,New Orleans,Targeted,106,76.0
2025-12-12,New Orleans,Targeted,77,76.4
2025-12-13,New Orleans,Targeted,56,78.3
2025-12-14,New Orleans,Targeted,34,76.7
2025-12-15,New Orleans,Targeted,67,75.9
2025-12-16,New Orleans,Targeted,87,74.6
2025-12-17,New Orleans,Targeted,86,73.3
2025-12-18,New Orleans,Targeted,91,71.1
2025-12-19,New Orleans,Targeted,81,71.7
2025-12-20,New Orleans,Targeted,43,69.9
2025-12-21,New Orleans,Targeted,22,68.1
2025-12-22,New Orleans,Targeted,54,66.3
2025-12-23,New Orleans,Targeted,92,67.0
2025-12-24,New Orleans,Targeted,65,64.0
2025-12-25,New Orleans,Targeted,19,53.7
2025-12-26,New Orleans,Targeted,52,49.6
2025-12-27,New Orleans,Targeted,27,47.3
2025-12-28,New Orleans,Targeted,15,46.3
2025-12-29,New Orleans,Targeted,49,45.6
2025-12-30,New Orleans,Targeted,81,44.0
2025-12-31,New Orleans,Targeted,76,45.6
2026-01-01,New Orleans,Targeted,37,48.1
2026-01-02,New Orleans,Targeted,48,47.6
2026-01-03,New Orleans,Targeted,32,48.3
2026-01-04,New Orleans,Targeted,18,48.7
2026-01-05,New Orleans,Targeted,65,51.0
2026-01-06,New Orleans,Targeted,85,51.6
2026-01-07,New Orleans,Targeted,112,56.7
2026-01-08,New Orleans,Targeted,97,65.3
2026-01-09,New Orleans,Targeted,81,70.0
2026-01-10,New Orleans,Targeted,58,73.7
2026-01-11,New Orleans,Targeted,40,76.9
2026-01-12,New Orleans,Targeted,68,77.3
2026-01-13,New Orleans,Targeted,73,75.6
2026-01-14,New Orleans,Targeted,89,72.3
2026-01-15,New Orleans,Targeted,88,71.0
2026-01-16,New Orleans,Targeted,85,71.6
2026-01-17,New Orleans,Targeted,67,72.9
2026-01-18,New Orleans,Targeted,35,72.1
2026-01-19,New Orleans,Targeted,36,67.6
2026-01-20,New Orleans,Targeted,80,68.6
2026-01-21,New Orleans,Targeted,97,69.7
2026-01-22,New Orleans,Targeted,84,69.1
2026-01-23,New Orleans,Targeted,73,67.4
2026-01-24,New Orleans,Targeted,35,62.9
2026-01-25,New Orleans,Targeted,24,61.3
2026-01-26,New Orleans,Targeted,35,61.1
2026-01-27,New Orleans,Targeted,52,57.1
2026-01-28,New Orleans,Targeted,52,50.7
2026-01-29,New Orleans,Targeted,55,46.6
2026-01-30,New Orleans,Targeted,101,50.6
2026-01-31,New Orleans,Targeted,16,47.9
2026-02-01,New Orleans,Targeted,37,49.7
2026-02-02,New Orleans,Targeted,38,50.1
2026-02-03,New Orleans,Targeted,65,52.0
2026-02-04,New Orleans,Targeted,78,55.7
2026-02-05,New Orleans,Targeted,91,60.9
2026-02-06,New Orleans,Targeted,100,60.7
2026-02-07,New Orleans,Targeted,47,65.1
2026-02-08,New Orleans,Targeted,35,64.9
2026-02-09,New Orleans,Targeted,65,68.7
2026-02-10,New Orleans,Targeted,82,71.1
2026-02-11,New Orleans,Targeted,94,73.4
2026-02-12,New Orleans,Targeted,105,75.4
2026-02-13,New Orleans,Targeted,100,75.4
2026-02-14,New Orleans,Targeted,40,74.4
2026-02-15,New Orleans,Targeted,42,75.4
2026-02-16,New Orleans,Targeted,45,72.6
2026-02-17,New Orleans,Targeted,66,70.3
2026-02-18,New Orleans,Targeted,93,70.1
2026-02-19,New Orleans,Targeted,116,71.7
2026-02-20,New Orleans,Targeted,76,68.3
2026-02-21,New Orleans,Targeted,51,69.9
2026-02-22,New Orleans,Targeted,36,69.0
2026-02-23,New Orleans,Targeted,77,73.6
2026-02-24,New Orleans,Targeted,82,75.9
2026-02-25,New Orleans,Targeted,94,76.0
2026-02-26,New Orleans,Targeted,67,69.0
2026-02-27,New Orleans,Targeted,88,70.7
2026-02-28,New Orleans,Targeted,50,70.6
2026-03-01,New Orleans,Targeted,33,70.1
2026-03-02,New Orleans,Targeted,46,65.7
2026-03-03,New Orleans,Targeted,96,67.7
2026-03-04,New Orleans,Targeted,119,71.3
2026-03-05,New Orleans,Targeted,100,76.0
2026-03-06,New Orleans,Targeted,75,74.1
2026-03-07,New Orleans,Targeted,45,73.4
2026-03-08,New Orleans,Targeted,46,75.3
2026-03-09,New Orleans,Targeted,59,77.1
2026-03-10,New Orleans,Targeted,80,74.9
2025-09-09,New Orleans,Unknown,1,1.0
2025-09-25,New Orleans,Unknown,3,2.0
2025-09-26,New Orleans,Unknown,1,1.7
2025-09-30,New Orleans,Unknown,1,1.5
2025-10-10,New Orleans,Unknown,2,1.6
2025-10-21,New Orleans,Unknown,1,1.5
2025-11-04,New Orleans,Unknown,4,1.9
2025-12-17,New Orleans,Unknown,1,1.9
2025-08-08,New York City,Collateral,6,6.0
2025-08-09,New York City,Collateral,5,5.5
2025-08-10,New York City,Collateral,4,5.0
2025-08-11,New York City,Collateral,1,4.0
2025-08-12,New York City,Collateral,5,4.2
2025-08-13,New York City,Collateral,8,4.8
2025-08-14,New York City,Collateral,6,5.0
2025-08-15,New York City,Collateral,5,4.9
2025-08-16,New York City,Collateral,4,4.7
2025-08-17,New York City,Collateral,1,4.3
2025-08-18,New York City,Collateral,7,5.1
2025-08-19,New York City,Collateral,7,5.4
2025-08-20,New York City,Collateral,6,5.1
2025-08-21,New York City,Collateral,10,5.7
2025-08-22,New York City,Collateral,10,6.4
2025-08-23,New York City,Collateral,3,6.3
2025-08-24,New York City,Collateral,2,6.4
2025-08-25,New York City,Collateral,6,6.3
2025-08-26,New York City,Collateral,8,6.4
2025-08-27,New York City,Collateral,11,7.1
2025-08-28,New York City,Collateral,11,7.3
2025-08-29,New York City,Collateral,1,6.0
2025-08-30,New York City,Collateral,2,5.9
2025-09-01,New York City,Collateral,47,12.3
2025-09-02,New York City,Collateral,4,12.0
2025-09-03,New York City,Collateral,17,13.3
2025-09-04,New York City,Collateral,26,15.4
2025-09-05,New York City,Collateral,2,14.1
2025-09-06,New York City,Collateral,3,14.4
2025-09-07,New York City,Collateral,6,15.0
2025-09-08,New York City,Collateral,3,8.7
2025-09-09,New York City,Collateral,2,8.4
2025-09-10,New York City,Collateral,2,6.3
2025-09-11,New York City,Collateral,7,3.6
2025-09-12,New York City,Collateral,3,3.7
2025-09-13,New York City,Collateral,7,4.3
2025-09-14,New York City,Collateral,2,3.7
2025-09-15,New York City,Collateral,6,4.1
2025-09-16,New York City,Collateral,7,4.9
2025-09-17,New York City,Collateral,18,7.1
2025-09-18,New York City,Collateral,5,6.9
2025-09-20,New York City,Collateral,2,6.7
2025-09-21,New York City,Collateral,2,6.0
2025-09-22,New York City,Collateral,4,6.3
2025-09-23,New York City,Collateral,13,7.3
2025-09-24,New York City,Collateral,12,8.0
2025-09-25,New York City,Collateral,5,6.1
2025-09-26,New York City,Collateral,1,5.6
2025-09-27,New York City,Collateral,3,5.7
2025-09-28,New York City,Collateral,3,5.9
2025-09-29,New York City,Collateral,11,6.9
2025-09-30,New York City,Collateral,4,5.6
2025-10-01,New York City,Collateral,4,4.4
2025-10-02,New York City,Collateral,7,4.7
2025-10-03,New York City,Collateral,2,4.9
2025-10-04,New York City,Collateral,1,4.6
2025-10-05,New York City,Collateral,2,4.4
2025-10-06,New York City,Collateral,13,4.7
2025-10-07,New York City,Collateral,7,5.1
2025-10-08,New York City,Collateral,8,5.7
2025-10-09,New York City,Collateral,8,5.9
2025-10-10,New York City,Collateral,8,6.7
2025-10-11,New York City,Collateral,5,7.3
2025-10-12,New York City,Collateral,3,7.4
2025-10-13,New York City,Collateral,2,5.9
2025-10-14,New York City,Collateral,10,6.3
2025-10-15,New York City,Collateral,9,6.4
2025-10-16,New York City,Collateral,2,5.6
2025-10-17,New York City,Collateral,22,7.6
2025-10-18,New York City,Collateral,5,7.6
2025-10-19,New York City,Collateral,3,7.6
2025-10-20,New York City,Collateral,6,8.1
2025-10-21,New York City,Collateral,20,9.6
2025-10-22,New York City,Collateral,10,9.7
2025-10-23,New York City,Collateral,15,11.6
2025-10-24,New York City,Collateral,7,9.4
2025-10-25,New York City,Collateral,7,9.7
2025-10-26,New York City,Collateral,31,13.7
2025-10-27,New York City,Collateral,16,15.1
2025-10-28,New York City,Collateral,17,14.7
2025-10-29,New York City,Collateral,16,15.6
2025-10-30,New York City,Collateral,18,16.0
2025-10-31,New York City,Collateral,14,17.0
2025-11-01,New York City,Collateral,20,18.9
2025-11-02,New York City,Collateral,17,16.9
2025-11-03,New York City,Collateral,19,17.3
2025-11-04,New York City,Collateral,17,17.3
2025-11-05,New York City,Collateral,21,18.0
2025-11-06,New York City,Collateral,16,17.7
2025-11-07,New York City,Collateral,16,18.0
2025-11-08,New York City,Collateral,10,16.6
2025-11-09,New York City,Collateral,10,15.6
2025-11-10,New York City,Collateral,16,15.1
2025-11-11,New York City,Collateral,28,16.7
2025-11-12,New York City,Collateral,21,16.7
2025-11-13,New York City,Collateral,13,16.3
2025-11-14,New York City,Collateral,12,15.7
2025-11-15,New York City,Collateral,6,15.1
2025-11-16,New York City,Collateral,13,15.6
2025-11-17,New York City,Collateral,16,15.6
2025-11-18,New York City,Collateral,19,14.3
2025-11-19,New York City,Collateral,19,14.0
2025-11-20,New York City,Collateral,10,13.6
2025-11-21,New York City,Collateral,5,12.6
2025-11-22,New York City,Collateral,3,12.1
2025-11-23,New York City,Collateral,15,12.4
2025-11-24,New York City,Collateral,13,12.0
2025-11-25,New York City,Collateral,13,11.1
2025-11-26,New York City,Collateral,10,9.9
2025-11-27,New York City,Collateral,9,9.7
2025-11-28,New York City,Collateral,8,10.1
2025-11-29,New York City,Collateral,1,9.9
2025-11-30,New York City,Collateral,10,9.1
2025-12-01,New York City,Collateral,21,10.3
2025-12-02,New York City,Collateral,8,9.6
2025-12-03,New York City,Collateral,22,11.3
2025-12-04,New York City,Collateral,9,11.3
2025-12-05,New York City,Collateral,10,11.6
2025-12-06,New York City,Collateral,9,12.7
2025-12-07,New York City,Collateral,12,13.0
2025-12-08,New York City,Collateral,9,11.3
2025-12-09,New York City,Collateral,11,11.7
2025-12-10,New York City,Collateral,5,9.3
2025-12-11,New York City,Collateral,13,9.9
2025-12-12,New York City,Collateral,13,10.3
2025-12-13,New York City,Collateral,2,9.3
2025-12-14,New York City,Collateral,15,9.7
2025-12-15,New York City,Collateral,9,9.7
2025-12-16,New York City,Collateral,18,10.7
2025-12-17,New York City,Collateral,7,11.0
2025-12-18,New York City,Collateral,3,9.6
2025-12-19,New York City,Collateral,10,9.1
2025-12-20,New York City,Collateral,10,10.3
2025-12-21,New York City,Collateral,13,10.0
2025-12-22,New York City,Collateral,13,10.6
2025-12-23,New York City,Collateral,4,8.6
2025-12-24,New York City,Collateral,4,8.1
2025-12-25,New York City,Collateral,5,8.4
2025-12-26,New York City,Collateral,11,8.6
2025-12-27,New York City,Collateral,2,7.4
2025-12-28,New York City,Collateral,8,6.7
2025-12-29,New York City,Collateral,11,6.4
2025-12-30,New York City,Collateral,12,7.6
2025-12-31,New York City,Collateral,16,9.3
2026-01-01,New York City,Collateral,9,9.9
2026-01-02,New York City,Collateral,10,9.7
2026-01-03,New York City,Collateral,5,10.1
2026-01-04,New York City,Collateral,11,10.6
2026-01-05,New York City,Collateral,11,10.6
2026-01-06,New York City,Collateral,14,10.9
2026-01-07,New York City,Collateral,14,10.6
2026-01-08,New York City,Collateral,15,11.4
2026-01-09,New York City,Collateral,8,11.1
2026-01-10,New York City,Collateral,11,12.0
2026-01-11,New York City,Collateral,10,11.9
2026-01-12,New York City,Collateral,12,12.0
2026-01-13,New York City,Collateral,13,11.9
2026-01-14,New York City,Collateral,12,11.6
2026-01-15,New York City,Collateral,15,11.6
2026-01-16,New York City,Collateral,6,11.3
2026-01-17,New York City,Collateral,10,11.1
2026-01-18,New York City,Collateral,11,11.3
2026-01-19,New York City,Collateral,22,12.7
2026-01-20,New York City,Collateral,15,13.0
2026-01-21,New York City,Collateral,14,13.3
2026-01-22,New York City,Collateral,26,14.9
2026-01-23,New York City,Collateral,3,14.4
2026-01-24,New York City,Collateral,4,13.6
2026-01-26,New York City,Collateral,2,12.3
2026-01-27,New York City,Collateral,7,10.1
2026-01-28,New York City,Collateral,9,9.3
2026-01-29,New York City,Collateral,4,7.9
2026-01-30,New York City,Collateral,4,4.7
2026-01-31,New York City,Collateral,7,5.3
2026-02-01,New York City,Collateral,13,6.6
2026-02-02,New York City,Collateral,7,7.3
2026-02-03,New York City,Collateral,6,7.1
2026-02-04,New York City,Collateral,3,6.3
2026-02-05,New York City,Collateral,4,6.3
2026-02-06,New York City,Collateral,2,6.0
2026-02-07,New York City,Collateral,3,5.4
2026-02-08,New York City,Collateral,2,3.9
2026-02-09,New York City,Collateral,3,3.3
2026-02-10,New York City,Collateral,2,2.7
2026-02-11,New York City,Collateral,3,2.7
2026-02-12,New York City,Collateral,7,3.1
2026-02-13,New York City,Collateral,2,3.1
2026-02-15,New York City,Collateral,2,3.0
2026-02-16,New York City,Collateral,1,2.9
2026-02-18,New York City,Collateral,1,2.6
2026-02-19,New York City,Collateral,3,2.7
2026-02-20,New York City,Collateral,2,2.6
2026-02-21,New York City,Collateral,2,1.9
2026-02-22,New York City,Collateral,2,1.9
2026-02-24,New York City,Collateral,1,1.7
2026-02-25,New York City,Collateral,3,2.0
2026-02-26,New York City,Collateral,5,2.6
2026-02-27,New York City,Collateral,9,3.4
2026-02-28,New York City,Collateral,9,4.4
2026-03-01,New York City,Collateral,7,5.1
2026-03-02,New York City,Collateral,4,5.4
2026-03-03,New York City,Collateral,7,6.3
2026-03-04,New York City,Collateral,12,7.6
2026-03-05,New York City,Collateral,8,8.0
2026-03-06,New York City,Collateral,5,7.4
2026-03-07,New York City,Collateral,4,6.7
2026-03-08,New York City,Collateral,1,5.9
2026-03-09,New York City,Collateral,4,5.9
2026-03-10,New York City,Collateral,9,6.1
2025-08-08,New York City,Targeted,13,13.0
2025-08-09,New York City,Targeted,8,10.5
2025-08-10,New York City,Targeted,3,8.0
2025-08-11,New York City,Targeted,28,13.0
2025-08-12,New York City,Targeted,27,15.8
2025-08-13,New York City,Targeted,21,16.7
2025-08-14,New York City,Targeted,20,17.1
2025-08-15,New York City,Targeted,22,18.4
2025-08-16,New York City,Targeted,12,19.0
2025-08-17,New York City,Targeted,1,18.7
2025-08-18,New York City,Targeted,16,17.0
2025-08-19,New York City,Targeted,24,16.6
2025-08-20,New York City,Targeted,23,16.9
2025-08-21,New York City,Targeted,27,17.9
2025-08-22,New York City,Targeted,14,16.7
2025-08-23,New York City,Targeted,8,16.1
2025-08-24,New York City,Targeted,11,17.6
2025-08-25,New York City,Targeted,19,18.0
2025-08-26,New York City,Targeted,17,17.0
2025-08-27,New York City,Targeted,16,16.0
2025-08-28,New York City,Targeted,17,14.6
2025-08-29,New York City,Targeted,11,14.1
2025-08-30,New York City,Targeted,10,14.4
2025-08-31,New York City,Targeted,2,13.1
2025-09-01,New York City,Targeted,5,11.1
2025-09-02,New York City,Targeted,12,10.4
2025-09-03,New York City,Targeted,29,12.3
2025-09-04,New York City,Targeted,27,13.7
2025-09-05,New York City,Targeted,24,15.6
2025-09-06,New York City,Targeted,5,14.9
2025-09-07,New York City,Targeted,5,15.3
2025-09-08,New York City,Targeted,29,18.7
2025-09-09,New York City,Targeted,28,21.0
2025-09-10,New York City,Targeted,20,19.7
2025-09-11,New York City,Targeted,22,19.0
2025-09-12,New York City,Targeted,18,18.1
2025-09-13,New York City,Targeted,9,18.7
2025-09-14,New York City,Targeted,4,18.6
2025-09-15,New York City,Targeted,24,17.9
2025-09-16,New York City,Targeted,24,17.3
2025-09-17,New York City,Targeted,15,16.6
2025-09-18,New York City,Targeted,15,15.6
2025-09-19,New York City,Targeted,10,14.4
2025-09-20,New York City,Targeted,7,14.1
2025-09-21,New York City,Targeted,4,14.1
2025-09-22,New York City,Targeted,22,13.9
2025-09-23,New York City,Targeted,20,13.3
2025-09-24,New York City,Targeted,26,14.9
2025-09-25,New York City,Targeted,26,16.4
2025-09-26,New York City,Targeted,15,17.1
2025-09-27,New York City,Targeted,3,16.6
2025-09-28,New York City,Targeted,6,16.9
2025-09-29,New York City,Targeted,13,15.6
2025-09-30,New York City,Targeted,13,14.6
2025-10-01,New York City,Targeted,21,13.9
2025-10-02,New York City,Targeted,13,12.0
2025-10-03,New York City,Targeted,16,12.1
2025-10-04,New York City,Targeted,1,11.9
2025-10-05,New York City,Targeted,3,11.4
2025-10-06,New York City,Targeted,23,12.9
2025-10-07,New York City,Targeted,11,12.6
2025-10-08,New York City,Targeted,19,12.3
2025-10-09,New York City,Targeted,19,13.1
2025-10-10,New York City,Targeted,24,14.3
2025-10-11,New York City,Targeted,3,14.6
2025-10-12,New York City,Targeted,1,14.3
2025-10-13,New York City,Targeted,6,11.9
2025-10-14,New York City,Targeted,32,14.9
2025-10-15,New York City,Targeted,35,17.1
2025-10-16,New York City,Targeted,26,18.1
2025-10-17,New York City,Targeted,22,17.9
2025-10-18,New York City,Targeted,5,18.1
2025-10-19,New York City,Targeted,6,18.9
2025-10-20,New York City,Targeted,17,20.4
2025-10-21,New York City,Targeted,23,19.1
2025-10-22,New York City,Targeted,27,18.0
2025-10-23,New York City,Targeted,25,17.9
2025-10-24,New York City,Targeted,18,17.3
2025-10-25,New York City,Targeted,9,17.9
2025-10-26,New York City,Targeted,18,19.6
2025-10-27,New York City,Targeted,34,22.0
2025-10-28,New York City,Targeted,33,23.4
2025-10-29,New York City,Targeted,20,22.4
2025-10-30,New York City,Targeted,16,21.1
2025-10-31,New York City,Targeted,16,20.9
2025-11-01,New York City,Targeted,11,21.1
2025-11-02,New York City,Targeted,12,20.3
2025-11-03,New York City,Targeted,31,19.9
2025-11-04,New York City,Targeted,27,19.0
2025-11-05,New York City,Targeted,25,19.7
2025-11-06,New York City,Targeted,26,21.1
2025-11-07,New York City,Targeted,28,22.9
2025-11-08,New York City,Targeted,20,24.1
2025-11-09,New York City,Targeted,11,24.0
2025-11-10,New York City,Targeted,26,23.3
2025-11-11,New York City,Targeted,5,20.1
2025-11-12,New York City,Targeted,27,20.4
2025-11-13,New York City,Targeted,29,20.9
2025-11-14,New York City,Targeted,16,19.1
2025-11-15,New York City,Targeted,12,18.0
2025-11-16,New York City,Targeted,5,17.1
2025-11-17,New York City,Targeted,30,17.7
2025-11-18,New York City,Targeted,47,23.7
2025-11-19,New York City,Targeted,26,23.6
2025-11-20,New York City,Targeted,29,23.6
2025-11-21,New York City,Targeted,15,23.4
2025-11-22,New York City,Targeted,6,22.6
2025-11-23,New York City,Targeted,8,23.0
2025-11-24,New York City,Targeted,29,22.9
2025-11-25,New York City,Targeted,41,22.0
2025-11-26,New York City,Targeted,29,22.4
2025-11-27,New York City,Targeted,9,19.6
2025-11-28,New York City,Targeted,6,18.3
2025-11-29,New York City,Targeted,3,17.9
2025-11-30,New York City,Targeted,5,17.4
2025-12-01,New York City,Targeted,21,16.3
2025-12-02,New York City,Targeted,35,15.4
2025-12-03,New York City,Targeted,31,15.7
2025-12-04,New York City,Targeted,42,20.4
2025-12-05,New York City,Targeted,31,24.0
2025-12-06,New York City,Targeted,17,26.0
2025-12-07,New York City,Targeted,11,26.9
2025-12-08,New York City,Targeted,45,30.3
2025-12-09,New York City,Targeted,38,30.7
2025-12-10,New York City,Targeted,18,28.9
2025-12-11,New York City,Targeted,45,29.3
2025-12-12,New York City,Targeted,23,28.1
2025-12-13,New York City,Targeted,11,27.3
2025-12-14,New York City,Targeted,12,27.4
2025-12-15,New York City,Targeted,22,24.1
2025-12-16,New York City,Targeted,28,22.7
2025-12-17,New York City,Targeted,23,23.4
2025-12-18,New York City,Targeted,26,20.7
2025-12-19,New York City,Targeted,19,20.1
2025-12-20,New York City,Targeted,13,20.4
2025-12-21,New York City,Targeted,6,19.6
2025-12-22,New York City,Targeted,18,19.0
2025-12-23,New York City,Targeted,13,16.9
2025-12-24,New York City,Targeted,14,15.6
2025-12-25,New York City,Targeted,2,12.1
2025-12-26,New York City,Targeted,11,11.0
2025-12-27,New York City,Targeted,1,9.3
2025-12-28,New York City,Targeted,11,10.0
2025-12-29,New York City,Targeted,37,12.7
2025-12-30,New York City,Targeted,16,13.1
2025-12-31,New York City,Targeted,6,12.0
2026-01-01,New York City,Targeted,13,13.6
2026-01-02,New York City,Targeted,11,13.6
2026-01-03,New York City,Targeted,20,16.3
2026-01-04,New York City,Targeted,5,15.4
2026-01-05,New York City,Targeted,39,15.7
2026-01-06,New York City,Targeted,18,16.0
2026-01-07,New York City,Targeted,15,17.3
2026-01-08,New York City,Targeted,32,20.0
2026-01-09,New York City,Targeted,23,21.7
2026-01-10,New York City,Targeted,12,20.6
2026-01-11,New York City,Targeted,8,21.0
2026-01-12,New York City,Targeted,24,18.9
2026-01-13,New York City,Targeted,36,21.4
2026-01-14,New York City,Targeted,24,22.7
2026-01-15,New York City,Targeted,28,22.1
2026-01-16,New York City,Targeted,27,22.7
2026-01-17,New York City,Targeted,13,22.9
2026-01-18,New York City,Targeted,3,22.1
2026-01-19,New York City,Targeted,18,21.3
2026-01-20,New York City,Targeted,23,19.4
2026-01-21,New York City,Targeted,23,19.3
2026-01-22,New York City,Targeted,33,20.0
2026-01-23,New York City,Targeted,17,18.6
2026-01-24,New York City,Targeted,10,18.1
2026-01-27,New York City,Targeted,30,22.0
2026-01-28,New York City,Targeted,34,24.3
2026-01-29,New York City,Targeted,40,26.7
2026-01-30,New York City,Targeted,15,25.6
2026-01-31,New York City,Targeted,14,22.9
2026-02-01,New York City,Targeted,9,21.7
2026-02-02,New York City,Targeted,36,25.4
2026-02-03,New York City,Targeted,25,24.7
2026-02-04,New York City,Targeted,25,23.4
2026-02-05,New York City,Targeted,34,22.6
2026-02-06,New York City,Targeted,22,23.6
2026-02-07,New York City,Targeted,7,22.6
2026-02-08,New York City,Targeted,1,21.4
2026-02-09,New York City,Targeted,19,19.0
2026-02-10,New York City,Targeted,16,17.7
2026-02-11,New York City,Targeted,39,19.7
2026-02-12,New York City,Targeted,24,18.3
2026-02-13,New York City,Targeted,16,17.4
2026-02-14,New York City,Targeted,7,17.4
2026-02-15,New York City,Targeted,10,18.7
2026-02-16,New York City,Targeted,9,17.3
2026-02-17,New York City,Targeted,22,18.1
2026-02-18,New York City,Targeted,25,16.1
2026-02-19,New York City,Targeted,20,15.6
2026-02-20,New York City,Targeted,24,16.7
2026-02-21,New York City,Targeted,13,17.6
2026-02-22,New York City,Targeted,1,16.3
2026-02-24,New York City,Targeted,9,16.3
2026-02-25,New York City,Targeted,33,17.9
2026-02-26,New York City,Targeted,23,17.6
2026-02-27,New York City,Targeted,16,17.0
2026-02-28,New York City,Targeted,14,15.6
2026-03-01,New York City,Targeted,10,15.1
2026-03-02,New York City,Targeted,29,19.1
2026-03-03,New York City,Targeted,21,20.9
2026-03-04,New York City,Targeted,23,19.4
2026-03-05,New York City,Targeted,34,21.0
2026-03-06,New York City,Targeted,24,22.1
2026-03-07,New York City,Targeted,9,21.4
2026-03-08,New York City,Targeted,5,20.7
2026-03-09,New York City,Targeted,26,20.3
2026-03-10,New York City,Targeted,34,22.1
2025-08-15,New York City,Unknown,1,1.0
2025-08-08,Newark,Collateral,12,12.0
2025-08-09,Newark,Collateral,8,10.0
2025-08-10,Newark,Collateral,3,7.7
2025-08-11,Newark,Collateral,7,7.5
2025-08-12,Newark,Collateral,7,7.4
2025-08-13,Newark,Collateral,2,6.5
2025-08-14,Newark,Collateral,3,6.0
2025-08-15,Newark,Collateral,3,4.7
2025-08-16,Newark,Collateral,6,4.4
2025-08-17,Newark,Collateral,5,4.7
2025-08-18,Newark,Collateral,2,4.0
2025-08-19,Newark,Collateral,6,3.9
2025-08-20,Newark,Collateral,10,5.0
2025-08-21,Newark,Collateral,3,5.0
2025-08-22,Newark,Collateral,4,5.1
2025-08-23,Newark,Collateral,5,5.0
2025-08-24,Newark,Collateral,3,4.7
2025-08-25,Newark,Collateral,5,5.1
2025-08-27,Newark,Collateral,6,5.1
2025-08-28,Newark,Collateral,3,4.1
2025-08-29,Newark,Collateral,1,3.9
2025-08-30,Newark,Collateral,2,3.6
2025-08-31,Newark,Collateral,3,3.3
2025-09-01,Newark,Collateral,4,3.4
2025-09-02,Newark,Collateral,4,3.3
2025-09-04,Newark,Collateral,3,2.9
2025-09-05,Newark,Collateral,3,2.9
2025-09-07,Newark,Collateral,4,3.3
2025-09-08,Newark,Collateral,2,3.3
2025-09-09,Newark,Collateral,4,3.4
2025-09-10,Newark,Collateral,3,3.3
2025-09-11,Newark,Collateral,4,3.3
2025-09-12,Newark,Collateral,2,3.1
2025-09-13,Newark,Collateral,13,4.6
2025-09-14,Newark,Collateral,3,4.4
2025-09-15,Newark,Collateral,6,5.0
2025-09-16,Newark,Collateral,9,5.7
2025-09-17,Newark,Collateral,2,5.6
2025-09-18,Newark,Collateral,3,5.4
2025-09-19,Newark,Collateral,4,5.7
2025-09-20,Newark,Collateral,2,4.1
2025-09-21,Newark,Collateral,7,4.7
2025-09-22,Newark,Collateral,4,4.4
2025-09-23,Newark,Collateral,1,3.3
2025-09-25,Newark,Collateral,1,3.1
2025-09-27,Newark,Collateral,2,3.0
2025-09-28,Newark,Collateral,3,2.9
2025-09-29,Newark,Collateral,1,2.7
2025-09-30,Newark,Collateral,3,2.1
2025-10-01,Newark,Collateral,4,2.1
2025-10-02,Newark,Collateral,5,2.7
2025-10-03,Newark,Collateral,3,3.0
2025-10-04,Newark,Collateral,8,3.9
2025-10-05,Newark,Collateral,4,4.0
2025-10-06,Newark,Collateral,1,4.0
2025-10-07,Newark,Collateral,7,4.6
2025-10-08,Newark,Collateral,6,4.9
2025-10-09,Newark,Collateral,1,4.3
2025-10-10,Newark,Collateral,3,4.3
2025-10-11,Newark,Collateral,4,3.7
2025-10-13,Newark,Collateral,4,3.7
2025-10-14,Newark,Collateral,9,4.9
2025-10-15,Newark,Collateral,8,5.0
2025-10-16,Newark,Collateral,1,4.3
2025-10-17,Newark,Collateral,1,4.3
2025-10-18,Newark,Collateral,3,4.3
2025-10-19,Newark,Collateral,3,4.1
2025-10-20,Newark,Collateral,4,4.1
2025-10-21,Newark,Collateral,6,3.7
2025-10-22,Newark,Collateral,4,3.1
2025-10-23,Newark,Collateral,7,4.0
2025-10-24,Newark,Collateral,11,5.4
2025-10-25,Newark,Collateral,8,6.1
2025-10-26,Newark,Collateral,7,6.7
2025-10-27,Newark,Collateral,3,6.6
2025-10-28,Newark,Collateral,5,6.4
2025-10-29,Newark,Collateral,9,7.1
2025-10-31,Newark,Collateral,8,7.3
2025-11-01,Newark,Collateral,9,7.0
2025-11-02,Newark,Collateral,5,6.6
2025-11-04,Newark,Collateral,7,6.6
2025-11-05,Newark,Collateral,13,8.0
2025-11-06,Newark,Collateral,12,9.0
2025-11-07,Newark,Collateral,15,9.9
2025-11-08,Newark,Collateral,8,9.9
2025-11-09,Newark,Collateral,6,9.4
2025-11-10,Newark,Collateral,3,9.1
2025-11-11,Newark,Collateral,18,10.7
2025-11-12,Newark,Collateral,3,9.3
2025-11-13,Newark,Collateral,8,8.7
2025-11-14,Newark,Collateral,3,7.0
2025-11-15,Newark,Collateral,4,6.4
2025-11-16,Newark,Collateral,7,6.6
2025-11-17,Newark,Collateral,4,6.7
2025-11-18,Newark,Collateral,9,5.4
2025-11-19,Newark,Collateral,7,6.0
2025-11-20,Newark,Collateral,5,5.6
2025-11-21,Newark,Collateral,2,5.4
2025-11-22,Newark,Collateral,5,5.6
2025-11-23,Newark,Collateral,6,5.4
2025-11-24,Newark,Collateral,2,5.1
2025-11-25,Newark,Collateral,5,4.6
2025-11-26,Newark,Collateral,7,4.6
2025-11-27,Newark,Collateral,4,4.4
2025-11-28,Newark,Collateral,4,4.7
2025-11-29,Newark,Collateral,1,4.1
2025-11-30,Newark,Collateral,3,3.7
2025-12-01,Newark,Collateral,8,4.6
2025-12-02,Newark,Collateral,4,4.4
2025-12-03,Newark,Collateral,9,4.7
2025-12-04,Newark,Collateral,6,5.0
2025-12-05,Newark,Collateral,7,5.4
2025-12-06,Newark,Collateral,7,6.3
2025-12-07,Newark,Collateral,4,6.4
2025-12-08,Newark,Collateral,8,6.4
2025-12-09,Newark,Collateral,3,6.3
2025-12-10,Newark,Collateral,3,5.4
2025-12-11,Newark,Collateral,11,6.1
2025-12-12,Newark,Collateral,7,6.1
2025-12-13,Newark,Collateral,3,5.6
2025-12-14,Newark,Collateral,2,5.3
2025-12-15,Newark,Collateral,5,4.9
2025-12-16,Newark,Collateral,5,5.1
2025-12-17,Newark,Collateral,4,5.3
2025-12-18,Newark,Collateral,6,4.6
2025-12-19,Newark,Collateral,7,4.6
2025-12-20,Newark,Collateral,3,4.6
2025-12-21,Newark,Collateral,3,4.7
2025-12-22,Newark,Collateral,3,4.4
2025-12-23,Newark,Collateral,3,4.1
2025-12-24,Newark,Collateral,3,4.0
2025-12-25,Newark,Collateral,5,3.9
2025-12-26,Newark,Collateral,5,3.6
2025-12-27,Newark,Collateral,3,3.6
2025-12-28,Newark,Collateral,7,4.1
2025-12-29,Newark,Collateral,1,3.9
2025-12-30,Newark,Collateral,3,3.9
2025-12-31,Newark,Collateral,9,4.7
2026-01-01,Newark,Collateral,4,4.6
2026-01-02,Newark,Collateral,1,4.0
2026-01-03,Newark,Collateral,4,4.1
2026-01-04,Newark,Collateral,1,3.3
2026-01-05,Newark,Collateral,4,3.7
2026-01-06,Newark,Collateral,10,4.7
2026-01-07,Newark,Collateral,8,4.6
2026-01-08,Newark,Collateral,9,5.3
2026-01-09,Newark,Collateral,7,6.1
2026-01-10,Newark,Collateral,11,7.1
2026-01-11,Newark,Collateral,2,7.3
2026-01-12,Newark,Collateral,6,7.6
2026-01-13,Newark,Collateral,5,6.9
2026-01-14,Newark,Collateral,6,6.6
2026-01-15,Newark,Collateral,10,6.7
2026-01-16,Newark,Collateral,6,6.6
2026-01-17,Newark,Collateral,4,5.6
2026-01-19,Newark,Collateral,2,5.6
2026-01-20,Newark,Collateral,3,5.1
2026-01-21,Newark,Collateral,5,5.1
2026-01-22,Newark,Collateral,5,5.0
2026-01-23,Newark,Collateral,3,4.0
2026-01-24,Newark,Collateral,1,3.3
2026-01-27,Newark,Collateral,3,3.1
2026-01-28,Newark,Collateral,3,3.3
2026-01-29,Newark,Collateral,2,3.1
2026-01-31,Newark,Collateral,5,3.1
2026-02-01,Newark,Collateral,1,2.6
2026-02-03,Newark,Collateral,1,2.3
2026-02-04,Newark,Collateral,3,2.6
2026-02-05,Newark,Collateral,1,2.3
2026-02-07,Newark,Collateral,1,2.0
2026-02-08,Newark,Collateral,1,1.9
2026-02-09,Newark,Collateral,1,1.3
2026-02-10,Newark,Collateral,3,1.6
2026-02-11,Newark,Collateral,4,2.0
2026-02-12,Newark,Collateral,4,2.1
2026-02-14,Newark,Collateral,3,2.4
2026-02-15,Newark,Collateral,1,2.4
2026-02-16,Newark,Collateral,2,2.6
2026-02-18,Newark,Collateral,1,2.6
2026-02-19,Newark,Collateral,7,3.1
2026-02-20,Newark,Collateral,3,3.0
2026-02-21,Newark,Collateral,1,2.6
2026-02-25,Newark,Collateral,2,2.4
2026-02-27,Newark,Collateral,1,2.4
2026-03-02,Newark,Collateral,2,2.4
2026-03-03,Newark,Collateral,2,2.6
2026-03-06,Newark,Collateral,1,1.7
2026-03-07,Newark,Collateral,2,1.6
2026-03-08,Newark,Collateral,1,1.6
2026-03-09,Newark,Collateral,1,1.4
2026-03-10,Newark,Collateral,3,1.7
2025-08-08,Newark,Targeted,17,17.0
2025-08-09,Newark,Targeted,12,14.5
2025-08-10,Newark,Targeted,13,14.0
2025-08-11,Newark,Targeted,21,15.8
2025-08-12,Newark,Targeted,26,17.8
2025-08-13,Newark,Targeted,28,19.5
2025-08-14,Newark,Targeted,28,20.7
2025-08-15,Newark,Targeted,27,22.1
2025-08-16,Newark,Targeted,14,22.4
2025-08-17,Newark,Targeted,10,22.0
2025-08-18,Newark,Targeted,34,23.9
2025-08-19,Newark,Targeted,32,24.7
2025-08-20,Newark,Targeted,33,25.4
2025-08-21,Newark,Targeted,29,25.6
2025-08-22,Newark,Targeted,31,26.1
2025-08-23,Newark,Targeted,22,27.3
2025-08-24,Newark,Targeted,11,27.4
2025-08-25,Newark,Targeted,19,25.3
2025-08-26,Newark,Targeted,18,23.3
2025-08-27,Newark,Targeted,33,23.3
2025-08-28,Newark,Targeted,16,21.4
2025-08-29,Newark,Targeted,26,20.7
2025-08-30,Newark,Targeted,16,19.9
2025-08-31,Newark,Targeted,20,21.1
2025-09-01,Newark,Targeted,15,20.6
2025-09-02,Newark,Targeted,30,22.3
2025-09-03,Newark,Targeted,24,21.0
2025-09-04,Newark,Targeted,29,22.9
2025-09-05,Newark,Targeted,20,22.0
2025-09-06,Newark,Targeted,22,22.9
2025-09-07,Newark,Targeted,15,22.1
2025-09-08,Newark,Targeted,20,22.9
2025-09-09,Newark,Targeted,26,22.3
2025-09-10,Newark,Targeted,27,22.7
2025-09-11,Newark,Targeted,21,21.6
2025-09-12,Newark,Targeted,22,21.9
2025-09-13,Newark,Targeted,17,21.1
2025-09-14,Newark,Targeted,24,22.4
2025-09-15,Newark,Targeted,23,22.9
2025-09-16,Newark,Targeted,32,23.7
2025-09-17,Newark,Targeted,28,23.9
2025-09-18,Newark,Targeted,27,24.7
2025-09-19,Newark,Targeted,29,25.7
2025-09-20,Newark,Targeted,21,26.3
2025-09-21,Newark,Targeted,18,25.4
2025-09-22,Newark,Targeted,34,27.0
2025-09-23,Newark,Targeted,18,25.0
2025-09-24,Newark,Targeted,18,23.6
2025-09-25,Newark,Targeted,32,24.3
2025-09-26,Newark,Targeted,20,23.0
2025-09-27,Newark,Targeted,28,24.0
2025-09-28,Newark,Targeted,17,23.9
2025-09-29,Newark,Targeted,23,22.3
2025-09-30,Newark,Targeted,23,23.0
2025-10-01,Newark,Targeted,19,23.1
2025-10-02,Newark,Targeted,20,21.4
2025-10-03,Newark,Targeted,28,22.6
2025-10-04,Newark,Targeted,17,21.0
2025-10-05,Newark,Targeted,19,21.3
2025-10-06,Newark,Targeted,20,20.9
2025-10-07,Newark,Targeted,25,21.1
2025-10-08,Newark,Targeted,27,22.3
2025-10-09,Newark,Targeted,32,24.0
2025-10-10,Newark,Targeted,35,25.0
2025-10-11,Newark,Targeted,17,25.0
2025-10-12,Newark,Targeted,13,24.1
2025-10-13,Newark,Targeted,17,23.7
2025-10-14,Newark,Targeted,27,24.0
2025-10-15,Newark,Targeted,19,22.9
2025-10-16,Newark,Targeted,28,22.3
2025-10-17,Newark,Targeted,33,22.0
2025-10-18,Newark,Targeted,15,21.7
2025-10-19,Newark,Targeted,12,21.6
2025-10-20,Newark,Targeted,30,23.4
2025-10-21,Newark,Targeted,32,24.1
2025-10-22,Newark,Targeted,24,24.9
2025-10-23,Newark,Targeted,27,24.7
2025-10-24,Newark,Targeted,20,22.9
2025-10-25,Newark,Targeted,34,25.6
2025-10-26,Newark,Targeted,33,28.6
2025-10-27,Newark,Targeted,29,28.4
2025-10-28,Newark,Targeted,26,27.6
2025-10-29,Newark,Targeted,44,30.4
2025-10-30,Newark,Targeted,18,29.1
2025-10-31,Newark,Targeted,28,30.3
2025-11-01,Newark,Targeted,26,29.1
2025-11-02,Newark,Targeted,23,27.7
2025-11-03,Newark,Targeted,27,27.4
2025-11-04,Newark,Targeted,22,26.9
2025-11-05,Newark,Targeted,18,23.1
2025-11-06,Newark,Targeted,27,24.4
2025-11-07,Newark,Targeted,16,22.7
2025-11-08,Newark,Targeted,25,22.6
2025-11-09,Newark,Targeted,21,22.3
2025-11-10,Newark,Targeted,28,22.4
2025-11-11,Newark,Targeted,26,23.0
2025-11-12,Newark,Targeted,28,24.4
2025-11-13,Newark,Targeted,29,24.7
2025-11-14,Newark,Targeted,28,26.4
2025-11-15,Newark,Targeted,32,27.4
2025-11-16,Newark,Targeted,22,27.6
2025-11-17,Newark,Targeted,29,27.7
2025-11-18,Newark,Targeted,28,28.0
2025-11-19,Newark,Targeted,28,28.0
2025-11-20,Newark,Targeted,22,27.0
2025-11-21,Newark,Targeted,25,26.6
2025-11-22,Newark,Targeted,30,26.3
2025-11-23,Newark,Targeted,25,26.7
2025-11-24,Newark,Targeted,38,28.0
2025-11-25,Newark,Targeted,26,27.7
2025-11-26,Newark,Targeted,18,26.3
2025-11-27,Newark,Targeted,23,26.4
2025-11-28,Newark,Targeted,20,25.7
2025-11-29,Newark,Targeted,21,24.4
2025-11-30,Newark,Targeted,23,24.1
2025-12-01,Newark,Targeted,39,24.3
2025-12-02,Newark,Targeted,26,24.3
2025-12-03,Newark,Targeted,36,26.9
2025-12-04,Newark,Targeted,43,29.7
2025-12-05,Newark,Targeted,36,32.0
2025-12-06,Newark,Targeted,41,34.9
2025-12-07,Newark,Targeted,23,34.9
2025-12-08,Newark,Targeted,49,36.3
2025-12-09,Newark,Targeted,43,38.7
2025-12-10,Newark,Targeted,55,41.4
2025-12-11,Newark,Targeted,33,40.0
2025-12-12,Newark,Targeted,48,41.7
2025-12-13,Newark,Targeted,30,40.1
2025-12-14,Newark,Targeted,28,40.9
2025-12-15,Newark,Targeted,50,41.0
2025-12-16,Newark,Targeted,37,40.1
2025-12-17,Newark,Targeted,40,38.0
2025-12-18,Newark,Targeted,51,40.6
2025-12-19,Newark,Targeted,32,38.3
2025-12-20,Newark,Targeted,29,38.1
2025-12-21,Newark,Targeted,42,40.1
2025-12-22,Newark,Targeted,47,39.7
2025-12-23,Newark,Targeted,50,41.6
2025-12-24,Newark,Targeted,46,42.4
2025-12-25,Newark,Targeted,32,39.7
2025-12-26,Newark,Targeted,45,41.6
2025-12-27,Newark,Targeted,26,41.1
2025-12-28,Newark,Targeted,37,40.4
2025-12-29,Newark,Targeted,40,39.4
2025-12-30,Newark,Targeted,25,35.9
2025-12-31,Newark,Targeted,28,33.3
2026-01-01,Newark,Targeted,27,32.6
2026-01-02,Newark,Targeted,37,31.4
2026-01-03,Newark,Targeted,30,32.0
2026-01-04,Newark,Targeted,28,30.7
2026-01-05,Newark,Targeted,43,31.1
2026-01-06,Newark,Targeted,40,33.3
2026-01-07,Newark,Targeted,39,34.9
2026-01-08,Newark,Targeted,30,35.3
2026-01-09,Newark,Targeted,53,37.6
2026-01-10,Newark,Targeted,29,37.4
2026-01-11,Newark,Targeted,21,36.4
2026-01-12,Newark,Targeted,54,38.0
2026-01-13,Newark,Targeted,45,38.7
2026-01-14,Newark,Targeted,44,39.4
2026-01-15,Newark,Targeted,42,41.1
2026-01-16,Newark,Targeted,52,41.0
2026-01-17,Newark,Targeted,30,41.1
2026-01-18,Newark,Targeted,38,43.6
2026-01-19,Newark,Targeted,56,43.9
2026-01-20,Newark,Targeted,48,44.3
2026-01-21,Newark,Targeted,49,45.0
2026-01-22,Newark,Targeted,49,46.0
2026-01-23,Newark,Targeted,55,46.4
2026-01-24,Newark,Targeted,64,51.3
2026-01-26,Newark,Targeted,14,47.9
2026-01-27,Newark,Targeted,53,47.4
2026-01-28,Newark,Targeted,52,48.0
2026-01-29,Newark,Targeted,56,49.0
2026-01-30,Newark,Targeted,61,50.7
2026-01-31,Newark,Targeted,39,48.4
2026-02-01,Newark,Targeted,33,44.0
2026-02-02,Newark,Targeted,56,50.0
2026-02-03,Newark,Targeted,43,48.6
2026-02-04,Newark,Targeted,27,45.0
2026-02-05,Newark,Targeted,34,41.9
2026-02-06,Newark,Targeted,39,38.7
2026-02-07,Newark,Targeted,15,35.3
2026-02-08,Newark,Targeted,25,34.1
2026-02-09,Newark,Targeted,33,30.9
2026-02-10,Newark,Targeted,28,28.7
2026-02-11,Newark,Targeted,32,29.4
2026-02-12,Newark,Targeted,27,28.4
2026-02-13,Newark,Targeted,34,27.7
2026-02-14,Newark,Targeted,17,28.0
2026-02-15,Newark,Targeted,21,27.4
2026-02-16,Newark,Targeted,34,27.6
2026-02-17,Newark,Targeted,30,27.9
2026-02-18,Newark,Targeted,35,28.3
2026-02-19,Newark,Targeted,31,28.9
2026-02-20,Newark,Targeted,34,28.9
2026-02-21,Newark,Targeted,15,28.6
2026-02-22,Newark,Targeted,6,26.4
2026-02-23,Newark,Targeted,4,22.1
2026-02-24,Newark,Targeted,32,22.4
2026-02-25,Newark,Targeted,37,22.7
2026-02-26,Newark,Targeted,26,22.0
2026-02-27,Newark,Targeted,28,21.1
2026-02-28,Newark,Targeted,22,22.1
2026-03-01,Newark,Targeted,30,25.6
2026-03-02,Newark,Targeted,29,29.1
2026-03-03,Newark,Targeted,39,30.1
2026-03-04,Newark,Targeted,33,29.6
2026-03-05,Newark,Targeted,24,29.3
2026-03-06,Newark,Targeted,41,31.1
2026-03-07,Newark,Targeted,20,30.9
2026-03-08,Newark,Targeted,18,29.1
2026-03-09,Newark,Targeted,34,29.9
2026-03-10,Newark,Targeted,41,30.1
2026-03-11,Newark,Targeted,1,25.6
2025-11-02,Newark,Unknown,1,1.0
2025-11-17,Newark,Unknown,1,1.0
2025-08-08,Philadelphia,Collateral,11,11.0
2025-08-09,Philadelphia,Collateral,12,11.5
2025-08-11,Philadelphia,Collateral,3,8.7
2025-08-12,Philadelphia,Collateral,5,7.8
2025-08-13,Philadelphia,Collateral,8,7.8
2025-08-14,Philadelphia,Collateral,3,7.0
2025-08-15,Philadelphia,Collateral,4,6.6
2025-08-16,Philadelphia,Collateral,9,6.3
2025-08-17,Philadelphia,Collateral,6,5.4
2025-08-18,Philadelphia,Collateral,6,5.9
2025-08-19,Philadelphia,Collateral,25,8.7
2025-08-20,Philadelphia,Collateral,5,8.3
2025-08-21,Philadelphia,Collateral,13,9.7
2025-08-22,Philadelphia,Collateral,3,9.6
2025-08-24,Philadelphia,Collateral,5,9.0
2025-08-25,Philadelphia,Collateral,7,9.1
2025-08-26,Philadelphia,Collateral,12,10.0
2025-08-27,Philadelphia,Collateral,11,8.0
2025-08-28,Philadelphia,Collateral,5,8.0
2025-08-29,Philadelphia,Collateral,4,6.7
2025-08-30,Philadelphia,Collateral,3,6.7
2025-08-31,Philadelphia,Collateral,9,7.3
2025-09-01,Philadelphia,Collateral,4,6.9
2025-09-02,Philadelphia,Collateral,6,6.0
2025-09-03,Philadelphia,Collateral,19,7.1
2025-09-04,Philadelphia,Collateral,13,8.3
2025-09-05,Philadelphia,Collateral,7,8.7
2025-09-06,Philadelphia,Collateral,21,11.3
2025-09-07,Philadelphia,Collateral,10,11.4
2025-09-08,Philadelphia,Collateral,18,13.4
2025-09-09,Philadelphia,Collateral,20,15.4
2025-09-10,Philadelphia,Collateral,5,13.4
2025-09-11,Philadelphia,Collateral,10,13.0
2025-09-12,Philadelphia,Collateral,10,13.4
2025-09-13,Philadelphia,Collateral,11,12.0
2025-09-14,Philadelphia,Collateral,7,11.6
2025-09-15,Philadelphia,Collateral,13,10.9
2025-09-16,Philadelphia,Collateral,1,8.1
2025-09-17,Philadelphia,Collateral,10,8.9
2025-09-18,Philadelphia,Collateral,7,8.4
2025-09-19,Philadelphia,Collateral,5,7.7
2025-09-20,Philadelphia,Collateral,13,8.0
2025-09-21,Philadelphia,Collateral,5,7.7
2025-09-22,Philadelphia,Collateral,11,7.4
2025-09-23,Philadelphia,Collateral,8,8.4
2025-09-24,Philadelphia,Collateral,13,8.9
2025-09-25,Philadelphia,Collateral,5,8.6
2025-09-26,Philadelphia,Collateral,8,9.0
2025-09-27,Philadelphia,Collateral,13,9.0
2025-09-28,Philadelphia,Collateral,11,9.9
2025-09-29,Philadelphia,Collateral,15,10.4
2025-09-30,Philadelphia,Collateral,4,9.9
2025-10-01,Philadelphia,Collateral,9,9.3
2025-10-02,Philadelphia,Collateral,10,10.0
2025-10-03,Philadelphia,Collateral,7,9.9
2025-10-04,Philadelphia,Collateral,11,9.6
2025-10-05,Philadelphia,Collateral,3,8.4
2025-10-06,Philadelphia,Collateral,3,6.7
2025-10-07,Philadelphia,Collateral,9,7.4
2025-10-08,Philadelphia,Collateral,14,8.1
2025-10-09,Philadelphia,Collateral,14,8.7
2025-10-10,Philadelphia,Collateral,12,9.4
2025-10-11,Philadelphia,Collateral,12,9.6
2025-10-12,Philadelphia,Collateral,3,9.6
2025-10-13,Philadelphia,Collateral,7,10.1
2025-10-14,Philadelphia,Collateral,13,10.7
2025-10-15,Philadelphia,Collateral,9,10.0
2025-10-16,Philadelphia,Collateral,7,9.0
2025-10-17,Philadelphia,Collateral,4,7.9
2025-10-18,Philadelphia,Collateral,5,6.9
2025-10-19,Philadelphia,Collateral,1,6.6
2025-10-20,Philadelphia,Collateral,9,6.9
2025-10-21,Philadelphia,Collateral,8,6.1
2025-10-22,Philadelphia,Collateral,10,6.3
2025-10-23,Philadelphia,Collateral,6,6.1
2025-10-24,Philadelphia,Collateral,14,7.6
2025-10-25,Philadelphia,Collateral,6,7.7
2025-10-26,Philadelphia,Collateral,2,7.9
2025-10-27,Philadelphia,Collateral,6,7.4
2025-10-28,Philadelphia,Collateral,6,7.1
2025-10-29,Philadelphia,Collateral,16,8.0
2025-10-30,Philadelphia,Collateral,11,8.7
2025-10-31,Philadelphia,Collateral,1,6.9
2025-11-01,Philadelphia,Collateral,1,6.1
2025-11-02,Philadelphia,Collateral,5,6.6
2025-11-03,Philadelphia,Collateral,6,6.6
2025-11-04,Philadelphia,Collateral,10,7.1
2025-11-05,Philadelphia,Collateral,7,5.9
2025-11-06,Philadelphia,Collateral,10,5.7
2025-11-07,Philadelphia,Collateral,16,7.9
2025-11-08,Philadelphia,Collateral,20,10.6
2025-11-09,Philadelphia,Collateral,5,10.6
2025-11-10,Philadelphia,Collateral,4,10.3
2025-11-11,Philadelphia,Collateral,18,11.4
2025-11-12,Philadelphia,Collateral,10,11.9
2025-11-13,Philadelphia,Collateral,20,13.3
2025-11-14,Philadelphia,Collateral,6,11.9
2025-11-15,Philadelphia,Collateral,13,10.9
2025-11-16,Philadelphia,Collateral,4,10.7
2025-11-17,Philadelphia,Collateral,10,11.6
2025-11-18,Philadelphia,Collateral,17,11.4
2025-11-19,Philadelphia,Collateral,7,11.0
2025-11-20,Philadelphia,Collateral,10,9.6
2025-11-21,Philadelphia,Collateral,7,9.7
2025-11-22,Philadelphia,Collateral,9,9.1
2025-11-23,Philadelphia,Collateral,9,9.9
2025-11-24,Philadelphia,Collateral,6,9.3
2025-11-25,Philadelphia,Collateral,5,7.6
2025-11-26,Philadelphia,Collateral,9,7.9
2025-11-27,Philadelphia,Collateral,7,7.4
2025-11-28,Philadelphia,Collateral,9,7.7
2025-11-29,Philadelphia,Collateral,11,8.0
2025-11-30,Philadelphia,Collateral,2,7.0
2025-12-01,Philadelphia,Collateral,7,7.1
2025-12-02,Philadelphia,Collateral,1,6.6
2025-12-03,Philadelphia,Collateral,11,6.9
2025-12-04,Philadelphia,Collateral,25,9.4
2025-12-05,Philadelphia,Collateral,9,9.4
2025-12-06,Philadelphia,Collateral,17,10.3
2025-12-07,Philadelphia,Collateral,11,11.6
2025-12-08,Philadelphia,Collateral,9,11.9
2025-12-09,Philadelphia,Collateral,19,14.4
2025-12-10,Philadelphia,Collateral,13,14.7
2025-12-11,Philadelphia,Collateral,12,12.9
2025-12-12,Philadelphia,Collateral,17,14.0
2025-12-13,Philadelphia,Collateral,10,13.0
2025-12-14,Philadelphia,Collateral,12,13.1
2025-12-15,Philadelphia,Collateral,12,13.6
2025-12-16,Philadelphia,Collateral,16,13.1
2025-12-17,Philadelphia,Collateral,10,12.7
2025-12-18,Philadelphia,Collateral,29,15.1
2025-12-19,Philadelphia,Collateral,15,14.9
2025-12-20,Philadelphia,Collateral,22,16.6
2025-12-21,Philadelphia,Collateral,20,17.7
2025-12-22,Philadelphia,Collateral,9,17.3
2025-12-23,Philadelphia,Collateral,11,16.6
2025-12-24,Philadelphia,Collateral,8,16.3
2025-12-25,Philadelphia,Collateral,2,12.4
2025-12-26,Philadelphia,Collateral,16,12.6
2025-12-27,Philadelphia,Collateral,10,10.9
2025-12-28,Philadelphia,Collateral,8,9.1
2025-12-29,Philadelphia,Collateral,6,8.7
2025-12-30,Philadelphia,Collateral,22,10.3
2025-12-31,Philadelphia,Collateral,15,11.3
2026-01-01,Philadelphia,Collateral,10,12.4
2026-01-02,Philadelphia,Collateral,13,12.0
2026-01-03,Philadelphia,Collateral,9,11.9
2026-01-04,Philadelphia,Collateral,13,12.6
2026-01-05,Philadelphia,Collateral,21,14.7
2026-01-06,Philadelphia,Collateral,43,17.7
2026-01-07,Philadelphia,Collateral,60,24.1
2026-01-08,Philadelphia,Collateral,42,28.7
2026-01-09,Philadelphia,Collateral,30,31.1
2026-01-10,Philadelphia,Collateral,33,34.6
2026-01-11,Philadelphia,Collateral,13,34.6
2026-01-12,Philadelphia,Collateral,37,36.9
2026-01-13,Philadelphia,Collateral,38,36.1
2026-01-14,Philadelphia,Collateral,41,33.4
2026-01-15,Philadelphia,Collateral,20,30.3
2026-01-16,Philadelphia,Collateral,28,30.0
2026-01-17,Philadelphia,Collateral,33,30.0
2026-01-18,Philadelphia,Collateral,17,30.6
2026-01-19,Philadelphia,Collateral,21,28.3
2026-01-20,Philadelphia,Collateral,21,25.9
2026-01-21,Philadelphia,Collateral,11,21.6
2026-01-22,Philadelphia,Collateral,21,21.7
2026-01-23,Philadelphia,Collateral,12,19.4
2026-01-24,Philadelphia,Collateral,6,15.6
2026-01-27,Philadelphia,Collateral,10,14.6
2026-01-28,Philadelphia,Collateral,19,14.3
2026-01-29,Philadelphia,Collateral,15,13.4
2026-01-30,Philadelphia,Collateral,9,13.1
2026-01-31,Philadelphia,Collateral,10,11.6
2026-02-01,Philadelphia,Collateral,6,10.7
2026-02-02,Philadelphia,Collateral,21,12.9
2026-02-03,Philadelphia,Collateral,7,12.4
2026-02-04,Philadelphia,Collateral,7,10.7
2026-02-05,Philadelphia,Collateral,15,10.7
2026-02-06,Philadelphia,Collateral,6,10.3
2026-02-07,Philadelphia,Collateral,12,10.6
2026-02-08,Philadelphia,Collateral,9,11.0
2026-02-09,Philadelphia,Collateral,7,9.0
2026-02-10,Philadelphia,Collateral,22,11.1
2026-02-11,Philadelphia,Collateral,4,10.7
2026-02-12,Philadelphia,Collateral,10,10.0
2026-02-13,Philadelphia,Collateral,6,10.0
2026-02-14,Philadelphia,Collateral,7,9.3
2026-02-15,Philadelphia,Collateral,5,8.7
2026-02-16,Philadelphia,Collateral,6,8.6
2026-02-17,Philadelphia,Collateral,11,7.0
2026-02-18,Philadelphia,Collateral,16,8.7
2026-02-19,Philadelphia,Collateral,18,9.9
2026-02-20,Philadelphia,Collateral,10,10.4
2026-02-21,Philadelphia,Collateral,9,10.7
2026-02-22,Philadelphia,Collateral,2,10.3
2026-02-23,Philadelphia,Collateral,12,11.1
2026-02-24,Philadelphia,Collateral,11,11.1
2026-02-25,Philadelphia,Collateral,22,12.0
2026-02-26,Philadelphia,Collateral,8,10.6
2026-02-27,Philadelphia,Collateral,9,10.4
2026-03-02,Philadelphia,Collateral,15,11.3
2026-03-03,Philadelphia,Collateral,6,11.9
2026-03-04,Philadelphia,Collateral,6,11.0
2026-03-05,Philadelphia,Collateral,5,10.1
2026-03-06,Philadelphia,Collateral,4,7.6
2026-03-07,Philadelphia,Collateral,1,6.6
2026-03-09,Philadelphia,Collateral,7,6.3
2026-03-10,Philadelphia,Collateral,14,6.1
2025-08-08,Philadelphia,Targeted,18,18.0
2025-08-09,Philadelphia,Targeted,8,13.0
2025-08-10,Philadelphia,Targeted,3,9.7
2025-08-11,Philadelphia,Targeted,23,13.0
2025-08-12,Philadelphia,Targeted,17,13.8
2025-08-13,Philadelphia,Targeted,19,14.7
2025-08-14,Philadelphia,Targeted,18,15.1
2025-08-15,Philadelphia,Targeted,19,15.3
2025-08-16,Philadelphia,Targeted,10,15.6
2025-08-17,Philadelphia,Targeted,4,15.7
2025-08-18,Philadelphia,Targeted,12,14.1
2025-08-19,Philadelphia,Targeted,20,14.6
2025-08-20,Philadelphia,Targeted,12,13.6
2025-08-21,Philadelphia,Targeted,14,13.0
2025-08-22,Philadelphia,Targeted,15,12.4
2025-08-23,Philadelphia,Targeted,9,12.3
2025-08-24,Philadelphia,Targeted,8,12.9
2025-08-25,Philadelphia,Targeted,16,13.4
2025-08-26,Philadelphia,Targeted,15,12.7
2025-08-27,Philadelphia,Targeted,29,15.1
2025-08-28,Philadelphia,Targeted,16,15.4
2025-08-29,Philadelphia,Targeted,21,16.3
2025-08-30,Philadelphia,Targeted,6,15.9
2025-08-31,Philadelphia,Targeted,7,15.7
2025-09-01,Philadelphia,Targeted,5,14.1
2025-09-02,Philadelphia,Targeted,18,14.6
2025-09-03,Philadelphia,Targeted,22,13.6
2025-09-04,Philadelphia,Targeted,18,13.9
2025-09-05,Philadelphia,Targeted,23,14.1
2025-09-06,Philadelphia,Targeted,15,15.4
2025-09-07,Philadelphia,Targeted,7,15.4
2025-09-08,Philadelphia,Targeted,24,18.1
2025-09-09,Philadelphia,Targeted,31,20.0
2025-09-10,Philadelphia,Targeted,31,21.3
2025-09-11,Philadelphia,Targeted,30,23.0
2025-09-12,Philadelphia,Targeted,28,23.7
2025-09-13,Philadelphia,Targeted,15,23.7
2025-09-14,Philadelphia,Targeted,9,24.0
2025-09-15,Philadelphia,Targeted,25,24.1
2025-09-16,Philadelphia,Targeted,25,23.3
2025-09-17,Philadelphia,Targeted,27,22.7
2025-09-18,Philadelphia,Targeted,22,21.6
2025-09-19,Philadelphia,Targeted,29,21.7
2025-09-20,Philadelphia,Targeted,13,21.4
2025-09-21,Philadelphia,Targeted,8,21.3
2025-09-22,Philadelphia,Targeted,25,21.3
2025-09-23,Philadelphia,Targeted,23,21.0
2025-09-24,Philadelphia,Targeted,33,21.9
2025-09-25,Philadelphia,Targeted,28,22.7
2025-09-26,Philadelphia,Targeted,21,21.6
2025-09-27,Philadelphia,Targeted,17,22.1
2025-09-28,Philadelphia,Targeted,13,22.9
2025-09-29,Philadelphia,Targeted,26,23.0
2025-09-30,Philadelphia,Targeted,24,23.1
2025-10-01,Philadelphia,Targeted,15,20.6
2025-10-02,Philadelphia,Targeted,22,19.7
2025-10-03,Philadelphia,Targeted,36,21.9
2025-10-04,Philadelphia,Targeted,18,22.0
2025-10-05,Philadelphia,Targeted,6,21.0
2025-10-06,Philadelphia,Targeted,22,20.4
2025-10-07,Philadelphia,Targeted,28,21.0
2025-10-08,Philadelphia,Targeted,33,23.6
2025-10-09,Philadelphia,Targeted,25,24.0
2025-10-10,Philadelphia,Targeted,24,22.3
2025-10-11,Philadelphia,Targeted,8,20.9
2025-10-12,Philadelphia,Targeted,22,23.1
2025-10-13,Philadelphia,Targeted,22,23.1
2025-10-14,Philadelphia,Targeted,33,23.9
2025-10-15,Philadelphia,Targeted,41,25.0
2025-10-16,Philadelphia,Targeted,35,26.4
2025-10-17,Philadelphia,Targeted,21,26.0
2025-10-18,Philadelphia,Targeted,16,27.1
2025-10-19,Philadelphia,Targeted,9,25.3
2025-10-20,Philadelphia,Targeted,35,27.1
2025-10-21,Philadelphia,Targeted,26,26.1
2025-10-22,Philadelphia,Targeted,38,25.7
2025-10-23,Philadelphia,Targeted,44,27.0
2025-10-24,Philadelphia,Targeted,34,28.9
2025-10-25,Philadelphia,Targeted,16,28.9
2025-10-26,Philadelphia,Targeted,25,31.1
2025-10-27,Philadelphia,Targeted,36,31.3
2025-10-28,Philadelphia,Targeted,34,32.4
2025-10-29,Philadelphia,Targeted,34,31.9
2025-10-30,Philadelphia,Targeted,24,29.0
2025-10-31,Philadelphia,Targeted,26,27.9
2025-11-01,Philadelphia,Targeted,13,27.4
2025-11-02,Philadelphia,Targeted,9,25.1
2025-11-03,Philadelphia,Targeted,33,24.7
2025-11-04,Philadelphia,Targeted,48,26.7
2025-11-05,Philadelphia,Targeted,50,29.0
2025-11-06,Philadelphia,Targeted,47,32.3
2025-11-07,Philadelphia,Targeted,30,32.9
2025-11-08,Philadelphia,Targeted,22,34.1
2025-11-09,Philadelphia,Targeted,21,35.9
2025-11-10,Philadelphia,Targeted,40,36.9
2025-11-11,Philadelphia,Targeted,18,32.6
2025-11-12,Philadelphia,Targeted,53,33.0
2025-11-13,Philadelphia,Targeted,35,31.3
2025-11-14,Philadelphia,Targeted,32,31.6
2025-11-15,Philadelphia,Targeted,31,32.9
2025-11-16,Philadelphia,Targeted,9,31.1
2025-11-17,Philadelphia,Targeted,42,31.4
2025-11-18,Philadelphia,Targeted,45,35.3
2025-11-19,Philadelphia,Targeted,47,34.4
2025-11-20,Philadelphia,Targeted,33,34.1
2025-11-21,Philadelphia,Targeted,33,34.3
2025-11-22,Philadelphia,Targeted,16,32.1
2025-11-23,Philadelphia,Targeted,6,31.7
2025-11-24,Philadelphia,Targeted,26,29.4
2025-11-25,Philadelphia,Targeted,43,29.1
2025-11-26,Philadelphia,Targeted,33,27.1
2025-11-27,Philadelphia,Targeted,12,24.1
2025-11-28,Philadelphia,Targeted,25,23.0
2025-11-29,Philadelphia,Targeted,7,21.7
2025-11-30,Philadelphia,Targeted,9,22.1
2025-12-01,Philadelphia,Targeted,18,21.0
2025-12-02,Philadelphia,Targeted,42,20.9
2025-12-03,Philadelphia,Targeted,42,22.1
2025-12-04,Philadelphia,Targeted,28,24.4
2025-12-05,Philadelphia,Targeted,34,25.7
2025-12-06,Philadelphia,Targeted,9,26.0
2025-12-07,Philadelphia,Targeted,16,27.0
2025-12-08,Philadelphia,Targeted,19,27.1
2025-12-09,Philadelphia,Targeted,33,25.9
2025-12-10,Philadelphia,Targeted,28,23.9
2025-12-11,Philadelphia,Targeted,29,24.0
2025-12-12,Philadelphia,Targeted,28,23.1
2025-12-13,Philadelphia,Targeted,18,24.4
2025-12-14,Philadelphia,Targeted,7,23.1
2025-12-15,Philadelphia,Targeted,27,24.3
2025-12-16,Philadelphia,Targeted,35,24.6
2025-12-17,Philadelphia,Targeted,32,25.1
2025-12-18,Philadelphia,Targeted,46,27.6
2025-12-19,Philadelphia,Targeted,29,27.7
2025-12-20,Philadelphia,Targeted,26,28.9
2025-12-21,Philadelphia,Targeted,8,29.0
2025-12-22,Philadelphia,Targeted,29,29.3
2025-12-23,Philadelphia,Targeted,28,28.3
2025-12-24,Philadelphia,Targeted,16,26.0
2025-12-25,Philadelphia,Targeted,10,20.9
2025-12-26,Philadelphia,Targeted,18,19.3
2025-12-27,Philadelphia,Targeted,3,16.0
2025-12-28,Philadelphia,Targeted,5,15.6
2025-12-29,Philadelphia,Targeted,27,15.3
2025-12-30,Philadelphia,Targeted,34,16.1
2025-12-31,Philadelphia,Targeted,23,17.1
2026-01-01,Philadelphia,Targeted,14,17.7
2026-01-02,Philadelphia,Targeted,27,19.0
2026-01-03,Philadelphia,Targeted,13,20.4
2026-01-04,Philadelphia,Targeted,15,21.9
2026-01-05,Philadelphia,Targeted,38,23.4
2026-01-06,Philadelphia,Targeted,26,22.3
2026-01-07,Philadelphia,Targeted,44,25.3
2026-01-08,Philadelphia,Targeted,53,30.9
2026-01-09,Philadelphia,Targeted,38,32.4
2026-01-10,Philadelphia,Targeted,25,34.1
2026-01-11,Philadelphia,Targeted,31,36.4
2026-01-12,Philadelphia,Targeted,46,37.6
2026-01-13,Philadelphia,Targeted,50,41.0
2026-01-14,Philadelphia,Targeted,63,43.7
2026-01-15,Philadelphia,Targeted,38,41.6
2026-01-16,Philadelphia,Targeted,59,44.6
2026-01-17,Philadelphia,Targeted,32,45.6
2026-01-18,Philadelphia,Targeted,15,43.3
2026-01-19,Philadelphia,Targeted,21,39.7
2026-01-20,Philadelphia,Targeted,22,35.7
2026-01-21,Philadelphia,Targeted,32,31.3
2026-01-22,Philadelphia,Targeted,33,30.6
2026-01-23,Philadelphia,Targeted,28,26.1
2026-01-24,Philadelphia,Targeted,19,24.3
2026-01-27,Philadelphia,Targeted,21,25.1
2026-01-28,Philadelphia,Targeted,38,27.6
2026-01-29,Philadelphia,Targeted,35,29.4
2026-01-30,Philadelphia,Targeted,24,28.3
2026-01-31,Philadelphia,Targeted,14,25.6
2026-02-01,Philadelphia,Targeted,6,22.4
2026-02-02,Philadelphia,Targeted,25,23.3
2026-02-03,Philadelphia,Targeted,35,25.3
2026-02-04,Philadelphia,Targeted,39,25.4
2026-02-05,Philadelphia,Targeted,31,24.9
2026-02-06,Philadelphia,Targeted,22,24.6
2026-02-07,Philadelphia,Targeted,8,23.7
2026-02-08,Philadelphia,Targeted,13,24.7
2026-02-09,Philadelphia,Targeted,23,24.4
2026-02-10,Philadelphia,Targeted,20,22.3
2026-02-11,Philadelphia,Targeted,31,21.1
2026-02-12,Philadelphia,Targeted,28,20.7
2026-02-13,Philadelphia,Targeted,29,21.7
2026-02-14,Philadelphia,Targeted,13,22.4
2026-02-15,Philadelphia,Targeted,5,21.3
2026-02-16,Philadelphia,Targeted,7,19.0
2026-02-17,Philadelphia,Targeted,39,21.7
2026-02-18,Philadelphia,Targeted,40,23.0
2026-02-19,Philadelphia,Targeted,21,22.0
2026-02-20,Philadelphia,Targeted,16,20.1
2026-02-21,Philadelphia,Targeted,12,20.0
2026-02-22,Philadelphia,Targeted,9,20.6
2026-02-23,Philadelphia,Targeted,16,21.9
2026-02-24,Philadelphia,Targeted,31,20.7
2026-02-25,Philadelphia,Targeted,29,19.1
2026-02-26,Philadelphia,Targeted,26,19.9
2026-02-27,Philadelphia,Targeted,28,21.6
2026-02-28,Philadelphia,Targeted,1,20.0
2026-03-01,Philadelphia,Targeted,5,19.4
2026-03-02,Philadelphia,Targeted,29,21.3
2026-03-03,Philadelphia,Targeted,21,19.9
2026-03-04,Philadelphia,Targeted,37,21.0
2026-03-05,Philadelphia,Targeted,19,20.0
2026-03-06,Philadelphia,Targeted,28,20.0
2026-03-07,Philadelphia,Targeted,3,20.3
2026-03-08,Philadelphia,Targeted,5,20.3
2026-03-09,Philadelphia,Targeted,20,19.0
2026-03-10,Philadelphia,Targeted,27,19.9
2025-09-06,Philadelphia,Unknown,1,1.0
2025-11-05,Philadelphia,Unknown,1,1.0
2026-03-09,Philadelphia,Unknown,1,1.0
2025-08-08,Phoenix,Collateral,8,8.0
2025-08-10,Phoenix,Collateral,3,5.5
2025-08-11,Phoenix,Collateral,10,7.0
2025-08-12,Phoenix,Collateral,6,6.8
2025-08-13,Phoenix,Collateral,9,7.2
2025-08-14,Phoenix,Collateral,17,8.8
2025-08-15,Phoenix,Collateral,15,9.7
2025-08-16,Phoenix,Collateral,7,9.6
2025-08-17,Phoenix,Collateral,2,9.4
2025-08-18,Phoenix,Collateral,12,9.7
2025-08-19,Phoenix,Collateral,15,11.0
2025-08-20,Phoenix,Collateral,8,10.9
2025-08-21,Phoenix,Collateral,10,9.9
2025-08-22,Phoenix,Collateral,9,9.0
2025-08-23,Phoenix,Collateral,3,8.4
2025-08-24,Phoenix,Collateral,4,8.7
2025-08-25,Phoenix,Collateral,14,9.0
2025-08-26,Phoenix,Collateral,22,10.0
2025-08-27,Phoenix,Collateral,12,10.6
2025-08-28,Phoenix,Collateral,17,11.6
2025-08-29,Phoenix,Collateral,6,11.1
2025-08-30,Phoenix,Collateral,2,11.0
2025-08-31,Phoenix,Collateral,1,10.6
2025-09-01,Phoenix,Collateral,7,9.6
2025-09-02,Phoenix,Collateral,20,9.3
2025-09-03,Phoenix,Collateral,11,9.1
2025-09-04,Phoenix,Collateral,22,9.9
2025-09-05,Phoenix,Collateral,10,10.4
2025-09-06,Phoenix,Collateral,6,11.0
2025-09-07,Phoenix,Collateral,1,11.0
2025-09-08,Phoenix,Collateral,15,12.1
2025-09-09,Phoenix,Collateral,18,11.9
2025-09-10,Phoenix,Collateral,17,12.7
2025-09-11,Phoenix,Collateral,15,11.7
2025-09-12,Phoenix,Collateral,2,10.6
2025-09-14,Phoenix,Collateral,2,10.0
2025-09-15,Phoenix,Collateral,17,12.3
2025-09-16,Phoenix,Collateral,11,11.7
2025-09-17,Phoenix,Collateral,12,10.9
2025-09-18,Phoenix,Collateral,13,10.3
2025-09-19,Phoenix,Collateral,18,10.7
2025-09-20,Phoenix,Collateral,2,10.7
2025-09-21,Phoenix,Collateral,1,10.6
2025-09-22,Phoenix,Collateral,12,9.9
2025-09-23,Phoenix,Collateral,21,11.3
2025-09-24,Phoenix,Collateral,11,11.1
2025-09-25,Phoenix,Collateral,17,11.7
2025-09-26,Phoenix,Collateral,19,11.9
2025-09-28,Phoenix,Collateral,5,12.3
2025-09-29,Phoenix,Collateral,9,13.4
2025-09-30,Phoenix,Collateral,26,15.4
2025-10-01,Phoenix,Collateral,14,14.4
2025-10-02,Phoenix,Collateral,18,15.4
2025-10-03,Phoenix,Collateral,11,14.6
2025-10-04,Phoenix,Collateral,1,12.0
2025-10-05,Phoenix,Collateral,4,11.9
2025-10-06,Phoenix,Collateral,5,11.3
2025-10-07,Phoenix,Collateral,12,9.3
2025-10-08,Phoenix,Collateral,17,9.7
2025-10-09,Phoenix,Collateral,11,8.7
2025-10-10,Phoenix,Collateral,13,9.0
2025-10-11,Phoenix,Collateral,4,9.4
2025-10-13,Phoenix,Collateral,10,10.3
2025-10-14,Phoenix,Collateral,17,12.0
2025-10-15,Phoenix,Collateral,17,12.7
2025-10-16,Phoenix,Collateral,12,12.0
2025-10-17,Phoenix,Collateral,15,12.6
2025-10-19,Phoenix,Collateral,7,11.7
2025-10-20,Phoenix,Collateral,24,14.6
2025-10-21,Phoenix,Collateral,19,15.9
2025-10-22,Phoenix,Collateral,26,17.1
2025-10-23,Phoenix,Collateral,15,16.9
2025-10-24,Phoenix,Collateral,17,17.6
2025-10-25,Phoenix,Collateral,9,16.7
2025-10-26,Phoenix,Collateral,2,16.0
2025-10-27,Phoenix,Collateral,16,14.9
2025-10-28,Phoenix,Collateral,10,13.6
2025-10-29,Phoenix,Collateral,32,14.4
2025-10-30,Phoenix,Collateral,21,15.3
2025-10-31,Phoenix,Collateral,14,14.9
2025-11-01,Phoenix,Collateral,7,14.6
2025-11-02,Phoenix,Collateral,31,18.7
2025-11-03,Phoenix,Collateral,31,20.9
2025-11-04,Phoenix,Collateral,38,24.9
2025-11-05,Phoenix,Collateral,27,24.1
2025-11-06,Phoenix,Collateral,24,24.6
2025-11-07,Phoenix,Collateral,24,26.0
2025-11-08,Phoenix,Collateral,9,26.3
2025-11-09,Phoenix,Collateral,12,23.6
2025-11-10,Phoenix,Collateral,27,23.0
2025-11-11,Phoenix,Collateral,14,19.6
2025-11-12,Phoenix,Collateral,24,19.1
2025-11-13,Phoenix,Collateral,20,18.6
2025-11-14,Phoenix,Collateral,18,17.7
2025-11-15,Phoenix,Collateral,3,16.9
2025-11-16,Phoenix,Collateral,11,16.7
2025-11-17,Phoenix,Collateral,20,15.7
2025-11-18,Phoenix,Collateral,22,16.9
2025-11-19,Phoenix,Collateral,22,16.6
2025-11-20,Phoenix,Collateral,21,16.7
2025-11-21,Phoenix,Collateral,17,16.6
2025-11-22,Phoenix,Collateral,8,17.3
2025-11-23,Phoenix,Collateral,13,17.6
2025-11-24,Phoenix,Collateral,15,16.9
2025-11-25,Phoenix,Collateral,16,16.0
2025-11-26,Phoenix,Collateral,20,15.7
2025-11-27,Phoenix,Collateral,4,13.3
2025-11-28,Phoenix,Collateral,6,11.7
2025-11-29,Phoenix,Collateral,5,11.3
2025-11-30,Phoenix,Collateral,9,10.7
2025-12-01,Phoenix,Collateral,13,10.4
2025-12-02,Phoenix,Collateral,8,9.3
2025-12-03,Phoenix,Collateral,22,9.6
2025-12-04,Phoenix,Collateral,29,13.1
2025-12-05,Phoenix,Collateral,10,13.7
2025-12-06,Phoenix,Collateral,7,14.0
2025-12-07,Phoenix,Collateral,5,13.4
2025-12-08,Phoenix,Collateral,20,14.4
2025-12-09,Phoenix,Collateral,16,15.6
2025-12-10,Phoenix,Collateral,22,15.6
2025-12-11,Phoenix,Collateral,21,14.4
2025-12-12,Phoenix,Collateral,22,16.1
2025-12-13,Phoenix,Collateral,19,17.9
2025-12-14,Phoenix,Collateral,11,18.7
2025-12-15,Phoenix,Collateral,35,20.9
2025-12-16,Phoenix,Collateral,36,23.7
2025-12-17,Phoenix,Collateral,37,25.9
2025-12-18,Phoenix,Collateral,33,27.6
2025-12-19,Phoenix,Collateral,19,27.1
2025-12-20,Phoenix,Collateral,8,25.6
2025-12-21,Phoenix,Collateral,11,25.6
2025-12-22,Phoenix,Collateral,19,23.3
2025-12-23,Phoenix,Collateral,9,19.4
2025-12-24,Phoenix,Collateral,20,17.0
2025-12-25,Phoenix,Collateral,5,13.0
2025-12-26,Phoenix,Collateral,5,11.0
2025-12-27,Phoenix,Collateral,2,10.1
2025-12-28,Phoenix,Collateral,5,9.3
2025-12-29,Phoenix,Collateral,20,9.4
2025-12-30,Phoenix,Collateral,13,10.0
2025-12-31,Phoenix,Collateral,13,9.0
2026-01-01,Phoenix,Collateral,3,8.7
2026-01-02,Phoenix,Collateral,18,10.6
2026-01-03,Phoenix,Collateral,6,11.1
2026-01-04,Phoenix,Collateral,15,12.6
2026-01-05,Phoenix,Collateral,27,13.6
2026-01-06,Phoenix,Collateral,13,13.6
2026-01-07,Phoenix,Collateral,19,14.4
2026-01-08,Phoenix,Collateral,7,15.0
2026-01-09,Phoenix,Collateral,33,17.1
2026-01-10,Phoenix,Collateral,12,18.0
2026-01-11,Phoenix,Collateral,8,17.0
2026-01-12,Phoenix,Collateral,12,14.9
2026-01-13,Phoenix,Collateral,11,14.6
2026-01-14,Phoenix,Collateral,12,13.6
2026-01-15,Phoenix,Collateral,6,13.4
2026-01-16,Phoenix,Collateral,25,12.3
2026-01-17,Phoenix,Collateral,1,10.7
2026-01-18,Phoenix,Collateral,4,10.1
2026-01-19,Phoenix,Collateral,9,9.7
2026-01-20,Phoenix,Collateral,1,8.3
2026-01-21,Phoenix,Collateral,2,6.9
2026-01-22,Phoenix,Collateral,3,6.4
2026-01-23,Phoenix,Collateral,10,4.3
2026-01-24,Phoenix,Collateral,2,4.4
2026-01-25,Phoenix,Collateral,1,4.0
2026-01-26,Phoenix,Collateral,5,3.4
2026-01-27,Phoenix,Collateral,7,4.3
2026-01-28,Phoenix,Collateral,18,6.6
2026-01-29,Phoenix,Collateral,15,8.3
2026-01-30,Phoenix,Collateral,7,7.9
2026-01-31,Phoenix,Collateral,7,8.6
2026-02-01,Phoenix,Collateral,3,8.9
2026-02-02,Phoenix,Collateral,9,9.4
2026-02-03,Phoenix,Collateral,4,9.0
2026-02-04,Phoenix,Collateral,6,7.3
2026-02-05,Phoenix,Collateral,2,5.4
2026-02-06,Phoenix,Collateral,1,4.6
2026-02-07,Phoenix,Collateral,5,4.3
2026-02-08,Phoenix,Collateral,1,4.0
2026-02-09,Phoenix,Collateral,13,4.6
2026-02-10,Phoenix,Collateral,9,5.3
2026-02-11,Phoenix,Collateral,2,4.7
2026-02-12,Phoenix,Collateral,4,5.0
2026-02-13,Phoenix,Collateral,6,5.7
2026-02-14,Phoenix,Collateral,2,5.3
2026-02-15,Phoenix,Collateral,4,5.7
2026-02-16,Phoenix,Collateral,4,4.4
2026-02-17,Phoenix,Collateral,12,4.9
2026-02-18,Phoenix,Collateral,17,7.0
2026-02-19,Phoenix,Collateral,5,7.1
2026-02-20,Phoenix,Collateral,22,9.4
2026-02-21,Phoenix,Collateral,1,9.3
2026-02-22,Phoenix,Collateral,3,9.1
2026-02-23,Phoenix,Collateral,6,9.4
2026-02-24,Phoenix,Collateral,2,8.0
2026-02-25,Phoenix,Collateral,7,6.6
2026-02-26,Phoenix,Collateral,6,6.7
2026-02-27,Phoenix,Collateral,8,4.7
2026-02-28,Phoenix,Collateral,3,5.0
2026-03-01,Phoenix,Collateral,7,5.6
2026-03-02,Phoenix,Collateral,5,5.4
2026-03-03,Phoenix,Collateral,17,7.6
2026-03-04,Phoenix,Collateral,5,7.3
2026-03-05,Phoenix,Collateral,5,7.1
2026-03-06,Phoenix,Collateral,3,6.4
2026-03-07,Phoenix,Collateral,2,6.3
2026-03-08,Phoenix,Collateral,1,5.4
2026-03-09,Phoenix,Collateral,2,5.0
2026-03-10,Phoenix,Collateral,5,3.3
2025-08-08,Phoenix,Targeted,30,30.0
2025-08-09,Phoenix,Targeted,10,20.0
2025-08-10,Phoenix,Targeted,9,16.3
2025-08-11,Phoenix,Targeted,22,17.8
2025-08-12,Phoenix,Targeted,25,19.2
2025-08-13,Phoenix,Targeted,29,20.8
2025-08-14,Phoenix,Targeted,17,20.3
2025-08-15,Phoenix,Targeted,27,19.9
2025-08-16,Phoenix,Targeted,20,21.3
2025-08-17,Phoenix,Targeted,13,21.9
2025-08-18,Phoenix,Targeted,15,20.9
2025-08-19,Phoenix,Targeted,38,22.7
2025-08-20,Phoenix,Targeted,21,21.6
2025-08-21,Phoenix,Targeted,19,21.9
2025-08-22,Phoenix,Targeted,16,20.3
2025-08-23,Phoenix,Targeted,14,19.4
2025-08-24,Phoenix,Targeted,9,18.9
2025-08-25,Phoenix,Targeted,33,21.4
2025-08-26,Phoenix,Targeted,26,19.7
2025-08-27,Phoenix,Targeted,25,20.3
2025-08-28,Phoenix,Targeted,30,21.9
2025-08-29,Phoenix,Targeted,35,24.6
2025-08-30,Phoenix,Targeted,11,24.1
2025-08-31,Phoenix,Targeted,5,23.6
2025-09-01,Phoenix,Targeted,10,20.3
2025-09-02,Phoenix,Targeted,19,19.3
2025-09-03,Phoenix,Targeted,31,20.1
2025-09-04,Phoenix,Targeted,41,21.7
2025-09-05,Phoenix,Targeted,36,21.9
2025-09-06,Phoenix,Targeted,6,21.1
2025-09-07,Phoenix,Targeted,17,22.9
2025-09-08,Phoenix,Targeted,26,25.1
2025-09-09,Phoenix,Targeted,33,27.1
2025-09-10,Phoenix,Targeted,28,26.7
2025-09-11,Phoenix,Targeted,30,25.1
2025-09-12,Phoenix,Targeted,18,22.6
2025-09-13,Phoenix,Targeted,10,23.1
2025-09-14,Phoenix,Targeted,13,22.6
2025-09-15,Phoenix,Targeted,29,23.0
2025-09-16,Phoenix,Targeted,25,21.9
2025-09-17,Phoenix,Targeted,20,20.7
2025-09-18,Phoenix,Targeted,26,20.1
2025-09-19,Phoenix,Targeted,20,20.4
2025-09-20,Phoenix,Targeted,4,19.6
2025-09-21,Phoenix,Targeted,7,18.7
2025-09-22,Phoenix,Targeted,39,20.1
2025-09-23,Phoenix,Targeted,30,20.9
2025-09-24,Phoenix,Targeted,28,22.0
2025-09-25,Phoenix,Targeted,30,22.6
2025-09-26,Phoenix,Targeted,13,21.6
2025-09-27,Phoenix,Targeted,8,22.1
2025-09-28,Phoenix,Targeted,10,22.6
2025-09-29,Phoenix,Targeted,30,21.3
2025-09-30,Phoenix,Targeted,22,20.1
2025-10-01,Phoenix,Targeted,30,20.4
2025-10-02,Phoenix,Targeted,23,19.4
2025-10-03,Phoenix,Targeted,18,20.1
2025-10-04,Phoenix,Targeted,8,20.1
2025-10-05,Phoenix,Targeted,8,19.9
2025-10-06,Phoenix,Targeted,20,18.4
2025-10-07,Phoenix,Targeted,21,18.3
2025-10-08,Phoenix,Targeted,25,17.6
2025-10-09,Phoenix,Targeted,26,18.0
2025-10-10,Phoenix,Targeted,30,19.7
2025-10-11,Phoenix,Targeted,7,19.6
2025-10-12,Phoenix,Targeted,15,20.6
2025-10-13,Phoenix,Targeted,8,18.9
2025-10-14,Phoenix,Targeted,30,20.1
2025-10-15,Phoenix,Targeted,26,20.3
2025-10-16,Phoenix,Targeted,19,19.3
2025-10-17,Phoenix,Targeted,26,18.7
2025-10-18,Phoenix,Targeted,10,19.1
2025-10-19,Phoenix,Targeted,10,18.4
2025-10-20,Phoenix,Targeted,31,21.7
2025-10-21,Phoenix,Targeted,25,21.0
2025-10-22,Phoenix,Targeted,29,21.4
2025-10-23,Phoenix,Targeted,26,22.4
2025-10-24,Phoenix,Targeted,27,22.6
2025-10-25,Phoenix,Targeted,10,22.6
2025-10-26,Phoenix,Targeted,6,22.0
2025-10-27,Phoenix,Targeted,22,20.7
2025-10-28,Phoenix,Targeted,23,20.4
2025-10-29,Phoenix,Targeted,33,21.0
2025-10-30,Phoenix,Targeted,20,20.1
2025-10-31,Phoenix,Targeted,30,20.6
2025-11-01,Phoenix,Targeted,6,20.0
2025-11-02,Phoenix,Targeted,16,21.4
2025-11-03,Phoenix,Targeted,26,22.0
2025-11-04,Phoenix,Targeted,30,23.0
2025-11-05,Phoenix,Targeted,23,21.6
2025-11-06,Phoenix,Targeted,22,21.9
2025-11-07,Phoenix,Targeted,22,20.7
2025-11-08,Phoenix,Targeted,14,21.9
2025-11-09,Phoenix,Targeted,16,21.9
2025-11-10,Phoenix,Targeted,20,21.0
2025-11-11,Phoenix,Targeted,15,18.9
2025-11-12,Phoenix,Targeted,23,18.9
2025-11-13,Phoenix,Targeted,21,18.7
2025-11-14,Phoenix,Targeted,23,18.9
2025-11-15,Phoenix,Targeted,14,18.9
2025-11-16,Phoenix,Targeted,14,18.6
2025-11-17,Phoenix,Targeted,19,18.4
2025-11-18,Phoenix,Targeted,19,19.0
2025-11-19,Phoenix,Targeted,16,18.0
2025-11-20,Phoenix,Targeted,22,18.1
2025-11-21,Phoenix,Targeted,17,17.3
2025-11-22,Phoenix,Targeted,6,16.1
2025-11-23,Phoenix,Targeted,18,16.7
2025-11-24,Phoenix,Targeted,16,16.3
2025-11-25,Phoenix,Targeted,22,16.7
2025-11-26,Phoenix,Targeted,38,19.9
2025-11-27,Phoenix,Targeted,14,18.7
2025-11-28,Phoenix,Targeted,15,18.4
2025-11-29,Phoenix,Targeted,13,19.4
2025-11-30,Phoenix,Targeted,10,18.3
2025-12-01,Phoenix,Targeted,15,18.1
2025-12-02,Phoenix,Targeted,24,18.4
2025-12-03,Phoenix,Targeted,20,15.9
2025-12-04,Phoenix,Targeted,22,17.0
2025-12-05,Phoenix,Targeted,52,22.3
2025-12-06,Phoenix,Targeted,7,21.4
2025-12-07,Phoenix,Targeted,14,22.0
2025-12-08,Phoenix,Targeted,24,23.3
2025-12-09,Phoenix,Targeted,22,23.0
2025-12-10,Phoenix,Targeted,31,24.6
2025-12-11,Phoenix,Targeted,25,25.0
2025-12-12,Phoenix,Targeted,28,21.6
2025-12-13,Phoenix,Targeted,26,24.3
2025-12-14,Phoenix,Targeted,28,26.3
2025-12-15,Phoenix,Targeted,51,30.1
2025-12-16,Phoenix,Targeted,35,32.0
2025-12-17,Phoenix,Targeted,28,31.6
2025-12-18,Phoenix,Targeted,37,33.3
2025-12-19,Phoenix,Targeted,29,33.4
2025-12-20,Phoenix,Targeted,24,33.1
2025-12-21,Phoenix,Targeted,14,31.1
2025-12-22,Phoenix,Targeted,11,25.4
2025-12-23,Phoenix,Targeted,30,24.7
2025-12-24,Phoenix,Targeted,21,23.7
2025-12-25,Phoenix,Targeted,7,19.4
2025-12-26,Phoenix,Targeted,11,16.9
2025-12-27,Phoenix,Targeted,6,14.3
2025-12-28,Phoenix,Targeted,12,14.0
2025-12-29,Phoenix,Targeted,15,14.6
2025-12-30,Phoenix,Targeted,19,13.0
2025-12-31,Phoenix,Targeted,21,13.0
2026-01-01,Phoenix,Targeted,11,13.6
2026-01-02,Phoenix,Targeted,24,15.4
2026-01-03,Phoenix,Targeted,16,16.9
2026-01-04,Phoenix,Targeted,13,17.0
2026-01-05,Phoenix,Targeted,21,17.9
2026-01-06,Phoenix,Targeted,34,20.0
2026-01-07,Phoenix,Targeted,26,20.7
2026-01-08,Phoenix,Targeted,20,22.0
2026-01-09,Phoenix,Targeted,30,22.9
2026-01-10,Phoenix,Targeted,18,23.1
2026-01-11,Phoenix,Targeted,10,22.7
2026-01-12,Phoenix,Targeted,38,25.1
2026-01-13,Phoenix,Targeted,30,24.6
2026-01-14,Phoenix,Targeted,40,26.6
2026-01-15,Phoenix,Targeted,34,28.6
2026-01-16,Phoenix,Targeted,33,29.0
2026-01-17,Phoenix,Targeted,11,28.0
2026-01-18,Phoenix,Targeted,15,28.7
2026-01-19,Phoenix,Targeted,15,25.4
2026-01-20,Phoenix,Targeted,27,25.0
2026-01-21,Phoenix,Targeted,40,25.0
2026-01-22,Phoenix,Targeted,27,24.0
2026-01-23,Phoenix,Targeted,43,25.4
2026-01-24,Phoenix,Targeted,10,25.3
2026-01-25,Phoenix,Targeted,17,25.6
2026-01-26,Phoenix,Targeted,27,27.3
2026-01-27,Phoenix,Targeted,56,31.4
2026-01-28,Phoenix,Targeted,39,31.3
2026-01-29,Phoenix,Targeted,34,32.3
2026-01-30,Phoenix,Targeted,32,30.7
2026-01-31,Phoenix,Targeted,21,32.3
2026-02-01,Phoenix,Targeted,12,31.6
2026-02-02,Phoenix,Targeted,37,33.0
2026-02-03,Phoenix,Targeted,24,28.4
2026-02-04,Phoenix,Targeted,28,26.9
2026-02-05,Phoenix,Targeted,27,25.9
2026-02-06,Phoenix,Targeted,44,27.6
2026-02-07,Phoenix,Targeted,11,26.1
2026-02-08,Phoenix,Targeted,7,25.4
2026-02-09,Phoenix,Targeted,14,22.1
2026-02-10,Phoenix,Targeted,35,23.7
2026-02-11,Phoenix,Targeted,41,25.6
2026-02-12,Phoenix,Targeted,36,26.9
2026-02-13,Phoenix,Targeted,31,25.0
2026-02-14,Phoenix,Targeted,5,24.1
2026-02-15,Phoenix,Targeted,9,24.4
2026-02-16,Phoenix,Targeted,19,25.1
2026-02-17,Phoenix,Targeted,32,24.7
2026-02-18,Phoenix,Targeted,19,21.6
2026-02-19,Phoenix,Targeted,25,20.0
2026-02-20,Phoenix,Targeted,22,18.7
2026-02-21,Phoenix,Targeted,10,19.4
2026-02-22,Phoenix,Targeted,15,20.3
2026-02-23,Phoenix,Targeted,40,23.3
2026-02-24,Phoenix,Targeted,25,22.3
2026-02-25,Phoenix,Targeted,29,23.7
2026-02-26,Phoenix,Targeted,42,26.1
2026-02-27,Phoenix,Targeted,32,27.6
2026-02-28,Phoenix,Targeted,20,29.0
2026-03-01,Phoenix,Targeted,19,29.6
2026-03-02,Phoenix,Targeted,33,28.6
2026-03-03,Phoenix,Targeted,41,30.9
2026-03-04,Phoenix,Targeted,29,30.9
2026-03-05,Phoenix,Targeted,24,28.3
2026-03-06,Phoenix,Targeted,38,29.1
2026-03-07,Phoenix,Targeted,13,28.1
2026-03-08,Phoenix,Targeted,16,27.7
2026-03-09,Phoenix,Targeted,38,28.4
2026-03-10,Phoenix,Targeted,22,25.7
2025-08-08,Phoenix,Unknown,1,1.0
2025-08-10,Phoenix,Unknown,2,1.5
2025-08-12,Phoenix,Unknown,1,1.3
2025-08-13,Phoenix,Unknown,1,1.2
2025-08-15,Phoenix,Unknown,1,1.2
2025-08-16,Phoenix,Unknown,2,1.3
2025-08-19,Phoenix,Unknown,2,1.4
2025-08-21,Phoenix,Unknown,2,1.6
2025-08-23,Phoenix,Unknown,1,1.4
2025-08-26,Phoenix,Unknown,1,1.4
2025-08-27,Phoenix,Unknown,1,1.4
2025-08-29,Phoenix,Unknown,2,1.6
2025-08-31,Phoenix,Unknown,1,1.4
2025-09-02,Phoenix,Unknown,3,1.6
2025-09-03,Phoenix,Unknown,1,1.4
2025-09-04,Phoenix,Unknown,2,1.6
2025-09-09,Phoenix,Unknown,1,1.6
2025-09-12,Phoenix,Unknown,2,1.7
2025-09-13,Phoenix,Unknown,4,2.0
2025-09-14,Phoenix,Unknown,1,2.0
2025-09-15,Phoenix,Unknown,1,1.7
2025-09-16,Phoenix,Unknown,3,2.0
2025-09-22,Phoenix,Unknown,2,2.0
2025-09-27,Phoenix,Unknown,2,2.1
2025-10-02,Phoenix,Unknown,1,2.0
2025-10-14,Phoenix,Unknown,1,1.6
2025-10-16,Phoenix,Unknown,1,1.6
2025-10-19,Phoenix,Unknown,2,1.7
2025-10-20,Phoenix,Unknown,2,1.6
2025-10-23,Phoenix,Unknown,1,1.4
2025-10-27,Phoenix,Unknown,1,1.3
2025-10-31,Phoenix,Unknown,1,1.3
2025-11-05,Phoenix,Unknown,1,1.3
2025-11-07,Phoenix,Unknown,2,1.4
2025-11-09,Phoenix,Unknown,1,1.3
2025-11-10,Phoenix,Unknown,1,1.1
2025-11-12,Phoenix,Unknown,1,1.1
2025-11-16,Phoenix,Unknown,1,1.1
2025-11-19,Phoenix,Unknown,1,1.1
2025-11-26,Phoenix,Unknown,1,1.1
2025-11-28,Phoenix,Unknown,1,1.0
2025-11-29,Phoenix,Unknown,1,1.0
2025-11-30,Phoenix,Unknown,1,1.0
2025-12-07,Phoenix,Unknown,1,1.0
2025-12-08,Phoenix,Unknown,1,1.0
2025-12-09,Phoenix,Unknown,1,1.0
2025-12-13,Phoenix,Unknown,1,1.0
2025-12-15,Phoenix,Unknown,1,1.0
2025-12-16,Phoenix,Unknown,2,1.1
2025-12-17,Phoenix,Unknown,1,1.1
2025-12-22,Phoenix,Unknown,2,1.3
2025-12-24,Phoenix,Unknown,1,1.3
2025-12-27,Phoenix,Unknown,3,1.6
2025-12-29,Phoenix,Unknown,1,1.6
2026-01-02,Phoenix,Unknown,1,1.6
2026-01-06,Phoenix,Unknown,1,1.4
2026-01-13,Phoenix,Unknown,1,1.4
2026-01-16,Phoenix,Unknown,1,1.3
2026-01-19,Phoenix,Unknown,1,1.3
2026-01-25,Phoenix,Unknown,1,1.0
2026-01-27,Phoenix,Unknown,1,1.0
2026-01-31,Phoenix,Unknown,2,1.1
2026-02-04,Phoenix,Unknown,2,1.3
2026-02-07,Phoenix,Unknown,3,1.6
2026-02-14,Phoenix,Unknown,1,1.6
2026-02-16,Phoenix,Unknown,1,1.6
2026-02-17,Phoenix,Unknown,1,1.6
2026-02-19,Phoenix,Unknown,1,1.6
2026-03-02,Phoenix,Unknown,1,1.4
2025-08-08,Salt Lake City,Collateral,2,2.0
2025-08-09,Salt Lake City,Collateral,2,2.0
2025-08-10,Salt Lake City,Collateral,1,1.7
2025-08-11,Salt Lake City,Collateral,5,2.5
2025-08-12,Salt Lake City,Collateral,11,4.2
2025-08-13,Salt Lake City,Collateral,2,3.8
2025-08-14,Salt Lake City,Collateral,9,4.6
2025-08-15,Salt Lake City,Collateral,1,4.4
2025-08-16,Salt Lake City,Collateral,1,4.3
2025-08-18,Salt Lake City,Collateral,5,4.9
2025-08-19,Salt Lake City,Collateral,2,4.4
2025-08-20,Salt Lake City,Collateral,7,3.9
2025-08-21,Salt Lake City,Collateral,2,3.9
2025-08-22,Salt Lake City,Collateral,2,2.9
2025-08-23,Salt Lake City,Collateral,1,2.9
2025-08-24,Salt Lake City,Collateral,1,2.9
2025-08-25,Salt Lake City,Collateral,5,2.9
2025-08-26,Salt Lake City,Collateral,3,3.0
2025-08-27,Salt Lake City,Collateral,3,2.4
2025-08-28,Salt Lake City,Collateral,1,2.3
2025-08-29,Salt Lake City,Collateral,3,2.4
2025-08-31,Salt Lake City,Collateral,1,2.4
2025-09-01,Salt Lake City,Collateral,3,2.7
2025-09-02,Salt Lake City,Collateral,1,2.1
2025-09-03,Salt Lake City,Collateral,2,2.0
2025-09-04,Salt Lake City,Collateral,7,2.6
2025-09-05,Salt Lake City,Collateral,1,2.6
2025-09-07,Salt Lake City,Collateral,1,2.3
2025-09-08,Salt Lake City,Collateral,1,2.3
2025-09-09,Salt Lake City,Collateral,3,2.3
2025-09-10,Salt Lake City,Collateral,5,2.9
2025-09-12,Salt Lake City,Collateral,3,3.0
2025-09-13,Salt Lake City,Collateral,1,2.1
2025-09-15,Salt Lake City,Collateral,1,2.1
2025-09-16,Salt Lake City,Collateral,2,2.3
2025-09-17,Salt Lake City,Collateral,3,2.6
2025-09-18,Salt Lake City,Collateral,2,2.4
2025-09-19,Salt Lake City,Collateral,5,2.4
2025-09-20,Salt Lake City,Collateral,3,2.4
2025-09-21,Salt Lake City,Collateral,1,2.4
2025-09-22,Salt Lake City,Collateral,3,2.7
2025-09-23,Salt Lake City,Collateral,7,3.4
2025-09-24,Salt Lake City,Collateral,9,4.3
2025-09-25,Salt Lake City,Collateral,9,5.3
2025-09-26,Salt Lake City,Collateral,5,5.3
2025-09-27,Salt Lake City,Collateral,1,5.0
2025-09-29,Salt Lake City,Collateral,4,5.4
2025-09-30,Salt Lake City,Collateral,1,5.1
2025-10-01,Salt Lake City,Collateral,1,4.3
2025-10-02,Salt Lake City,Collateral,3,3.4
2025-10-03,Salt Lake City,Collateral,3,2.6
2025-10-05,Salt Lake City,Collateral,1,2.0
2025-10-06,Salt Lake City,Collateral,3,2.3
2025-10-07,Salt Lake City,Collateral,2,2.0
2025-10-08,Salt Lake City,Collateral,1,2.0
2025-10-09,Salt Lake City,Collateral,4,2.4
2025-10-10,Salt Lake City,Collateral,1,2.1
2025-10-11,Salt Lake City,Collateral,7,2.7
2025-10-15,Salt Lake City,Collateral,3,3.0
2025-10-19,Salt Lake City,Collateral,10,4.0
2025-10-20,Salt Lake City,Collateral,40,9.4
2025-10-21,Salt Lake City,Collateral,9,10.6
2025-10-22,Salt Lake City,Collateral,2,10.3
2025-10-23,Salt Lake City,Collateral,2,10.4
2025-10-24,Salt Lake City,Collateral,2,9.7
2025-10-26,Salt Lake City,Collateral,1,9.4
2025-10-27,Salt Lake City,Collateral,2,8.3
2025-10-30,Salt Lake City,Collateral,2,2.9
2025-10-31,Salt Lake City,Collateral,3,2.0
2025-11-02,Salt Lake City,Collateral,1,1.9
2025-11-03,Salt Lake City,Collateral,3,2.0
2025-11-04,Salt Lake City,Collateral,2,2.0
2025-11-05,Salt Lake City,Collateral,5,2.6
2025-11-06,Salt Lake City,Collateral,3,2.7
2025-11-07,Salt Lake City,Collateral,2,2.7
2025-11-08,Salt Lake City,Collateral,2,2.6
2025-11-09,Salt Lake City,Collateral,2,2.7
2025-11-10,Salt Lake City,Collateral,3,2.7
2025-11-11,Salt Lake City,Collateral,1,2.6
2025-11-12,Salt Lake City,Collateral,3,2.3
2025-11-14,Salt Lake City,Collateral,1,2.0
2025-11-15,Salt Lake City,Collateral,4,2.3
2025-11-17,Salt Lake City,Collateral,2,2.3
2025-11-18,Salt Lake City,Collateral,3,2.4
2025-11-19,Salt Lake City,Collateral,2,2.3
2025-11-20,Salt Lake City,Collateral,4,2.7
2025-11-21,Salt Lake City,Collateral,3,2.7
2025-11-22,Salt Lake City,Collateral,3,3.0
2025-11-23,Salt Lake City,Collateral,1,2.6
2025-11-24,Salt Lake City,Collateral,6,3.1
2025-11-25,Salt Lake City,Collateral,2,3.0
2025-11-27,Salt Lake City,Collateral,4,3.3
2025-11-28,Salt Lake City,Collateral,4,3.3
2025-11-30,Salt Lake City,Collateral,2,3.1
2025-12-01,Salt Lake City,Collateral,11,4.3
2025-12-02,Salt Lake City,Collateral,3,4.6
2025-12-03,Salt Lake City,Collateral,20,6.6
2025-12-04,Salt Lake City,Collateral,6,7.1
2025-12-05,Salt Lake City,Collateral,3,7.0
2025-12-06,Salt Lake City,Collateral,4,7.0
2025-12-08,Salt Lake City,Collateral,1,6.9
2025-12-09,Salt Lake City,Collateral,10,6.7
2025-12-10,Salt Lake City,Collateral,11,7.9
2025-12-11,Salt Lake City,Collateral,12,6.7
2025-12-13,Salt Lake City,Collateral,1,6.0
2025-12-14,Salt Lake City,Collateral,1,5.7
2025-12-15,Salt Lake City,Collateral,2,5.4
2025-12-16,Salt Lake City,Collateral,3,5.7
2025-12-17,Salt Lake City,Collateral,6,5.1
2025-12-18,Salt Lake City,Collateral,4,4.1
2025-12-19,Salt Lake City,Collateral,3,2.9
2025-12-21,Salt Lake City,Collateral,1,2.9
2025-12-22,Salt Lake City,Collateral,3,3.1
2025-12-24,Salt Lake City,Collateral,3,3.3
2025-12-26,Salt Lake City,Collateral,3,3.3
2025-12-27,Salt Lake City,Collateral,2,2.7
2025-12-29,Salt Lake City,Collateral,6,3.0
2025-12-30,Salt Lake City,Collateral,8,3.7
2025-12-31,Salt Lake City,Collateral,3,4.0
2026-01-02,Salt Lake City,Collateral,1,3.7
2026-01-04,Salt Lake City,Collateral,1,3.4
2026-01-05,Salt Lake City,Collateral,1,3.1
2026-01-06,Salt Lake City,Collateral,2,3.1
2026-01-07,Salt Lake City,Collateral,3,2.7
2026-01-08,Salt Lake City,Collateral,1,1.7
2026-01-12,Salt Lake City,Collateral,1,1.4
2026-01-13,Salt Lake City,Collateral,3,1.7
2026-01-14,Salt Lake City,Collateral,2,1.9
2026-01-15,Salt Lake City,Collateral,6,2.6
2026-01-16,Salt Lake City,Collateral,4,2.9
2026-01-20,Salt Lake City,Collateral,4,3.0
2026-01-21,Salt Lake City,Collateral,6,3.7
2026-01-22,Salt Lake City,Collateral,3,4.0
2026-01-24,Salt Lake City,Collateral,2,3.9
2026-01-25,Salt Lake City,Collateral,1,3.7
2026-01-26,Salt Lake City,Collateral,1,3.0
2026-01-27,Salt Lake City,Collateral,1,2.6
2026-01-29,Salt Lake City,Collateral,8,3.1
2026-01-31,Salt Lake City,Collateral,1,2.4
2026-02-01,Salt Lake City,Collateral,4,2.6
2026-02-02,Salt Lake City,Collateral,3,2.7
2026-02-03,Salt Lake City,Collateral,2,2.9
2026-02-04,Salt Lake City,Collateral,5,3.4
2026-02-05,Salt Lake City,Collateral,2,3.6
2026-02-06,Salt Lake City,Collateral,6,3.3
2026-02-07,Salt Lake City,Collateral,2,3.4
2026-02-09,Salt Lake City,Collateral,1,3.0
2026-02-10,Salt Lake City,Collateral,3,3.0
2026-02-11,Salt Lake City,Collateral,7,3.7
2026-02-12,Salt Lake City,Collateral,2,3.3
2026-02-13,Salt Lake City,Collateral,1,3.1
2026-02-14,Salt Lake City,Collateral,1,2.4
2026-02-16,Salt Lake City,Collateral,6,3.0
2026-02-17,Salt Lake City,Collateral,1,3.0
2026-02-18,Salt Lake City,Collateral,5,3.3
2026-02-19,Salt Lake City,Collateral,4,2.9
2026-02-20,Salt Lake City,Collateral,5,3.3
2026-02-21,Salt Lake City,Collateral,3,3.6
2026-02-22,Salt Lake City,Collateral,2,3.7
2026-02-23,Salt Lake City,Collateral,5,3.6
2026-02-24,Salt Lake City,Collateral,6,4.3
2026-02-25,Salt Lake City,Collateral,8,4.7
2026-02-26,Salt Lake City,Collateral,3,4.6
2026-02-27,Salt Lake City,Collateral,1,4.0
2026-02-28,Salt Lake City,Collateral,2,3.9
2026-03-02,Salt Lake City,Collateral,3,4.0
2026-03-03,Salt Lake City,Collateral,3,3.7
2026-03-04,Salt Lake City,Collateral,5,3.6
2026-03-05,Salt Lake City,Collateral,7,3.4
2026-03-06,Salt Lake City,Collateral,4,3.6
2026-03-07,Salt Lake City,Collateral,1,3.6
2026-03-08,Salt Lake City,Collateral,1,3.4
2026-03-09,Salt Lake City,Collateral,2,3.3
2026-03-10,Salt Lake City,Collateral,2,3.1
2025-08-08,Salt Lake City,Targeted,18,18.0
2025-08-09,Salt Lake City,Targeted,12,15.0
2025-08-10,Salt Lake City,Targeted,13,14.3
2025-08-11,Salt Lake City,Targeted,18,15.2
2025-08-12,Salt Lake City,Targeted,35,19.2
2025-08-13,Salt Lake City,Targeted,25,20.2
2025-08-14,Salt Lake City,Targeted,35,22.3
2025-08-15,Salt Lake City,Targeted,13,21.6
2025-08-16,Salt Lake City,Targeted,15,22.0
2025-08-17,Salt Lake City,Targeted,18,22.7
2025-08-18,Salt Lake City,Targeted,21,23.1
2025-08-19,Salt Lake City,Targeted,39,23.7
2025-08-20,Salt Lake City,Targeted,30,24.4
2025-08-21,Salt Lake City,Targeted,33,24.1
2025-08-22,Salt Lake City,Targeted,36,27.4
2025-08-23,Salt Lake City,Targeted,16,27.6
2025-08-24,Salt Lake City,Targeted,13,26.9
2025-08-25,Salt Lake City,Targeted,16,26.1
2025-08-26,Salt Lake City,Targeted,29,24.7
2025-08-27,Salt Lake City,Targeted,16,22.7
2025-08-28,Salt Lake City,Targeted,23,21.3
2025-08-29,Salt Lake City,Targeted,22,19.3
2025-08-30,Salt Lake City,Targeted,8,18.1
2025-08-31,Salt Lake City,Targeted,14,18.3
2025-09-01,Salt Lake City,Targeted,19,18.7
2025-09-02,Salt Lake City,Targeted,19,17.3
2025-09-03,Salt Lake City,Targeted,34,19.9
2025-09-04,Salt Lake City,Targeted,28,20.6
2025-09-05,Salt Lake City,Targeted,19,20.1
2025-09-06,Salt Lake City,Targeted,16,21.3
2025-09-07,Salt Lake City,Targeted,11,20.9
2025-09-08,Salt Lake City,Targeted,15,20.3
2025-09-09,Salt Lake City,Targeted,29,21.7
2025-09-10,Salt Lake City,Targeted,32,21.4
2025-09-11,Salt Lake City,Targeted,19,20.1
2025-09-12,Salt Lake City,Targeted,34,22.3
2025-09-13,Salt Lake City,Targeted,10,21.4
2025-09-14,Salt Lake City,Targeted,8,21.0
2025-09-15,Salt Lake City,Targeted,29,23.0
2025-09-16,Salt Lake City,Targeted,21,21.9
2025-09-17,Salt Lake City,Targeted,25,20.9
2025-09-18,Salt Lake City,Targeted,32,22.7
2025-09-19,Salt Lake City,Targeted,18,20.4
2025-09-20,Salt Lake City,Targeted,10,20.4
2025-09-21,Salt Lake City,Targeted,13,21.1
2025-09-22,Salt Lake City,Targeted,20,19.9
2025-09-23,Salt Lake City,Targeted,21,19.9
2025-09-24,Salt Lake City,Targeted,34,21.1
2025-09-25,Salt Lake City,Targeted,14,18.6
2025-09-26,Salt Lake City,Targeted,22,19.1
2025-09-27,Salt Lake City,Targeted,13,19.6
2025-09-28,Salt Lake City,Targeted,5,18.4
2025-09-29,Salt Lake City,Targeted,37,20.9
2025-09-30,Salt Lake City,Targeted,32,22.4
2025-10-01,Salt Lake City,Targeted,29,21.7
2025-10-02,Salt Lake City,Targeted,43,25.9
2025-10-03,Salt Lake City,Targeted,24,26.1
2025-10-04,Salt Lake City,Targeted,18,26.9
2025-10-05,Salt Lake City,Targeted,6,27.0
2025-10-06,Salt Lake City,Targeted,32,26.3
2025-10-07,Salt Lake City,Targeted,25,25.3
2025-10-08,Salt Lake City,Targeted,27,25.0
2025-10-09,Salt Lake City,Targeted,26,22.6
2025-10-10,Salt Lake City,Targeted,20,22.0
2025-10-11,Salt Lake City,Targeted,16,21.7
2025-10-12,Salt Lake City,Targeted,5,21.6
2025-10-13,Salt Lake City,Targeted,13,18.9
2025-10-14,Salt Lake City,Targeted,23,18.6
2025-10-15,Salt Lake City,Targeted,25,18.3
2025-10-16,Salt Lake City,Targeted,30,18.9
2025-10-17,Salt Lake City,Targeted,29,20.1
2025-10-18,Salt Lake City,Targeted,14,19.9
2025-10-19,Salt Lake City,Targeted,9,20.4
2025-10-20,Salt Lake City,Targeted,36,23.7
2025-10-21,Salt Lake City,Targeted,26,24.1
2025-10-22,Salt Lake City,Targeted,31,25.0
2025-10-23,Salt Lake City,Targeted,30,25.0
2025-10-24,Salt Lake City,Targeted,32,25.4
2025-10-25,Salt Lake City,Targeted,19,26.1
2025-10-26,Salt Lake City,Targeted,17,27.3
2025-10-27,Salt Lake City,Targeted,18,24.7
2025-10-28,Salt Lake City,Targeted,34,25.9
2025-10-29,Salt Lake City,Targeted,30,25.7
2025-10-30,Salt Lake City,Targeted,25,25.0
2025-10-31,Salt Lake City,Targeted,34,25.3
2025-11-01,Salt Lake City,Targeted,10,24.0
2025-11-02,Salt Lake City,Targeted,5,22.3
2025-11-03,Salt Lake City,Targeted,14,21.7
2025-11-04,Salt Lake City,Targeted,33,21.6
2025-11-05,Salt Lake City,Targeted,29,21.4
2025-11-06,Salt Lake City,Targeted,29,22.0
2025-11-07,Salt Lake City,Targeted,23,20.4
2025-11-08,Salt Lake City,Targeted,6,19.9
2025-11-09,Salt Lake City,Targeted,8,20.3
2025-11-10,Salt Lake City,Targeted,12,20.0
2025-11-11,Salt Lake City,Targeted,16,17.6
2025-11-12,Salt Lake City,Targeted,27,17.3
2025-11-13,Salt Lake City,Targeted,31,17.6
2025-11-14,Salt Lake City,Targeted,34,19.1
2025-11-15,Salt Lake City,Targeted,11,19.9
2025-11-16,Salt Lake City,Targeted,6,19.6
2025-11-17,Salt Lake City,Targeted,34,22.7
2025-11-18,Salt Lake City,Targeted,34,25.3
2025-11-19,Salt Lake City,Targeted,35,26.4
2025-11-20,Salt Lake City,Targeted,30,26.3
2025-11-21,Salt Lake City,Targeted,34,26.3
2025-11-22,Salt Lake City,Targeted,12,26.4
2025-11-23,Salt Lake City,Targeted,6,26.4
2025-11-24,Salt Lake City,Targeted,21,24.6
2025-11-25,Salt Lake City,Targeted,36,24.9
2025-11-26,Salt Lake City,Targeted,34,24.7
2025-11-27,Salt Lake City,Targeted,8,21.6
2025-11-28,Salt Lake City,Targeted,10,18.1
2025-11-29,Salt Lake City,Targeted,11,18.0
2025-11-30,Salt Lake City,Targeted,9,18.4
2025-12-01,Salt Lake City,Targeted,36,20.6
2025-12-02,Salt Lake City,Targeted,33,20.1
2025-12-03,Salt Lake City,Targeted,55,23.1
2025-12-04,Salt Lake City,Targeted,46,28.6
2025-12-05,Salt Lake City,Targeted,29,31.3
2025-12-06,Salt Lake City,Targeted,32,34.3
2025-12-07,Salt Lake City,Targeted,7,34.0
2025-12-08,Salt Lake City,Targeted,22,32.0
2025-12-09,Salt Lake City,Targeted,41,33.1
2025-12-10,Salt Lake City,Targeted,39,30.9
2025-12-11,Salt Lake City,Targeted,42,30.3
2025-12-12,Salt Lake City,Targeted,33,30.9
2025-12-13,Salt Lake City,Targeted,12,28.0
2025-12-14,Salt Lake City,Targeted,12,28.7
2025-12-15,Salt Lake City,Targeted,22,28.7
2025-12-16,Salt Lake City,Targeted,27,26.7
2025-12-17,Salt Lake City,Targeted,40,26.9
2025-12-18,Salt Lake City,Targeted,33,25.6
2025-12-19,Salt Lake City,Targeted,30,25.1
2025-12-20,Salt Lake City,Targeted,12,25.1
2025-12-21,Salt Lake City,Targeted,9,24.7
2025-12-22,Salt Lake City,Targeted,18,24.1
2025-12-23,Salt Lake City,Targeted,50,27.4
2025-12-24,Salt Lake City,Targeted,30,26.0
2025-12-25,Salt Lake City,Targeted,3,21.7
2025-12-26,Salt Lake City,Targeted,20,20.3
2025-12-27,Salt Lake City,Targeted,17,21.0
2025-12-28,Salt Lake City,Targeted,10,21.1
2025-12-29,Salt Lake City,Targeted,16,20.9
2025-12-30,Salt Lake City,Targeted,25,17.3
2025-12-31,Salt Lake City,Targeted,18,15.6
2026-01-01,Salt Lake City,Targeted,19,17.9
2026-01-02,Salt Lake City,Targeted,22,18.1
2026-01-03,Salt Lake City,Targeted,14,17.7
2026-01-04,Salt Lake City,Targeted,14,18.3
2026-01-05,Salt Lake City,Targeted,19,18.7
2026-01-06,Salt Lake City,Targeted,30,19.4
2026-01-07,Salt Lake City,Targeted,32,21.4
2026-01-08,Salt Lake City,Targeted,28,22.7
2026-01-09,Salt Lake City,Targeted,14,21.6
2026-01-10,Salt Lake City,Targeted,24,23.0
2026-01-11,Salt Lake City,Targeted,14,23.0
2026-01-12,Salt Lake City,Targeted,21,23.3
2026-01-13,Salt Lake City,Targeted,34,23.9
2026-01-14,Salt Lake City,Targeted,22,22.4
2026-01-15,Salt Lake City,Targeted,22,21.6
2026-01-16,Salt Lake City,Targeted,24,23.0
2026-01-17,Salt Lake City,Targeted,10,21.0
2026-01-18,Salt Lake City,Targeted,9,20.3
2026-01-19,Salt Lake City,Targeted,17,19.7
2026-01-20,Salt Lake City,Targeted,21,17.9
2026-01-21,Salt Lake City,Targeted,35,19.7
2026-01-22,Salt Lake City,Targeted,37,21.9
2026-01-23,Salt Lake City,Targeted,25,22.0
2026-01-24,Salt Lake City,Targeted,21,23.6
2026-01-25,Salt Lake City,Targeted,12,24.0
2026-01-26,Salt Lake City,Targeted,17,24.0
2026-01-27,Salt Lake City,Targeted,36,26.1
2026-01-28,Salt Lake City,Targeted,26,24.9
2026-01-29,Salt Lake City,Targeted,23,22.9
2026-01-30,Salt Lake City,Targeted,19,22.0
2026-01-31,Salt Lake City,Targeted,9,20.3
2026-02-01,Salt Lake City,Targeted,16,20.9
2026-02-02,Salt Lake City,Targeted,13,20.3
2026-02-03,Salt Lake City,Targeted,35,20.1
2026-02-04,Salt Lake City,Targeted,26,20.1
2026-02-05,Salt Lake City,Targeted,31,21.3
2026-02-06,Salt Lake City,Targeted,13,20.4
2026-02-07,Salt Lake City,Targeted,9,20.4
2026-02-08,Salt Lake City,Targeted,7,19.1
2026-02-09,Salt Lake City,Targeted,20,20.1
2026-02-10,Salt Lake City,Targeted,43,21.3
2026-02-11,Salt Lake City,Targeted,30,21.9
2026-02-12,Salt Lake City,Targeted,37,22.7
2026-02-13,Salt Lake City,Targeted,27,24.7
2026-02-14,Salt Lake City,Targeted,10,24.9
2026-02-15,Salt Lake City,Targeted,14,25.9
2026-02-16,Salt Lake City,Targeted,23,26.3
2026-02-17,Salt Lake City,Targeted,29,24.3
2026-02-18,Salt Lake City,Targeted,37,25.3
2026-02-19,Salt Lake City,Targeted,26,23.7
2026-02-20,Salt Lake City,Targeted,22,23.0
2026-02-21,Salt Lake City,Targeted,15,23.7
2026-02-22,Salt Lake City,Targeted,18,24.3
2026-02-23,Salt Lake City,Targeted,26,24.7
2026-02-24,Salt Lake City,Targeted,38,26.0
2026-02-25,Salt Lake City,Targeted,29,24.9
2026-02-26,Salt Lake City,Targeted,36,26.3
2026-02-27,Salt Lake City,Targeted,21,26.1
2026-02-28,Salt Lake City,Targeted,15,26.1
2026-03-01,Salt Lake City,Targeted,13,25.4
2026-03-02,Salt Lake City,Targeted,29,25.9
2026-03-03,Salt Lake City,Targeted,35,25.4
2026-03-04,Salt Lake City,Targeted,46,27.9
2026-03-05,Salt Lake City,Targeted,29,26.9
2026-03-06,Salt Lake City,Targeted,33,28.6
2026-03-07,Salt Lake City,Targeted,10,27.9
2026-03-08,Salt Lake City,Targeted,6,26.9
2026-03-09,Salt Lake City,Targeted,31,27.1
2026-03-10,Salt Lake City,Targeted,35,27.1
2025-08-21,Salt Lake City,Unknown,1,1.0
2025-10-14,Salt Lake City,Unknown,1,1.0
2025-12-05,Salt Lake City,Unknown,1,1.0
2025-08-08,San Antonio,Collateral,8,8.0
2025-08-09,San Antonio,Collateral,13,10.5
2025-08-10,San Antonio,Collateral,3,8.0
2025-08-11,San Antonio,Collateral,15,9.8
2025-08-12,San Antonio,Collateral,21,12.0
2025-08-13,San Antonio,Collateral,22,13.7
2025-08-14,San Antonio,Collateral,19,14.4
2025-08-15,San Antonio,Collateral,12,15.0
2025-08-16,San Antonio,Collateral,17,15.6
2025-08-17,San Antonio,Collateral,8,16.3
2025-08-18,San Antonio,Collateral,12,15.9
2025-08-19,San Antonio,Collateral,20,15.7
2025-08-20,San Antonio,Collateral,16,14.9
2025-08-21,San Antonio,Collateral,23,15.4
2025-08-22,San Antonio,Collateral,6,14.6
2025-08-23,San Antonio,Collateral,3,12.6
2025-08-24,San Antonio,Collateral,7,12.4
2025-08-25,San Antonio,Collateral,4,11.3
2025-08-26,San Antonio,Collateral,7,9.4
2025-08-27,San Antonio,Collateral,15,9.3
2025-08-28,San Antonio,Collateral,14,8.0
2025-08-29,San Antonio,Collateral,8,8.3
2025-08-30,San Antonio,Collateral,9,9.1
2025-08-31,San Antonio,Collateral,6,9.0
2025-09-01,San Antonio,Collateral,7,9.4
2025-09-02,San Antonio,Collateral,14,10.4
2025-09-03,San Antonio,Collateral,17,10.7
2025-09-04,San Antonio,Collateral,23,12.0
2025-09-05,San Antonio,Collateral,16,13.1
2025-09-06,San Antonio,Collateral,19,14.6
2025-09-07,San Antonio,Collateral,11,15.3
2025-09-08,San Antonio,Collateral,19,17.0
2025-09-09,San Antonio,Collateral,26,18.7
2025-09-10,San Antonio,Collateral,22,19.4
2025-09-11,San Antonio,Collateral,21,19.1
2025-09-12,San Antonio,Collateral,18,19.4
2025-09-13,San Antonio,Collateral,25,20.3
2025-09-14,San Antonio,Collateral,15,20.9
2025-09-15,San Antonio,Collateral,19,20.9
2025-09-16,San Antonio,Collateral,24,20.6
2025-09-17,San Antonio,Collateral,35,22.4
2025-09-18,San Antonio,Collateral,28,23.4
2025-09-19,San Antonio,Collateral,20,23.7
2025-09-20,San Antonio,Collateral,19,22.9
2025-09-21,San Antonio,Collateral,10,22.1
2025-09-22,San Antonio,Collateral,10,20.9
2025-09-23,San Antonio,Collateral,38,22.9
2025-09-24,San Antonio,Collateral,24,21.3
2025-09-25,San Antonio,Collateral,23,20.6
2025-09-26,San Antonio,Collateral,13,19.6
2025-09-27,San Antonio,Collateral,23,20.1
2025-09-28,San Antonio,Collateral,31,23.1
2025-09-29,San Antonio,Collateral,12,23.4
2025-09-30,San Antonio,Collateral,43,24.1
2025-10-01,San Antonio,Collateral,40,26.4
2025-10-02,San Antonio,Collateral,17,25.6
2025-10-03,San Antonio,Collateral,43,29.9
2025-10-04,San Antonio,Collateral,11,28.1
2025-10-05,San Antonio,Collateral,10,25.1
2025-10-06,San Antonio,Collateral,13,25.3
2025-10-07,San Antonio,Collateral,26,22.9
2025-10-08,San Antonio,Collateral,21,20.1
2025-10-09,San Antonio,Collateral,27,21.6
2025-10-10,San Antonio,Collateral,24,18.9
2025-10-11,San Antonio,Collateral,7,18.3
2025-10-12,San Antonio,Collateral,10,18.3
2025-10-13,San Antonio,Collateral,14,18.4
2025-10-14,San Antonio,Collateral,12,16.4
2025-10-15,San Antonio,Collateral,15,15.6
2025-10-16,San Antonio,Collateral,27,15.6
2025-10-17,San Antonio,Collateral,35,17.1
2025-10-18,San Antonio,Collateral,14,18.1
2025-10-19,San Antonio,Collateral,12,18.4
2025-10-20,San Antonio,Collateral,25,20.0
2025-10-21,San Antonio,Collateral,37,23.6
2025-10-22,San Antonio,Collateral,34,26.3
2025-10-23,San Antonio,Collateral,36,27.6
2025-10-24,San Antonio,Collateral,33,27.3
2025-10-25,San Antonio,Collateral,18,27.9
2025-10-26,San Antonio,Collateral,16,28.4
2025-10-27,San Antonio,Collateral,43,31.0
2025-10-28,San Antonio,Collateral,46,32.3
2025-10-29,San Antonio,Collateral,58,35.7
2025-10-30,San Antonio,Collateral,21,33.6
2025-10-31,San Antonio,Collateral,29,33.0
2025-11-01,San Antonio,Collateral,29,34.6
2025-11-02,San Antonio,Collateral,28,36.3
2025-11-03,San Antonio,Collateral,15,32.3
2025-11-04,San Antonio,Collateral,14,27.7
2025-11-05,San Antonio,Collateral,36,24.6
2025-11-06,San Antonio,Collateral,17,24.0
2025-11-07,San Antonio,Collateral,29,24.0
2025-11-08,San Antonio,Collateral,8,21.0
2025-11-09,San Antonio,Collateral,15,19.1
2025-11-10,San Antonio,Collateral,22,20.1
2025-11-11,San Antonio,Collateral,26,21.9
2025-11-12,San Antonio,Collateral,34,21.6
2025-11-13,San Antonio,Collateral,50,26.3
2025-11-14,San Antonio,Collateral,30,26.4
2025-11-15,San Antonio,Collateral,11,26.9
2025-11-16,San Antonio,Collateral,46,31.3
2025-11-17,San Antonio,Collateral,43,34.3
2025-11-18,San Antonio,Collateral,16,32.9
2025-11-19,San Antonio,Collateral,17,30.4
2025-11-20,San Antonio,Collateral,35,28.3
2025-11-21,San Antonio,Collateral,24,27.4
2025-11-22,San Antonio,Collateral,17,28.3
2025-11-23,San Antonio,Collateral,12,23.4
2025-11-24,San Antonio,Collateral,21,20.3
2025-11-25,San Antonio,Collateral,56,26.0
2025-11-26,San Antonio,Collateral,58,31.9
2025-11-27,San Antonio,Collateral,14,28.9
2025-11-28,San Antonio,Collateral,11,27.0
2025-11-29,San Antonio,Collateral,8,25.7
2025-11-30,San Antonio,Collateral,5,24.7
2025-12-01,San Antonio,Collateral,27,25.6
2025-12-02,San Antonio,Collateral,47,24.3
2025-12-03,San Antonio,Collateral,48,22.9
2025-12-04,San Antonio,Collateral,32,25.4
2025-12-05,San Antonio,Collateral,35,28.9
2025-12-06,San Antonio,Collateral,19,30.4
2025-12-07,San Antonio,Collateral,12,31.4
2025-12-08,San Antonio,Collateral,28,31.6
2025-12-09,San Antonio,Collateral,28,28.9
2025-12-10,San Antonio,Collateral,28,26.0
2025-12-11,San Antonio,Collateral,61,30.1
2025-12-12,San Antonio,Collateral,53,32.7
2025-12-13,San Antonio,Collateral,37,35.3
2025-12-14,San Antonio,Collateral,12,35.3
2025-12-15,San Antonio,Collateral,28,35.3
2025-12-16,San Antonio,Collateral,21,34.3
2025-12-17,San Antonio,Collateral,32,34.9
2025-12-18,San Antonio,Collateral,64,35.3
2025-12-19,San Antonio,Collateral,55,35.6
2025-12-20,San Antonio,Collateral,26,34.0
2025-12-21,San Antonio,Collateral,27,36.1
2025-12-22,San Antonio,Collateral,21,35.1
2025-12-23,San Antonio,Collateral,40,37.9
2025-12-24,San Antonio,Collateral,25,36.9
2025-12-25,San Antonio,Collateral,8,28.9
2025-12-26,San Antonio,Collateral,28,25.0
2025-12-27,San Antonio,Collateral,25,24.9
2025-12-28,San Antonio,Collateral,17,23.4
2025-12-29,San Antonio,Collateral,35,25.4
2025-12-30,San Antonio,Collateral,55,27.6
2025-12-31,San Antonio,Collateral,50,31.1
2026-01-01,San Antonio,Collateral,23,33.3
2026-01-02,San Antonio,Collateral,34,34.1
2026-01-03,San Antonio,Collateral,19,33.3
2026-01-04,San Antonio,Collateral,17,33.3
2026-01-05,San Antonio,Collateral,40,34.0
2026-01-06,San Antonio,Collateral,61,34.9
2026-01-07,San Antonio,Collateral,39,33.3
2026-01-08,San Antonio,Collateral,36,35.1
2026-01-09,San Antonio,Collateral,36,35.4
2026-01-10,San Antonio,Collateral,17,35.1
2026-01-11,San Antonio,Collateral,20,35.6
2026-01-12,San Antonio,Collateral,46,36.4
2026-01-13,San Antonio,Collateral,52,35.1
2026-01-14,San Antonio,Collateral,47,36.3
2026-01-15,San Antonio,Collateral,54,38.9
2026-01-16,San Antonio,Collateral,40,39.4
2026-01-17,San Antonio,Collateral,33,41.7
2026-01-18,San Antonio,Collateral,20,41.7
2026-01-19,San Antonio,Collateral,38,40.6
2026-01-20,San Antonio,Collateral,36,38.3
2026-01-21,San Antonio,Collateral,40,37.3
2026-01-22,San Antonio,Collateral,46,36.1
2026-01-23,San Antonio,Collateral,34,35.3
2026-01-24,San Antonio,Collateral,41,36.4
2026-01-25,San Antonio,Collateral,17,36.0
2026-01-26,San Antonio,Collateral,16,32.9
2026-01-27,San Antonio,Collateral,59,36.1
2026-01-28,San Antonio,Collateral,46,37.0
2026-01-29,San Antonio,Collateral,54,38.1
2026-01-30,San Antonio,Collateral,28,37.3
2026-01-31,San Antonio,Collateral,30,35.7
2026-02-01,San Antonio,Collateral,35,38.3
2026-02-02,San Antonio,Collateral,38,41.4
2026-02-03,San Antonio,Collateral,24,36.4
2026-02-04,San Antonio,Collateral,25,33.4
2026-02-05,San Antonio,Collateral,28,29.7
2026-02-06,San Antonio,Collateral,9,27.0
2026-02-07,San Antonio,Collateral,17,25.1
2026-02-08,San Antonio,Collateral,14,22.1
2026-02-09,San Antonio,Collateral,24,20.1
2026-02-10,San Antonio,Collateral,19,19.4
2026-02-11,San Antonio,Collateral,35,20.9
2026-02-12,San Antonio,Collateral,27,20.7
2026-02-13,San Antonio,Collateral,17,21.9
2026-02-14,San Antonio,Collateral,15,21.6
2026-02-15,San Antonio,Collateral,10,21.0
2026-02-16,San Antonio,Collateral,16,19.9
2026-02-17,San Antonio,Collateral,16,19.4
2026-02-18,San Antonio,Collateral,24,17.9
2026-02-19,San Antonio,Collateral,17,16.4
2026-02-20,San Antonio,Collateral,16,16.3
2026-02-21,San Antonio,Collateral,15,16.3
2026-02-22,San Antonio,Collateral,10,16.3
2026-02-23,San Antonio,Collateral,16,16.3
2026-02-24,San Antonio,Collateral,23,17.3
2026-02-25,San Antonio,Collateral,23,17.1
2026-02-26,San Antonio,Collateral,19,17.4
2026-02-27,San Antonio,Collateral,10,16.6
2026-02-28,San Antonio,Collateral,17,16.9
2026-03-01,San Antonio,Collateral,11,17.0
2026-03-02,San Antonio,Collateral,26,18.4
2026-03-03,San Antonio,Collateral,27,19.0
2026-03-04,San Antonio,Collateral,18,18.3
2026-03-05,San Antonio,Collateral,14,17.6
2026-03-06,San Antonio,Collateral,14,18.1
2026-03-07,San Antonio,Collateral,12,17.4
2026-03-08,San Antonio,Collateral,7,16.9
2026-03-09,San Antonio,Collateral,11,14.7
2026-03-10,San Antonio,Collateral,36,16.0
2025-08-08,San Antonio,Targeted,30,30.0
2025-08-09,San Antonio,Targeted,21,25.5
2025-08-10,San Antonio,Targeted,16,22.3
2025-08-11,San Antonio,Targeted,34,25.2
2025-08-12,San Antonio,Targeted,40,28.2
2025-08-13,San Antonio,Targeted,44,30.8
2025-08-14,San Antonio,Targeted,40,32.1
2025-08-15,San Antonio,Targeted,23,31.1
2025-08-16,San Antonio,Targeted,22,31.3
2025-08-17,San Antonio,Targeted,18,31.6
2025-08-18,San Antonio,Targeted,25,30.3
2025-08-19,San Antonio,Targeted,44,30.9
2025-08-20,San Antonio,Targeted,44,30.9
2025-08-21,San Antonio,Targeted,52,32.6
2025-08-22,San Antonio,Targeted,30,33.6
2025-08-23,San Antonio,Targeted,23,33.7
2025-08-24,San Antonio,Targeted,9,32.4
2025-08-25,San Antonio,Targeted,29,33.0
2025-08-26,San Antonio,Targeted,50,33.9
2025-08-27,San Antonio,Targeted,44,33.9
2025-08-28,San Antonio,Targeted,42,32.4
2025-08-29,San Antonio,Targeted,31,32.6
2025-08-30,San Antonio,Targeted,31,33.7
2025-08-31,San Antonio,Targeted,16,34.7
2025-09-01,San Antonio,Targeted,13,32.4
2025-09-02,San Antonio,Targeted,37,30.6
2025-09-03,San Antonio,Targeted,45,30.7
2025-09-04,San Antonio,Targeted,49,31.7
2025-09-05,San Antonio,Targeted,44,33.6
2025-09-06,San Antonio,Targeted,16,31.4
2025-09-07,San Antonio,Targeted,9,30.4
2025-09-08,San Antonio,Targeted,32,33.1
2025-09-09,San Antonio,Targeted,62,36.7
2025-09-10,San Antonio,Targeted,47,37.0
2025-09-11,San Antonio,Targeted,46,36.6
2025-09-12,San Antonio,Targeted,51,37.6
2025-09-13,San Antonio,Targeted,27,39.1
2025-09-14,San Antonio,Targeted,23,41.1
2025-09-15,San Antonio,Targeted,33,41.3
2025-09-16,San Antonio,Targeted,66,41.9
2025-09-17,San Antonio,Targeted,60,43.7
2025-09-18,San Antonio,Targeted,49,44.1
2025-09-19,San Antonio,Targeted,33,41.6
2025-09-20,San Antonio,Targeted,35,42.7
2025-09-21,San Antonio,Targeted,13,41.3
2025-09-22,San Antonio,Targeted,41,42.4
2025-09-23,San Antonio,Targeted,65,42.3
2025-09-24,San Antonio,Targeted,33,38.4
2025-09-25,San Antonio,Targeted,60,40.0
2025-09-26,San Antonio,Targeted,56,43.3
2025-09-27,San Antonio,Targeted,54,46.0
2025-09-28,San Antonio,Targeted,44,50.4
2025-09-29,San Antonio,Targeted,40,50.3
2025-09-30,San Antonio,Targeted,51,48.3
2025-10-01,San Antonio,Targeted,52,51.0
2025-10-02,San Antonio,Targeted,47,49.1
2025-10-03,San Antonio,Targeted,37,46.4
2025-10-04,San Antonio,Targeted,49,45.7
2025-10-05,San Antonio,Targeted,35,44.4
2025-10-06,San Antonio,Targeted,21,41.7
2025-10-07,San Antonio,Targeted,36,39.6
2025-10-08,San Antonio,Targeted,45,38.6
2025-10-09,San Antonio,Targeted,42,37.9
2025-10-10,San Antonio,Targeted,32,37.1
2025-10-11,San Antonio,Targeted,29,34.3
2025-10-12,San Antonio,Targeted,20,32.1
2025-10-13,San Antonio,Targeted,16,31.4
2025-10-14,San Antonio,Targeted,41,32.1
2025-10-15,San Antonio,Targeted,43,31.9
2025-10-16,San Antonio,Targeted,35,30.9
2025-10-17,San Antonio,Targeted,48,33.1
2025-10-18,San Antonio,Targeted,22,32.1
2025-10-19,San Antonio,Targeted,14,31.3
2025-10-20,San Antonio,Targeted,24,32.4
2025-10-21,San Antonio,Targeted,54,34.3
2025-10-22,San Antonio,Targeted,54,35.9
2025-10-23,San Antonio,Targeted,41,36.7
2025-10-24,San Antonio,Targeted,29,34.0
2025-10-25,San Antonio,Targeted,28,34.9
2025-10-26,San Antonio,Targeted,8,34.0
2025-10-27,San Antonio,Targeted,24,34.0
2025-10-28,San Antonio,Targeted,40,32.0
2025-10-29,San Antonio,Targeted,53,31.9
2025-10-30,San Antonio,Targeted,54,33.7
2025-10-31,San Antonio,Targeted,25,33.1
2025-11-01,San Antonio,Targeted,38,34.6
2025-11-02,San Antonio,Targeted,48,40.3
2025-11-03,San Antonio,Targeted,31,41.3
2025-11-04,San Antonio,Targeted,44,41.9
2025-11-05,San Antonio,Targeted,54,42.0
2025-11-06,San Antonio,Targeted,38,39.7
2025-11-07,San Antonio,Targeted,42,42.1
2025-11-08,San Antonio,Targeted,19,39.4
2025-11-09,San Antonio,Targeted,22,35.7
2025-11-10,San Antonio,Targeted,34,36.1
2025-11-11,San Antonio,Targeted,39,35.4
2025-11-12,San Antonio,Targeted,43,33.9
2025-11-13,San Antonio,Targeted,41,34.3
2025-11-14,San Antonio,Targeted,64,37.4
2025-11-15,San Antonio,Targeted,35,39.7
2025-11-16,San Antonio,Targeted,50,43.7
2025-11-17,San Antonio,Targeted,48,45.7
2025-11-18,San Antonio,Targeted,46,46.7
2025-11-19,San Antonio,Targeted,32,45.1
2025-11-20,San Antonio,Targeted,44,45.6
2025-11-21,San Antonio,Targeted,34,41.3
2025-11-22,San Antonio,Targeted,27,40.1
2025-11-23,San Antonio,Targeted,19,35.7
2025-11-24,San Antonio,Targeted,32,33.4
2025-11-25,San Antonio,Targeted,35,31.9
2025-11-26,San Antonio,Targeted,51,34.6
2025-11-27,San Antonio,Targeted,10,29.7
2025-11-28,San Antonio,Targeted,19,27.6
2025-11-29,San Antonio,Targeted,6,24.6
2025-11-30,San Antonio,Targeted,11,23.4
2025-12-01,San Antonio,Targeted,18,21.4
2025-12-02,San Antonio,Targeted,43,22.6
2025-12-03,San Antonio,Targeted,59,23.7
2025-12-04,San Antonio,Targeted,55,30.1
2025-12-05,San Antonio,Targeted,39,33.0
2025-12-06,San Antonio,Targeted,27,36.0
2025-12-07,San Antonio,Targeted,14,36.4
2025-12-08,San Antonio,Targeted,16,36.1
2025-12-09,San Antonio,Targeted,28,34.0
2025-12-10,San Antonio,Targeted,40,31.3
2025-12-11,San Antonio,Targeted,52,30.9
2025-12-12,San Antonio,Targeted,80,36.7
2025-12-13,San Antonio,Targeted,57,41.0
2025-12-14,San Antonio,Targeted,7,40.0
2025-12-15,San Antonio,Targeted,27,41.6
2025-12-16,San Antonio,Targeted,31,42.0
2025-12-17,San Antonio,Targeted,25,39.9
2025-12-18,San Antonio,Targeted,69,42.3
2025-12-19,San Antonio,Targeted,42,36.9
2025-12-20,San Antonio,Targeted,33,33.4
2025-12-21,San Antonio,Targeted,22,35.6
2025-12-22,San Antonio,Targeted,19,34.4
2025-12-23,San Antonio,Targeted,31,34.4
2025-12-24,San Antonio,Targeted,44,37.1
2025-12-25,San Antonio,Targeted,20,30.1
2025-12-26,San Antonio,Targeted,22,27.3
2025-12-27,San Antonio,Targeted,23,25.9
2025-12-28,San Antonio,Targeted,12,24.4
2025-12-29,San Antonio,Targeted,23,25.0
2025-12-30,San Antonio,Targeted,35,25.6
2025-12-31,San Antonio,Targeted,52,26.7
2026-01-01,San Antonio,Targeted,35,28.9
2026-01-02,San Antonio,Targeted,30,30.0
2026-01-03,San Antonio,Targeted,23,30.0
2026-01-04,San Antonio,Targeted,14,30.3
2026-01-05,San Antonio,Targeted,37,32.3
2026-01-06,San Antonio,Targeted,32,31.9
2026-01-07,San Antonio,Targeted,50,31.6
2026-01-08,San Antonio,Targeted,75,37.3
2026-01-09,San Antonio,Targeted,50,40.1
2026-01-10,San Antonio,Targeted,35,41.9
2026-01-11,San Antonio,Targeted,28,43.9
2026-01-12,San Antonio,Targeted,26,42.3
2026-01-13,San Antonio,Targeted,64,46.9
2026-01-14,San Antonio,Targeted,63,48.7
2026-01-15,San Antonio,Targeted,67,47.6
2026-01-16,San Antonio,Targeted,67,50.0
2026-01-17,San Antonio,Targeted,60,53.6
2026-01-18,San Antonio,Targeted,14,51.6
2026-01-19,San Antonio,Targeted,14,49.9
2026-01-20,San Antonio,Targeted,41,46.6
2026-01-21,San Antonio,Targeted,40,43.3
2026-01-22,San Antonio,Targeted,54,41.4
2026-01-23,San Antonio,Targeted,51,39.1
2026-01-24,San Antonio,Targeted,60,39.1
2026-01-25,San Antonio,Targeted,9,38.4
2026-01-26,San Antonio,Targeted,15,38.6
2026-01-27,San Antonio,Targeted,32,37.3
2026-01-28,San Antonio,Targeted,47,38.3
2026-01-29,San Antonio,Targeted,71,40.7
2026-01-30,San Antonio,Targeted,51,40.7
2026-01-31,San Antonio,Targeted,45,38.6
2026-02-01,San Antonio,Targeted,12,39.0
2026-02-02,San Antonio,Targeted,23,40.1
2026-02-03,San Antonio,Targeted,37,40.9
2026-02-04,San Antonio,Targeted,40,39.9
2026-02-05,San Antonio,Targeted,61,38.4
2026-02-06,San Antonio,Targeted,60,39.7
2026-02-07,San Antonio,Targeted,21,36.3
2026-02-08,San Antonio,Targeted,16,36.9
2026-02-09,San Antonio,Targeted,25,37.1
2026-02-10,San Antonio,Targeted,38,37.3
2026-02-11,San Antonio,Targeted,41,37.4
2026-02-12,San Antonio,Targeted,50,35.9
2026-02-13,San Antonio,Targeted,33,32.0
2026-02-14,San Antonio,Targeted,33,33.7
2026-02-15,San Antonio,Targeted,14,33.4
2026-02-16,San Antonio,Targeted,24,33.3
2026-02-17,San Antonio,Targeted,33,32.6
2026-02-18,San Antonio,Targeted,50,33.9
2026-02-19,San Antonio,Targeted,47,33.4
2026-02-20,San Antonio,Targeted,57,36.9
2026-02-21,San Antonio,Targeted,47,38.9
2026-02-22,San Antonio,Targeted,22,40.0
2026-02-23,San Antonio,Targeted,26,40.3
2026-02-24,San Antonio,Targeted,37,40.9
2026-02-25,San Antonio,Targeted,37,39.0
2026-02-26,San Antonio,Targeted,27,36.1
2026-02-27,San Antonio,Targeted,41,33.9
2026-02-28,San Antonio,Targeted,37,32.4
2026-03-01,San Antonio,Targeted,20,32.1
2026-03-02,San Antonio,Targeted,32,33.0
2026-03-03,San Antonio,Targeted,37,33.0
2026-03-04,San Antonio,Targeted,37,33.0
2026-03-05,San Antonio,Targeted,47,35.9
2026-03-06,San Antonio,Targeted,37,35.3
2026-03-07,San Antonio,Targeted,41,35.9
2026-03-08,San Antonio,Targeted,13,34.9
2026-03-09,San Antonio,Targeted,24,33.7
2026-03-10,San Antonio,Targeted,26,32.1
2025-08-26,San Antonio,Unknown,1,1.0
2025-09-19,San Antonio,Unknown,2,1.5
2025-09-30,San Antonio,Unknown,1,1.3
2025-10-03,San Antonio,Unknown,3,1.8
2025-10-05,San Antonio,Unknown,1,1.6
2025-10-08,San Antonio,Unknown,1,1.5
2025-10-13,San Antonio,Unknown,1,1.4
2025-10-29,San Antonio,Unknown,1,1.4
2025-11-17,San Antonio,Unknown,1,1.3
2025-12-10,San Antonio,Unknown,1,1.3
2025-12-14,San Antonio,Unknown,1,1.0
2026-01-05,San Antonio,Unknown,1,1.0
2026-01-20,San Antonio,Unknown,1,1.0
2026-02-17,San Antonio,Unknown,1,1.0
2026-03-06,San Antonio,Unknown,1,1.0
2025-08-08,San Diego,Collateral,4,4.0
2025-08-09,San Diego,Collateral,1,2.5
2025-08-10,San Diego,Collateral,5,3.3
2025-08-11,San Diego,Collateral,2,3.0
2025-08-12,San Diego,Collateral,4,3.2
2025-08-13,San Diego,Collateral,8,4.0
2025-08-14,San Diego,Collateral,4,4.0
2025-08-15,San Diego,Collateral,1,3.6
2025-08-16,San Diego,Collateral,4,4.0
2025-08-17,San Diego,Collateral,5,4.0
2025-08-18,San Diego,Collateral,11,5.3
2025-08-19,San Diego,Collateral,11,6.3
2025-08-20,San Diego,Collateral,15,7.3
2025-08-21,San Diego,Collateral,6,7.6
2025-08-22,San Diego,Collateral,14,9.4
2025-08-23,San Diego,Collateral,13,10.7
2025-08-24,San Diego,Collateral,5,10.7
2025-08-25,San Diego,Collateral,7,10.1
2025-08-26,San Diego,Collateral,12,10.3
2025-08-27,San Diego,Collateral,12,9.9
2025-08-28,San Diego,Collateral,5,9.7
2025-08-29,San Diego,Collateral,21,10.7
2025-08-31,San Diego,Collateral,3,9.3
2025-09-01,San Diego,Collateral,10,10.0
2025-09-02,San Diego,Collateral,1,9.1
2025-09-03,San Diego,Collateral,9,8.7
2025-09-04,San Diego,Collateral,3,7.4
2025-09-05,San Diego,Collateral,11,8.3
2025-09-06,San Diego,Collateral,6,6.1
2025-09-07,San Diego,Collateral,10,7.1
2025-09-08,San Diego,Collateral,16,8.0
2025-09-09,San Diego,Collateral,4,8.4
2025-09-10,San Diego,Collateral,9,8.4
2025-09-11,San Diego,Collateral,20,10.9
2025-09-12,San Diego,Collateral,12,11.0
2025-09-13,San Diego,Collateral,5,10.9
2025-09-14,San Diego,Collateral,4,10.0
2025-09-15,San Diego,Collateral,25,11.3
2025-09-16,San Diego,Collateral,12,12.4
2025-09-17,San Diego,Collateral,5,11.9
2025-09-18,San Diego,Collateral,10,10.4
2025-09-19,San Diego,Collateral,2,9.0
2025-09-20,San Diego,Collateral,6,9.1
2025-09-21,San Diego,Collateral,18,11.1
2025-09-22,San Diego,Collateral,20,10.4
2025-09-23,San Diego,Collateral,8,9.9
2025-09-24,San Diego,Collateral,8,10.3
2025-09-25,San Diego,Collateral,14,10.9
2025-09-26,San Diego,Collateral,7,11.6
2025-09-27,San Diego,Collateral,2,11.0
2025-09-28,San Diego,Collateral,1,8.6
2025-09-29,San Diego,Collateral,11,7.3
2025-09-30,San Diego,Collateral,1,6.3
2025-10-01,San Diego,Collateral,8,6.3
2025-10-02,San Diego,Collateral,1,4.4
2025-10-03,San Diego,Collateral,10,4.9
2025-10-05,San Diego,Collateral,2,4.9
2025-10-06,San Diego,Collateral,3,5.1
2025-10-07,San Diego,Collateral,6,4.4
2025-10-08,San Diego,Collateral,7,5.3
2025-10-09,San Diego,Collateral,6,5.0
2025-10-10,San Diego,Collateral,2,5.1
2025-10-11,San Diego,Collateral,10,5.1
2025-10-12,San Diego,Collateral,1,5.0
2025-10-13,San Diego,Collateral,6,5.4
2025-10-14,San Diego,Collateral,3,5.0
2025-10-15,San Diego,Collateral,6,4.9
2025-10-16,San Diego,Collateral,5,4.7
2025-10-17,San Diego,Collateral,9,5.7
2025-10-19,San Diego,Collateral,7,5.3
2025-10-20,San Diego,Collateral,8,6.3
2025-10-21,San Diego,Collateral,8,6.6
2025-10-22,San Diego,Collateral,8,7.3
2025-10-23,San Diego,Collateral,5,7.1
2025-10-24,San Diego,Collateral,8,7.6
2025-10-25,San Diego,Collateral,3,6.7
2025-10-26,San Diego,Collateral,1,5.9
2025-10-27,San Diego,Collateral,3,5.1
2025-10-28,San Diego,Collateral,10,5.4
2025-10-29,San Diego,Collateral,18,6.9
2025-10-30,San Diego,Collateral,15,8.3
2025-10-31,San Diego,Collateral,13,9.0
2025-11-01,San Diego,Collateral,25,12.1
2025-11-02,San Diego,Collateral,1,12.1
2025-11-04,San Diego,Collateral,19,14.4
2025-11-05,San Diego,Collateral,6,13.9
2025-11-06,San Diego,Collateral,5,12.0
2025-11-07,San Diego,Collateral,7,10.9
2025-11-08,San Diego,Collateral,6,9.9
2025-11-09,San Diego,Collateral,1,6.4
2025-11-10,San Diego,Collateral,2,6.6
2025-11-11,San Diego,Collateral,5,4.6
2025-11-12,San Diego,Collateral,12,5.4
2025-11-13,San Diego,Collateral,7,5.7
2025-11-14,San Diego,Collateral,16,7.0
2025-11-15,San Diego,Collateral,10,7.6
2025-11-16,San Diego,Collateral,1,7.6
2025-11-17,San Diego,Collateral,4,7.9
2025-11-18,San Diego,Collateral,5,7.9
2025-11-19,San Diego,Collateral,25,9.7
2025-11-20,San Diego,Collateral,3,9.1
2025-11-21,San Diego,Collateral,5,7.6
2025-11-22,San Diego,Collateral,6,7.0
2025-11-23,San Diego,Collateral,1,7.0
2025-11-24,San Diego,Collateral,5,7.1
2025-11-25,San Diego,Collateral,7,7.4
2025-11-26,San Diego,Collateral,12,5.6
2025-11-27,San Diego,Collateral,13,7.0
2025-11-28,San Diego,Collateral,3,6.7
2025-11-29,San Diego,Collateral,6,6.7
2025-11-30,San Diego,Collateral,10,8.0
2025-12-01,San Diego,Collateral,5,8.0
2025-12-02,San Diego,Collateral,14,9.0
2025-12-03,San Diego,Collateral,9,8.6
2025-12-04,San Diego,Collateral,5,7.4
2025-12-05,San Diego,Collateral,12,8.7
2025-12-06,San Diego,Collateral,9,9.1
2025-12-07,San Diego,Collateral,2,8.0
2025-12-08,San Diego,Collateral,10,8.7
2025-12-09,San Diego,Collateral,9,8.0
2025-12-10,San Diego,Collateral,5,7.4
2025-12-11,San Diego,Collateral,8,7.9
2025-12-12,San Diego,Collateral,23,9.4
2025-12-13,San Diego,Collateral,4,8.7
2025-12-14,San Diego,Collateral,4,9.0
2025-12-15,San Diego,Collateral,10,9.0
2025-12-16,San Diego,Collateral,10,9.1
2025-12-17,San Diego,Collateral,16,10.7
2025-12-18,San Diego,Collateral,18,12.1
2025-12-19,San Diego,Collateral,42,14.9
2025-12-20,San Diego,Collateral,21,17.3
2025-12-21,San Diego,Collateral,4,17.3
2025-12-22,San Diego,Collateral,8,17.0
2025-12-23,San Diego,Collateral,11,17.1
2025-12-24,San Diego,Collateral,15,17.0
2025-12-25,San Diego,Collateral,1,14.6
2025-12-26,San Diego,Collateral,11,10.1
2025-12-27,San Diego,Collateral,6,8.0
2025-12-28,San Diego,Collateral,3,7.9
2025-12-29,San Diego,Collateral,3,7.1
2025-12-30,San Diego,Collateral,19,8.3
2025-12-31,San Diego,Collateral,10,7.6
2026-01-01,San Diego,Collateral,9,8.7
2026-01-02,San Diego,Collateral,7,8.1
2026-01-03,San Diego,Collateral,5,8.0
2026-01-05,San Diego,Collateral,3,8.0
2026-01-06,San Diego,Collateral,9,8.9
2026-01-07,San Diego,Collateral,9,7.4
2026-01-08,San Diego,Collateral,9,7.3
2026-01-09,San Diego,Collateral,14,8.0
2026-01-10,San Diego,Collateral,5,7.7
2026-01-12,San Diego,Collateral,1,7.1
2026-01-13,San Diego,Collateral,3,7.1
2026-01-14,San Diego,Collateral,11,7.4
2026-01-15,San Diego,Collateral,10,7.6
2026-01-16,San Diego,Collateral,14,8.3
2026-01-17,San Diego,Collateral,12,8.0
2026-01-19,San Diego,Collateral,2,7.6
2026-01-21,San Diego,Collateral,10,8.9
2026-01-22,San Diego,Collateral,5,9.1
2026-01-23,San Diego,Collateral,11,9.1
2026-01-24,San Diego,Collateral,5,8.4
2026-01-25,San Diego,Collateral,9,7.7
2026-01-26,San Diego,Collateral,3,6.4
2026-01-27,San Diego,Collateral,8,7.3
2026-01-28,San Diego,Collateral,5,6.6
2026-01-29,San Diego,Collateral,16,8.1
2026-01-30,San Diego,Collateral,12,8.3
2026-01-31,San Diego,Collateral,4,8.1
2026-02-02,San Diego,Collateral,3,7.3
2026-02-03,San Diego,Collateral,11,8.4
2026-02-04,San Diego,Collateral,16,9.6
2026-02-05,San Diego,Collateral,11,10.4
2026-02-06,San Diego,Collateral,10,9.6
2026-02-07,San Diego,Collateral,1,8.0
2026-02-09,San Diego,Collateral,7,8.4
2026-02-10,San Diego,Collateral,5,8.7
2026-02-11,San Diego,Collateral,13,9.0
2026-02-12,San Diego,Collateral,3,7.1
2026-02-13,San Diego,Collateral,9,6.9
2026-02-14,San Diego,Collateral,7,6.4
2026-02-15,San Diego,Collateral,10,7.7
2026-02-16,San Diego,Collateral,2,7.0
2026-02-17,San Diego,Collateral,1,6.4
2026-02-18,San Diego,Collateral,19,7.3
2026-02-19,San Diego,Collateral,2,7.1
2026-02-20,San Diego,Collateral,11,7.4
2026-02-21,San Diego,Collateral,12,8.1
2026-02-22,San Diego,Collateral,8,7.9
2026-02-23,San Diego,Collateral,1,7.7
2026-02-24,San Diego,Collateral,16,9.9
2026-02-25,San Diego,Collateral,9,8.4
2026-02-26,San Diego,Collateral,9,9.4
2026-02-27,San Diego,Collateral,13,9.7
2026-02-28,San Diego,Collateral,13,9.9
2026-03-01,San Diego,Collateral,3,9.1
2026-03-02,San Diego,Collateral,2,9.3
2026-03-03,San Diego,Collateral,7,8.0
2026-03-04,San Diego,Collateral,13,8.6
2026-03-05,San Diego,Collateral,11,8.9
2026-03-06,San Diego,Collateral,8,8.1
2026-03-07,San Diego,Collateral,5,7.0
2026-03-08,San Diego,Collateral,8,7.7
2026-03-09,San Diego,Collateral,1,7.6
2026-03-10,San Diego,Collateral,4,7.1
2025-08-08,San Diego,Targeted,13,13.0
2025-08-09,San Diego,Targeted,11,12.0
2025-08-10,San Diego,Targeted,2,8.7
2025-08-11,San Diego,Targeted,7,8.2
2025-08-12,San Diego,Targeted,21,10.8
2025-08-13,San Diego,Targeted,10,10.7
2025-08-14,San Diego,Targeted,20,12.0
2025-08-15,San Diego,Targeted,17,12.6
2025-08-16,San Diego,Targeted,22,14.1
2025-08-17,San Diego,Targeted,8,15.0
2025-08-18,San Diego,Targeted,15,16.1
2025-08-19,San Diego,Targeted,25,16.7
2025-08-20,San Diego,Targeted,40,21.0
2025-08-21,San Diego,Targeted,37,23.4
2025-08-22,San Diego,Targeted,17,23.4
2025-08-23,San Diego,Targeted,31,24.7
2025-08-24,San Diego,Targeted,17,26.0
2025-08-25,San Diego,Targeted,31,28.3
2025-08-26,San Diego,Targeted,30,29.0
2025-08-27,San Diego,Targeted,41,29.1
2025-08-28,San Diego,Targeted,45,30.3
2025-08-29,San Diego,Targeted,21,30.9
2025-08-30,San Diego,Targeted,8,27.6
2025-08-31,San Diego,Targeted,22,28.3
2025-09-01,San Diego,Targeted,25,27.4
2025-09-02,San Diego,Targeted,58,31.4
2025-09-03,San Diego,Targeted,48,32.4
2025-09-04,San Diego,Targeted,70,36.0
2025-09-05,San Diego,Targeted,36,38.1
2025-09-06,San Diego,Targeted,17,39.4
2025-09-07,San Diego,Targeted,17,38.7
2025-09-08,San Diego,Targeted,40,40.9
2025-09-09,San Diego,Targeted,47,39.3
2025-09-10,San Diego,Targeted,50,39.6
2025-09-11,San Diego,Targeted,38,35.0
2025-09-12,San Diego,Targeted,24,33.3
2025-09-13,San Diego,Targeted,22,34.0
2025-09-14,San Diego,Targeted,30,35.9
2025-09-15,San Diego,Targeted,24,33.6
2025-09-16,San Diego,Targeted,46,33.4
2025-09-17,San Diego,Targeted,48,33.1
2025-09-18,San Diego,Targeted,53,35.3
2025-09-19,San Diego,Targeted,48,38.7
2025-09-20,San Diego,Targeted,24,39.0
2025-09-21,San Diego,Targeted,27,38.6
2025-09-22,San Diego,Targeted,47,41.9
2025-09-23,San Diego,Targeted,45,41.7
2025-09-24,San Diego,Targeted,47,41.6
2025-09-25,San Diego,Targeted,37,39.3
2025-09-26,San Diego,Targeted,29,36.6
2025-09-27,San Diego,Targeted,29,37.3
2025-09-28,San Diego,Targeted,24,36.9
2025-09-29,San Diego,Targeted,50,37.3
2025-09-30,San Diego,Targeted,52,38.3
2025-10-01,San Diego,Targeted,48,38.4
2025-10-02,San Diego,Targeted,36,38.3
2025-10-03,San Diego,Targeted,26,37.9
2025-10-04,San Diego,Targeted,33,38.4
2025-10-05,San Diego,Targeted,18,37.6
2025-10-06,San Diego,Targeted,29,34.6
2025-10-07,San Diego,Targeted,59,35.6
2025-10-08,San Diego,Targeted,65,38.0
2025-10-09,San Diego,Targeted,38,38.3
2025-10-10,San Diego,Targeted,30,38.9
2025-10-11,San Diego,Targeted,27,38.0
2025-10-12,San Diego,Targeted,17,37.9
2025-10-13,San Diego,Targeted,30,38.0
2025-10-14,San Diego,Targeted,20,32.4
2025-10-15,San Diego,Targeted,44,29.4
2025-10-16,San Diego,Targeted,44,30.3
2025-10-17,San Diego,Targeted,40,31.7
2025-10-18,San Diego,Targeted,17,30.3
2025-10-19,San Diego,Targeted,22,31.0
2025-10-20,San Diego,Targeted,35,31.7
2025-10-21,San Diego,Targeted,58,37.1
2025-10-22,San Diego,Targeted,49,37.9
2025-10-23,San Diego,Targeted,38,37.0
2025-10-24,San Diego,Targeted,38,36.7
2025-10-25,San Diego,Targeted,25,37.9
2025-10-26,San Diego,Targeted,26,38.4
2025-10-27,San Diego,Targeted,27,37.3
2025-10-28,San Diego,Targeted,38,34.4
2025-10-29,San Diego,Targeted,51,34.7
2025-10-30,San Diego,Targeted,36,34.4
2025-10-31,San Diego,Targeted,22,32.1
2025-11-01,San Diego,Targeted,17,31.0
2025-11-02,San Diego,Targeted,16,29.6
2025-11-03,San Diego,Targeted,38,31.1
2025-11-04,San Diego,Targeted,49,32.7
2025-11-05,San Diego,Targeted,37,30.7
2025-11-06,San Diego,Targeted,35,30.6
2025-11-07,San Diego,Targeted,43,33.6
2025-11-08,San Diego,Targeted,26,34.9
2025-11-09,San Diego,Targeted,30,36.9
2025-11-10,San Diego,Targeted,39,37.0
2025-11-11,San Diego,Targeted,18,32.6
2025-11-12,San Diego,Targeted,31,31.7
2025-11-13,San Diego,Targeted,41,32.6
2025-11-14,San Diego,Targeted,33,31.1
2025-11-15,San Diego,Targeted,9,28.7
2025-11-16,San Diego,Targeted,18,27.0
2025-11-17,San Diego,Targeted,21,24.4
2025-11-18,San Diego,Targeted,52,29.3
2025-11-19,San Diego,Targeted,36,30.0
2025-11-20,San Diego,Targeted,26,27.9
2025-11-21,San Diego,Targeted,35,28.1
2025-11-22,San Diego,Targeted,38,32.3
2025-11-23,San Diego,Targeted,13,31.6
2025-11-24,San Diego,Targeted,46,35.1
2025-11-25,San Diego,Targeted,54,35.4
2025-11-26,San Diego,Targeted,54,38.0
2025-11-27,San Diego,Targeted,23,37.6
2025-11-28,San Diego,Targeted,33,37.3
2025-11-29,San Diego,Targeted,39,37.4
2025-11-30,San Diego,Targeted,8,36.7
2025-12-01,San Diego,Targeted,45,36.6
2025-12-02,San Diego,Targeted,71,39.0
2025-12-03,San Diego,Targeted,44,37.6
2025-12-04,San Diego,Targeted,42,40.3
2025-12-05,San Diego,Targeted,45,42.0
2025-12-06,San Diego,Targeted,37,41.7
2025-12-07,San Diego,Targeted,25,44.1
2025-12-08,San Diego,Targeted,22,40.9
2025-12-09,San Diego,Targeted,46,37.3
2025-12-10,San Diego,Targeted,65,40.3
2025-12-11,San Diego,Targeted,39,39.9
2025-12-12,San Diego,Targeted,42,39.4
2025-12-13,San Diego,Targeted,25,37.7
2025-12-14,San Diego,Targeted,10,35.6
2025-12-15,San Diego,Targeted,32,37.0
2025-12-16,San Diego,Targeted,31,34.9
2025-12-17,San Diego,Targeted,31,30.0
2025-12-18,San Diego,Targeted,29,28.6
2025-12-19,San Diego,Targeted,25,26.1
2025-12-20,San Diego,Targeted,21,25.6
2025-12-21,San Diego,Targeted,28,28.1
2025-12-22,San Diego,Targeted,18,26.1
2025-12-23,San Diego,Targeted,21,24.7
2025-12-24,San Diego,Targeted,31,24.7
2025-12-25,San Diego,Targeted,4,21.1
2025-12-26,San Diego,Targeted,9,18.9
2025-12-27,San Diego,Targeted,14,17.9
2025-12-28,San Diego,Targeted,10,15.3
2025-12-29,San Diego,Targeted,28,16.7
2025-12-30,San Diego,Targeted,35,18.7
2025-12-31,San Diego,Targeted,72,24.6
2026-01-01,San Diego,Targeted,13,25.9
2026-01-02,San Diego,Targeted,9,25.9
2026-01-03,San Diego,Targeted,16,26.1
2026-01-04,San Diego,Targeted,6,25.6
2026-01-05,San Diego,Targeted,23,24.9
2026-01-06,San Diego,Targeted,37,25.1
2026-01-07,San Diego,Targeted,21,17.9
2026-01-08,San Diego,Targeted,23,19.3
2026-01-09,San Diego,Targeted,37,23.3
2026-01-10,San Diego,Targeted,30,25.3
2026-01-11,San Diego,Targeted,5,25.1
2026-01-12,San Diego,Targeted,13,23.7
2026-01-13,San Diego,Targeted,29,22.6
2026-01-14,San Diego,Targeted,49,26.6
2026-01-15,San Diego,Targeted,58,31.6
2026-01-16,San Diego,Targeted,38,31.7
2026-01-17,San Diego,Targeted,18,30.0
2026-01-18,San Diego,Targeted,25,32.9
2026-01-19,San Diego,Targeted,10,32.4
2026-01-20,San Diego,Targeted,27,32.1
2026-01-21,San Diego,Targeted,36,30.3
2026-01-22,San Diego,Targeted,43,28.1
2026-01-23,San Diego,Targeted,40,28.4
2026-01-24,San Diego,Targeted,27,29.7
2026-01-25,San Diego,Targeted,9,27.4
2026-01-26,San Diego,Targeted,21,29.0
2026-01-27,San Diego,Targeted,21,28.1
2026-01-28,San Diego,Targeted,21,26.0
2026-01-29,San Diego,Targeted,31,24.3
2026-01-30,San Diego,Targeted,44,24.9
2026-01-31,San Diego,Targeted,16,23.3
2026-02-01,San Diego,Targeted,5,22.7
2026-02-02,San Diego,Targeted,38,25.1
2026-02-03,San Diego,Targeted,23,25.4
2026-02-04,San Diego,Targeted,59,30.9
2026-02-05,San Diego,Targeted,25,30.0
2026-02-06,San Diego,Targeted,41,29.6
2026-02-07,San Diego,Targeted,22,30.4
2026-02-08,San Diego,Targeted,8,30.9
2026-02-09,San Diego,Targeted,22,28.6
2026-02-10,San Diego,Targeted,22,28.4
2026-02-11,San Diego,Targeted,14,22.0
2026-02-12,San Diego,Targeted,26,22.1
2026-02-13,San Diego,Targeted,45,22.7
2026-02-14,San Diego,Targeted,19,22.3
2026-02-15,San Diego,Targeted,17,23.6
2026-02-16,San Diego,Targeted,36,25.6
2026-02-17,San Diego,Targeted,26,26.1
2026-02-18,San Diego,Targeted,20,27.0
2026-02-19,San Diego,Targeted,25,26.9
2026-02-20,San Diego,Targeted,66,29.9
2026-02-21,San Diego,Targeted,23,30.4
2026-02-22,San Diego,Targeted,40,33.7
2026-02-23,San Diego,Targeted,23,31.9
2026-02-24,San Diego,Targeted,63,37.1
2026-02-25,San Diego,Targeted,42,40.3
2026-02-26,San Diego,Targeted,28,40.7
2026-02-27,San Diego,Targeted,55,39.1
2026-02-28,San Diego,Targeted,21,38.9
2026-03-01,San Diego,Targeted,10,34.6
2026-03-02,San Diego,Targeted,22,34.4
2026-03-03,San Diego,Targeted,40,31.1
2026-03-04,San Diego,Targeted,67,34.7
2026-03-05,San Diego,Targeted,47,37.4
2026-03-06,San Diego,Targeted,43,35.7
2026-03-07,San Diego,Targeted,5,33.4
2026-03-08,San Diego,Targeted,14,34.0
2026-03-09,San Diego,Targeted,18,33.4
2026-03-10,San Diego,Targeted,16,30.0
2025-09-23,San Diego,Unknown,1,1.0
2025-10-07,San Diego,Unknown,1,1.0
2025-11-16,San Diego,Unknown,1,1.0
2025-12-11,San Diego,Unknown,1,1.0
2026-01-06,San Diego,Unknown,1,1.0
2026-01-16,San Diego,Unknown,1,1.0
2026-01-28,San Diego,Unknown,1,1.0
2026-02-18,San Diego,Unknown,2,1.1
2026-03-10,San Diego,Unknown,1,1.1
2025-08-08,San Francisco,Collateral,8,8.0
2025-08-10,San Francisco,Collateral,1,4.5
2025-08-11,San Francisco,Collateral,1,3.3
2025-08-12,San Francisco,Collateral,5,3.8
2025-08-13,San Francisco,Collateral,1,3.2
2025-08-14,San Francisco,Collateral,2,3.0
2025-08-17,San Francisco,Collateral,1,2.7
2025-08-18,San Francisco,Collateral,5,2.3
2025-08-19,San Francisco,Collateral,2,2.4
2025-08-24,San Francisco,Collateral,1,2.4
2025-08-25,San Francisco,Collateral,1,1.9
2025-08-26,San Francisco,Collateral,1,1.9
2025-08-27,San Francisco,Collateral,2,1.9
2025-08-28,San Francisco,Collateral,14,3.7
2025-08-29,San Francisco,Collateral,7,4.0
2025-09-01,San Francisco,Collateral,2,4.0
2025-09-02,San Francisco,Collateral,3,4.3
2025-09-03,San Francisco,Collateral,1,4.3
2025-09-04,San Francisco,Collateral,13,6.0
2025-09-06,San Francisco,Collateral,1,5.9
2025-09-08,San Francisco,Collateral,4,4.4
2025-09-11,San Francisco,Collateral,1,3.6
2025-09-12,San Francisco,Collateral,2,3.6
2025-09-15,San Francisco,Collateral,2,3.4
2025-09-16,San Francisco,Collateral,2,3.6
2025-09-17,San Francisco,Collateral,6,2.6
2025-09-18,San Francisco,Collateral,2,2.7
2025-09-22,San Francisco,Collateral,3,2.6
2025-09-23,San Francisco,Collateral,4,3.0
2025-09-24,San Francisco,Collateral,2,3.0
2025-09-25,San Francisco,Collateral,3,3.1
2025-09-26,San Francisco,Collateral,2,3.1
2025-09-28,San Francisco,Collateral,10,3.7
2025-09-29,San Francisco,Collateral,2,3.7
2025-09-30,San Francisco,Collateral,2,3.6
2025-10-01,San Francisco,Collateral,3,3.4
2025-10-02,San Francisco,Collateral,1,3.3
2025-10-03,San Francisco,Collateral,2,3.1
2025-10-04,San Francisco,Collateral,2,3.1
2025-10-06,San Francisco,Collateral,4,2.3
2025-10-07,San Francisco,Collateral,5,2.7
2025-10-08,San Francisco,Collateral,7,3.4
2025-10-09,San Francisco,Collateral,13,4.9
2025-10-10,San Francisco,Collateral,1,4.9
2025-10-11,San Francisco,Collateral,1,4.7
2025-10-15,San Francisco,Collateral,4,5.0
2025-10-16,San Francisco,Collateral,3,4.9
2025-10-17,San Francisco,Collateral,1,4.3
2025-10-18,San Francisco,Collateral,1,3.4
2025-10-20,San Francisco,Collateral,2,1.9
2025-10-21,San Francisco,Collateral,2,2.0
2025-10-22,San Francisco,Collateral,1,2.0
2025-10-26,San Francisco,Collateral,1,1.6
2025-10-28,San Francisco,Collateral,3,1.6
2025-10-30,San Francisco,Collateral,2,1.7
2025-11-01,San Francisco,Collateral,1,1.7
2025-11-03,San Francisco,Collateral,1,1.6
2025-11-04,San Francisco,Collateral,1,1.4
2025-11-05,San Francisco,Collateral,8,2.4
2025-11-06,San Francisco,Collateral,3,2.7
2025-11-07,San Francisco,Collateral,2,2.6
2025-11-08,San Francisco,Collateral,3,2.7
2025-11-09,San Francisco,Collateral,1,2.7
2025-11-12,San Francisco,Collateral,7,3.6
2025-11-13,San Francisco,Collateral,1,3.6
2025-11-14,San Francisco,Collateral,5,3.1
2025-11-15,San Francisco,Collateral,1,2.9
2025-11-17,San Francisco,Collateral,1,2.7
2025-11-18,San Francisco,Collateral,2,2.6
2025-11-19,San Francisco,Collateral,9,3.7
2025-11-20,San Francisco,Collateral,2,3.0
2025-11-21,San Francisco,Collateral,1,3.0
2025-11-23,San Francisco,Collateral,2,2.6
2025-11-24,San Francisco,Collateral,3,2.9
2025-11-26,San Francisco,Collateral,1,2.9
2025-12-03,San Francisco,Collateral,4,3.1
2025-12-05,San Francisco,Collateral,2,2.1
2025-12-08,San Francisco,Collateral,2,2.1
2025-12-09,San Francisco,Collateral,2,2.3
2025-12-10,San Francisco,Collateral,2,2.3
2025-12-11,San Francisco,Collateral,4,2.4
2025-12-12,San Francisco,Collateral,2,2.6
2025-12-14,San Francisco,Collateral,1,2.1
2025-12-16,San Francisco,Collateral,4,2.4
2025-12-17,San Francisco,Collateral,2,2.4
2025-12-19,San Francisco,Collateral,1,2.3
2025-12-21,San Francisco,Collateral,1,2.1
2025-12-23,San Francisco,Collateral,3,2.0
2025-12-24,San Francisco,Collateral,1,1.9
2025-12-29,San Francisco,Collateral,2,2.0
2025-12-30,San Francisco,Collateral,2,1.7
2025-12-31,San Francisco,Collateral,3,1.9
2026-01-04,San Francisco,Collateral,1,1.9
2026-01-05,San Francisco,Collateral,2,2.0
2026-01-06,San Francisco,Collateral,1,1.7
2026-01-08,San Francisco,Collateral,1,1.7
2026-01-09,San Francisco,Collateral,2,1.7
2026-01-12,San Francisco,Collateral,1,1.6
2026-01-15,San Francisco,Collateral,2,1.4
2026-01-16,San Francisco,Collateral,1,1.4
2026-01-17,San Francisco,Collateral,2,1.4
2026-01-18,San Francisco,Collateral,1,1.4
2026-01-19,San Francisco,Collateral,2,1.6
2026-01-20,San Francisco,Collateral,2,1.6
2026-01-29,San Francisco,Collateral,1,1.6
2026-01-30,San Francisco,Collateral,1,1.4
2026-02-01,San Francisco,Collateral,2,1.6
2026-02-03,San Francisco,Collateral,1,1.4
2026-02-04,San Francisco,Collateral,2,1.6
2026-02-06,San Francisco,Collateral,1,1.4
2026-02-09,San Francisco,Collateral,1,1.3
2026-02-10,San Francisco,Collateral,1,1.3
2026-02-12,San Francisco,Collateral,2,1.4
2026-02-19,San Francisco,Collateral,1,1.3
2026-02-20,San Francisco,Collateral,1,1.3
2026-02-24,San Francisco,Collateral,1,1.1
2026-02-25,San Francisco,Collateral,2,1.3
2026-02-26,San Francisco,Collateral,3,1.6
2026-02-27,San Francisco,Collateral,4,2.0
2026-03-02,San Francisco,Collateral,1,1.9
2026-03-03,San Francisco,Collateral,1,1.9
2026-03-05,San Francisco,Collateral,1,1.9
2026-03-06,San Francisco,Collateral,1,1.9
2026-03-09,San Francisco,Collateral,1,1.7
2026-03-10,San Francisco,Collateral,2,1.6
2025-08-08,San Francisco,Targeted,12,12.0
2025-08-09,San Francisco,Targeted,4,8.0
2025-08-11,San Francisco,Targeted,15,10.3
2025-08-12,San Francisco,Targeted,18,12.2
2025-08-13,San Francisco,Targeted,22,14.2
2025-08-14,San Francisco,Targeted,22,15.5
2025-08-15,San Francisco,Targeted,21,16.3
2025-08-16,San Francisco,Targeted,10,16.0
2025-08-17,San Francisco,Targeted,6,16.3
2025-08-18,San Francisco,Targeted,18,16.7
2025-08-19,San Francisco,Targeted,11,15.7
2025-08-20,San Francisco,Targeted,21,15.6
2025-08-21,San Francisco,Targeted,12,14.1
2025-08-22,San Francisco,Targeted,14,13.1
2025-08-23,San Francisco,Targeted,6,12.6
2025-08-24,San Francisco,Targeted,5,12.4
2025-08-25,San Francisco,Targeted,17,12.3
2025-08-26,San Francisco,Targeted,37,16.0
2025-08-27,San Francisco,Targeted,20,15.9
2025-08-28,San Francisco,Targeted,21,17.1
2025-08-29,San Francisco,Targeted,23,18.4
2025-08-30,San Francisco,Targeted,5,18.3
2025-08-31,San Francisco,Targeted,1,17.7
2025-09-01,San Francisco,Targeted,4,15.9
2025-09-02,San Francisco,Targeted,25,14.1
2025-09-03,San Francisco,Targeted,39,16.9
2025-09-04,San Francisco,Targeted,45,20.3
2025-09-05,San Francisco,Targeted,28,21.0
2025-09-06,San Francisco,Targeted,8,21.4
2025-09-07,San Francisco,Targeted,4,21.9
2025-09-08,San Francisco,Targeted,22,24.4
2025-09-09,San Francisco,Targeted,26,24.6
2025-09-10,San Francisco,Targeted,29,23.1
2025-09-11,San Francisco,Targeted,29,20.9
2025-09-12,San Francisco,Targeted,38,22.3
2025-09-13,San Francisco,Targeted,7,22.1
2025-09-14,San Francisco,Targeted,4,22.1
2025-09-15,San Francisco,Targeted,21,22.0
2025-09-16,San Francisco,Targeted,29,22.4
2025-09-17,San Francisco,Targeted,32,22.9
2025-09-18,San Francisco,Targeted,34,23.6
2025-09-19,San Francisco,Targeted,38,23.6
2025-09-20,San Francisco,Targeted,10,24.0
2025-09-21,San Francisco,Targeted,5,24.1
2025-09-22,San Francisco,Targeted,25,24.7
2025-09-23,San Francisco,Targeted,39,26.1
2025-09-24,San Francisco,Targeted,31,26.0
2025-09-25,San Francisco,Targeted,37,26.4
2025-09-26,San Francisco,Targeted,28,25.0
2025-09-27,San Francisco,Targeted,3,24.0
2025-09-28,San Francisco,Targeted,4,23.9
2025-09-29,San Francisco,Targeted,23,23.6
2025-09-30,San Francisco,Targeted,41,23.9
2025-10-01,San Francisco,Targeted,25,23.0
2025-10-02,San Francisco,Targeted,52,25.1
2025-10-03,San Francisco,Targeted,22,24.3
2025-10-04,San Francisco,Targeted,10,25.3
2025-10-05,San Francisco,Targeted,1,24.9
2025-10-06,San Francisco,Targeted,22,24.7
2025-10-07,San Francisco,Targeted,30,23.1
2025-10-08,San Francisco,Targeted,34,24.4
2025-10-09,San Francisco,Targeted,26,20.7
2025-10-10,San Francisco,Targeted,13,19.4
2025-10-12,San Francisco,Targeted,1,18.1
2025-10-13,San Francisco,Targeted,2,18.3
2025-10-14,San Francisco,Targeted,32,19.7
2025-10-15,San Francisco,Targeted,43,21.6
2025-10-16,San Francisco,Targeted,34,21.6
2025-10-17,San Francisco,Targeted,19,20.6
2025-10-18,San Francisco,Targeted,1,18.9
2025-10-20,San Francisco,Targeted,22,21.9
2025-10-21,San Francisco,Targeted,20,24.4
2025-10-22,San Francisco,Targeted,29,24.0
2025-10-23,San Francisco,Targeted,25,21.4
2025-10-24,San Francisco,Targeted,17,19.0
2025-10-25,San Francisco,Targeted,25,19.9
2025-10-26,San Francisco,Targeted,10,21.1
2025-10-27,San Francisco,Targeted,18,20.6
2025-10-28,San Francisco,Targeted,35,22.7
2025-10-29,San Francisco,Targeted,39,24.1
2025-10-30,San Francisco,Targeted,44,26.9
2025-10-31,San Francisco,Targeted,21,27.4
2025-11-01,San Francisco,Targeted,11,25.4
2025-11-02,San Francisco,Targeted,6,24.9
2025-11-03,San Francisco,Targeted,29,26.4
2025-11-04,San Francisco,Targeted,31,25.9
2025-11-05,San Francisco,Targeted,52,27.7
2025-11-06,San Francisco,Targeted,38,26.9
2025-11-07,San Francisco,Targeted,26,27.6
2025-11-08,San Francisco,Targeted,16,28.3
2025-11-09,San Francisco,Targeted,7,28.4
2025-11-10,San Francisco,Targeted,12,26.0
2025-11-11,San Francisco,Targeted,11,23.1
2025-11-12,San Francisco,Targeted,17,18.1
2025-11-13,San Francisco,Targeted,31,17.1
2025-11-14,San Francisco,Targeted,27,17.3
2025-11-15,San Francisco,Targeted,17,17.4
2025-11-16,San Francisco,Targeted,14,18.4
2025-11-17,San Francisco,Targeted,26,20.4
2025-11-18,San Francisco,Targeted,32,23.4
2025-11-19,San Francisco,Targeted,27,24.9
2025-11-20,San Francisco,Targeted,30,24.7
2025-11-21,San Francisco,Targeted,17,23.3
2025-11-22,San Francisco,Targeted,14,22.9
2025-11-23,San Francisco,Targeted,8,22.0
2025-11-24,San Francisco,Targeted,18,20.9
2025-11-25,San Francisco,Targeted,25,19.9
2025-11-26,San Francisco,Targeted,14,18.0
2025-11-27,San Francisco,Targeted,9,15.0
2025-11-28,San Francisco,Targeted,5,13.3
2025-11-29,San Francisco,Targeted,7,12.3
2025-11-30,San Francisco,Targeted,5,11.9
2025-12-01,San Francisco,Targeted,39,14.9
2025-12-02,San Francisco,Targeted,49,18.3
2025-12-03,San Francisco,Targeted,34,21.1
2025-12-04,San Francisco,Targeted,36,25.0
2025-12-05,San Francisco,Targeted,25,27.9
2025-12-06,San Francisco,Targeted,8,28.0
2025-12-07,San Francisco,Targeted,4,27.9
2025-12-08,San Francisco,Targeted,39,27.9
2025-12-09,San Francisco,Targeted,36,26.0
2025-12-10,San Francisco,Targeted,37,26.4
2025-12-11,San Francisco,Targeted,29,25.4
2025-12-12,San Francisco,Targeted,14,23.9
2025-12-13,San Francisco,Targeted,8,23.9
2025-12-14,San Francisco,Targeted,7,24.3
2025-12-15,San Francisco,Targeted,22,21.9
2025-12-16,San Francisco,Targeted,16,19.0
2025-12-17,San Francisco,Targeted,19,16.4
2025-12-18,San Francisco,Targeted,32,16.9
2025-12-19,San Francisco,Targeted,23,18.1
2025-12-20,San Francisco,Targeted,7,18.0
2025-12-21,San Francisco,Targeted,4,17.6
2025-12-22,San Francisco,Targeted,34,19.3
2025-12-23,San Francisco,Targeted,22,20.1
2025-12-24,San Francisco,Targeted,8,18.6
2025-12-25,San Francisco,Targeted,1,14.1
2025-12-26,San Francisco,Targeted,14,12.9
2025-12-27,San Francisco,Targeted,13,13.7
2025-12-28,San Francisco,Targeted,8,14.3
2025-12-29,San Francisco,Targeted,20,12.3
2025-12-30,San Francisco,Targeted,24,12.6
2025-12-31,San Francisco,Targeted,17,13.9
2026-01-01,San Francisco,Targeted,7,14.7
2026-01-02,San Francisco,Targeted,26,16.4
2026-01-03,San Francisco,Targeted,5,15.3
2026-01-04,San Francisco,Targeted,3,14.6
2026-01-05,San Francisco,Targeted,15,13.9
2026-01-06,San Francisco,Targeted,29,14.6
2026-01-07,San Francisco,Targeted,22,15.3
2026-01-08,San Francisco,Targeted,28,18.3
2026-01-09,San Francisco,Targeted,17,17.0
2026-01-10,San Francisco,Targeted,9,17.6
2026-01-11,San Francisco,Targeted,8,18.3
2026-01-12,San Francisco,Targeted,19,18.9
2026-01-13,San Francisco,Targeted,21,17.7
2026-01-14,San Francisco,Targeted,23,17.9
2026-01-15,San Francisco,Targeted,36,19.0
2026-01-16,San Francisco,Targeted,20,19.4
2026-01-17,San Francisco,Targeted,9,19.4
2026-01-18,San Francisco,Targeted,7,19.3
2026-01-19,San Francisco,Targeted,15,18.7
2026-01-20,San Francisco,Targeted,37,21.0
2026-01-21,San Francisco,Targeted,43,23.9
2026-01-22,San Francisco,Targeted,24,22.1
2026-01-23,San Francisco,Targeted,15,21.4
2026-01-24,San Francisco,Targeted,10,21.6
2026-01-25,San Francisco,Targeted,13,22.4
2026-01-26,San Francisco,Targeted,23,23.6
2026-01-27,San Francisco,Targeted,30,22.6
2026-01-28,San Francisco,Targeted,26,20.1
2026-01-29,San Francisco,Targeted,25,20.3
2026-01-30,San Francisco,Targeted,23,21.4
2026-01-31,San Francisco,Targeted,8,21.1
2026-02-01,San Francisco,Targeted,14,21.3
2026-02-02,San Francisco,Targeted,20,20.9
2026-02-03,San Francisco,Targeted,26,20.3
2026-02-04,San Francisco,Targeted,37,21.9
2026-02-05,San Francisco,Targeted,20,21.1
2026-02-06,San Francisco,Targeted,17,20.3
2026-02-07,San Francisco,Targeted,10,20.6
2026-02-08,San Francisco,Targeted,13,20.4
2026-02-09,San Francisco,Targeted,24,21.0
2026-02-10,San Francisco,Targeted,26,21.0
2026-02-11,San Francisco,Targeted,25,19.3
2026-02-12,San Francisco,Targeted,26,20.1
2026-02-13,San Francisco,Targeted,18,20.3
2026-02-14,San Francisco,Targeted,6,19.7
2026-02-15,San Francisco,Targeted,8,19.0
2026-02-16,San Francisco,Targeted,10,17.0
2026-02-17,San Francisco,Targeted,26,17.0
2026-02-18,San Francisco,Targeted,24,16.9
2026-02-19,San Francisco,Targeted,31,17.6
2026-02-20,San Francisco,Targeted,27,18.9
2026-02-21,San Francisco,Targeted,4,18.6
2026-02-22,San Francisco,Targeted,4,18.0
2026-02-23,San Francisco,Targeted,20,19.4
2026-02-24,San Francisco,Targeted,23,19.0
2026-02-25,San Francisco,Targeted,29,19.7
2026-02-26,San Francisco,Targeted,35,20.3
2026-02-27,San Francisco,Targeted,14,18.4
2026-02-28,San Francisco,Targeted,6,18.7
2026-03-01,San Francisco,Targeted,4,18.7
2026-03-02,San Francisco,Targeted,27,19.7
2026-03-03,San Francisco,Targeted,28,20.4
2026-03-04,San Francisco,Targeted,29,20.4
2026-03-05,San Francisco,Targeted,30,19.7
2026-03-06,San Francisco,Targeted,20,20.6
2026-03-07,San Francisco,Targeted,4,20.3
2026-03-08,San Francisco,Targeted,3,20.1
2026-03-09,San Francisco,Targeted,31,20.7
2026-03-10,San Francisco,Targeted,31,21.1
2025-08-12,San Francisco,Unknown,1,1.0
2025-09-12,San Francisco,Unknown,1,1.0
2025-09-13,San Francisco,Unknown,1,1.0
2025-10-01,San Francisco,Unknown,1,1.0
2025-10-07,San Francisco,Unknown,1,1.0
2025-10-29,San Francisco,Unknown,1,1.0
2025-12-13,San Francisco,Unknown,1,1.0
2026-02-22,San Francisco,Unknown,3,1.3
2026-03-02,San Francisco,Unknown,2,1.4
2026-03-04,San Francisco,Unknown,1,1.4
2026-03-09,San Francisco,Unknown,1,1.4
2025-08-08,Seattle,Collateral,1,1.0
2025-08-13,Seattle,Collateral,4,2.5
2025-08-14,Seattle,Collateral,3,2.7
2025-08-16,Seattle,Collateral,1,2.2
2025-08-19,Seattle,Collateral,2,2.2
2025-08-20,Seattle,Collateral,6,2.8
2025-08-21,Seattle,Collateral,3,2.9
2025-08-22,Seattle,Collateral,5,3.4
2025-08-23,Seattle,Collateral,2,3.1
2025-08-26,Seattle,Collateral,5,3.4
2025-08-27,Seattle,Collateral,2,3.6
2025-08-28,Seattle,Collateral,1,3.4
2025-09-01,Seattle,Collateral,2,2.9
2025-09-02,Seattle,Collateral,1,2.6
2025-09-03,Seattle,Collateral,6,2.7
2025-09-04,Seattle,Collateral,15,4.6
2025-09-08,Seattle,Collateral,2,4.1
2025-09-09,Seattle,Collateral,1,4.0
2025-09-10,Seattle,Collateral,4,4.4
2025-09-11,Seattle,Collateral,2,4.4
2025-09-12,Seattle,Collateral,1,4.4
2025-09-14,Seattle,Collateral,2,3.9
2025-09-15,Seattle,Collateral,1,1.9
2025-09-17,Seattle,Collateral,2,1.9
2025-09-18,Seattle,Collateral,6,2.6
2025-09-19,Seattle,Collateral,2,2.3
2025-09-23,Seattle,Collateral,2,2.3
2025-09-24,Seattle,Collateral,2,2.4
2025-09-25,Seattle,Collateral,5,2.9
2025-09-26,Seattle,Collateral,1,2.9
2025-09-29,Seattle,Collateral,5,3.3
2025-09-30,Seattle,Collateral,1,2.6
2025-10-01,Seattle,Collateral,1,2.4
2025-10-04,Seattle,Collateral,2,2.4
2025-10-06,Seattle,Collateral,1,2.3
2025-10-07,Seattle,Collateral,1,1.7
2025-10-08,Seattle,Collateral,9,2.9
2025-10-09,Seattle,Collateral,1,2.3
2025-10-10,Seattle,Collateral,1,2.3
2025-10-11,Seattle,Collateral,1,2.3
2025-10-13,Seattle,Collateral,1,2.1
2025-10-14,Seattle,Collateral,2,2.3
2025-10-15,Seattle,Collateral,6,3.0
2025-10-16,Seattle,Collateral,1,1.9
2025-10-17,Seattle,Collateral,3,2.1
2025-10-18,Seattle,Collateral,2,2.3
2025-10-19,Seattle,Collateral,5,2.9
2025-10-20,Seattle,Collateral,5,3.4
2025-10-21,Seattle,Collateral,7,4.1
2025-10-22,Seattle,Collateral,3,3.7
2025-10-23,Seattle,Collateral,5,4.3
2025-10-24,Seattle,Collateral,12,5.6
2025-10-25,Seattle,Collateral,4,5.9
2025-10-26,Seattle,Collateral,7,6.1
2025-10-27,Seattle,Collateral,11,7.0
2025-10-28,Seattle,Collateral,22,9.1
2025-10-29,Seattle,Collateral,20,11.6
2025-10-30,Seattle,Collateral,39,16.4
2025-10-31,Seattle,Collateral,9,16.0
2025-11-01,Seattle,Collateral,6,16.3
2025-11-02,Seattle,Collateral,10,16.7
2025-11-03,Seattle,Collateral,12,16.9
2025-11-04,Seattle,Collateral,8,14.9
2025-11-05,Seattle,Collateral,16,14.3
2025-11-06,Seattle,Collateral,9,10.0
2025-11-07,Seattle,Collateral,7,9.7
2025-11-08,Seattle,Collateral,13,10.7
2025-11-09,Seattle,Collateral,2,9.6
2025-11-10,Seattle,Collateral,11,9.4
2025-11-11,Seattle,Collateral,27,12.1
2025-11-12,Seattle,Collateral,5,10.6
2025-11-13,Seattle,Collateral,2,9.6
2025-11-14,Seattle,Collateral,1,8.7
2025-11-16,Seattle,Collateral,2,7.1
2025-11-17,Seattle,Collateral,3,7.3
2025-11-18,Seattle,Collateral,1,5.9
2025-11-20,Seattle,Collateral,1,2.1
2025-11-21,Seattle,Collateral,2,1.7
2025-11-22,Seattle,Collateral,1,1.6
2025-11-23,Seattle,Collateral,2,1.7
2025-11-25,Seattle,Collateral,5,2.1
2025-11-26,Seattle,Collateral,1,1.9
2025-11-27,Seattle,Collateral,4,2.3
2025-11-29,Seattle,Collateral,2,2.4
2025-11-30,Seattle,Collateral,1,2.3
2025-12-01,Seattle,Collateral,5,2.9
2025-12-02,Seattle,Collateral,1,2.7
2025-12-03,Seattle,Collateral,15,4.1
2025-12-04,Seattle,Collateral,4,4.6
2025-12-06,Seattle,Collateral,1,4.1
2025-12-07,Seattle,Collateral,2,4.1
2025-12-08,Seattle,Collateral,4,4.6
2025-12-10,Seattle,Collateral,6,4.7
2025-12-11,Seattle,Collateral,7,5.6
2025-12-12,Seattle,Collateral,5,4.1
2025-12-13,Seattle,Collateral,2,3.9
2025-12-14,Seattle,Collateral,2,4.0
2025-12-15,Seattle,Collateral,8,4.9
2025-12-16,Seattle,Collateral,9,5.6
2025-12-17,Seattle,Collateral,1,4.9
2025-12-18,Seattle,Collateral,5,4.6
2025-12-19,Seattle,Collateral,3,4.3
2025-12-20,Seattle,Collateral,2,4.3
2025-12-23,Seattle,Collateral,3,4.4
2025-12-24,Seattle,Collateral,1,3.4
2025-12-26,Seattle,Collateral,3,2.6
2025-12-27,Seattle,Collateral,4,3.0
2025-12-28,Seattle,Collateral,1,2.4
2025-12-29,Seattle,Collateral,7,3.0
2025-12-30,Seattle,Collateral,3,3.1
2025-12-31,Seattle,Collateral,1,2.9
2026-01-01,Seattle,Collateral,2,3.0
2026-01-02,Seattle,Collateral,4,3.1
2026-01-03,Seattle,Collateral,1,2.7
2026-01-04,Seattle,Collateral,6,3.4
2026-01-05,Seattle,Collateral,3,2.9
2026-01-06,Seattle,Collateral,1,2.6
2026-01-07,Seattle,Collateral,5,3.1
2026-01-08,Seattle,Collateral,7,3.9
2026-01-09,Seattle,Collateral,3,3.7
2026-01-10,Seattle,Collateral,1,3.7
2026-01-11,Seattle,Collateral,1,3.0
2026-01-12,Seattle,Collateral,4,3.1
2026-01-13,Seattle,Collateral,3,3.4
2026-01-14,Seattle,Collateral,3,3.1
2026-01-15,Seattle,Collateral,6,3.0
2026-01-16,Seattle,Collateral,4,3.1
2026-01-18,Seattle,Collateral,2,3.3
2026-01-19,Seattle,Collateral,1,3.3
2026-01-20,Seattle,Collateral,1,2.9
2026-01-21,Seattle,Collateral,2,2.7
2026-01-23,Seattle,Collateral,1,2.4
2026-01-27,Seattle,Collateral,2,1.9
2026-01-29,Seattle,Collateral,1,1.4
2026-01-30,Seattle,Collateral,1,1.3
2026-02-01,Seattle,Collateral,1,1.3
2026-02-02,Seattle,Collateral,1,1.3
2026-02-16,Seattle,Collateral,1,1.1
2026-02-25,Seattle,Collateral,1,1.1
2026-03-03,Seattle,Collateral,2,1.1
2026-03-05,Seattle,Collateral,1,1.1
2026-03-10,Seattle,Collateral,3,1.4
2025-08-08,Seattle,Targeted,11,11.0
2025-08-09,Seattle,Targeted,3,7.0
2025-08-10,Seattle,Targeted,1,5.0
2025-08-11,Seattle,Targeted,26,10.2
2025-08-12,Seattle,Targeted,20,12.2
2025-08-13,Seattle,Targeted,16,12.8
2025-08-14,Seattle,Targeted,11,12.6
2025-08-15,Seattle,Targeted,16,13.3
2025-08-16,Seattle,Targeted,10,14.3
2025-08-17,Seattle,Targeted,4,14.7
2025-08-18,Seattle,Targeted,11,12.6
2025-08-19,Seattle,Targeted,7,10.7
2025-08-20,Seattle,Targeted,19,11.1
2025-08-21,Seattle,Targeted,23,12.9
2025-08-22,Seattle,Targeted,9,11.9
2025-08-23,Seattle,Targeted,7,11.4
2025-08-24,Seattle,Targeted,4,11.4
2025-08-25,Seattle,Targeted,13,11.7
2025-08-26,Seattle,Targeted,20,13.6
2025-08-27,Seattle,Targeted,5,11.6
2025-08-28,Seattle,Targeted,9,9.6
2025-08-29,Seattle,Targeted,9,9.6
2025-08-31,Seattle,Targeted,1,8.7
2025-09-01,Seattle,Targeted,10,9.6
2025-09-02,Seattle,Targeted,24,11.1
2025-09-03,Seattle,Targeted,16,10.6
2025-09-04,Seattle,Targeted,15,12.0
2025-09-05,Seattle,Targeted,14,12.7
2025-09-06,Seattle,Targeted,7,12.4
2025-09-08,Seattle,Targeted,15,14.4
2025-09-09,Seattle,Targeted,22,16.1
2025-09-10,Seattle,Targeted,22,15.9
2025-09-11,Seattle,Targeted,10,15.0
2025-09-12,Seattle,Targeted,14,14.9
2025-09-13,Seattle,Targeted,7,13.9
2025-09-15,Seattle,Targeted,12,14.6
2025-09-16,Seattle,Targeted,21,15.4
2025-09-17,Seattle,Targeted,21,15.3
2025-09-18,Seattle,Targeted,22,15.3
2025-09-19,Seattle,Targeted,21,16.9
2025-09-20,Seattle,Targeted,7,15.9
2025-09-21,Seattle,Targeted,4,15.4
2025-09-22,Seattle,Targeted,9,15.0
2025-09-23,Seattle,Targeted,24,15.4
2025-09-24,Seattle,Targeted,12,14.1
2025-09-25,Seattle,Targeted,10,12.4
2025-09-26,Seattle,Targeted,8,10.6
2025-09-27,Seattle,Targeted,4,10.1
2025-09-28,Seattle,Targeted,7,10.6
2025-09-29,Seattle,Targeted,22,12.4
2025-09-30,Seattle,Targeted,27,12.9
2025-10-01,Seattle,Targeted,18,13.7
2025-10-02,Seattle,Targeted,15,14.4
2025-10-03,Seattle,Targeted,18,15.9
2025-10-04,Seattle,Targeted,2,15.6
2025-10-05,Seattle,Targeted,3,15.0
2025-10-06,Seattle,Targeted,20,14.7
2025-10-07,Seattle,Targeted,20,13.7
2025-10-08,Seattle,Targeted,19,13.9
2025-10-09,Seattle,Targeted,18,14.3
2025-10-10,Seattle,Targeted,31,16.1
2025-10-11,Seattle,Targeted,3,16.3
2025-10-12,Seattle,Targeted,5,16.6
2025-10-13,Seattle,Targeted,18,16.3
2025-10-14,Seattle,Targeted,23,16.7
2025-10-15,Seattle,Targeted,36,19.1
2025-10-16,Seattle,Targeted,25,20.1
2025-10-17,Seattle,Targeted,37,21.0
2025-10-18,Seattle,Targeted,4,21.1
2025-10-19,Seattle,Targeted,9,21.7
2025-10-20,Seattle,Targeted,30,23.4
2025-10-21,Seattle,Targeted,30,24.4
2025-10-22,Seattle,Targeted,35,24.3
2025-10-23,Seattle,Targeted,27,24.6
2025-10-24,Seattle,Targeted,35,24.3
2025-10-25,Seattle,Targeted,18,26.3
2025-10-26,Seattle,Targeted,20,27.9
2025-10-27,Seattle,Targeted,33,28.3
2025-10-28,Seattle,Targeted,44,30.3
2025-10-29,Seattle,Targeted,34,30.1
2025-10-30,Seattle,Targeted,32,30.9
2025-10-31,Seattle,Targeted,31,30.3
2025-11-01,Seattle,Targeted,21,30.7
2025-11-02,Seattle,Targeted,12,29.6
2025-11-03,Seattle,Targeted,32,29.4
2025-11-04,Seattle,Targeted,36,28.3
2025-11-05,Seattle,Targeted,20,26.3
2025-11-06,Seattle,Targeted,17,24.1
2025-11-07,Seattle,Targeted,31,24.1
2025-11-08,Seattle,Targeted,10,22.6
2025-11-09,Seattle,Targeted,9,22.1
2025-11-10,Seattle,Targeted,28,21.6
2025-11-11,Seattle,Targeted,21,19.4
2025-11-12,Seattle,Targeted,22,19.7
2025-11-13,Seattle,Targeted,17,19.7
2025-11-14,Seattle,Targeted,17,17.7
2025-11-15,Seattle,Targeted,16,18.6
2025-11-16,Seattle,Targeted,26,21.0
2025-11-17,Seattle,Targeted,44,23.3
2025-11-18,Seattle,Targeted,41,26.1
2025-11-19,Seattle,Targeted,26,26.7
2025-11-20,Seattle,Targeted,35,29.3
2025-11-21,Seattle,Targeted,29,31.0
2025-11-22,Seattle,Targeted,20,31.6
2025-11-23,Seattle,Targeted,14,29.9
2025-11-24,Seattle,Targeted,40,29.3
2025-11-25,Seattle,Targeted,26,27.1
2025-11-26,Seattle,Targeted,18,26.0
2025-11-27,Seattle,Targeted,14,23.0
2025-11-28,Seattle,Targeted,19,21.6
2025-11-29,Seattle,Targeted,21,21.7
2025-11-30,Seattle,Targeted,16,22.0
2025-12-01,Seattle,Targeted,44,22.6
2025-12-02,Seattle,Targeted,46,25.4
2025-12-03,Seattle,Targeted,40,28.6
2025-12-04,Seattle,Targeted,34,31.4
2025-12-05,Seattle,Targeted,25,32.3
2025-12-06,Seattle,Targeted,26,33.0
2025-12-07,Seattle,Targeted,13,32.6
2025-12-08,Seattle,Targeted,28,30.3
2025-12-09,Seattle,Targeted,40,29.4
2025-12-10,Seattle,Targeted,43,29.9
2025-12-11,Seattle,Targeted,34,29.9
2025-12-12,Seattle,Targeted,25,29.9
2025-12-13,Seattle,Targeted,7,27.1
2025-12-15,Seattle,Targeted,20,28.1
2025-12-16,Seattle,Targeted,33,28.9
2025-12-17,Seattle,Targeted,22,26.3
2025-12-18,Seattle,Targeted,37,25.4
2025-12-19,Seattle,Targeted,33,25.3
2025-12-20,Seattle,Targeted,9,23.0
2025-12-21,Seattle,Targeted,16,24.3
2025-12-22,Seattle,Targeted,25,25.0
2025-12-23,Seattle,Targeted,40,26.0
2025-12-24,Seattle,Targeted,12,24.6
2025-12-25,Seattle,Targeted,11,20.9
2025-12-26,Seattle,Targeted,12,17.9
2025-12-27,Seattle,Targeted,10,18.0
2025-12-28,Seattle,Targeted,7,16.7
2025-12-29,Seattle,Targeted,35,18.1
2025-12-30,Seattle,Targeted,19,15.1
2025-12-31,Seattle,Targeted,12,15.1
2026-01-01,Seattle,Targeted,5,14.3
2026-01-02,Seattle,Targeted,20,15.4
2026-01-03,Seattle,Targeted,6,14.9
2026-01-04,Seattle,Targeted,10,15.3
2026-01-05,Seattle,Targeted,35,15.3
2026-01-06,Seattle,Targeted,24,16.0
2026-01-07,Seattle,Targeted,22,17.4
2026-01-08,Seattle,Targeted,21,19.7
2026-01-09,Seattle,Targeted,9,18.1
2026-01-10,Seattle,Targeted,8,18.4
2026-01-11,Seattle,Targeted,5,17.7
2026-01-12,Seattle,Targeted,30,17.0
2026-01-13,Seattle,Targeted,19,16.3
2026-01-14,Seattle,Targeted,29,17.3
2026-01-15,Seattle,Targeted,22,17.4
2026-01-16,Seattle,Targeted,19,18.9
2026-01-17,Seattle,Targeted,5,18.4
2026-01-18,Seattle,Targeted,8,18.9
2026-01-19,Seattle,Targeted,8,15.7
2026-01-20,Seattle,Targeted,34,17.9
2026-01-21,Seattle,Targeted,19,16.4
2026-01-22,Seattle,Targeted,12,15.0
2026-01-23,Seattle,Targeted,14,14.3
2026-01-24,Seattle,Targeted,11,15.1
2026-01-25,Seattle,Targeted,1,14.1
2026-01-26,Seattle,Targeted,8,14.1
2026-01-27,Seattle,Targeted,22,12.4
2026-01-28,Seattle,Targeted,13,11.6
2026-01-29,Seattle,Targeted,13,11.7
2026-01-30,Seattle,Targeted,23,13.0
2026-01-31,Seattle,Targeted,8,12.6
2026-02-01,Seattle,Targeted,2,12.7
2026-02-02,Seattle,Targeted,16,13.9
2026-02-03,Seattle,Targeted,9,12.0
2026-02-04,Seattle,Targeted,4,10.7
2026-02-05,Seattle,Targeted,23,12.1
2026-02-06,Seattle,Targeted,12,10.6
2026-02-07,Seattle,Targeted,1,9.6
2026-02-08,Seattle,Targeted,3,9.7
2026-02-09,Seattle,Targeted,9,8.7
2026-02-10,Seattle,Targeted,13,9.3
2026-02-11,Seattle,Targeted,15,10.9
2026-02-12,Seattle,Targeted,13,9.4
2026-02-13,Seattle,Targeted,9,9.0
2026-02-14,Seattle,Targeted,2,9.1
2026-02-15,Seattle,Targeted,1,8.9
2026-02-16,Seattle,Targeted,15,9.7
2026-02-17,Seattle,Targeted,16,10.1
2026-02-18,Seattle,Targeted,10,9.4
2026-02-19,Seattle,Targeted,9,8.9
2026-02-20,Seattle,Targeted,15,9.7
2026-02-21,Seattle,Targeted,1,9.6
2026-02-22,Seattle,Targeted,1,9.6
2026-02-23,Seattle,Targeted,12,9.1
2026-02-24,Seattle,Targeted,16,9.1
2026-02-25,Seattle,Targeted,18,10.3
2026-02-26,Seattle,Targeted,10,10.4
2026-02-27,Seattle,Targeted,11,9.9
2026-02-28,Seattle,Targeted,2,10.0
2026-03-02,Seattle,Targeted,9,11.1
2026-03-03,Seattle,Targeted,14,11.4
2026-03-04,Seattle,Targeted,15,11.3
2026-03-05,Seattle,Targeted,16,11.0
2026-03-06,Seattle,Targeted,11,11.1
2026-03-09,Seattle,Targeted,12,11.3
2026-03-10,Seattle,Targeted,15,13.1
2025-09-25,Seattle,Unknown,2,2.0
2025-11-04,Seattle,Unknown,1,1.5
2025-11-20,Seattle,Unknown,1,1.3
2025-11-30,Seattle,Unknown,1,1.2
2025-12-04,Seattle,Unknown,1,1.2
2025-12-18,Seattle,Unknown,1,1.2
2026-01-11,Seattle,Unknown,1,1.1
2026-01-12,Seattle,Unknown,1,1.0
2026-01-17,Seattle,Unknown,1,1.0
2026-01-26,Seattle,Unknown,1,1.0
2026-02-15,Seattle,Unknown,1,1.0
2025-08-08,St. Paul,Collateral,4,4.0
2025-08-09,St. Paul,Collateral,3,3.5
2025-08-11,St. Paul,Collateral,2,3.0
2025-08-12,St. Paul,Collateral,8,4.2
2025-08-13,St. Paul,Collateral,1,3.6
2025-08-14,St. Paul,Collateral,3,3.5
2025-08-15,St. Paul,Collateral,3,3.4
2025-08-16,St. Paul,Collateral,1,3.0
2025-08-17,St. Paul,Collateral,1,2.7
2025-08-18,St. Paul,Collateral,3,2.9
2025-08-19,St. Paul,Collateral,2,2.0
2025-08-21,St. Paul,Collateral,2,2.1
2025-08-25,St. Paul,Collateral,4,2.3
2025-08-26,St. Paul,Collateral,2,2.1
2025-08-27,St. Paul,Collateral,4,2.6
2025-08-28,St. Paul,Collateral,2,2.7
2025-08-29,St. Paul,Collateral,3,2.7
2025-08-31,St. Paul,Collateral,1,2.6
2025-09-01,St. Paul,Collateral,1,2.4
2025-09-02,St. Paul,Collateral,5,2.6
2025-09-03,St. Paul,Collateral,9,3.6
2025-09-04,St. Paul,Collateral,14,5.0
2025-09-05,St. Paul,Collateral,2,5.0
2025-09-06,St. Paul,Collateral,1,4.7
2025-09-08,St. Paul,Collateral,4,5.1
2025-09-09,St. Paul,Collateral,2,5.3
2025-09-11,St. Paul,Collateral,3,5.0
2025-09-12,St. Paul,Collateral,1,3.9
2025-09-15,St. Paul,Collateral,6,2.7
2025-09-16,St. Paul,Collateral,2,2.7
2025-09-17,St. Paul,Collateral,2,2.9
2025-09-18,St. Paul,Collateral,3,2.7
2025-09-22,St. Paul,Collateral,4,3.0
2025-09-23,St. Paul,Collateral,7,3.6
2025-09-24,St. Paul,Collateral,1,3.6
2025-09-25,St. Paul,Collateral,1,2.9
2025-09-27,St. Paul,Collateral,3,3.0
2025-09-29,St. Paul,Collateral,10,4.1
2025-09-30,St. Paul,Collateral,4,4.3
2025-10-01,St. Paul,Collateral,5,4.4
2025-10-02,St. Paul,Collateral,8,4.6
2025-10-07,St. Paul,Collateral,5,5.1
2025-10-08,St. Paul,Collateral,3,5.4
2025-10-09,St. Paul,Collateral,11,6.6
2025-10-10,St. Paul,Collateral,2,5.4
2025-10-13,St. Paul,Collateral,3,5.3
2025-10-14,St. Paul,Collateral,3,5.0
2025-10-15,St. Paul,Collateral,3,4.3
2025-10-16,St. Paul,Collateral,6,4.4
2025-10-17,St. Paul,Collateral,1,4.1
2025-10-18,St. Paul,Collateral,3,3.0
2025-10-19,St. Paul,Collateral,6,3.6
2025-10-20,St. Paul,Collateral,1,3.3
2025-10-21,St. Paul,Collateral,1,3.0
2025-10-22,St. Paul,Collateral,3,3.0
2025-10-23,St. Paul,Collateral,3,2.6
2025-10-24,St. Paul,Collateral,2,2.7
2025-10-25,St. Paul,Collateral,1,2.4
2025-10-28,St. Paul,Collateral,1,1.7
2025-10-29,St. Paul,Collateral,5,2.3
2025-10-30,St. Paul,Collateral,3,2.6
2025-10-31,St. Paul,Collateral,1,2.3
2025-11-01,St. Paul,Collateral,1,2.0
2025-11-03,St. Paul,Collateral,7,2.7
2025-11-04,St. Paul,Collateral,4,3.1
2025-11-06,St. Paul,Collateral,3,3.4
2025-11-07,St. Paul,Collateral,1,2.9
2025-11-09,St. Paul,Collateral,1,2.6
2025-11-11,St. Paul,Collateral,2,2.7
2025-11-12,St. Paul,Collateral,2,2.9
2025-11-13,St. Paul,Collateral,2,2.1
2025-11-14,St. Paul,Collateral,2,1.9
2025-11-15,St. Paul,Collateral,3,1.9
2025-11-17,St. Paul,Collateral,3,2.1
2025-11-18,St. Paul,Collateral,12,3.7
2025-11-19,St. Paul,Collateral,2,3.7
2025-11-20,St. Paul,Collateral,1,3.6
2025-11-21,St. Paul,Collateral,1,3.4
2025-11-24,St. Paul,Collateral,1,3.3
2025-11-25,St. Paul,Collateral,2,3.1
2025-11-27,St. Paul,Collateral,1,2.9
2025-12-01,St. Paul,Collateral,3,1.6
2025-12-02,St. Paul,Collateral,11,2.9
2025-12-03,St. Paul,Collateral,16,5.0
2025-12-04,St. Paul,Collateral,33,9.6
2025-12-05,St. Paul,Collateral,40,15.1
2025-12-06,St. Paul,Collateral,24,18.3
2025-12-07,St. Paul,Collateral,22,21.3
2025-12-08,St. Paul,Collateral,6,21.7
2025-12-09,St. Paul,Collateral,7,21.1
2025-12-10,St. Paul,Collateral,18,21.4
2025-12-11,St. Paul,Collateral,25,20.3
2025-12-12,St. Paul,Collateral,35,19.6
2025-12-13,St. Paul,Collateral,25,19.7
2025-12-14,St. Paul,Collateral,20,19.4
2025-12-15,St. Paul,Collateral,17,21.0
2025-12-16,St. Paul,Collateral,4,20.6
2025-12-18,St. Paul,Collateral,2,18.3
2025-12-19,St. Paul,Collateral,7,15.7
2025-12-20,St. Paul,Collateral,4,11.3
2025-12-21,St. Paul,Collateral,4,8.3
2025-12-22,St. Paul,Collateral,8,6.6
2025-12-23,St. Paul,Collateral,9,5.4
2025-12-24,St. Paul,Collateral,7,5.9
2025-12-25,St. Paul,Collateral,1,5.7
2025-12-26,St. Paul,Collateral,6,5.6
2025-12-27,St. Paul,Collateral,9,6.3
2025-12-28,St. Paul,Collateral,2,6.0
2025-12-29,St. Paul,Collateral,6,5.7
2025-12-30,St. Paul,Collateral,4,5.0
2025-12-31,St. Paul,Collateral,2,4.3
2026-01-01,St. Paul,Collateral,9,5.4
2026-01-02,St. Paul,Collateral,4,5.1
2026-01-03,St. Paul,Collateral,10,5.3
2026-01-04,St. Paul,Collateral,2,5.3
2026-01-05,St. Paul,Collateral,34,9.3
2026-01-06,St. Paul,Collateral,39,14.3
2026-01-07,St. Paul,Collateral,49,21.0
2026-01-08,St. Paul,Collateral,62,28.6
2026-01-09,St. Paul,Collateral,38,33.4
2026-01-10,St. Paul,Collateral,36,37.1
2026-01-11,St. Paul,Collateral,49,43.9
2026-01-12,St. Paul,Collateral,23,42.3
2026-01-13,St. Paul,Collateral,47,43.4
2026-01-14,St. Paul,Collateral,36,41.6
2026-01-15,St. Paul,Collateral,21,35.7
2026-01-16,St. Paul,Collateral,13,32.1
2026-01-17,St. Paul,Collateral,14,29.0
2026-01-18,St. Paul,Collateral,4,22.6
2026-01-19,St. Paul,Collateral,10,20.7
2026-01-20,St. Paul,Collateral,10,15.4
2026-01-21,St. Paul,Collateral,7,11.3
2026-01-22,St. Paul,Collateral,19,11.0
2026-01-23,St. Paul,Collateral,12,10.9
2026-01-24,St. Paul,Collateral,9,10.1
2026-01-25,St. Paul,Collateral,8,10.7
2026-01-26,St. Paul,Collateral,13,11.1
2026-01-27,St. Paul,Collateral,18,12.3
2026-01-28,St. Paul,Collateral,7,12.3
2026-01-29,St. Paul,Collateral,10,11.0
2026-01-30,St. Paul,Collateral,6,10.1
2026-01-31,St. Paul,Collateral,12,10.6
2026-02-01,St. Paul,Collateral,6,10.3
2026-02-02,St. Paul,Collateral,6,9.3
2026-02-03,St. Paul,Collateral,13,8.6
2026-02-04,St. Paul,Collateral,9,8.9
2026-02-05,St. Paul,Collateral,12,9.1
2026-02-06,St. Paul,Collateral,8,9.4
2026-02-07,St. Paul,Collateral,12,9.4
2026-02-08,St. Paul,Collateral,21,11.6
2026-02-09,St. Paul,Collateral,10,12.1
2026-02-10,St. Paul,Collateral,32,14.9
2026-02-11,St. Paul,Collateral,11,15.1
2026-02-12,St. Paul,Collateral,12,15.1
2026-02-13,St. Paul,Collateral,7,15.0
2026-02-14,St. Paul,Collateral,1,13.4
2026-02-15,St. Paul,Collateral,1,10.6
2026-02-16,St. Paul,Collateral,5,9.9
2026-02-17,St. Paul,Collateral,6,6.1
2026-02-18,St. Paul,Collateral,2,4.9
2026-02-20,St. Paul,Collateral,1,3.3
2026-02-22,St. Paul,Collateral,1,2.4
2026-02-24,St. Paul,Collateral,3,2.7
2026-02-26,St. Paul,Collateral,6,3.4
2026-03-03,St. Paul,Collateral,7,3.7
2026-03-04,St. Paul,Collateral,4,3.4
2026-03-05,St. Paul,Collateral,3,3.6
2026-03-06,St. Paul,Collateral,1,3.6
2025-08-08,St. Paul,Targeted,22,22.0
2025-08-09,St. Paul,Targeted,6,14.0
2025-08-10,St. Paul,Targeted,3,10.3
2025-08-11,St. Paul,Targeted,23,13.5
2025-08-12,St. Paul,Targeted,12,13.2
2025-08-13,St. Paul,Targeted,21,14.5
2025-08-14,St. Paul,Targeted,20,15.3
2025-08-15,St. Paul,Targeted,13,14.0
2025-08-16,St. Paul,Targeted,9,14.4
2025-08-17,St. Paul,Targeted,4,14.6
2025-08-18,St. Paul,Targeted,16,13.6
2025-08-19,St. Paul,Targeted,24,15.3
2025-08-20,St. Paul,Targeted,16,14.6
2025-08-21,St. Paul,Targeted,17,14.1
2025-08-22,St. Paul,Targeted,25,15.9
2025-08-23,St. Paul,Targeted,3,15.0
2025-08-24,St. Paul,Targeted,7,15.4
2025-08-25,St. Paul,Targeted,26,16.9
2025-08-26,St. Paul,Targeted,29,17.6
2025-08-27,St. Paul,Targeted,27,19.1
2025-08-28,St. Paul,Targeted,18,19.3
2025-08-29,St. Paul,Targeted,23,19.0
2025-08-30,St. Paul,Targeted,10,20.0
2025-08-31,St. Paul,Targeted,1,19.1
2025-09-01,St. Paul,Targeted,11,17.0
2025-09-02,St. Paul,Targeted,26,16.6
2025-09-03,St. Paul,Targeted,25,16.3
2025-09-04,St. Paul,Targeted,35,18.7
2025-09-05,St. Paul,Targeted,18,18.0
2025-09-06,St. Paul,Targeted,9,17.9
2025-09-07,St. Paul,Targeted,9,19.0
2025-09-08,St. Paul,Targeted,31,21.9
2025-09-09,St. Paul,Targeted,33,22.9
2025-09-10,St. Paul,Targeted,28,23.3
2025-09-11,St. Paul,Targeted,27,22.1
2025-09-12,St. Paul,Targeted,14,21.6
2025-09-13,St. Paul,Targeted,7,21.3
2025-09-14,St. Paul,Targeted,9,21.3
2025-09-15,St. Paul,Targeted,17,19.3
2025-09-16,St. Paul,Targeted,14,16.6
2025-09-17,St. Paul,Targeted,29,16.7
2025-09-18,St. Paul,Targeted,26,16.6
2025-09-19,St. Paul,Targeted,20,17.4
2025-09-20,St. Paul,Targeted,6,17.3
2025-09-21,St. Paul,Targeted,5,16.7
2025-09-22,St. Paul,Targeted,22,17.4
2025-09-23,St. Paul,Targeted,31,19.9
2025-09-24,St. Paul,Targeted,19,18.4
2025-09-25,St. Paul,Targeted,23,18.0
2025-09-26,St. Paul,Targeted,20,18.0
2025-09-27,St. Paul,Targeted,5,17.9
2025-09-28,St. Paul,Targeted,5,17.9
2025-09-29,St. Paul,Targeted,29,18.9
2025-09-30,St. Paul,Targeted,16,16.7
2025-10-01,St. Paul,Targeted,32,18.6
2025-10-02,St. Paul,Targeted,24,18.7
2025-10-03,St. Paul,Targeted,21,18.9
2025-10-04,St. Paul,Targeted,5,18.9
2025-10-05,St. Paul,Targeted,7,19.1
2025-10-06,St. Paul,Targeted,19,17.7
2025-10-07,St. Paul,Targeted,32,20.0
2025-10-08,St. Paul,Targeted,28,19.4
2025-10-09,St. Paul,Targeted,19,18.7
2025-10-10,St. Paul,Targeted,11,17.3
2025-10-11,St. Paul,Targeted,1,16.7
2025-10-12,St. Paul,Targeted,3,16.1
2025-10-13,St. Paul,Targeted,17,15.9
2025-10-14,St. Paul,Targeted,12,13.0
2025-10-15,St. Paul,Targeted,32,13.6
2025-10-16,St. Paul,Targeted,16,13.1
2025-10-17,St. Paul,Targeted,19,14.3
2025-10-18,St. Paul,Targeted,12,15.9
2025-10-19,St. Paul,Targeted,9,16.7
2025-10-20,St. Paul,Targeted,32,18.9
2025-10-21,St. Paul,Targeted,29,21.3
2025-10-22,St. Paul,Targeted,15,18.9
2025-10-23,St. Paul,Targeted,15,18.7
2025-10-24,St. Paul,Targeted,15,18.1
2025-10-25,St. Paul,Targeted,12,18.1
2025-10-26,St. Paul,Targeted,4,17.4
2025-10-27,St. Paul,Targeted,29,17.0
2025-10-28,St. Paul,Targeted,14,14.9
2025-10-29,St. Paul,Targeted,23,16.0
2025-10-30,St. Paul,Targeted,25,17.4
2025-10-31,St. Paul,Targeted,21,18.3
2025-11-01,St. Paul,Targeted,6,17.4
2025-11-02,St. Paul,Targeted,7,17.9
2025-11-03,St. Paul,Targeted,27,17.6
2025-11-04,St. Paul,Targeted,30,19.9
2025-11-05,St. Paul,Targeted,28,20.6
2025-11-06,St. Paul,Targeted,28,21.0
2025-11-07,St. Paul,Targeted,18,20.6
2025-11-08,St. Paul,Targeted,4,20.3
2025-11-09,St. Paul,Targeted,3,19.7
2025-11-10,St. Paul,Targeted,21,18.9
2025-11-11,St. Paul,Targeted,18,17.1
2025-11-12,St. Paul,Targeted,20,16.0
2025-11-13,St. Paul,Targeted,18,14.6
2025-11-14,St. Paul,Targeted,24,15.4
2025-11-15,St. Paul,Targeted,9,16.1
2025-11-16,St. Paul,Targeted,8,16.9
2025-11-17,St. Paul,Targeted,29,18.0
2025-11-18,St. Paul,Targeted,26,19.1
2025-11-19,St. Paul,Targeted,40,22.0
2025-11-20,St. Paul,Targeted,29,23.6
2025-11-21,St. Paul,Targeted,19,22.9
2025-11-22,St. Paul,Targeted,9,22.9
2025-11-23,St. Paul,Targeted,6,22.6
2025-11-24,St. Paul,Targeted,28,22.4
2025-11-25,St. Paul,Targeted,28,22.7
2025-11-26,St. Paul,Targeted,15,19.1
2025-11-27,St. Paul,Targeted,7,16.0
2025-11-28,St. Paul,Targeted,12,15.0
2025-11-29,St. Paul,Targeted,2,14.0
2025-11-30,St. Paul,Targeted,5,13.9
2025-12-01,St. Paul,Targeted,29,14.0
2025-12-02,St. Paul,Targeted,38,15.4
2025-12-03,St. Paul,Targeted,48,20.1
2025-12-04,St. Paul,Targeted,47,25.9
2025-12-05,St. Paul,Targeted,38,29.6
2025-12-06,St. Paul,Targeted,21,32.3
2025-12-07,St. Paul,Targeted,16,33.9
2025-12-08,St. Paul,Targeted,23,33.0
2025-12-09,St. Paul,Targeted,22,30.7
2025-12-10,St. Paul,Targeted,27,27.7
2025-12-11,St. Paul,Targeted,39,26.6
2025-12-12,St. Paul,Targeted,38,26.6
2025-12-13,St. Paul,Targeted,20,26.4
2025-12-14,St. Paul,Targeted,23,27.4
2025-12-15,St. Paul,Targeted,38,29.6
2025-12-16,St. Paul,Targeted,25,30.0
2025-12-17,St. Paul,Targeted,19,28.9
2025-12-18,St. Paul,Targeted,22,26.4
2025-12-19,St. Paul,Targeted,29,25.1
2025-12-20,St. Paul,Targeted,17,24.7
2025-12-21,St. Paul,Targeted,12,23.1
2025-12-22,St. Paul,Targeted,32,22.3
2025-12-23,St. Paul,Targeted,64,27.9
2025-12-24,St. Paul,Targeted,23,28.4
2025-12-25,St. Paul,Targeted,2,25.6
2025-12-26,St. Paul,Targeted,32,26.0
2025-12-27,St. Paul,Targeted,24,27.0
2025-12-28,St. Paul,Targeted,11,26.9
2025-12-29,St. Paul,Targeted,16,24.6
2025-12-30,St. Paul,Targeted,40,21.1
2025-12-31,St. Paul,Targeted,39,23.4
2026-01-01,St. Paul,Targeted,30,27.4
2026-01-02,St. Paul,Targeted,41,28.7
2026-01-03,St. Paul,Targeted,27,29.1
2026-01-04,St. Paul,Targeted,18,30.1
2026-01-05,St. Paul,Targeted,60,36.4
2026-01-06,St. Paul,Targeted,66,40.1
2026-01-07,St. Paul,Targeted,72,44.9
2026-01-08,St. Paul,Targeted,78,51.7
2026-01-09,St. Paul,Targeted,105,60.9
2026-01-10,St. Paul,Targeted,80,68.4
2026-01-11,St. Paul,Targeted,64,75.0
2026-01-12,St. Paul,Targeted,77,77.4
2026-01-13,St. Paul,Targeted,92,81.1
2026-01-14,St. Paul,Targeted,82,82.6
2026-01-15,St. Paul,Targeted,84,83.4
2026-01-16,St. Paul,Targeted,68,78.1
2026-01-17,St. Paul,Targeted,33,71.4
2026-01-18,St. Paul,Targeted,19,65.0
2026-01-19,St. Paul,Targeted,38,59.4
2026-01-20,St. Paul,Targeted,56,54.3
2026-01-21,St. Paul,Targeted,58,50.9
2026-01-22,St. Paul,Targeted,65,48.1
2026-01-23,St. Paul,Targeted,62,47.3
2026-01-24,St. Paul,Targeted,25,46.1
2026-01-25,St. Paul,Targeted,24,46.9
2026-01-26,St. Paul,Targeted,64,50.6
2026-01-27,St. Paul,Targeted,49,49.6
2026-01-28,St. Paul,Targeted,38,46.7
2026-01-29,St. Paul,Targeted,45,43.9
2026-01-30,St. Paul,Targeted,37,40.3
2026-01-31,St. Paul,Targeted,21,39.7
2026-02-01,St. Paul,Targeted,19,39.0
2026-02-02,St. Paul,Targeted,60,38.4
2026-02-03,St. Paul,Targeted,45,37.9
2026-02-04,St. Paul,Targeted,45,38.9
2026-02-05,St. Paul,Targeted,49,39.4
2026-02-06,St. Paul,Targeted,35,39.1
2026-02-07,St. Paul,Targeted,24,39.6
2026-02-08,St. Paul,Targeted,27,40.7
2026-02-09,St. Paul,Targeted,47,38.9
2026-02-10,St. Paul,Targeted,32,37.0
2026-02-11,St. Paul,Targeted,31,35.0
2026-02-12,St. Paul,Targeted,36,33.1
2026-02-13,St. Paul,Targeted,21,31.1
2026-02-14,St. Paul,Targeted,10,29.1
2026-02-15,St. Paul,Targeted,12,27.0
2026-02-16,St. Paul,Targeted,15,22.4
2026-02-17,St. Paul,Targeted,25,21.4
2026-02-18,St. Paul,Targeted,26,20.7
2026-02-19,St. Paul,Targeted,31,20.0
2026-02-20,St. Paul,Targeted,16,19.3
2026-02-21,St. Paul,Targeted,7,18.9
2026-02-22,St. Paul,Targeted,6,18.0
2026-02-23,St. Paul,Targeted,16,18.1
2026-02-24,St. Paul,Targeted,26,18.3
2026-02-25,St. Paul,Targeted,26,18.3
2026-02-26,St. Paul,Targeted,20,16.7
2026-02-27,St. Paul,Targeted,25,18.0
2026-02-28,St. Paul,Targeted,11,18.6
2026-03-01,St. Paul,Targeted,4,18.3
2026-03-02,St. Paul,Targeted,19,18.7
2026-03-03,St. Paul,Targeted,22,18.1
2026-03-04,St. Paul,Targeted,26,18.1
2026-03-05,St. Paul,Targeted,24,18.7
2026-03-06,St. Paul,Targeted,22,18.3
2026-03-07,St. Paul,Targeted,11,18.3
2026-03-08,St. Paul,Targeted,10,19.1
2026-03-09,St. Paul,Targeted,20,19.3
2026-03-10,St. Paul,Targeted,18,18.7
2025-09-19,St. Paul,Unknown,1,1.0
2026-02-12,St. Paul,Unknown,1,1.0
2025-08-08,Washington,Collateral,5,5.0
2025-08-09,Washington,Collateral,1,3.0
2025-08-11,Washington,Collateral,3,3.0
2025-08-12,Washington,Collateral,5,3.5
2025-08-13,Washington,Collateral,9,4.6
2025-08-14,Washington,Collateral,8,5.2
2025-08-15,Washington,Collateral,11,6.0
2025-08-16,Washington,Collateral,12,7.0
2025-08-17,Washington,Collateral,22,10.0
2025-08-18,Washington,Collateral,18,12.1
2025-08-19,Washington,Collateral,13,13.3
2025-08-20,Washington,Collateral,14,14.0
2025-08-21,Washington,Collateral,13,14.7
2025-08-22,Washington,Collateral,24,16.6
2025-08-23,Washington,Collateral,33,19.6
2025-08-24,Washington,Collateral,13,18.3
2025-08-25,Washington,Collateral,26,19.4
2025-08-26,Washington,Collateral,36,22.7
2025-08-27,Washington,Collateral,26,24.4
2025-08-28,Washington,Collateral,29,26.7
2025-08-29,Washington,Collateral,23,26.6
2025-08-30,Washington,Collateral,23,25.1
2025-08-31,Washington,Collateral,16,25.6
2025-09-01,Washington,Collateral,19,24.6
2025-09-02,Washington,Collateral,24,22.9
2025-09-03,Washington,Collateral,18,21.7
2025-09-04,Washington,Collateral,16,19.9
2025-09-05,Washington,Collateral,24,20.0
2025-09-06,Washington,Collateral,10,18.1
2025-09-07,Washington,Collateral,24,19.3
2025-09-08,Washington,Collateral,25,20.1
2025-09-09,Washington,Collateral,22,19.9
2025-09-10,Washington,Collateral,20,20.1
2025-09-11,Washington,Collateral,24,21.3
2025-09-12,Washington,Collateral,32,22.4
2025-09-13,Washington,Collateral,25,24.6
2025-09-14,Washington,Collateral,13,23.0
2025-09-15,Washington,Collateral,24,22.9
2025-09-16,Washington,Collateral,17,22.1
2025-09-17,Washington,Collateral,13,21.1
2025-09-18,Washington,Collateral,25,21.3
2025-09-19,Washington,Collateral,16,19.0
2025-09-20,Washington,Collateral,8,16.6
2025-09-21,Washington,Collateral,14,16.7
2025-09-22,Washington,Collateral,12,15.0
2025-09-23,Washington,Collateral,11,14.1
2025-09-24,Washington,Collateral,19,15.0
2025-09-25,Washington,Collateral,3,11.9
2025-09-26,Washington,Collateral,11,11.1
2025-09-27,Washington,Collateral,10,11.4
2025-09-28,Washington,Collateral,7,10.4
2025-09-29,Washington,Collateral,24,12.1
2025-09-30,Washington,Collateral,14,12.6
2025-10-01,Washington,Collateral,20,12.7
2025-10-02,Washington,Collateral,21,15.3
2025-10-03,Washington,Collateral,10,15.1
2025-10-04,Washington,Collateral,9,15.0
2025-10-05,Washington,Collateral,4,14.6
2025-10-06,Washington,Collateral,19,13.9
2025-10-07,Washington,Collateral,20,14.7
2025-10-08,Washington,Collateral,11,13.4
2025-10-09,Washington,Collateral,13,12.3
2025-10-10,Washington,Collateral,17,13.3
2025-10-11,Washington,Collateral,13,13.9
2025-10-12,Washington,Collateral,7,14.3
2025-10-13,Washington,Collateral,8,12.7
2025-10-14,Washington,Collateral,12,11.6
2025-10-15,Washington,Collateral,26,13.7
2025-10-16,Washington,Collateral,16,14.1
2025-10-17,Washington,Collateral,11,13.3
2025-10-18,Washington,Collateral,2,11.7
2025-10-19,Washington,Collateral,6,11.6
2025-10-20,Washington,Collateral,9,11.7
2025-10-21,Washington,Collateral,11,11.6
2025-10-22,Washington,Collateral,18,10.4
2025-10-23,Washington,Collateral,19,10.9
2025-10-24,Washington,Collateral,14,11.3
2025-10-25,Washington,Collateral,8,12.1
2025-10-26,Washington,Collateral,2,11.6
2025-10-27,Washington,Collateral,11,11.9
2025-10-28,Washington,Collateral,17,12.7
2025-10-29,Washington,Collateral,16,12.4
2025-10-30,Washington,Collateral,13,11.6
2025-10-31,Washington,Collateral,4,10.1
2025-11-01,Washington,Collateral,2,9.3
2025-11-02,Washington,Collateral,1,9.1
2025-11-03,Washington,Collateral,2,7.9
2025-11-04,Washington,Collateral,16,7.7
2025-11-05,Washington,Collateral,20,8.3
2025-11-06,Washington,Collateral,22,9.6
2025-11-07,Washington,Collateral,12,10.7
2025-11-08,Washington,Collateral,5,11.1
2025-11-09,Washington,Collateral,10,12.4
2025-11-10,Washington,Collateral,11,13.7
2025-11-11,Washington,Collateral,13,13.3
2025-11-12,Washington,Collateral,14,12.4
2025-11-13,Washington,Collateral,11,10.9
2025-11-14,Washington,Collateral,16,11.4
2025-11-15,Washington,Collateral,2,11.0
2025-11-16,Washington,Collateral,6,10.4
2025-11-17,Washington,Collateral,9,10.1
2025-11-18,Washington,Collateral,14,10.3
2025-11-19,Washington,Collateral,20,11.1
2025-11-20,Washington,Collateral,16,11.9
2025-11-21,Washington,Collateral,6,10.4
2025-11-22,Washington,Collateral,5,10.9
2025-11-23,Washington,Collateral,2,10.3
2025-11-24,Washington,Collateral,3,9.4
2025-11-25,Washington,Collateral,18,10.0
2025-11-26,Washington,Collateral,11,8.7
2025-11-27,Washington,Collateral,3,6.9
2025-11-28,Washington,Collateral,4,6.6
2025-11-29,Washington,Collateral,5,6.6
2025-11-30,Washington,Collateral,2,6.6
2025-12-01,Washington,Collateral,8,7.3
2025-12-02,Washington,Collateral,7,5.7
2025-12-03,Washington,Collateral,10,5.6
2025-12-04,Washington,Collateral,10,6.6
2025-12-05,Washington,Collateral,7,7.0
2025-12-06,Washington,Collateral,3,6.7
2025-12-07,Washington,Collateral,7,7.4
2025-12-08,Washington,Collateral,5,7.0
2025-12-09,Washington,Collateral,2,6.3
2025-12-10,Washington,Collateral,7,5.9
2025-12-11,Washington,Collateral,6,5.3
2025-12-12,Washington,Collateral,5,5.0
2025-12-13,Washington,Collateral,4,5.1
2025-12-14,Washington,Collateral,3,4.6
2025-12-15,Washington,Collateral,8,5.0
2025-12-16,Washington,Collateral,9,6.0
2025-12-17,Washington,Collateral,14,7.0
2025-12-18,Washington,Collateral,8,7.3
2025-12-19,Washington,Collateral,7,7.6
2025-12-20,Washington,Collateral,3,7.4
2025-12-21,Washington,Collateral,1,7.1
2025-12-22,Washington,Collateral,6,6.9
2025-12-23,Washington,Collateral,8,6.7
2025-12-24,Washington,Collateral,9,6.0
2025-12-25,Washington,Collateral,1,5.0
2025-12-26,Washington,Collateral,3,4.4
2025-12-27,Washington,Collateral,3,4.4
2025-12-28,Washington,Collateral,1,4.4
2025-12-30,Washington,Collateral,3,4.0
2025-12-31,Washington,Collateral,6,3.7
2026-01-01,Washington,Collateral,3,2.9
2026-01-02,Washington,Collateral,4,3.3
2026-01-03,Washington,Collateral,3,3.3
2026-01-04,Washington,Collateral,2,3.1
2026-01-05,Washington,Collateral,7,4.0
2026-01-06,Washington,Collateral,8,4.7
2026-01-07,Washington,Collateral,11,5.4
2026-01-08,Washington,Collateral,8,6.1
2026-01-09,Washington,Collateral,6,6.4
2026-01-10,Washington,Collateral,2,6.3
2026-01-11,Washington,Collateral,2,6.3
2026-01-12,Washington,Collateral,4,5.9
2026-01-13,Washington,Collateral,5,5.4
2026-01-14,Washington,Collateral,8,5.0
2026-01-15,Washington,Collateral,19,6.6
2026-01-16,Washington,Collateral,6,6.6
2026-01-17,Washington,Collateral,7,7.3
2026-01-18,Washington,Collateral,5,7.7
2026-01-19,Washington,Collateral,4,7.7
2026-01-20,Washington,Collateral,5,7.7
2026-01-21,Washington,Collateral,2,6.9
2026-01-22,Washington,Collateral,5,4.9
2026-01-23,Washington,Collateral,10,5.4
2026-01-24,Washington,Collateral,2,4.7
2026-01-28,Washington,Collateral,7,5.0
2026-01-29,Washington,Collateral,12,6.1
2026-01-30,Washington,Collateral,20,8.3
2026-01-31,Washington,Collateral,6,8.9
2026-02-02,Washington,Collateral,5,8.9
2026-02-03,Washington,Collateral,4,8.0
2026-02-04,Washington,Collateral,9,9.0
2026-02-05,Washington,Collateral,1,8.1
2026-02-06,Washington,Collateral,6,7.3
2026-02-07,Washington,Collateral,4,5.0
2026-02-09,Washington,Collateral,3,4.6
2026-02-10,Washington,Collateral,7,4.9
2026-02-11,Washington,Collateral,5,5.0
2026-02-12,Washington,Collateral,13,5.6
2026-02-13,Washington,Collateral,2,5.7
2026-02-14,Washington,Collateral,5,5.6
2026-02-16,Washington,Collateral,9,6.3
2026-02-17,Washington,Collateral,14,7.9
2026-02-18,Washington,Collateral,7,7.9
2026-02-19,Washington,Collateral,6,8.0
2026-02-20,Washington,Collateral,3,6.6
2026-02-21,Washington,Collateral,4,6.9
2026-02-24,Washington,Collateral,1,6.3
2026-02-25,Washington,Collateral,4,5.6
2026-02-26,Washington,Collateral,2,3.9
2026-02-27,Washington,Collateral,7,3.9
2026-02-28,Washington,Collateral,1,3.1
2026-03-04,Washington,Collateral,7,3.7
2026-03-05,Washington,Collateral,5,3.9
2026-03-06,Washington,Collateral,4,4.3
2026-03-07,Washington,Collateral,3,4.1
2026-03-08,Washington,Collateral,1,4.0
2026-03-09,Washington,Collateral,6,3.9
2025-08-08,Washington,Targeted,31,31.0
2025-08-09,Washington,Targeted,10,20.5
2025-08-10,Washington,Targeted,19,20.0
2025-08-11,Washington,Targeted,17,19.2
2025-08-12,Washington,Targeted,24,20.2
2025-08-13,Washington,Targeted,25,21.0
2025-08-14,Washington,Targeted,24,21.4
2025-08-15,Washington,Targeted,25,20.6
2025-08-16,Washington,Targeted,31,23.6
2025-08-17,Washington,Targeted,22,24.0
2025-08-18,Washington,Targeted,29,25.7
2025-08-19,Washington,Targeted,36,27.4
2025-08-20,Washington,Targeted,37,29.1
2025-08-21,Washington,Targeted,58,34.0
2025-08-22,Washington,Targeted,31,34.9
2025-08-23,Washington,Targeted,33,35.1
2025-08-24,Washington,Targeted,35,37.0
2025-08-25,Washington,Targeted,32,37.4
2025-08-26,Washington,Targeted,46,38.9
2025-08-27,Washington,Targeted,39,39.1
2025-08-28,Washington,Targeted,40,36.6
2025-08-29,Washington,Targeted,17,34.6
2025-08-30,Washington,Targeted,25,33.4
2025-08-31,Washington,Targeted,19,31.1
2025-09-01,Washington,Targeted,16,28.9
2025-09-02,Washington,Targeted,33,27.0
2025-09-03,Washington,Targeted,21,24.4
2025-09-04,Washington,Targeted,28,22.7
2025-09-05,Washington,Targeted,24,23.7
2025-09-06,Washington,Targeted,25,23.7
2025-09-07,Washington,Targeted,41,26.9
2025-09-08,Washington,Targeted,30,28.9
2025-09-09,Washington,Targeted,47,30.9
2025-09-10,Washington,Targeted,28,31.9
2025-09-11,Washington,Targeted,42,33.9
2025-09-12,Washington,Targeted,25,34.0
2025-09-13,Washington,Targeted,29,34.6
2025-09-14,Washington,Targeted,23,32.0
2025-09-15,Washington,Targeted,30,32.0
2025-09-16,Washington,Targeted,19,28.0
2025-09-17,Washington,Targeted,26,27.7
2025-09-18,Washington,Targeted,27,25.6
2025-09-19,Washington,Targeted,27,25.9
2025-09-20,Washington,Targeted,16,24.0
2025-09-21,Washington,Targeted,26,24.4
2025-09-22,Washington,Targeted,40,25.9
2025-09-23,Washington,Targeted,44,29.4
2025-09-24,Washington,Targeted,47,32.4
2025-09-25,Washington,Targeted,31,33.0
2025-09-26,Washington,Targeted,30,33.4
2025-09-27,Washington,Targeted,22,34.3
2025-09-28,Washington,Targeted,11,32.1
2025-09-29,Washington,Targeted,28,30.4
2025-09-30,Washington,Targeted,35,29.1
2025-10-01,Washington,Targeted,37,27.7
2025-10-02,Washington,Targeted,36,28.4
2025-10-03,Washington,Targeted,43,30.3
2025-10-04,Washington,Targeted,31,31.6
2025-10-05,Washington,Targeted,20,32.9
2025-10-06,Washington,Targeted,42,34.9
2025-10-07,Washington,Targeted,44,36.1
2025-10-08,Washington,Targeted,58,39.1
2025-10-09,Washington,Targeted,44,40.3
2025-10-10,Washington,Targeted,36,39.3
2025-10-11,Washington,Targeted,25,38.4
2025-10-12,Washington,Targeted,26,39.3
2025-10-13,Washington,Targeted,21,36.3
2025-10-14,Washington,Targeted,51,37.3
2025-10-15,Washington,Targeted,55,36.9
2025-10-16,Washington,Targeted,52,38.0
2025-10-17,Washington,Targeted,49,39.9
2025-10-18,Washington,Targeted,34,41.1
2025-10-19,Washington,Targeted,17,39.9
2025-10-20,Washington,Targeted,35,41.9
2025-10-21,Washington,Targeted,60,43.1
2025-10-22,Washington,Targeted,46,41.9
2025-10-23,Washington,Targeted,42,40.4
2025-10-24,Washington,Targeted,51,40.7
2025-10-25,Washington,Targeted,27,39.7
2025-10-26,Washington,Targeted,30,41.6
2025-10-27,Washington,Targeted,35,41.6
2025-10-28,Washington,Targeted,37,38.3
2025-10-29,Washington,Targeted,47,38.4
2025-10-30,Washington,Targeted,34,37.3
2025-10-31,Washington,Targeted,25,33.6
2025-11-01,Washington,Targeted,18,32.3
2025-11-02,Washington,Targeted,12,29.7
2025-11-03,Washington,Targeted,27,28.6
2025-11-04,Washington,Targeted,36,28.4
2025-11-05,Washington,Targeted,34,26.6
2025-11-06,Washington,Targeted,47,28.4
2025-11-07,Washington,Targeted,31,29.3
2025-11-08,Washington,Targeted,10,28.1
2025-11-09,Washington,Targeted,17,28.9
2025-11-10,Washington,Targeted,22,28.1
2025-11-11,Washington,Targeted,17,25.4
2025-11-12,Washington,Targeted,40,26.3
2025-11-13,Washington,Targeted,26,23.3
2025-11-14,Washington,Targeted,24,22.3
2025-11-15,Washington,Targeted,17,23.3
2025-11-16,Washington,Targeted,8,22.0
2025-11-17,Washington,Targeted,28,22.9
2025-11-18,Washington,Targeted,30,24.7
2025-11-19,Washington,Targeted,36,24.1
2025-11-20,Washington,Targeted,45,26.9
2025-11-21,Washington,Targeted,41,29.3
2025-11-22,Washington,Targeted,20,29.7
2025-11-23,Washington,Targeted,6,29.4
2025-11-24,Washington,Targeted,26,29.1
2025-11-25,Washington,Targeted,18,27.4
2025-11-26,Washington,Targeted,19,25.0
2025-11-27,Washington,Targeted,11,20.1
2025-11-28,Washington,Targeted,19,17.0
2025-11-29,Washington,Targeted,9,15.4
2025-11-30,Washington,Targeted,5,15.3
2025-12-01,Washington,Targeted,28,15.6
2025-12-02,Washington,Targeted,29,17.1
2025-12-03,Washington,Targeted,46,21.0
2025-12-04,Washington,Targeted,65,28.7
2025-12-05,Washington,Targeted,31,30.4
2025-12-06,Washington,Targeted,37,34.4
2025-12-07,Washington,Targeted,29,37.9
2025-12-08,Washington,Targeted,31,38.3
2025-12-09,Washington,Targeted,25,37.7
2025-12-10,Washington,Targeted,43,37.3
2025-12-11,Washington,Targeted,47,34.7
2025-12-12,Washington,Targeted,37,35.6
2025-12-13,Washington,Targeted,19,33.0
2025-12-14,Washington,Targeted,34,33.7
2025-12-15,Washington,Targeted,41,35.1
2025-12-16,Washington,Targeted,36,36.7
2025-12-17,Washington,Targeted,48,37.4
2025-12-18,Washington,Targeted,53,38.3
2025-12-19,Washington,Targeted,33,37.7
2025-12-20,Washington,Targeted,25,38.6
2025-12-21,Washington,Targeted,17,36.1
2025-12-22,Washington,Targeted,22,33.4
2025-12-23,Washington,Targeted,39,33.9
2025-12-24,Washington,Targeted,23,30.3
2025-12-25,Washington,Targeted,17,25.1
2025-12-26,Washington,Targeted,16,22.7
2025-12-27,Washington,Targeted,16,21.4
2025-12-28,Washington,Targeted,14,21.0
2025-12-29,Washington,Targeted,24,21.3
2025-12-30,Washington,Targeted,36,20.9
2025-12-31,Washington,Targeted,25,21.1
2026-01-01,Washington,Targeted,16,21.0
2026-01-02,Washington,Targeted,37,24.0
2026-01-03,Washington,Targeted,18,24.3
2026-01-04,Washington,Targeted,11,23.9
2026-01-05,Washington,Targeted,33,25.1
2026-01-06,Washington,Targeted,28,24.0
2026-01-07,Washington,Targeted,34,25.3
2026-01-08,Washington,Targeted,30,27.3
2026-01-09,Washington,Targeted,31,26.4
2026-01-10,Washington,Targeted,20,26.7
2026-01-11,Washington,Targeted,15,27.3
2026-01-12,Washington,Targeted,30,26.9
2026-01-13,Washington,Targeted,39,28.4
2026-01-14,Washington,Targeted,34,28.4
2026-01-15,Washington,Targeted,30,28.4
2026-01-16,Washington,Targeted,28,28.0
2026-01-17,Washington,Targeted,28,29.1
2026-01-18,Washington,Targeted,27,30.9
2026-01-19,Washington,Targeted,21,29.6
2026-01-20,Washington,Targeted,56,32.0
2026-01-21,Washington,Targeted,31,31.6
2026-01-22,Washington,Targeted,37,32.6
2026-01-23,Washington,Targeted,35,33.6
2026-01-24,Washington,Targeted,21,32.6
2026-01-26,Washington,Targeted,3,29.1
2026-01-27,Washington,Targeted,21,29.1
2026-01-28,Washington,Targeted,27,25.0
2026-01-29,Washington,Targeted,31,25.0
2026-01-30,Washington,Targeted,13,21.6
2026-01-31,Washington,Targeted,18,19.1
2026-02-01,Washington,Targeted,5,16.9
2026-02-02,Washington,Targeted,21,19.4
2026-02-03,Washington,Targeted,27,20.3
2026-02-04,Washington,Targeted,30,20.7
2026-02-05,Washington,Targeted,32,20.9
2026-02-06,Washington,Targeted,15,21.1
2026-02-07,Washington,Targeted,16,20.9
2026-02-08,Washington,Targeted,10,21.6
2026-02-09,Washington,Targeted,26,22.3
2026-02-10,Washington,Targeted,21,21.4
2026-02-11,Washington,Targeted,28,21.1
2026-02-12,Washington,Targeted,21,19.6
2026-02-13,Washington,Targeted,27,21.3
2026-02-14,Washington,Targeted,19,21.7
2026-02-15,Washington,Targeted,10,21.7
2026-02-16,Washington,Targeted,17,20.4
2026-02-17,Washington,Targeted,28,21.4
2026-02-18,Washington,Targeted,40,23.1
2026-02-19,Washington,Targeted,28,24.1
2026-02-20,Washington,Targeted,27,24.1
2026-02-21,Washington,Targeted,13,23.3
2026-02-22,Washington,Targeted,8,23.0
2026-02-23,Washington,Targeted,26,24.3
2026-02-24,Washington,Targeted,23,23.6
2026-02-25,Washington,Targeted,33,22.6
2026-02-26,Washington,Targeted,17,21.0
2026-02-27,Washington,Targeted,31,21.6
2026-02-28,Washington,Targeted,15,21.9
2026-03-01,Washington,Targeted,13,22.6
2026-03-02,Washington,Targeted,35,23.9
2026-03-03,Washington,Targeted,29,24.7
2026-03-04,Washington,Targeted,36,25.1
2026-03-05,Washington,Targeted,30,27.0
2026-03-06,Washington,Targeted,34,27.4
2026-03-07,Washington,Targeted,26,29.0
2026-03-08,Washington,Targeted,19,29.9
2026-03-09,Washington,Targeted,25,28.4
2026-03-10,Washington,Targeted,34,29.1
2025-08-19,Washington,Unknown,1,1.0
2025-08-08,National,Collateral,226,226.0
2025-08-09,National,Collateral,138,182.0
2025-08-10,National,Collateral,92,152.0
2025-08-11,National,Collateral,175,157.8
2025-08-12,National,Collateral,219,170.0
2025-08-13,National,Collateral,224,179.0
2025-08-14,National,Collateral,219,184.7
2025-08-15,National,Collateral,197,180.6
2025-08-16,National,Collateral,146,181.7
2025-08-17,National,Collateral,147,189.6
2025-08-18,National,Collateral,197,192.7
2025-08-19,National,Collateral,286,202.3
2025-08-20,National,Collateral,220,201.7
2025-08-21,National,Collateral,263,208.0
2025-08-22,National,Collateral,189,206.9
2025-08-23,National,Collateral,198,214.3
2025-08-24,National,Collateral,113,209.4
2025-08-25,National,Collateral,214,211.9
2025-08-26,National,Collateral,232,204.1
2025-08-27,National,Collateral,237,206.6
2025-08-28,National,Collateral,222,200.7
2025-08-29,National,Collateral,159,196.4
2025-08-30,National,Collateral,95,181.7
2025-08-31,National,Collateral,111,181.4
2025-09-01,National,Collateral,193,178.4
2025-09-02,National,Collateral,199,173.7
2025-09-03,National,Collateral,238,173.9
2025-09-04,National,Collateral,339,190.6
2025-09-05,National,Collateral,280,207.9
2025-09-06,National,Collateral,209,224.1
2025-09-07,National,Collateral,169,232.4
2025-09-08,National,Collateral,296,247.1
2025-09-09,National,Collateral,294,260.7
2025-09-10,National,Collateral,288,267.9
2025-09-11,National,Collateral,290,260.9
2025-09-12,National,Collateral,234,254.3
2025-09-13,National,Collateral,198,252.7
2025-09-14,National,Collateral,174,253.4
2025-09-15,National,Collateral,308,255.1
2025-09-16,National,Collateral,282,253.4
2025-09-17,National,Collateral,329,259.3
2025-09-18,National,Collateral,353,268.3
2025-09-19,National,Collateral,242,269.4
2025-09-20,National,Collateral,179,266.7
2025-09-21,National,Collateral,147,262.9
2025-09-22,National,Collateral,261,256.1
2025-09-23,National,Collateral,347,265.4
2025-09-24,National,Collateral,292,260.1
2025-09-25,National,Collateral,298,252.3
2025-09-26,National,Collateral,242,252.3
2025-09-27,National,Collateral,160,249.6
2025-09-28,National,Collateral,192,256.0
2025-09-29,National,Collateral,267,256.9
2025-09-30,National,Collateral,267,245.4
2025-10-01,National,Collateral,281,243.9
2025-10-02,National,Collateral,236,235.0
2025-10-03,National,Collateral,294,242.4
2025-10-04,National,Collateral,206,249.0
2025-10-05,National,Collateral,142,241.9
2025-10-06,National,Collateral,200,232.3
2025-10-07,National,Collateral,281,234.3
2025-10-08,National,Collateral,268,232.4
2025-10-09,National,Collateral,300,241.6
2025-10-10,National,Collateral,289,240.9
2025-10-11,National,Collateral,178,236.9
2025-10-12,National,Collateral,135,235.9
2025-10-13,National,Collateral,211,237.4
2025-10-14,National,Collateral,284,237.9
2025-10-15,National,Collateral,255,236.0
2025-10-16,National,Collateral,256,229.7
2025-10-17,National,Collateral,305,232.0
2025-10-18,National,Collateral,142,226.9
2025-10-19,National,Collateral,170,231.9
2025-10-20,National,Collateral,289,243.0
2025-10-21,National,Collateral,316,247.6
2025-10-22,National,Collateral,350,261.1
2025-10-23,National,Collateral,324,270.9
2025-10-24,National,Collateral,341,276.0
2025-10-25,National,Collateral,247,291.0
2025-10-26,National,Collateral,240,301.0
2025-10-27,National,Collateral,329,306.7
2025-10-28,National,Collateral,381,316.0
2025-10-29,National,Collateral,420,326.0
2025-10-30,National,Collateral,419,339.6
2025-10-31,National,Collateral,301,333.9
2025-11-01,National,Collateral,309,342.7
2025-11-02,National,Collateral,242,343.0
2025-11-03,National,Collateral,290,337.4
2025-11-04,National,Collateral,394,339.3
2025-11-05,National,Collateral,409,337.7
2025-11-06,National,Collateral,368,330.4
2025-11-07,National,Collateral,339,335.9
2025-11-08,National,Collateral,262,329.1
2025-11-09,National,Collateral,170,318.9
2025-11-10,National,Collateral,246,312.6
2025-11-11,National,Collateral,307,300.1
2025-11-12,National,Collateral,308,285.7
2025-11-13,National,Collateral,342,282.0
2025-11-14,National,Collateral,255,270.0
2025-11-15,National,Collateral,202,261.4
2025-11-16,National,Collateral,195,265.0
2025-11-17,National,Collateral,278,269.6
2025-11-18,National,Collateral,338,274.0
2025-11-19,National,Collateral,320,275.7
2025-11-20,National,Collateral,290,268.3
2025-11-21,National,Collateral,251,267.7
2025-11-22,National,Collateral,196,266.9
2025-11-23,National,Collateral,163,262.3
2025-11-24,National,Collateral,198,250.9
2025-11-25,National,Collateral,275,241.9
2025-11-26,National,Collateral,261,233.4
2025-11-27,National,Collateral,123,209.6
2025-11-28,National,Collateral,148,194.9
2025-11-29,National,Collateral,145,187.6
2025-11-30,National,Collateral,119,181.3
2025-12-01,National,Collateral,233,186.3
2025-12-02,National,Collateral,264,184.7
2025-12-03,National,Collateral,409,205.9
2025-12-04,National,Collateral,340,236.9
2025-12-05,National,Collateral,299,258.4
2025-12-06,National,Collateral,233,271.0
2025-12-07,National,Collateral,193,281.6
2025-12-08,National,Collateral,287,289.3
2025-12-09,National,Collateral,297,294.0
2025-12-10,National,Collateral,332,283.0
2025-12-11,National,Collateral,392,290.4
2025-12-12,National,Collateral,371,300.7
2025-12-13,National,Collateral,263,305.0
2025-12-14,National,Collateral,196,305.4
2025-12-15,National,Collateral,275,303.7
2025-12-16,National,Collateral,389,316.9
2025-12-17,National,Collateral,399,326.4
2025-12-18,National,Collateral,394,326.7
2025-12-19,National,Collateral,345,323.0
2025-12-20,National,Collateral,201,314.1
2025-12-21,National,Collateral,181,312.0
2025-12-22,National,Collateral,196,300.7
2025-12-23,National,Collateral,253,281.3
2025-12-24,National,Collateral,195,252.1
2025-12-25,National,Collateral,89,208.6
2025-12-26,National,Collateral,218,190.4
2025-12-27,National,Collateral,185,188.1
2025-12-28,National,Collateral,165,185.9
2025-12-29,National,Collateral,252,193.9
2025-12-30,National,Collateral,335,205.6
2025-12-31,National,Collateral,271,216.4
2026-01-01,National,Collateral,145,224.4
2026-01-02,National,Collateral,219,224.6
2026-01-03,National,Collateral,170,222.4
2026-01-04,National,Collateral,151,220.4
2026-01-05,National,Collateral,276,223.9
2026-01-06,National,Collateral,361,227.6
2026-01-07,National,Collateral,395,245.3
2026-01-08,National,Collateral,395,281.0
2026-01-09,National,Collateral,314,294.6
2026-01-10,National,Collateral,274,309.4
2026-01-11,National,Collateral,226,320.1
2026-01-12,National,Collateral,306,324.4
2026-01-13,National,Collateral,395,329.3
2026-01-14,National,Collateral,388,328.3
2026-01-15,National,Collateral,360,323.3
2026-01-16,National,Collateral,284,319.0
2026-01-17,National,Collateral,263,317.4
2026-01-18,National,Collateral,152,306.9
2026-01-19,National,Collateral,249,298.7
2026-01-20,National,Collateral,313,287.0
2026-01-21,National,Collateral,335,279.4
2026-01-22,National,Collateral,337,276.1
2026-01-23,National,Collateral,240,269.9
2026-01-24,National,Collateral,190,259.4
2026-01-25,National,Collateral,88,250.3
2026-01-26,National,Collateral,124,232.4
2026-01-27,National,Collateral,217,218.7
2026-01-28,National,Collateral,303,214.1
2026-01-29,National,Collateral,317,211.3
2026-01-30,National,Collateral,229,209.7
2026-01-31,National,Collateral,212,212.9
2026-02-01,National,Collateral,155,222.4
2026-02-02,National,Collateral,208,234.4
2026-02-03,National,Collateral,200,232.0
2026-02-04,National,Collateral,188,215.6
2026-02-05,National,Collateral,248,205.7
2026-02-06,National,Collateral,167,196.9
2026-02-07,National,Collateral,160,189.4
2026-02-08,National,Collateral,154,189.3
2026-02-09,National,Collateral,177,184.9
2026-02-10,National,Collateral,252,192.3
2026-02-11,National,Collateral,187,192.1
2026-02-12,National,Collateral,236,190.4
2026-02-13,National,Collateral,175,191.6
2026-02-14,National,Collateral,123,186.3
2026-02-15,National,Collateral,109,179.9
2026-02-16,National,Collateral,172,179.1
2026-02-17,National,Collateral,207,172.7
2026-02-18,National,Collateral,213,176.4
2026-02-19,National,Collateral,200,171.3
2026-02-20,National,Collateral,177,171.6
2026-02-21,National,Collateral,176,179.1
2026-02-22,National,Collateral,95,177.1
2026-02-23,National,Collateral,158,175.1
2026-02-24,National,Collateral,201,174.3
2026-02-25,National,Collateral,260,181.0
2026-02-26,National,Collateral,206,181.9
2026-02-27,National,Collateral,184,182.9
2026-02-28,National,Collateral,140,177.7
2026-03-01,National,Collateral,107,179.4
2026-03-02,National,Collateral,183,183.0
2026-03-03,National,Collateral,223,186.1
2026-03-04,National,Collateral,205,178.3
2026-03-05,National,Collateral,190,176.0
2026-03-06,National,Collateral,131,168.4
2026-03-07,National,Collateral,120,165.6
2026-03-08,National,Collateral,81,161.9
2026-03-09,National,Collateral,163,159.0
2026-03-10,National,Collateral,197,155.3
2025-08-08,National,Targeted,765,765.0
2025-08-09,National,Targeted,348,556.5
2025-08-10,National,Targeted,338,483.7
2025-08-11,National,Targeted,698,537.2
2025-08-12,National,Targeted,875,604.8
2025-08-13,National,Targeted,794,636.3
2025-08-14,National,Targeted,824,663.1
2025-08-15,National,Targeted,739,659.4
2025-08-16,National,Targeted,418,669.4
2025-08-17,National,Targeted,335,669.0
2025-08-18,National,Targeted,648,661.9
2025-08-19,National,Targeted,944,671.7
2025-08-20,National,Targeted,875,683.3
2025-08-21,National,Targeted,925,697.7
2025-08-22,National,Targeted,769,702.0
2025-08-23,National,Targeted,471,709.6
2025-08-24,National,Targeted,343,710.7
2025-08-25,National,Targeted,763,727.1
2025-08-26,National,Targeted,848,713.4
2025-08-27,National,Targeted,902,717.3
2025-08-28,National,Targeted,854,707.1
2025-08-29,National,Targeted,730,701.6
2025-08-30,National,Targeted,365,686.4
2025-08-31,National,Targeted,332,684.9
2025-09-01,National,Targeted,347,625.4
2025-09-02,National,Targeted,827,622.4
2025-09-03,National,Targeted,941,628.0
2025-09-04,National,Targeted,1067,658.4
2025-09-05,National,Targeted,939,688.3
2025-09-06,National,Targeted,441,699.1
2025-09-07,National,Targeted,382,706.3
2025-09-08,National,Targeted,783,768.6
2025-09-09,National,Targeted,1063,802.3
2025-09-10,National,Targeted,1018,813.3
2025-09-11,National,Targeted,997,803.3
2025-09-12,National,Targeted,930,802.0
2025-09-13,National,Targeted,442,802.1
2025-09-14,National,Targeted,418,807.3
2025-09-15,National,Targeted,790,808.3
2025-09-16,National,Targeted,952,792.4
2025-09-17,National,Targeted,1073,800.3
2025-09-18,National,Targeted,997,800.3
2025-09-19,National,Targeted,982,807.7
2025-09-20,National,Targeted,470,811.7
2025-09-21,National,Targeted,419,811.9
2025-09-22,National,Targeted,860,821.9
2025-09-23,National,Targeted,1106,843.9
2025-09-24,National,Targeted,1019,836.1
2025-09-25,National,Targeted,1001,836.7
2025-09-26,National,Targeted,891,823.7
2025-09-27,National,Targeted,487,826.1
2025-09-28,National,Targeted,376,820.0
2025-09-29,National,Targeted,847,818.1
2025-09-30,National,Targeted,971,798.9
2025-10-01,National,Targeted,1058,804.4
2025-10-02,National,Targeted,1015,806.4
2025-10-03,National,Targeted,939,813.3
2025-10-04,National,Targeted,429,805.0
2025-10-05,National,Targeted,405,809.1
2025-10-06,National,Targeted,806,803.3
2025-10-07,National,Targeted,1018,810.0
2025-10-08,National,Targeted,1162,824.9
2025-10-09,National,Targeted,955,816.3
2025-10-10,National,Targeted,962,819.6
2025-10-11,National,Targeted,358,809.4
2025-10-12,National,Targeted,406,809.6
2025-10-13,National,Targeted,474,762.1
2025-10-14,National,Targeted,1031,764.0
2025-10-15,National,Targeted,1229,773.6
2025-10-16,National,Targeted,1056,788.0
2025-10-17,National,Targeted,1053,801.0
2025-10-18,National,Targeted,416,809.3
2025-10-19,National,Targeted,376,805.0
2025-10-20,National,Targeted,865,860.9
2025-10-21,National,Targeted,1148,877.6
2025-10-22,National,Targeted,1122,862.3
2025-10-23,National,Targeted,1081,865.9
2025-10-24,National,Targeted,991,857.0
2025-10-25,National,Targeted,682,895.0
2025-10-26,National,Targeted,577,923.7
2025-10-27,National,Targeted,971,938.9
2025-10-28,National,Targeted,1152,939.4
2025-10-29,National,Targeted,1292,963.7
2025-10-30,National,Targeted,1229,984.9
2025-10-31,National,Targeted,935,976.9
2025-11-01,National,Targeted,545,957.3
2025-11-02,National,Targeted,529,950.4
2025-11-03,National,Targeted,938,945.7
2025-11-04,National,Targeted,1163,947.3
2025-11-05,National,Targeted,1202,934.4
2025-11-06,National,Targeted,1105,916.7
2025-11-07,National,Targeted,1029,930.1
2025-11-08,National,Targeted,511,925.3
2025-11-09,National,Targeted,477,917.9
2025-11-10,National,Targeted,957,920.6
2025-11-11,National,Targeted,646,846.7
2025-11-12,National,Targeted,1118,834.7
2025-11-13,National,Targeted,1096,833.4
2025-11-14,National,Targeted,1050,836.4
2025-11-15,National,Targeted,578,846.0
2025-11-16,National,Targeted,609,864.9
2025-11-17,National,Targeted,1096,884.7
2025-11-18,National,Targeted,1185,961.7
2025-11-19,National,Targeted,1189,971.9
2025-11-20,National,Targeted,1255,994.6
2025-11-21,National,Targeted,1120,1004.6
2025-11-22,National,Targeted,530,997.7
2025-11-23,National,Targeted,441,973.7
2025-11-24,National,Targeted,925,949.3
2025-11-25,National,Targeted,1078,934.0
2025-11-26,National,Targeted,1030,911.3
2025-11-27,National,Targeted,383,786.7
2025-11-28,National,Targeted,570,708.1
2025-11-29,National,Targeted,341,681.1
2025-11-30,National,Targeted,290,659.6
2025-12-01,National,Targeted,972,666.3
2025-12-02,National,Targeted,1208,684.9
2025-12-03,National,Targeted,1294,722.6
2025-12-04,National,Targeted,1408,869.0
2025-12-05,National,Targeted,1168,954.4
2025-12-06,National,Targeted,673,1001.9
2025-12-07,National,Targeted,525,1035.4
2025-12-08,National,Targeted,981,1036.7
2025-12-09,National,Targeted,1160,1029.9
2025-12-10,National,Targeted,1243,1022.6
2025-12-11,National,Targeted,1286,1005.1
2025-12-12,National,Targeted,1115,997.6
2025-12-13,National,Targeted,612,988.9
2025-12-14,National,Targeted,498,985.0
2025-12-15,National,Targeted,980,984.9
2025-12-16,National,Targeted,1128,980.3
2025-12-17,National,Targeted,1242,980.1
2025-12-18,National,Targeted,1335,987.1
2025-12-19,National,Targeted,1053,978.3
2025-12-20,National,Targeted,585,974.4
2025-12-21,National,Targeted,474,971.0
2025-12-22,National,Targeted,833,950.0
2025-12-23,National,Targeted,1168,955.7
2025-12-24,National,Targeted,702,878.6
2025-12-25,National,Targeted,290,729.3
2025-12-26,National,Targeted,556,658.3
2025-12-27,National,Targeted,436,637.0
2025-12-28,National,Targeted,337,617.4
2025-12-29,National,Targeted,789,611.1
2025-12-30,National,Targeted,943,579.0
2025-12-31,National,Targeted,814,595.0
2026-01-01,National,Targeted,487,623.1
2026-01-02,National,Targeted,725,647.3
2026-01-03,National,Targeted,480,653.6
2026-01-04,National,Targeted,395,661.9
2026-01-05,National,Targeted,936,682.9
2026-01-06,National,Targeted,1099,705.1
2026-01-07,National,Targeted,1170,756.0
2026-01-08,National,Targeted,1236,863.0
2026-01-09,National,Targeted,1122,919.7
2026-01-10,National,Targeted,705,951.9
2026-01-11,National,Targeted,556,974.9
2026-01-12,National,Targeted,1023,987.3
2026-01-13,National,Targeted,1261,1010.4
2026-01-14,National,Targeted,1370,1039.0
2026-01-15,National,Targeted,1210,1035.3
2026-01-16,National,Targeted,1123,1035.4
2026-01-17,National,Targeted,734,1039.6
2026-01-18,National,Targeted,586,1043.9
2026-01-19,National,Targeted,621,986.4
2026-01-20,National,Targeted,1032,953.7
2026-01-21,National,Targeted,1194,928.6
2026-01-22,National,Targeted,1205,927.9
2026-01-23,National,Targeted,1133,929.3
2026-01-24,National,Targeted,609,911.4
2026-01-25,National,Targeted,282,868.0
2026-01-26,National,Targeted,576,861.6
2026-01-27,National,Targeted,971,852.9
2026-01-28,National,Targeted,1015,827.3
2026-01-29,National,Targeted,1081,809.6
2026-01-30,National,Targeted,1030,794.9
2026-01-31,National,Targeted,588,791.9
2026-02-01,National,Targeted,459,817.1
2026-02-02,National,Targeted,867,858.7
2026-02-03,National,Targeted,983,860.4
2026-02-04,National,Targeted,1027,862.1
2026-02-05,National,Targeted,1026,854.3
2026-02-06,National,Targeted,999,849.9
2026-02-07,National,Targeted,511,838.9
2026-02-08,National,Targeted,440,836.1
2026-02-09,National,Targeted,800,826.6
2026-02-10,National,Targeted,1030,833.3
2026-02-11,National,Targeted,1052,836.9
2026-02-12,National,Targeted,1070,843.1
2026-02-13,National,Targeted,951,836.3
2026-02-14,National,Targeted,504,835.3
2026-02-15,National,Targeted,444,835.9
2026-02-16,National,Targeted,657,815.4
2026-02-17,National,Targeted,954,804.6
2026-02-18,National,Targeted,1032,801.7
2026-02-19,National,Targeted,1074,802.3
2026-02-20,National,Targeted,994,808.4
2026-02-21,National,Targeted,548,814.7
2026-02-22,National,Targeted,422,811.6
2026-02-23,National,Targeted,776,828.6
2026-02-24,National,Targeted,1040,840.9
2026-02-25,National,Targeted,1094,849.7
2026-02-26,National,Targeted,1041,845.0
2026-02-27,National,Targeted,916,833.9
2026-02-28,National,Targeted,576,837.9
2026-03-01,National,Targeted,485,846.9
2026-03-02,National,Targeted,868,860.0
2026-03-03,National,Targeted,1041,860.1
2026-03-04,National,Targeted,1103,861.4
2026-03-05,National,Targeted,987,853.7
2026-03-06,National,Targeted,956,859.4
2026-03-07,National,Targeted,522,851.7
2026-03-08,National,Targeted,415,841.7
2026-03-09,National,Targeted,840,837.7
2026-03-10,National,Targeted,1002,832.1
2026-03-11,National,Targeted,1,674.7
2026-09-17,National,Targeted,1,533.9
2025-08-08,National,Unknown,2,2.0
2025-08-10,National,Unknown,2,2.0
2025-08-11,National,Unknown,1,1.7
2025-08-12,National,Unknown,2,1.8
2025-08-13,National,Unknown,2,1.8
2025-08-14,National,Unknown,1,1.7
2025-08-15,National,Unknown,2,1.7
2025-08-16,National,Unknown,2,1.7
2025-08-19,National,Unknown,5,2.1
2025-08-20,National,Unknown,2,2.3
2025-08-21,National,Unknown,4,2.6
2025-08-22,National,Unknown,3,2.7
2025-08-23,National,Unknown,2,2.9
2025-08-26,National,Unknown,2,2.9
2025-08-27,National,Unknown,5,3.3
2025-08-28,National,Unknown,1,2.7
2025-08-29,National,Unknown,2,2.7
2025-08-31,National,Unknown,4,2.7
2025-09-01,National,Unknown,1,2.4
2025-09-02,National,Unknown,3,2.6
2025-09-03,National,Unknown,1,2.4
2025-09-04,National,Unknown,3,2.1
2025-09-05,National,Unknown,1,2.1
2025-09-06,National,Unknown,1,2.0
2025-09-09,National,Unknown,2,1.7
2025-09-10,National,Unknown,1,1.7
2025-09-11,National,Unknown,2,1.6
2025-09-12,National,Unknown,5,2.1
2025-09-13,National,Unknown,6,2.6
2025-09-14,National,Unknown,1,2.6
2025-09-15,National,Unknown,3,2.9
2025-09-16,National,Unknown,4,3.1
2025-09-17,National,Unknown,2,3.3
2025-09-19,National,Unknown,4,3.6
2025-09-20,National,Unknown,2,3.1
2025-09-21,National,Unknown,2,2.6
2025-09-22,National,Unknown,3,2.9
2025-09-23,National,Unknown,3,2.9
2025-09-24,National,Unknown,2,2.6
2025-09-25,National,Unknown,7,3.3
2025-09-26,National,Unknown,3,3.1
2025-09-27,National,Unknown,5,3.6
2025-09-28,National,Unknown,4,3.9
2025-09-30,National,Unknown,6,4.3
2025-10-01,National,Unknown,4,4.4
2025-10-02,National,Unknown,2,4.4
2025-10-03,National,Unknown,3,3.9
2025-10-04,National,Unknown,3,3.9
2025-10-05,National,Unknown,2,3.4
2025-10-06,National,Unknown,3,3.3
2025-10-07,National,Unknown,4,3.0
2025-10-08,National,Unknown,5,3.1
2025-10-09,National,Unknown,2,3.1
2025-10-10,National,Unknown,3,3.1
2025-10-11,National,Unknown,4,3.3
2025-10-12,National,Unknown,2,3.3
2025-10-13,National,Unknown,3,3.3
2025-10-14,National,Unknown,9,4.0
2025-10-15,National,Unknown,1,3.4
2025-10-16,National,Unknown,4,3.7
2025-10-17,National,Unknown,1,3.4
2025-10-18,National,Unknown,4,3.4
2025-10-19,National,Unknown,3,3.6
2025-10-20,National,Unknown,11,4.7
2025-10-21,National,Unknown,4,4.0
2025-10-22,National,Unknown,4,4.4
2025-10-23,National,Unknown,3,4.3
2025-10-24,National,Unknown,3,4.6
2025-10-25,National,Unknown,5,4.7
2025-10-26,National,Unknown,1,4.4
2025-10-27,National,Unknown,3,3.3
2025-10-28,National,Unknown,7,3.7
2025-10-29,National,Unknown,12,4.9
2025-10-30,National,Unknown,3,4.9
2025-10-31,National,Unknown,4,5.0
2025-11-01,National,Unknown,1,4.4
2025-11-02,National,Unknown,9,5.6
2025-11-03,National,Unknown,2,5.4
2025-11-04,National,Unknown,7,5.4
2025-11-05,National,Unknown,9,5.0
2025-11-06,National,Unknown,3,5.0
2025-11-07,National,Unknown,3,4.9
2025-11-08,National,Unknown,6,5.6
2025-11-09,National,Unknown,2,4.6
2025-11-10,National,Unknown,3,4.7
2025-11-11,National,Unknown,4,4.3
2025-11-12,National,Unknown,2,3.3
2025-11-13,National,Unknown,6,3.7
2025-11-14,National,Unknown,8,4.4
2025-11-15,National,Unknown,9,4.9
2025-11-16,National,Unknown,16,6.9
2025-11-17,National,Unknown,4,7.0
2025-11-18,National,Unknown,3,6.9
2025-11-19,National,Unknown,2,6.9
2025-11-20,National,Unknown,4,6.6
2025-11-21,National,Unknown,5,6.1
2025-11-22,National,Unknown,6,5.7
2025-11-23,National,Unknown,5,4.1
2025-11-24,National,Unknown,5,4.3
2025-11-25,National,Unknown,7,4.9
2025-11-26,National,Unknown,3,5.0
2025-11-28,National,Unknown,2,4.7
2025-11-29,National,Unknown,4,4.6
2025-11-30,National,Unknown,3,4.1
2025-12-01,National,Unknown,1,3.6
2025-12-02,National,Unknown,6,3.7
2025-12-03,National,Unknown,9,4.0
2025-12-04,National,Unknown,13,5.4
2025-12-05,National,Unknown,3,5.6
2025-12-06,National,Unknown,12,6.7
2025-12-07,National,Unknown,8,7.4
2025-12-08,National,Unknown,2,7.6
2025-12-09,National,Unknown,4,7.3
2025-12-10,National,Unknown,2,6.3
2025-12-11,National,Unknown,7,5.4
2025-12-13,National,Unknown,15,7.1
2025-12-14,National,Unknown,6,6.3
2025-12-15,National,Unknown,3,5.6
2025-12-16,National,Unknown,5,6.0
2025-12-17,National,Unknown,13,7.3
2025-12-18,National,Unknown,4,7.6
2025-12-19,National,Unknown,2,6.9
2025-12-20,National,Unknown,7,5.7
2025-12-21,National,Unknown,9,6.1
2025-12-22,National,Unknown,8,6.9
2025-12-23,National,Unknown,6,7.0
2025-12-24,National,Unknown,4,5.7
2025-12-26,National,Unknown,2,5.4
2025-12-27,National,Unknown,19,7.9
2025-12-29,National,Unknown,2,7.1
2025-12-30,National,Unknown,6,6.7
2026-01-02,National,Unknown,3,6.0
2026-01-03,National,Unknown,8,6.3
2026-01-04,National,Unknown,13,7.6
2026-01-05,National,Unknown,10,8.7
2026-01-06,National,Unknown,6,6.9
2026-01-07,National,Unknown,5,7.3
2026-01-08,National,Unknown,3,6.9
2026-01-09,National,Unknown,9,7.7
2026-01-10,National,Unknown,8,7.7
2026-01-11,National,Unknown,3,6.3
2026-01-12,National,Unknown,5,5.6
2026-01-13,National,Unknown,11,6.3
2026-01-14,National,Unknown,6,6.4
2026-01-15,National,Unknown,3,6.4
2026-01-16,National,Unknown,6,6.0
2026-01-17,National,Unknown,3,5.3
2026-01-18,National,Unknown,4,5.4
2026-01-19,National,Unknown,5,5.4
2026-01-20,National,Unknown,12,5.6
2026-01-21,National,Unknown,5,5.4
2026-01-23,National,Unknown,11,6.6
2026-01-24,National,Unknown,4,6.3
2026-01-25,National,Unknown,5,6.6
2026-01-26,National,Unknown,10,7.4
2026-01-27,National,Unknown,9,8.0
2026-01-28,National,Unknown,4,6.9
2026-01-30,National,Unknown,2,6.4
2026-01-31,National,Unknown,2,5.1
2026-02-01,National,Unknown,4,5.1
2026-02-02,National,Unknown,5,5.1
2026-02-03,National,Unknown,13,5.6
2026-02-04,National,Unknown,5,5.0
2026-02-05,National,Unknown,6,5.3
2026-02-07,National,Unknown,5,5.7
2026-02-08,National,Unknown,2,5.7
2026-02-09,National,Unknown,5,5.9
2026-02-10,National,Unknown,6,6.0
2026-02-11,National,Unknown,2,4.4
2026-02-12,National,Unknown,3,4.1
2026-02-13,National,Unknown,2,3.6
2026-02-14,National,Unknown,1,3.0
2026-02-15,National,Unknown,8,3.9
2026-02-16,National,Unknown,1,3.3
2026-02-17,National,Unknown,6,3.3
2026-02-18,National,Unknown,7,4.0
2026-02-19,National,Unknown,10,5.0
2026-02-21,National,Unknown,7,5.7
2026-02-22,National,Unknown,8,6.7
2026-02-23,National,Unknown,2,5.9
2026-02-24,National,Unknown,3,6.1
2026-02-25,National,Unknown,3,5.7
2026-02-26,National,Unknown,5,5.4
2026-02-27,National,Unknown,4,4.6
2026-02-28,National,Unknown,5,4.3
2026-03-01,National,Unknown,4,3.7
2026-03-02,National,Unknown,14,5.4
2026-03-03,National,Unknown,6,5.9
2026-03-04,National,Unknown,2,5.7
2026-03-05,National,Unknown,6,5.9
2026-03-06,National,Unknown,5,6.0
2026-03-07,National,Unknown,5,6.0
2026-03-08,National,Unknown,4,6.0
2026-03-09,National,Unknown,11,5.6
2026-03-10,National,Unknown,4,5.3
